<?xml version="1.0" encoding="utf-8"?>
<COLLADA xmlns="http://www.collada.org/2005/11/COLLADASchema" version="1.4.1" xmlns:xsi="http://www.w3.org/2001/XMLSchema-instance">
  <asset>
    <contributor>
      <author>Blender User</author>
      <authoring_tool>Blender 3.2.2 commit date:2022-08-02, commit time:18:15, hash:bcfdb14560e7</authoring_tool>
    </contributor>
    <created>2022-11-13T18:32:47</created>
    <modified>2022-11-13T18:32:47</modified>
    <unit name="meter" meter="1"/>
    <up_axis>Z_UP</up_axis>
  </asset>
  <library_effects>
    <effect id="material0_002-effect">
      <profile_COMMON>
        <newparam sid="pipestarbase_png-surface">
          <surface type="2D">
            <init_from>pipestarbase_png</init_from>
          </surface>
        </newparam>
        <newparam sid="pipestarbase_png-sampler">
          <sampler2D>
            <source>pipestarbase_png-surface</source>
          </sampler2D>
        </newparam>
        <technique sid="common">
          <lambert>
            <emission>
              <color sid="emission">0 0 0 1</color>
            </emission>
            <diffuse>
              <texture texture="pipestarbase_png-sampler" texcoord="shape0-mesh-map-0"/>
            </diffuse>
            <index_of_refraction>
              <float sid="ior">1.45</float>
            </index_of_refraction>
          </lambert>
        </technique>
      </profile_COMMON>
    </effect>
    <effect id="material1_002-effect">
      <profile_COMMON>
        <newparam sid="Pipestar_png_001_png-surface">
          <surface type="2D">
            <init_from>Pipestar_png_001_png</init_from>
          </surface>
        </newparam>
        <newparam sid="Pipestar_png_001_png-sampler">
          <sampler2D>
            <source>Pipestar_png_001_png-surface</source>
          </sampler2D>
        </newparam>
        <technique sid="common">
          <lambert>
            <emission>
              <color sid="emission">0 0 0 1</color>
            </emission>
            <diffuse>
              <texture texture="Pipestar_png_001_png-sampler" texcoord="shape0-mesh-map-0"/>
            </diffuse>
            <index_of_refraction>
              <float sid="ior">1.45</float>
            </index_of_refraction>
          </lambert>
        </technique>
      </profile_COMMON>
    </effect>
    <effect id="material2_002-effect">
      <profile_COMMON>
        <newparam sid="Pipestar_png_001_png-surface">
          <surface type="2D">
            <init_from>Pipestar_png_001_png</init_from>
          </surface>
        </newparam>
        <newparam sid="Pipestar_png_001_png-sampler">
          <sampler2D>
            <source>Pipestar_png_001_png-surface</source>
          </sampler2D>
        </newparam>
        <technique sid="common">
          <lambert>
            <emission>
              <color sid="emission">0 0 0 1</color>
            </emission>
            <diffuse>
              <texture texture="Pipestar_png_001_png-sampler" texcoord="shape0-mesh-map-0"/>
            </diffuse>
            <index_of_refraction>
              <float sid="ior">1.45</float>
            </index_of_refraction>
          </lambert>
        </technique>
      </profile_COMMON>
    </effect>
  </library_effects>
  <library_images>
    <image id="Pipestar_png_001_png" name="Pipestar_png_001_png">
      <init_from>Pipestar.png.001.png</init_from>
    </image>
    <image id="pipestarbase_png" name="pipestarbase_png">
      <init_from>pipestarbase.png</init_from>
    </image>
  </library_images>
  <library_materials>
    <material id="material0_002-material" name="material0.002">
      <instance_effect url="#material0_002-effect"/>
    </material>
    <material id="material1_002-material" name="material1.002">
      <instance_effect url="#material1_002-effect"/>
    </material>
    <material id="material2_002-material" name="material2.002">
      <instance_effect url="#material2_002-effect"/>
    </material>
  </library_materials>
  <library_geometries>
    <geometry id="shape0_003-mesh" name="shape0.003">
      <mesh>
        <source id="shape0_003-mesh-positions">
          <float_array id="shape0_003-mesh-positions-array" count="2028">-0.07499998 -0.07499998 0 -0.07499998 -0.07499998 0.03999996 -0.07499998 0.07499998 0 -0.07499998 0.07499998 0.03999996 0.07499998 -0.07499998 0 0.07499998 -0.07499998 0.03999996 0.07499998 0.07499998 0 0.07499998 0.07499998 0.03999996 -0.03099983 -0.03099983 0.08599996 -0.03099983 0.03099983 0.08599996 0.03099983 0.03099983 0.08599996 0.03099983 -0.03099983 0.08599996 0 0.0209999 0.08599996 0.004096806 0.02059638 0.08599996 0.004096806 0.02059638 0.194 0.008036315 0.01940137 0.08599996 0.008036315 0.01940137 0.194 0.01166689 0.01746076 0.08599996 0.01484912 0.01484912 0.08599996 0.01746076 0.01166689 0.08599996 0.01940137 0.008036315 0.08599996 0.02059638 0.004096806 0.08599996 0.02059638 0.004096806 0.194 0.0209999 0 0.08599996 0.02059638 -0.004096806 0.08599996 0.01940137 -0.008036315 0.08599996 0.01940137 -0.008036315 0.194 0.01746076 -0.01166689 0.08599996 0.01484912 -0.01484912 0.08599996 0.01484912 -0.01484912 0.194 0.01166689 -0.01746076 0.08599996 0.01166689 -0.01746076 0.194 0.008036315 -0.01940137 0.08599996 0.008036315 -0.01940137 0.194 0.004096806 -0.02059638 0.08599996 0 -0.0209999 0.08599996 -0.004096806 -0.02059638 0.08599996 -0.004096806 -0.02059638 0.194 -0.008036315 -0.01940137 0.08599996 -0.008036315 -0.01940137 0.194 -0.01166689 -0.01746076 0.08599996 -0.01166689 -0.01746076 0.194 -0.01484912 -0.01484912 0.08599996 -0.01484912 -0.01484912 0.194 -0.01746076 -0.01166689 0.08599996 -0.01746076 -0.01166689 0.194 -0.01940137 -0.008036315 0.08599996 -0.02059638 -0.004096806 0.08599996 -0.02059638 -0.004096806 0.194 -0.0209999 0 0.08599996 -0.02059638 0.004096806 0.08599996 -0.02059638 0.004096806 0.194 -0.01940137 0.008036315 0.08599996 -0.01746076 0.01166689 0.08599996 -0.01484912 0.01484912 0.08599996 -0.01166689 0.01746088 0.08599996 -0.008036315 0.01940137 0.08599996 -0.008036315 0.01940137 0.194 -0.004096806 0.02059638 0.08599996 -0.004096806 0.02059638 0.194 0 0.0209999 0.194 0.01166689 0.01746076 0.194 0.01484912 0.01484912 0.194 0.01746076 0.01166689 0.194 0.01940137 0.008036315 0.194 0.0209999 0 0.194 0.02059638 -0.004096806 0.194 0.01746076 -0.01166689 0.194 0.004096806 -0.02059638 0.194 0 -0.0209999 0.194 -0.01940137 -0.008036315 0.194 -0.0209999 0 0.194 -0.01940137 0.008036315 0.194 -0.01746076 0.01166689 0.194 -0.01484912 0.01484912 0.194 -0.01166689 0.01746088 0.194 0.006505548 0.01570588 0.194 0.003316462 0.0166732 0.194 0.009444594 -0.01413488 0.194 0.0120207 -0.0120207 0.194 0.006505548 -0.01570588 0.194 -0.006505548 -0.01570588 0.194 -0.003316462 -0.0166732 0.194 -0.009444594 -0.01413488 0.194 -0.0120207 -0.0120207 0.194 -0.01413488 -0.009444594 0.194 -0.003316402 0.0166732 0.194 -0.006505489 0.01570588 0.194 0.0120207 0.0120207 0.194 0.009444594 0.01413488 0.194 0.01413488 0.009444594 0.194 0.01570588 0.006505548 0.194 0.0166732 -0.003316462 0.194 0.0169999 0 0.194 0 -0.0169999 0.194 0.003316462 -0.0166732 0.194 -0.01413488 0.009444653 0.194 -0.01570588 0.006505548 0.194 -0.0120207 0.0120207 0.194 -0.009444594 0.01413488 0.194 0 0.0169999 0.194 0.0166732 0.003316462 0.194 0.01570588 -0.006505548 0.194 0.01413488 -0.009444594 0.194 -0.01570588 -0.006505489 0.194 -0.0166732 -0.003316402 0.194 -0.0169999 0 0.194 -0.0166732 0.003316462 0.194 0.006505548 0.01570588 0.08999997 0.003316462 0.0166732 0.08999997 0.009444594 -0.01413488 0.08999997 0.0120207 -0.0120207 0.08999997 0.006505548 -0.01570588 0.08999997 -0.006505548 -0.01570588 0.08999997 -0.003316462 -0.0166732 0.08999997 -0.009444594 -0.01413488 0.08999997 -0.0120207 -0.0120207 0.08999997 -0.01413488 -0.009444594 0.08999997 -0.003316402 0.0166732 0.08999997 -0.006505489 0.01570588 0.08999997 0.0120207 0.0120207 0.08999997 0.009444594 0.01413488 0.08999997 0.01413488 0.009444594 0.08999997 0.01570588 0.006505548 0.08999997 0.0166732 -0.003316462 0.08999997 0.0169999 0 0.08999997 0 -0.0169999 0.08999997 0.003316462 -0.0166732 0.08999997 -0.01413488 0.009444653 0.08999997 -0.01570588 0.006505548 0.08999997 -0.0120207 0.0120207 0.08999997 -0.009444594 0.01413488 0.08999997 0 0.0169999 0.08999997 0.0166732 0.003316462 0.08999997 0.01570588 -0.006505548 0.08999997 0.01413488 -0.009444594 0.08999997 -0.01570588 -0.006505489 0.08999997 -0.0166732 -0.003316402 0.08999997 -0.0169999 0 0.08999997 -0.0166732 0.003316462 0.08999997 0.05307698 0.02676886 0.06299608 0.06246775 0.02676886 0.07198578 0.06028187 0.02495968 0.05546987 0.06967258 0.02495968 0.06445956 0.06661766 0.01975011 0.04885137 0.07600837 0.01975011 0.05784106 0.07132029 0.01176881 0.04393905 0.080711 0.01176881 0.05292862 0.07382237 0.001978397 0.04132515 0.08321321 0.001978397 0.0503149 0.07382237 -0.008440434 0.04132515 0.08321321 -0.008440434 0.0503149 0.07132029 -0.01823097 0.04393905 0.080711 -0.01823097 0.05292862 0.06661766 -0.02621227 0.04885137 0.07600837 -0.02621227 0.05784106 0.06028187 -0.03142178 0.05546987 0.06967258 -0.03142178 0.06445956 0.0530771 -0.03323096 0.06299608 0.06246775 -0.03323096 0.07198578 0.04587227 -0.03142178 0.07052236 0.05526298 -0.03142178 0.079512 0.03953641 -0.02621227 0.0771408 0.04892712 -0.02621227 0.08613049 0.03483378 -0.01823097 0.08205318 0.04422456 -0.01823097 0.09104287 0.0323317 -0.008440434 0.08466696 0.04172229 -0.008440434 0.09365665 0.0323317 0.001978278 0.08466696 0.04172229 0.001978278 0.09365665 0.03483372 0.01176881 0.08205318 0.04422456 0.01176881 0.09104287 0.03953641 0.01975011 0.0771408 0.04892712 0.01975011 0.08613049 0.04587227 0.02495968 0.07052236 0.05526298 0.02495968 0.07951205 0.06943237 0.02401989 0.06471037 0.06246775 0.02576887 0.07198578 0.07555705 0.01898413 0.05831259 0.08010286 0.01126885 0.05356389 0.08252167 0.001804709 0.05103719 0.08252167 -0.008266806 0.05103719 0.08010286 -0.01773095 0.05356389 0.07555705 -0.02544629 0.05831259 0.06943237 -0.03048205 0.06471037 0.06246775 -0.03223097 0.07198578 0.05550312 -0.03048205 0.07926118 0.04937857 -0.02544629 0.08565896 0.04483258 -0.01773095 0.09040766 0.04241389 -0.008266806 0.09293437 0.04241389 0.001804709 0.09293437 0.04483258 0.01126885 0.09040766 0.04937857 0.01898413 0.08565896 0.05550307 0.02401989 0.07926118 0.06141418 0.02401989 0.05703467 0.05444949 0.02576887 0.06430995 0.06753879 0.01898413 0.0506367 0.07208466 0.01126885 0.045888 0.07450336 0.001804709 0.0433613 0.07450336 -0.008266806 0.0433613 0.07208466 -0.01773095 0.045888 0.06753879 -0.02544629 0.0506367 0.06141418 -0.03048205 0.05703467 0.05444949 -0.03223097 0.06430995 0.04748487 -0.03048205 0.07158529 0.04136019 -0.02544629 0.0779832 0.03681445 -0.01773095 0.08273178 0.03439569 -0.008266806 0.08525848 0.03439569 0.001804709 0.08525848 0.03681445 0.01126885 0.08273178 0.04136019 0.01898413 0.0779832 0.04748487 0.02401989 0.07158529 -0.02999997 0.05350035 0.06238859 -0.02999997 0.06289106 0.0713784 -0.02819079 0.06070518 0.05486243 -0.02819079 0.07009589 0.06385219 -0.02298128 0.06704097 0.04824399 -0.02298128 0.07643169 0.05723369 -0.01499992 0.07174348 0.04333156 -0.01499992 0.08113425 0.05232125 -0.005209386 0.07424581 0.04071778 -0.005209386 0.08363646 0.04970747 0.005209386 0.07424581 0.04071778 0.005209386 0.08363646 0.04970747 0.01499992 0.07174348 0.04333156 0.01499992 0.08113425 0.05232125 0.02298128 0.06704097 0.04824399 0.02298128 0.07643169 0.05723369 0.02819067 0.06070518 0.05486243 0.02819067 0.07009589 0.06385219 0.02999997 0.05350035 0.06238859 0.02999997 0.06289106 0.0713784 0.02819067 0.04629558 0.06991487 0.02819067 0.05568629 0.07890456 0.02298128 0.03995972 0.07653337 0.02298128 0.0493505 0.08552306 0.01499992 0.03525716 0.08144575 0.01499992 0.04464787 0.0904355 0.005209386 0.03275489 0.08405959 0.005209386 0.0421456 0.09304928 -0.005209386 0.03275489 0.08405959 -0.005209386 0.0421456 0.09304928 -0.01499992 0.03525716 0.08144575 -0.01499992 0.04464787 0.0904355 -0.02298128 0.0399596 0.07653337 -0.02298128 0.0493505 0.08552306 -0.02819067 0.04629546 0.06991499 -0.02819067 0.05568629 0.07890456 -0.02725106 0.06985569 0.06410306 -0.02899998 0.06289106 0.0713784 -0.02221512 0.07598036 0.05770516 -0.01449996 0.08052617 0.05295658 -0.005035758 0.08294498 0.05042976 0.005035758 0.08294498 0.05042976 0.01449996 0.08052617 0.05295658 0.02221512 0.07598036 0.05770516 0.02725106 0.06985569 0.06410306 0.02899998 0.06289106 0.0713784 0.02725106 0.05592638 0.07865375 0.02221512 0.0498017 0.08505159 0.01449996 0.04525589 0.08980017 0.005035758 0.0428372 0.09232687 -0.005035758 0.0428372 0.09232687 -0.01449996 0.04525589 0.08980017 -0.02221512 0.0498017 0.08505159 -0.02725106 0.05592638 0.07865375 -0.02725106 0.06183749 0.05642718 -0.02899998 0.05487287 0.06370258 -0.02221512 0.06796211 0.05002933 -0.01449996 0.07250785 0.04528075 -0.005035758 0.07492667 0.04275405 0.005035758 0.07492667 0.04275405 0.01449996 0.07250785 0.04528075 0.02221512 0.06796211 0.05002933 0.02725106 0.06183749 0.05642718 0.02899998 0.05487287 0.06370258 0.02725106 0.04790812 0.07097798 0.02221512 0.04178357 0.07737576 0.01449996 0.03723776 0.08212447 0.005035758 0.03481882 0.08465117 -0.005035758 0.03481882 0.08465117 -0.01449996 0.03723776 0.08212447 -0.02221512 0.04178357 0.07737576 -0.02725106 0.04790812 0.07097798 -0.05284732 -0.02999997 0.06317836 -0.06223803 -0.02999997 0.07216799 -0.06005209 -0.02819079 0.05565208 -0.06944298 -0.02819079 0.06464177 -0.06638801 -0.02298128 0.04903358 -0.07577878 -0.02298128 0.05802327 -0.07109057 -0.01499992 0.0441212 -0.08048141 -0.01499992 0.05311083 -0.07359278 -0.005209386 0.04150736 -0.08298355 -0.005209386 0.05049705 -0.07359278 0.005209386 0.04150736 -0.08298355 0.005209386 0.05049705 -0.07109057 0.01499992 0.0441212 -0.08048141 0.01499992 0.05311083 -0.06638801 0.02298128 0.04903358 -0.07577878 0.02298128 0.05802327 -0.06005209 0.02819067 0.05565208 -0.06944298 0.02819067 0.06464177 -0.05284732 0.02999997 0.06317836 -0.06223803 0.02999997 0.07216799 -0.04564255 0.02819067 0.07070457 -0.05503332 0.02819067 0.07969421 -0.0393067 0.02298128 0.07732295 -0.04869759 0.02298128 0.08631271 -0.03460425 0.01499992 0.08223539 -0.04399496 0.01499992 0.09122508 -0.03210192 0.005209386 0.08484917 -0.04149276 0.005209386 0.09383887 -0.03210192 -0.005209386 0.08484917 -0.04149276 -0.005209386 0.09383887 -0.03460425 -0.01499992 0.08223539 -0.04399496 -0.01499992 0.09122508 -0.0393067 -0.02298128 0.07732295 -0.04869747 -0.02298128 0.08631271 -0.04564255 -0.02819067 0.07070457 -0.0550332 -0.02819067 0.07969427 -0.06920278 -0.02725106 0.06489259 -0.06223803 -0.02899998 0.07216799 -0.07532739 -0.02221512 0.05849468 -0.07987326 -0.01449996 0.05374616 -0.08229196 -0.005035758 0.05121946 -0.08229196 0.005035758 0.05121946 -0.07987326 0.01449996 0.05374616 -0.07532739 0.02221512 0.05849468 -0.06920278 0.02725106 0.06489259 -0.06223803 0.02899998 0.07216799 -0.05527347 0.02725106 0.07944339 -0.04914879 0.02221512 0.08584117 -0.04460299 0.01449996 0.09058988 -0.04218429 0.005035758 0.09311658 -0.04218429 -0.005035758 0.09311658 -0.04460299 -0.01449996 0.09058988 -0.04914879 -0.02221512 0.08584117 -0.05527347 -0.02725106 0.07944339 -0.06118458 -0.02725106 0.05721688 -0.0542199 -0.02899998 0.06449216 -0.06730908 -0.02221512 0.05081892 -0.071855 -0.01449996 0.04607021 -0.07427376 -0.005035758 0.04354351 -0.07427376 0.005035758 0.04354351 -0.071855 0.01449996 0.04607021 -0.0673092 0.02221512 0.05081892 -0.06118458 0.02725106 0.05721688 -0.05421996 0.02899998 0.06449216 -0.04725521 0.02725106 0.07176756 -0.04113066 0.02221512 0.07816541 -0.03658485 0.01449996 0.08291399 -0.03416591 0.005035758 0.08544069 -0.03416591 -0.005035758 0.08544069 -0.03658485 -0.01449996 0.08291399 -0.04113066 -0.02221512 0.07816541 -0.04725521 -0.02725106 0.07176756 0.02999997 -0.0532726 0.06292015 0.02999997 -0.06266325 0.07190978 0.02819079 -0.06047731 0.05539387 0.02819079 -0.06986808 0.06438356 0.02298128 -0.06681317 0.04877549 0.02298128 -0.07620388 0.05776512 0.01499992 -0.07151579 0.04386299 0.01499992 -0.08090651 0.05285269 0.005209386 -0.074018 0.04124927 0.005209386 -0.08340865 0.05023878 -0.005209386 -0.074018 0.04124927 -0.005209386 -0.08340865 0.05023878 -0.01499992 -0.07151579 0.04386299 -0.01499992 -0.08090651 0.05285269 -0.02298128 -0.06681317 0.04877549 -0.02298128 -0.07620388 0.05776512 -0.02819067 -0.06047731 0.05539387 -0.02819067 -0.06986808 0.06438356 -0.02999997 -0.0532726 0.06292015 -0.02999997 -0.06266325 0.07190978 -0.02819067 -0.04606777 0.07044637 -0.02819067 -0.05545842 0.07943606 -0.02298128 -0.03973191 0.07706487 -0.02298128 -0.04912275 0.0860545 -0.01499992 -0.03502935 0.08197718 -0.01499992 -0.04442006 0.09096688 -0.005209386 -0.03252708 0.08459109 -0.005209386 -0.04191786 0.09358078 0.005209386 -0.03252708 0.08459109 0.005209386 -0.04191786 0.09358078 0.01499992 -0.03502935 0.08197718 0.01499992 -0.04442006 0.09096688 0.02298128 -0.03973191 0.07706487 0.02298128 -0.04912275 0.08605456 0.02819067 -0.04606777 0.07044637 0.02819067 -0.05545842 0.07943606 0.02725106 -0.069628 0.0646345 0.02899998 -0.06266325 0.07190978 0.02221512 -0.07575249 0.05823659 0.01449996 -0.08029836 0.05348789 0.005035758 -0.08271718 0.05096119 -0.005035758 -0.08271718 0.05096119 -0.01449996 -0.08029836 0.05348789 -0.02221512 -0.07575249 0.05823659 -0.02725106 -0.069628 0.0646345 -0.02899998 -0.06266325 0.07190978 -0.02725106 -0.05569869 0.07918518 -0.02221512 -0.04957401 0.08558297 -0.01449996 -0.0450282 0.09033167 -0.005035758 -0.04260939 0.09285837 0.005035758 -0.04260939 0.09285837 0.01449996 -0.0450282 0.09033167 0.02221512 -0.04957401 0.08558297 0.02725106 -0.05569869 0.07918518 0.02725106 -0.06160962 0.05695861 0.02899998 -0.05464506 0.06423407 0.02221512 -0.06773436 0.05056077 0.01449996 -0.07228016 0.04581212 0.005035758 -0.07469898 0.04328542 -0.005035758 -0.07469898 0.04328542 -0.01449996 -0.07228016 0.04581212 -0.02221512 -0.06773436 0.05056077 -0.02725106 -0.06160962 0.05695861 -0.02899998 -0.05464506 0.06423407 -0.02725106 -0.04768031 0.07150936 -0.02221512 -0.04155588 0.07790726 -0.01449996 -0.03700995 0.0826559 -0.005035758 -0.03459113 0.0851826 0.005035758 -0.03459113 0.0851826 0.01449996 -0.03700995 0.0826559 0.02221512 -0.04155576 0.07790726 0.02725106 -0.04768031 0.07150936 0 -0.03369712 0.07056528 0 -0.08350229 0.107658 0.005382955 -0.0342555 0.06981557 0.005382955 -0.0840606 0.106908 0.01011669 -0.03586316 0.06765687 0.01011669 -0.08566826 0.104749 0.01363027 -0.0383262 0.06434971 0.01363027 -0.08813136 0.101442 0.01549977 -0.04134756 0.06029278 0.01549977 -0.09115278 0.0973854 0.01549977 -0.04456281 0.05597543 0.01549977 -0.0943681 0.09306806 0.01363027 -0.04758435 0.0519185 0.01363027 -0.09738945 0.08901119 0.01011669 -0.05004733 0.0486114 0.01011669 -0.0998525 0.08570396 0.005382955 -0.05165505 0.04645276 0.005382955 -0.10146 0.08354526 0 -0.05221337 0.04570305 0 -0.102019 0.08279556 -0.005382955 -0.05165505 0.04645276 -0.005382955 -0.10146 0.08354526 -0.01011669 -0.05004733 0.0486114 -0.01011669 -0.0998525 0.08570396 -0.01363027 -0.04758435 0.0519185 -0.01363027 -0.09738945 0.08901119 -0.01549977 -0.04456281 0.05597543 -0.01549977 -0.0943681 0.09306806 -0.01549977 -0.04134756 0.06029278 -0.01549977 -0.09115278 0.0973854 -0.01363027 -0.0383262 0.06434971 -0.01363027 -0.08813136 0.101442 -0.01011669 -0.03586316 0.06765687 -0.01011669 -0.08566826 0.104749 -0.005382955 -0.0342555 0.06981557 -0.005382955 -0.0840606 0.106908 0.00677222 -0.08181536 0.109923 0 -0.08111298 0.110866 0.01272761 -0.08383798 0.107207 0.01714789 -0.08693665 0.103046 0.01949989 -0.09073776 0.09794247 0.01949989 -0.094783 0.09251099 0.01714789 -0.09858405 0.08740711 0.01272761 -0.101683 0.0832464 0.00677222 -0.103705 0.08053058 0 -0.104408 0.07958745 -0.00677222 -0.103705 0.08053058 -0.01272761 -0.101683 0.08324629 -0.01714789 -0.09858405 0.08740711 -0.01949989 -0.094783 0.09251099 -0.01949989 -0.09073787 0.09794241 -0.01714789 -0.08693665 0.103046 -0.01272761 -0.08383798 0.107207 -0.00677222 -0.08181536 0.109923 0.00677222 -0.08422148 0.111715 0 -0.0835191 0.112658 0.01272761 -0.0862441 0.108999 0.01714789 -0.08934277 0.104838 0.01949989 -0.09314388 0.0997343 0.01949989 -0.097189 0.09430289 0.01714789 -0.1009899 0.08919906 0.01272761 -0.104089 0.0850383 0.00677222 -0.106111 0.08232247 0 -0.106814 0.08137935 -0.00677222 -0.106111 0.08232247 -0.01272761 -0.104089 0.0850383 -0.01714789 -0.1009899 0.089199 -0.01949989 -0.097189 0.09430289 -0.01949989 -0.09314388 0.0997343 -0.01714789 -0.08934277 0.104838 -0.01272761 -0.0862441 0.108999 -0.00677222 -0.08422148 0.111715 0.007466793 -0.08309888 0.113222 0 -0.08232438 0.114262 0.01403301 -0.08532887 0.110228 0.01890677 -0.08874547 0.1056399 0.02149999 -0.09293645 0.100013 0.02149999 -0.09739637 0.09402436 0.01890677 -0.1015869 0.08839696 0.01403301 -0.105004 0.08380949 0.007466793 -0.107234 0.08081525 0 -0.108008 0.07977527 -0.007466793 -0.107234 0.08081525 -0.01403301 -0.105004 0.08380949 -0.01890677 -0.1015869 0.08839696 -0.02149999 -0.09739637 0.09402436 -0.02149999 -0.09293645 0.100013 -0.01890677 -0.08874547 0.1056399 -0.01403301 -0.08532887 0.110228 -0.007466793 -0.08309888 0.113222 0.007466793 -0.100743 0.126363 0 -0.09996879 0.127403 0.01403301 -0.102973 0.123369 0.01890677 -0.1063899 0.118781 0.02149999 -0.110581 0.113154 0.02149999 -0.115041 0.107165 0.01890677 -0.1192319 0.101538 0.01403301 -0.122648 0.09695017 0.007466793 -0.124878 0.09395599 0 -0.125653 0.09291595 -0.007466793 -0.124878 0.09395599 -0.01403301 -0.122648 0.09695017 -0.01890677 -0.1192319 0.101538 -0.02149999 -0.115041 0.107165 -0.02149999 -0.110581 0.113154 -0.01890677 -0.1063899 0.118781 -0.01403301 -0.102973 0.123368 -0.007466793 -0.100743 0.126363 0 -0.09712427 0.130272 0 -0.10354 0.1350499 0.01803112 -0.101585 0.124282 0.01803112 -0.108002 0.12906 0.02549988 -0.112356 0.10982 0.02549988 -0.118772 0.114599 0.01803112 -0.123126 0.09535896 0.01803112 -0.1295419 0.100137 0 -0.127587 0.08936887 0 -0.134003 0.09414738 -0.01803112 -0.123126 0.09535896 -0.01803112 -0.1295419 0.100137 -0.02549988 -0.112356 0.10982 -0.02549988 -0.118772 0.114599 -0.01803112 -0.101585 0.124282 -0.01803112 -0.108002 0.12906 0 0.01549977 0.137834 0 0.01549977 0.199934 0.005382955 0.01456499 0.137834 0.005382955 0.01456499 0.199934 0.01011669 0.01187348 0.137834 0.01011669 0.01187348 0.199934 0.01363027 0.007749915 0.137834 0.01363027 0.007749915 0.199934 0.01549977 0.002691507 0.137834 0.01549977 0.002691507 0.199934 0.01549977 -0.002691507 0.137834 0.01549977 -0.002691507 0.199934 0.01363027 -0.007749915 0.137834 0.01363027 -0.007749915 0.199934 0.01011669 -0.01187348 0.137834 0.01011669 -0.01187348 0.199934 0.005382955 -0.01456499 0.137834 0.005382955 -0.01456499 0.199934 0 -0.01549977 0.137834 0 -0.01549977 0.199934 -0.005382955 -0.01456499 0.137834 -0.005382955 -0.01456499 0.199934 -0.01011669 -0.01187348 0.137834 -0.01011669 -0.01187348 0.199934 -0.01363027 -0.007749915 0.137834 -0.01363027 -0.007749915 0.199934 -0.01549977 -0.002691507 0.137834 -0.01549977 -0.002691507 0.199934 -0.01549977 0.002691507 0.137834 -0.01549977 0.002691507 0.199934 -0.01363027 0.007749915 0.137834 -0.01363027 0.007749915 0.199934 -0.01011669 0.01187348 0.137834 -0.01011669 0.01187348 0.199934 -0.005382955 0.01456499 0.137834 -0.005382955 0.01456499 0.199934 0.00677222 0.01832389 0.199934 0 0.01949989 0.199934 0.01272761 0.01493769 0.199934 0.01714789 0.009749948 0.199934 0.01949989 0.00338608 0.199934 0.01949989 -0.00338608 0.199934 0.01714789 -0.009749948 0.199934 0.01272761 -0.01493769 0.199934 0.00677222 -0.01832389 0.199934 0 -0.01949989 0.199934 -0.00677222 -0.01832389 0.199934 -0.01272761 -0.01493781 0.199934 -0.01714789 -0.009750008 0.199934 -0.01949989 -0.00338608 0.199934 -0.01949989 0.00338608 0.199934 -0.01714789 0.009749948 0.199934 -0.01272761 0.01493769 0.199934 -0.00677222 0.01832389 0.199934 0.00677222 0.01832389 0.202934 0 0.01949989 0.202934 0.01272761 0.01493769 0.202934 0.01714789 0.009749948 0.202934 0.01949989 0.00338608 0.202934 0.01949989 -0.00338608 0.202934 0.01714789 -0.009749948 0.202934 0.01272761 -0.01493769 0.202934 0.00677222 -0.01832389 0.202934 0 -0.01949989 0.202934 -0.00677222 -0.01832389 0.202934 -0.01272761 -0.01493781 0.202934 -0.01714789 -0.009750008 0.202934 -0.01949989 -0.00338608 0.202934 -0.01949989 0.00338608 0.202934 -0.01714789 0.009749948 0.202934 -0.01272761 0.01493769 0.202934 -0.00677222 0.01832389 0.202934 0.007466793 0.02020335 0.202934 0 0.02149999 0.202934 0.01403301 0.01646989 0.202934 0.01890677 0.01074993 0.202934 0.02149999 0.003733336 0.202934 0.02149999 -0.003733336 0.202934 0.01890677 -0.01074993 0.202934 0.01403301 -0.01646989 0.202934 0.007466793 -0.02020335 0.202934 0 -0.02149999 0.202934 -0.007466793 -0.02020335 0.202934 -0.01403301 -0.01646989 0.202934 -0.01890677 -0.01074993 0.202934 -0.02149999 -0.003733336 0.202934 -0.02149999 0.003733336 0.202934 -0.01890677 0.01074981 0.202934 -0.01403301 0.01646989 0.202934 -0.007466793 0.02020335 0.202934 0.007466793 0.02020335 0.224934 0 0.02149999 0.224934 0.01403301 0.01646989 0.224934 0.01890677 0.01074993 0.224934 0.02149999 0.003733336 0.224934 0.02149999 -0.003733336 0.224934 0.01890677 -0.01074993 0.224934 0.01403301 -0.01646989 0.224934 0.007466793 -0.02020335 0.224934 0 -0.02149999 0.224934 -0.007466793 -0.02020335 0.224934 -0.01403301 -0.01646989 0.224934 -0.01890677 -0.01074993 0.224934 -0.02149999 -0.003733336 0.224934 -0.02149999 0.003733336 0.224934 -0.01890677 0.01074981 0.224934 -0.01403301 0.01646989 0.224934 -0.007466793 0.02020335 0.224934 0 0.02549988 0.224366 0 0.02549988 0.232366 0.01803112 0.01803112 0.224366 0.01803112 0.01803112 0.232366 0.02549988 0 0.224366 0.02549988 0 0.232366 0.01803112 -0.01803112 0.224366 0.01803112 -0.01803112 0.232366 0 -0.02549988 0.224366 0 -0.02549988 0.232366 -0.01803112 -0.01803112 0.224366 -0.01803112 -0.01803112 0.232366 -0.02549988 0 0.224366 -0.02549988 0 0.232366 -0.01803112 0.01803112 0.224366 -0.01803112 0.01803112 0.232366</float_array>
          <technique_common>
            <accessor source="#shape0_003-mesh-positions-array" count="676" stride="3">
              <param name="X" type="float"/>
              <param name="Y" type="float"/>
              <param name="Z" type="float"/>
            </accessor>
          </technique_common>
        </source>
        <source id="shape0_003-mesh-normals">
          <float_array id="shape0_003-mesh-normals-array" count="3168">-1 0 0 0 1 0 1 0 0 0 -1 0 0 0 -1 0 0.7226412 0.6912234 0 0 1 0.7226412 0 0.6912235 -0.7226412 0 0.6912235 0 -0.7226412 0.6912234 0.09803521 0.9951831 0 0.2902827 0.956941 0 0.4714018 0.8819186 0 0.6343849 0.7730174 0 0.7730174 0.6343849 0 0.8819188 0.4714015 0 0.9569413 0.290282 0 0.9951831 0.09803426 0 0.9951829 -0.09803634 0 0.956941 -0.2902829 0 0.8819183 -0.4714022 0 0.7730176 -0.6343846 0 0.6343847 -0.7730176 0 0.4714018 -0.8819186 0 0.2902827 -0.956941 0 0.09803521 -0.9951831 0 -0.09803521 -0.9951831 0 -0.2902827 -0.956941 0 -0.4714018 -0.8819186 0 -0.6343849 -0.7730174 0 -0.7730174 -0.6343849 0 -0.8819188 -0.4714015 0 -0.9569413 -0.290282 0 -0.9951831 -0.09803426 0 -0.9951829 0.09803634 0 -0.956941 0.2902829 0 -0.8819183 0.4714022 0 -0.7730176 0.6343846 0 -0.6344022 0.7730031 0 -0.4713789 0.8819309 0 -0.2902827 0.956941 0 -0.09803521 0.9951831 0 0.9569435 0.2902745 0 7.10394e-6 0 1 4.38765e-6 0 1 -7.10395e-6 0 1 7.10386e-6 0 1 -5.32792e-6 0 1 -1.77598e-6 0 1 8.77544e-6 0 1 3.55198e-6 0 1 8.7754e-6 0 1 -8.7755e-6 0 1 -8.77532e-6 0 1 7.10402e-6 0 1 -3.55196e-6 0 1 8.77511e-6 0 1 -5.48474e-6 0 1 -8.77532e-6 0 1 4.38761e-6 0 1 4.38775e-6 0 1 -4.3876e-6 0 1 -1.31632e-5 0 1 0.8819155 -0.4714078 0 -0.2902745 -0.9569435 0 0.9951832 0.09803295 0 0.7730163 -0.6343863 0 -0.6343778 0.7730232 0 0.9951833 -0.09803187 0 0.6343778 -0.7730232 0 -0.4714151 0.8819115 0 0.9569435 -0.2902745 0 -0.09803146 -0.9951834 0 0.2902745 0.9569435 0 0.4714078 -0.8819155 0 -0.4714152 -0.8819114 0 0.4714152 0.8819114 0 0.09803318 -0.9951832 0 -0.9569435 -0.2902745 0 0.6343778 0.7730232 0 -0.9951834 -0.09803122 0 0.7730228 0.6343782 0 -0.9569435 0.2902745 0 0.2902745 -0.9569435 0 -0.8819114 0.4714152 0 -0.6343778 -0.7730232 0 -0.7730236 0.6343774 0 -0.7730228 -0.6343782 0 -0.2902745 0.9569435 0 -0.8819114 -0.4714152 0 0.09803146 0.9951834 0 -0.9951833 0.09803187 0 0.8819155 0.4714078 0 -0.09803146 0.9951834 0 0.1183061 0.9852567 -0.1235841 0.3417975 0.8693065 -0.3570446 0.5263609 0.6485511 -0.5498417 0.6486306 0.3466663 -0.6775698 0.6915123 0 -0.7223648 0.6486311 -0.3466643 -0.6775704 0.5263591 -0.6485509 -0.5498435 0.3417969 -0.8693066 -0.3570446 0.118308 -0.9852564 -0.1235846 -0.1183062 -0.9852567 0.1235843 -0.3417978 -0.8693054 0.3570467 -0.5263597 -0.648553 0.5498405 -0.6486363 -0.3466608 0.6775673 -0.6915174 0 0.7223598 -0.6486377 0.3466573 0.6775676 -0.5263568 0.648555 0.5498408 0.7223652 0 0.6915118 -0.3417988 0.8693054 0.3570457 -0.1183072 0.9852564 0.1235852 0.6486372 -0.3466666 -0.6775634 0.722343 8.66895e-6 0.691535 0.7223689 -2.79342e-6 0.6915079 0.7223608 -5.77935e-6 0.6915164 0.7223173 -2.30459e-5 0.6915618 0.7223659 0 0.691511 0.7223094 0 0.6915702 0.7223857 5.02828e-5 0.6914904 0.722396 -2.88979e-5 0.6914796 0.7223644 2.44424e-6 0.6915127 0.722385 -4.04558e-5 0.6914912 0.7223152 0 0.691564 0.7223572 -6.51184e-5 0.6915202 0.722356 2.88984e-6 0.6915214 0.7223405 -1.81567e-5 0.6915376 0.7223281 6.3572e-5 0.6915506 0.722353 -7.64656e-5 0.6915246 0.7223085 -2.33958e-5 0.691571 0.7223609 0 0.6915163 -0.3417907 0.8693104 0.3570414 -0.1183103 -0.9852555 0.123589 0.5263537 -0.6485542 -0.5498448 -0.1183111 0.9852557 0.123588 -0.3417906 -0.8693115 0.3570389 0.3417935 -0.8693114 -0.3570362 0.1183104 0.9852556 -0.1235882 -0.5263639 -0.6485492 0.549841 0.11831 -0.9852558 -0.1235871 0.3417874 0.8693116 -0.3570417 -0.6486306 -0.3466634 0.6775714 0.5263633 0.6485539 -0.549836 -0.6915119 0 0.722365 0.6486379 0.3466659 -0.6775631 -0.6486353 0.3466625 0.6775673 0.6915193 0 -0.7223581 -0.526362 0.6485489 0.5498431 -0.9852563 0.1183079 -0.1235846 -0.8693054 0.3417989 -0.3570458 -0.6485527 0.5263578 -0.5498426 -0.3466708 0.6486334 -0.6775649 0 0.6915168 -0.7223604 0.3466691 0.6486342 -0.6775649 0.648553 0.526358 -0.5498421 0.8693102 0.3417931 -0.3570397 0.9852545 0.1183155 -0.1235924 0.9852545 -0.1183149 0.1235929 0.869311 -0.3417919 0.3570389 0.6485528 -0.5263621 0.5498384 0.3466685 -0.6486327 0.6775667 0 -0.6915148 0.7223623 -0.3466669 -0.648633 0.6775672 -0.6485481 -0.5263645 0.5498417 0 0.7223603 0.6915169 -0.8693096 -0.3417888 0.357045 -0.985255 -0.1183135 0.1235905 0.346672 0.6486275 -0.6775699 2.31164e-5 0.7224275 0.6914468 -4.46937e-5 0.7223861 0.69149 4.0457e-5 0.722391 0.6914848 2.79351e-6 0.7223405 0.6915376 0 0.7223639 0.6915131 0 0.7223687 0.6915081 -1.74578e-6 0.7223627 0.6915144 0 0.7223644 0.6915127 -4.958e-5 0.7224072 0.6914679 0 0.7223683 0.6915086 0 0.7223377 0.6915406 2.09525e-6 0.7223631 0.691514 2.31164e-5 0.7224172 0.6914575 -4.81832e-5 0.722408 0.6914671 -3.46781e-5 0.722356 0.6915214 3.84073e-5 0.7223584 0.6915189 -8.37961e-6 0.7223694 0.6915073 0 0.7223668 0.6915102 -0.8693064 -0.3417993 0.3570432 0.9852558 -0.1183109 0.1235868 0.64855 0.5263633 -0.5498405 -0.9852558 -0.1183105 0.1235871 0.8693047 -0.341798 0.3570482 0.8693051 0.3417988 -0.3570467 -0.9852558 0.1183099 -0.1235876 0.6485501 -0.5263591 0.5498445 0.9852558 0.1183103 -0.1235874 -0.8693036 0.341802 -0.3570472 0.3466681 -0.648624 0.6775753 -0.6485493 0.5263589 -0.5498456 0 -0.6915056 0.7223711 -0.3466724 0.6486222 -0.6775749 -0.3466674 -0.6486288 0.6775709 0 0.6915048 -0.7223718 -0.6485504 -0.5263593 0.549844 -0.1183065 -0.9852565 -0.1235848 -0.3417937 -0.8693076 -0.3570455 -0.5263609 -0.6485484 -0.5498446 -0.6486297 -0.3466718 -0.6775678 -0.6915127 0 -0.7223644 -0.6486299 0.3466703 -0.6775684 -0.5263574 0.6485483 -0.5498483 -0.3417875 0.8693125 -0.3570395 -0.118314 0.9852547 -0.1235926 0.1183133 0.9852547 0.1235935 0.341791 0.8693093 0.3570442 0.52636 0.6485502 0.5498436 0.6486306 0.3466684 0.6775688 0.6915125 0 0.7223645 0.6486308 -0.3466665 0.6775696 0.5263617 -0.6485502 0.5498419 -0.7223681 0 0.6915088 0.3417948 -0.8693091 0.3570408 0.1183143 -0.9852546 0.1235927 -0.6486391 0.3466715 -0.6775591 -0.722359 -8.66858e-6 0.6915183 -0.7223999 -8.79885e-5 0.6914756 -0.7223689 8.66843e-6 0.6915079 -0.7223545 1.32673e-5 0.691523 -0.7223645 0 0.6915125 -0.7223154 0 0.6915638 -0.7223527 4.32945e-5 0.6915249 -0.722337 -2.31166e-5 0.6915413 -0.7223628 -2.44425e-6 0.6915143 -0.7223489 -2.31187e-5 0.6915288 -0.7223425 0 0.6915355 -0.7223692 -1.43175e-5 0.6915077 -0.7223892 2.88988e-6 0.6914867 -0.7223594 6.98303e-7 0.6915178 -0.7223408 -4.62383e-5 0.6915374 -0.7223511 6.00552e-5 0.6915266 -0.7223215 1.81575e-5 0.6915575 -0.7223616 -6.97517e-7 0.6915156 0.3417978 -0.8693047 0.3570483 0.1183102 0.9852556 0.123589 -0.5263569 0.6485571 -0.5498382 0.1183121 -0.9852555 0.1235882 0.3417966 0.8693047 0.35705 -0.3418013 0.869304 -0.3570472 -0.1183102 -0.9852557 -0.1235876 0.5263618 0.6485525 0.5498391 -0.1183106 0.9852557 -0.1235872 -0.3417984 -0.8693051 -0.357047 0.6486374 0.3466646 0.6775643 -0.5263629 -0.6485556 -0.5498344 0.691519 0 0.7223583 -0.6486316 -0.3466714 -0.6775663 0.6486365 -0.3466617 0.6775667 -0.6915138 0 -0.7223633 0.52636 -0.6485522 0.5498412 0 0.7226412 0.6912234 0.722641 0 0.6912236 -0.722641 0 0.6912236 0 -0.7226412 0.6912234 0.09803521 0.9951831 0 0.2902826 0.956941 0 0.4714017 0.8819186 0 0.6343847 0.7730176 0 0.7730176 0.6343846 0 0.8819183 0.4714022 0 0.9569408 0.290283 0 0.9951829 0.09803634 0 0.9951831 -0.09803426 0 0.9569411 -0.2902821 0 0.8819188 -0.4714014 0 0.7730174 -0.6343849 0 0.6343849 -0.7730174 0 0.4714017 -0.8819186 0 0.2902826 -0.956941 0 0.09803521 -0.9951831 0 -0.09803521 -0.9951831 0 -0.2902826 -0.956941 0 -0.4714017 -0.8819186 0 -0.6343847 -0.7730176 0 -0.7730176 -0.6343846 0 -0.8819183 -0.4714022 0 -0.9569408 -0.290283 0 -0.9951829 -0.09803634 0 -0.9951831 0.09803426 0 -0.9569411 0.2902821 0 -0.8819188 0.4714014 0 -0.7730174 0.6343849 0 -0.6344025 0.7730029 0 -0.4713789 0.8819308 0 -0.2902826 0.956941 0 -0.09803521 0.9951831 0 5.48483e-6 0 1 0.9569435 0.2902744 0 -3.29083e-6 0 1 -8.77532e-6 0 1 3.55196e-6 0 1 8.77532e-6 0 1 -3.55196e-6 0 1 -1.31635e-5 0 1 -1.77598e-6 0 1 -8.7754e-6 0 1 3.55196e-6 0 1 5.32792e-6 0 1 8.77532e-6 0 1 7.10392e-6 0 1 7.10385e-6 0 1 -1.67926e-6 0 1 -2.6868e-5 0 1 2.68682e-5 0 1 1.81418e-5 0 1 1.67926e-6 0 1 2.68707e-5 0 1 -2.68682e-5 0 1 1.81415e-5 0 1 1.34354e-5 0 1 -9.24905e-6 0 1 -9.07062e-6 0 1 -9.24901e-6 0 1 -2.31242e-6 0 1 1.31401e-6 0 1 -9.72509e-7 0 1 -1.31401e-6 0 1 9.72504e-7 0 1 0.8819155 -0.4714077 0 -0.2902745 -0.9569435 0 0.9951832 0.0980336 0 0.7730156 -0.634387 0 -0.634378 0.7730231 0 0.9951834 -0.09803122 0 0.634378 -0.7730231 0 -0.4714153 0.8819115 0 0.9569435 -0.2902745 0 -0.09803146 -0.9951834 0 0.2902745 0.9569435 0 0.4714077 -0.8819154 0 -0.4714151 -0.8819115 0 0.4714151 0.8819115 0 0.09803318 -0.9951832 0 -0.9569435 -0.2902745 0 0.634378 0.7730231 0 -0.9951833 -0.09803187 0 0.7730235 0.6343775 0 -0.9569435 0.2902745 0 0.2902743 -0.9569435 0 -0.8819115 0.4714151 0 -0.634378 -0.7730231 0 -0.7730228 0.6343783 0 -0.7730235 -0.6343775 0 -0.2902745 0.9569435 0 -0.8819115 -0.4714151 0 0.09803146 0.9951834 0 -0.9951834 0.09803122 0 0.8819155 0.4714077 0 -0.09803146 0.9951834 0 0.1183071 0.9852564 -0.1235847 0.3417972 0.8693065 -0.3570448 0.5263579 0.6485529 -0.5498423 0.6486302 0.3466668 -0.67757 0.6915121 0 -0.722365 0.6486305 -0.3466649 -0.6775707 0.5263596 -0.6485533 -0.5498403 0.3417976 -0.8693063 -0.3570447 0.1183071 -0.9852564 -0.1235847 -0.1183079 -0.9852564 0.1235845 -0.3417979 -0.8693062 0.3570448 -0.5263599 -0.648553 0.5498403 -0.6486333 -0.3466645 0.6775682 -0.6915169 0 0.7223603 -0.6486307 0.3466647 0.6775707 -0.5263601 0.648553 0.5498402 0.7223734 -4.76605e-5 0.6915032 -0.3417985 0.8693055 0.3570459 -0.1183071 0.9852564 0.1235848 0.6486381 -0.3466656 -0.6775631 0.7223165 2.30463e-5 0.6915626 0.7223367 -5.20136e-5 0.6915417 0.7223665 -2.44423e-6 0.6915106 0.7223432 -8.66895e-6 0.6915348 0.7223545 7.64658e-5 0.691523 0.7223296 -6.35721e-5 0.6915491 0.7223424 1.81566e-5 0.6915357 0.7223663 5.7793e-6 0.6915106 0.7223615 -2.79345e-6 0.6915158 0.7223162 0 0.6915631 0.7223681 0 0.6915088 0.7223154 2.33955e-5 0.6915638 0.7223973 2.88977e-5 0.6914782 0.7223852 -5.02829e-5 0.6914909 0.7223667 0 0.6915103 0.7223671 -2.88979e-6 0.6915099 0.722367 0 0.6915099 0.7223614 0 0.6915158 0.7223606 0 0.6915167 0.7223665 0 0.6915104 0.7223624 0 0.6915147 0.7223613 0 0.6915159 0.7223668 0 0.6915102 0.7223784 0 0.6914979 0.7223755 0 0.691501 0.7223607 0 0.6915165 0.7223708 0 0.691506 0.7223669 0 0.69151 0.7223657 0 0.6915113 0.722366 0 0.691511 0.7223666 0 0.6915104 -0.3417906 0.8693116 0.3570387 -0.1183104 -0.9852558 0.1235874 0.5263695 -0.6485435 -0.5498422 -0.1183093 0.9852558 0.1235885 -0.3417907 -0.8693104 0.3570414 0.341793 -0.8693074 -0.3570467 0.1183104 0.9852557 -0.1235873 -0.5263595 -0.6485519 0.5498421 0.1183108 -0.9852558 -0.1235868 0.3417947 0.8693089 -0.3570412 -0.6486341 -0.3466686 0.6775653 0.5263593 0.6485441 -0.5498514 -0.6915116 0 0.7223653 0.6486372 0.3466662 -0.6775636 -0.6486298 0.3466691 0.6775692 0.6915197 0 -0.7223576 -0.5263617 0.6485519 0.5498398 -0.9852565 0.1183074 -0.1235843 -0.8693063 0.3417965 -0.357046 -0.6485532 0.5263584 -0.5498415 -0.3466649 0.6486313 -0.6775699 0.3466628 0.6486316 -0.6775706 0.648553 0.5263581 -0.549842 0.8693112 0.3417906 -0.3570399 0.9852547 0.1183146 -0.1235924 0.9852544 -0.1183161 0.1235929 0.8693114 -0.3417912 0.3570386 0.648555 -0.5263584 0.5498394 0.3466647 -0.6486355 0.677566 0 -0.691515 0.7223621 -0.3466625 -0.6486362 0.6775665 -0.6485552 -0.5263549 0.5498424 -2.09525e-6 0.7223631 0.691514 -0.869311 -0.3417894 0.3570413 -0.9852544 -0.118314 0.1235949 0.3466634 0.6486247 -0.6775771 -2.79357e-6 0.7223446 0.6915334 4.958e-5 0.7224072 0.6914679 -2.31164e-5 0.7224275 0.6914468 -3.84117e-5 0.7223575 0.6915199 0 0.7223727 0.6915041 3.46744e-5 0.7223544 0.6915231 4.81832e-5 0.722408 0.6914671 -4.0457e-5 0.722391 0.6914848 4.46937e-5 0.7223861 0.69149 0 0.7223593 0.691518 8.37969e-6 0.7223662 0.6915107 1.74579e-6 0.7223601 0.6915172 -2.31164e-5 0.7224172 0.6914575 0 0.7223603 0.6915169 0 0.7223629 0.6915143 0 0.7223705 0.6915063 0 0.722353 0.6915246 0 0.7223713 0.6915055 0 0.7223636 0.6915134 0 0.7223597 0.6915175 0 0.7223579 0.6915194 0 0.7223607 0.6915165 0 0.7223675 0.6915094 0 0.7223498 0.6915279 0 0.7223606 0.6915167 0 0.7223709 0.6915059 0 0.7223715 0.6915053 0 0.7223609 0.6915163 -0.8693047 -0.341798 0.3570482 0.9852557 -0.1183107 0.123588 0.6485559 0.5263555 -0.5498411 -0.9852556 -0.1183112 0.1235876 0.8693064 -0.3417993 0.3570432 0.8693036 0.341802 -0.3570472 -0.9852558 0.11831 -0.1235871 0.6485498 -0.5263596 0.5498443 0.9852558 0.1183095 -0.1235874 -0.8693051 0.3417988 -0.3570467 0.3466739 -0.6486272 0.6775692 -0.648557 0.5263597 -0.5498357 -0.3466639 0.6486298 -0.6775718 -0.346675 -0.6486222 0.6775734 0 0.6915054 -0.7223713 -0.6485499 -0.5263591 0.5498448 -0.1183056 -0.9852566 -0.1235847 -0.3417962 -0.8693063 -0.357046 -0.5263544 -0.6485528 -0.5498458 -0.6486264 -0.3466638 -0.6775751 -0.6915125 0 -0.7223646 -0.6486272 0.3466622 -0.6775752 -0.526358 0.648553 -0.5498421 -0.3417904 0.8693112 -0.3570397 -0.1183131 0.9852547 -0.1235925 0.1183152 0.9852543 0.1235939 0.3417904 0.8693114 0.3570395 0.5263603 0.6485528 0.5498402 0.6486331 0.3466651 0.677568 0.6915121 0 0.7223649 0.6486343 -0.346663 0.677568 0.5263647 -0.6485483 0.5498412 -0.7223585 -2.72373e-5 0.6915187 0.3417935 -0.8693103 0.3570388 0.1183139 -0.9852548 0.1235917 -0.6486337 0.346661 -0.6775696 -0.7223525 -1.32675e-5 0.6915251 -0.7223654 -1.73401e-5 0.6915116 -0.722385 1.36184e-5 0.6914912 -0.722359 8.66858e-6 0.6915183 -0.7223507 -6.0062e-5 0.691527 -0.7223207 0 0.6915583 -0.7223434 4.62333e-5 0.6915346 -0.7223594 -6.98303e-7 0.6915178 -0.7224187 -6.06832e-5 0.6914559 -0.7223664 1.57116e-5 0.6915105 -0.7223573 0 0.69152 -0.7223213 -1.81577e-5 0.6915576 -0.722337 2.31166e-5 0.6915413 -0.7223528 -4.32949e-5 0.6915248 -0.7223653 5.77957e-6 0.6915118 -0.7223739 0 0.6915026 -0.7223662 0 0.6915107 -0.7223609 0 0.6915163 -0.7223541 0 0.6915234 -0.722362 0 0.6915152 -0.722364 -6.97508e-7 0.6915131 -0.722366 -1.92293e-6 0.691511 -0.7223678 0 0.6915092 -0.7223688 0 0.691508 -0.7223582 0 0.6915192 -0.7223502 0 0.6915276 -0.7223638 0 0.6915132 -0.7223686 -1.9929e-6 0.6915082 -0.7223618 0 0.6915155 -0.722364 0 0.6915131 0.3417968 -0.8693066 0.3570447 0.1183097 0.985256 0.1235862 -0.5263672 0.6485501 -0.5498367 0.1183087 -0.9852559 0.1235877 0.3417978 0.8693047 0.3570483 -0.3417984 0.8693051 -0.357047 -0.1183105 -0.985256 -0.1235861 0.5263517 0.648559 0.5498409 -0.1183101 0.9852558 -0.1235874 -0.3418013 -0.869304 -0.3570472 0.6486365 0.3466617 0.6775667 -0.5263605 -0.6485502 -0.549843 0.6915193 0 0.7223581 -0.6486383 -0.346664 -0.6775636 0.6486374 -0.3466646 0.6775643 -0.6915144 0 -0.7223628 0.5263608 -0.6485542 0.5498381 0.9852565 -0.1183069 -0.1235845 0.8693045 -0.3417999 -0.357047 0.6485554 -0.5263587 -0.5498386 0.3466652 -0.6486312 -0.6775698 0 -0.6915121 -0.722365 -0.3466631 -0.6486318 -0.6775704 -0.6485559 -0.5263567 -0.5498398 -0.8693095 -0.3417938 -0.3570408 -0.9852546 -0.1183146 -0.1235924 -0.9852547 0.1183143 0.1235923 -0.8693113 0.3417915 0.3570383 -0.6485499 0.5263621 0.5498419 -0.346671 0.648631 0.6775671 0 0.6915146 0.7223625 0.3466693 0.6486318 0.6775671 0.6485493 0.5263596 0.5498449 0 -0.7223689 0.6915079 0.8693113 0.3417915 0.3570383 0.9852547 0.1183143 0.1235923 -0.3466637 -0.6486276 -0.677574 5.77908e-6 -0.7223523 0.6915252 4.81837e-5 -0.7223868 0.6914892 -5.20107e-5 -0.72241 0.691465 1.676e-5 -0.7224028 0.6914725 0 -0.7223526 0.691525 0 -0.7223779 0.6914985 -3.21219e-5 -0.7223446 0.6915333 2.31164e-5 -0.7223404 0.6915378 -4.74851e-5 -0.7223213 0.6915577 3.46781e-5 -0.7223504 0.6915273 0 -0.7224044 0.6914709 -4.22527e-5 -0.7223622 0.6915149 2.02268e-5 -0.7223092 0.6915703 -1.67593e-5 -0.7223533 0.6915242 -8.66981e-5 -0.7224116 0.6914633 1.04399e-4 -0.7223764 0.6915002 1.39661e-6 -0.7223808 0.6914955 0 -0.7223672 0.6915098 0.8693028 0.3418 0.3570509 -0.9852558 0.1183091 0.1235882 -0.6485545 -0.5263524 -0.5498456 0.9852558 0.1183096 0.1235885 -0.8693031 0.3418051 0.3570457 -0.8693042 -0.3417981 -0.3570495 0.9852555 -0.1183101 -0.1235888 -0.6485496 0.5263612 0.5498431 -0.9852556 -0.11831 -0.1235885 0.8693038 -0.3417991 -0.3570495 -0.346668 0.6486308 0.6775687 0.6485545 -0.5263543 -0.5498438 0 0.6915137 0.7223634 0.346664 -0.6486321 -0.6775695 0.3466676 0.6486319 0.6775679 0 -0.6915135 -0.7223635 0.6485503 0.5263673 0.5498363 0.9852566 -0.1183071 -0.1235845 0.8693044 -0.3417997 -0.3570476 0.6485579 -0.5263551 -0.5498392 0.3466641 -0.6486309 -0.6775707 0 -0.6915129 -0.7223642 -0.3466622 -0.6486316 -0.6775709 -0.648557 -0.5263572 -0.5498381 -0.8693093 -0.3417937 -0.3570414 -0.9852547 -0.1183143 -0.1235924 -0.9852547 0.1183142 0.1235926 -0.869309 0.3417918 0.3570439 -0.6485558 0.5263543 0.5498424 -0.3466715 0.6486321 0.6775659 0 0.6915144 0.7223627 0.3466693 0.6486322 0.6775668 0.6485542 0.5263593 0.5498393 4.22527e-5 -0.7223622 0.6915149 0.8693099 0.3417917 0.3570419 0.9852547 0.1183145 0.1235926 -0.3466709 -0.6486309 -0.6775672 -1.67604e-5 -0.7224112 0.6914637 -3.46781e-5 -0.7223504 0.6915273 3.63123e-5 -0.7223193 0.6915598 -5.77908e-6 -0.7223523 0.6915252 -1.04411e-4 -0.7223753 0.6915012 0 -0.7223791 0.6914973 8.66885e-5 -0.7224072 0.691468 1.67593e-5 -0.7223533 0.6915242 2.88957e-5 -0.7223906 0.6914852 -6.84334e-5 -0.7224002 0.6914753 0 -0.7224214 0.6914531 -1.39663e-6 -0.7223817 0.6914946 -2.31164e-5 -0.7223404 0.6915378 3.2122e-5 -0.722342 0.6915361 -2.02268e-5 -0.7223092 0.6915703 0 -0.7223623 0.6915149 0 -0.7223584 0.6915189 0 -0.7223662 0.6915107 0 -0.7223694 0.6915073 1.97689e-6 -0.7223581 0.6915193 0 -0.7223587 0.6915187 0 -0.7223626 0.6915145 0 -0.7223579 0.6915194 0 -0.7223607 0.6915165 0 -0.7223675 0.6915094 0 -0.7223671 0.6915099 2.07087e-6 -0.7223749 0.6915017 0 -0.7223631 0.691514 0 -0.7223654 0.6915116 0.8693072 0.3418002 0.3570401 -0.9852557 0.1183097 0.1235885 -0.6485527 -0.5263554 -0.5498449 0.9852558 0.1183093 0.1235882 -0.8693071 0.3417952 0.3570454 -0.869306 -0.3417937 -0.3570493 0.9852557 -0.1183096 -0.1235886 -0.6485583 0.5263627 0.5498314 -0.9852557 -0.1183094 -0.1235888 0.8693042 -0.3417981 -0.3570495 -0.3466676 0.6486319 0.6775679 0.648558 -0.5263549 -0.5498393 0 0.6915131 0.7223639 0.3466705 -0.6486263 -0.6775717 0.346668 0.6486308 0.6775687 0 -0.6915138 -0.7223634 0.6485576 0.5263565 0.5498382 0.1710927 0.5884982 0.7901881 0.4942742 0.5192389 0.6971973 0.7611656 0.3873831 0.5201551 0.9379889 0.2070642 0.2780309 1 1.30593e-7 0 0.9379903 -0.2070623 -0.278028 0.7611666 -0.387386 -0.5201517 0.4942666 -0.5192425 -0.6972 0.1710925 -0.5884922 -0.7901926 -0.171092 -0.5884923 -0.7901927 -0.4942666 -0.519243 -0.6971995 -0.7611667 -0.3873851 -0.5201519 -0.9379903 -0.2070627 -0.2780276 -1 1.30593e-7 0 -0.9379889 0.2070645 0.278031 -0.7611659 0.3873838 0.5201541 6.41995e-6 0.8020187 -0.597299 -0.4942753 0.519236 0.6971987 -0.1710932 0.5884953 0.7901901 1.68845e-6 0.8020151 -0.5973038 -0.9379869 -0.2070695 -0.278034 7.43995e-5 0.802023 -0.5972931 4.05496e-6 0.8019911 -0.597336 -3.43781e-5 0.8020206 -0.5972964 9.46133e-6 0.8020417 -0.5972681 1.45026e-5 0.8020354 -0.5972765 -6.44605e-6 0.80202 -0.5972973 4.32532e-5 0.8019983 -0.5973263 -6.08227e-6 0.8020192 -0.5972982 -6.33855e-5 0.8020262 -0.5972891 -7.70387e-5 0.8020289 -0.5972853 -2.14874e-5 0.8019927 -0.5973339 -1.08136e-4 0.8020439 -0.5972651 1.07433e-5 0.8020107 -0.5973097 2.04106e-5 0.8020556 -0.5972493 3.78442e-5 0.8019993 -0.5973252 1.7189e-5 0.8020088 -0.5973122 1.75692e-5 0.8020439 -0.5972652 -5.55981e-5 0.8020123 -0.5973076 0.9379839 -0.2070863 -0.2780318 -1 -3.58131e-7 0 0.7611867 -0.3873749 -0.5201305 -0.9379838 0.2070749 0.2780404 0.4942473 -0.5192531 -0.6972058 0.1710653 0.5885068 0.7901877 -0.7611811 0.3873786 0.5201357 0.1711314 -0.5884995 -0.7901787 0.4943007 0.5192379 0.6971792 -0.4943028 0.5192373 0.6971783 -0.1711333 -0.588496 -0.7901809 0.7611823 0.3873778 0.5201346 -0.1710647 0.5885068 0.7901877 -0.4942397 -0.5192757 -0.6971943 0.9379841 0.2070612 0.2780497 -0.7611837 -0.3873898 -0.5201235 1 -3.58125e-7 0 0.9379839 -0.2070714 -0.2780427 -8.91721e-5 0.802024 -0.5972919 2.04134e-5 0.8020026 -0.5973207 1.68668e-4 0.8019275 -0.5974214 -2.33889e-5 0.8019495 -0.597392 -3.22281e-6 0.8020383 -0.5972727 -1.17126e-4 0.8021699 -0.597096 2.72816e-5 0.8020265 -0.5972886 6.23201e-5 0.8019628 -0.597374 -8.86656e-5 0.8019033 -0.597454 -4.677e-5 0.8020213 -0.5972955 0 0.8019864 -0.5973423 3.508e-5 0.8020498 -0.5972573 5.4569e-5 0.8020045 -0.5973181 1.28624e-4 0.8020352 -0.5972769 -3.03507e-5 0.8020123 -0.5973078 1.94892e-5 0.8020523 -0.597254 -1.2463e-4 0.8020576 -0.5972468 0.7611853 -0.3873768 -0.5201311 -0.9379816 0.2070797 0.2780443 0.4942681 -0.5192493 -0.6971938 0.1711009 0.588509 0.7901782 -0.7611576 0.3873814 0.520168 0.171063 -0.5884854 -0.7902041 0.4942458 0.5192612 0.6972008 -0.4943279 0.5192332 0.6971635 -0.1710622 -0.5885087 -0.7901868 0.761196 0.3873709 0.5201197 -0.1711017 0.588503 0.7901825 -0.4942677 -0.519248 -0.6971952 0.9379814 0.2070782 0.278046 -0.7611852 -0.3873694 -0.5201366 1 3.54334e-7 0 -0.9379839 -0.20707 -0.2780438 0.3826726 0.5518214 0.7409825 0.9238891 0.228531 0.3069245 0.9238789 -0.2285998 -0.3069038 0.382681 -0.5518196 -0.7409794 -0.3826807 -0.5518483 -0.7409582 -0.9238784 -0.228573 -0.3069252 2.43484e-5 -0.8020085 0.5973127 -0.9238889 0.228585 0.3068851 -0.3826712 0.5517594 0.7410293 -4.5572e-6 0.8020059 -0.5973163 0.1711337 0.5884912 0.7901844 0.4943096 0.5192242 0.6971831 0.7611596 0.3873884 0.5201601 0.9379836 0.2070721 0.2780433 0.9379872 -0.2070676 -0.2780343 0.7611718 -0.3873816 -0.5201472 0.4942612 -0.519245 -0.6972019 0.1711653 -0.5884898 -0.7901787 -0.171166 -0.5884897 -0.7901785 -0.4942612 -0.5192444 -0.6972023 -0.7611716 -0.3873825 -0.5201469 -0.9379875 -0.2070666 -0.2780343 -1 3.48246e-7 0 -0.9379838 0.2070717 0.278043 -0.7611592 0.3873877 0.520161 -2.57835e-5 0.8020066 -0.5973153 -0.4943085 0.5192271 0.6971817 -0.1711332 0.5884941 0.7901824 4.18585e-6 0.8020157 -0.5973031 -7.24918e-6 0.8020144 -0.5973048 -2.02439e-5 0.8020168 -0.5973016 -2.4105e-5 0.802015 -0.5973039 -1.68845e-6 0.8020151 -0.5973038 -5.93932e-6 0.802015 -0.5973039 6.41298e-6 0.8020152 -0.5973037 2.02439e-5 0.8020168 -0.5973016 -5.58108e-6 0.8020142 -0.5973051 -4.18585e-6 0.8020157 -0.5973031 -6.9474e-6 0.8020151 -0.5973038 5.93932e-6 0.802015 -0.5973039 2.61137e-5 0.802015 -0.5973039 7.24918e-6 0.8020144 -0.5973048 5.58108e-6 0.8020142 -0.5973051 -0.9379847 -0.2070807 -0.2780329 1.08136e-4 0.8020439 -0.5972651 8.59493e-6 0.8019913 -0.5973358 7.70387e-5 0.8020289 -0.5972853 7.84275e-5 0.8020214 -0.5972953 -4.32532e-5 0.8019983 -0.5973263 6.08227e-6 0.8020192 -0.5972982 -1.45026e-5 0.8020354 -0.5972765 6.44605e-6 0.80202 -0.5972973 -9.4614e-6 0.8020424 -0.5972673 3.43781e-5 0.8020206 -0.5972964 -4.05496e-6 0.8019911 -0.597336 -7.43988e-5 0.8020241 -0.5972917 -6.41995e-6 0.8020187 -0.597299 -1.75692e-5 0.8020439 -0.5972652 -2.36352e-5 0.8020036 -0.5973192 -2.29765e-5 0.8020056 -0.5973166 -2.04106e-5 0.8020556 -0.5972493 2.72835e-5 0.8020244 -0.5972913 0.9379869 -0.2070695 -0.278034 -1 7.16265e-7 0 0.7611775 -0.3874028 -0.5201231 -0.9379843 0.2070722 0.2780406 0.4942449 -0.5192524 -0.697208 0.1710647 0.5885068 0.7901877 -0.7611824 0.3873789 0.5201337 0.1711316 -0.5884941 -0.7901827 0.4943019 0.5192351 0.6971805 -0.4942997 0.5192358 0.6971815 -0.1711331 -0.5884988 -0.790179 0.7611812 0.3873798 0.5201349 -0.1710653 0.5885068 0.7901877 -0.4942344 -0.519258 -0.6972112 0.937982 0.2070783 0.2780435 -0.7611833 -0.3873924 -0.5201224 0.9379822 -0.2070727 -0.2780473 -1.40315e-4 0.8020421 -0.5972675 -5.4569e-5 0.8020045 -0.5973181 -3.508e-5 0.8020498 -0.5972573 4.677e-5 0.8020213 -0.5972955 8.86663e-5 0.8019055 -0.5974509 -6.23201e-5 0.8019628 -0.597374 -2.72816e-5 0.8020265 -0.5972886 1.17127e-4 0.8021715 -0.5970937 3.22281e-6 0.8020383 -0.5972727 2.33889e-5 0.8019495 -0.597392 -1.68665e-4 0.8019279 -0.5974208 -2.04134e-5 0.8020026 -0.5973207 8.91726e-5 0.8020216 -0.5972949 5.06693e-5 0.8020244 -0.5972913 1.04754e-4 0.8020567 -0.597248 -1.94892e-5 0.8020523 -0.597254 0.7611685 -0.3873813 -0.5201523 -0.937984 0.2070741 0.2780402 0.494262 -0.5192505 -0.6971973 0.1710811 0.5885055 0.7901852 -0.761196 0.3873709 0.5201197 0.1711428 -0.5885004 -0.7901757 0.4942482 0.5192605 0.6971996 -0.4942476 0.5192356 0.6972186 -0.1711436 -0.5884771 -0.7901929 0.7612038 0.3873681 0.5201103 -0.1710802 0.5885115 0.7901809 -0.4942625 -0.5192519 -0.6971959 0.9379844 0.2070752 0.2780382 -0.7611685 -0.3873887 -0.5201469 1 -1.77157e-7 0 -0.9379822 -0.2070739 -0.2780463 0.3827011 0.551752 0.7410193 0.923878 0.2286004 0.3069061 0.923884 -0.2285648 -0.3069145 0.3826673 -0.5518531 -0.7409616 -0.3826678 -0.5518243 -0.7409827 -0.9238843 -0.2285919 -0.3068933 -5.05715e-5 -0.8020253 0.5972902 5.10037e-5 -0.8020253 0.5972902 -3.15509e-5 -0.8020424 0.5972672 3.19832e-5 -0.8020426 0.5972669 -2.43484e-5 -0.8020085 0.5973127 -0.9238781 0.2285466 0.3069456 -0.3827025 0.551814 0.7409725 0 0.8020377 -0.5972735 1.55597e-5 0.8020091 -0.5973119 0 0.8020246 -0.5972911 0 0.8020136 -0.5973058 0 0.8020092 -0.5973117 0.1710948 0.9852546 0 0.4942668 0.8693103 0 0.7611657 0.6485575 0 0.9379892 0.3466645 0 0.9379892 -0.3466645 0 0.7611657 -0.6485575 0 0.4942668 -0.8693103 0 0.1710948 -0.9852546 0 -0.1710948 -0.9852546 0 -0.4942668 -0.8693103 0 -0.7611657 -0.6485575 0 -0.9379892 -0.3466645 0 -0.9379892 0.3466645 0 -0.7611657 0.6485575 0 -0.4942668 0.8693103 0 -0.1710948 0.9852546 0 -3.37692e-6 0 -1 -0.9379873 -0.3466697 0 -3.22298e-6 0 -1 5.40639e-6 0 -1 -8.59479e-6 0 -1 -5.40624e-6 0 -1 3.22295e-6 0 -1 -5.40639e-6 0 -1 -5.40645e-6 0 -1 4.29735e-6 0 -1 5.40645e-6 0 -1 5.40624e-6 0 -1 6.44617e-6 0 -1 0.9379871 -0.3466704 0 0.7611674 -0.6485556 0 -0.9379885 0.3466666 0 0.4942826 -0.8693014 0 0.171089 0.9852557 0 -0.7611674 0.6485556 0 0.171089 -0.9852557 0 0.4942784 0.8693037 0 -0.4942783 0.8693037 0 -0.1710904 -0.9852554 0 0.7611674 0.6485556 0 -0.1710876 0.9852559 0 -0.4942619 -0.8693131 0 0.9379873 0.3466697 6.79208e-6 -0.7611721 -0.6485499 0 0.9379888 -0.3466655 0 -6.44616e-6 0 -1 -4.29757e-6 0 -1 -3.89777e-6 0 -1 4.2974e-6 0 -1 4.29757e-6 0 -1 3.89775e-6 0 -1 -4.2974e-6 0 -1 1.55905e-5 0 -1 1.55907e-5 0 -1 -1.1818e-5 0 -1 -1.55907e-5 0 -1 -2.14869e-6 0 -1 0.7611654 -0.648558 0 -0.937987 0.3466706 0 0.4942717 -0.8693075 0 0.1710938 0.9852548 0 -0.7611713 0.6485511 0 0.1710938 -0.9852548 0 0.4942718 0.8693074 0 -0.4942717 0.8693075 0 -0.1710938 -0.9852548 0 0.7611654 0.648558 0 -0.1710938 0.9852548 0 -0.4942718 -0.8693074 0 0.937989 0.3466652 0 -0.7611654 -0.648558 0 -0.937989 -0.3466652 0 0.3826802 0.9238809 0 0.9238798 0.3826829 0 0.9238799 -0.3826826 0 0.3826802 -0.9238809 0 -0.3826802 -0.9238809 0 -0.9238798 -0.3826829 0 -0.9238799 0.3826826 0 -0.3826802 0.9238809 0 0.1710948 0.9852546 0 0.4942666 0.8693104 0 0.7611654 0.6485578 0 0.9379891 0.3466647 0 0.9379891 -0.3466647 0 0.7611654 -0.6485578 0 0.4942667 -0.8693103 0 0.1710948 -0.9852546 0 -0.1710948 -0.9852546 0 -0.4942666 -0.8693104 0 -0.7611654 -0.6485578 0 -0.9379891 -0.3466647 0 -0.9379891 0.3466647 0 -0.7611654 0.6485578 0 -0.4942667 0.8693103 0 -0.1710948 0.9852546 0 5.58116e-6 0 -1 -4.14241e-6 0 -1 -1.1568e-5 0 -1 1.1568e-5 0 -1 -5.5811e-6 0 -1 -5.58116e-6 0 -1 -2.13767e-6 0 -1 4.14241e-6 0 -1 5.5811e-6 0 -1 -0.9379885 -0.3466666 0 -2.70318e-6 0 -1 -3.22295e-6 0 -1 5.40628e-6 0 -1 8.59479e-6 0 -1 -5.40634e-6 0 -1 -4.29735e-6 0 -1 0.9379873 -0.3466697 0 -0.9379873 0.3466697 0 0.4942784 -0.8693037 0 0.1710876 0.9852559 0 0.1710876 -0.9852559 0 0.4942826 0.8693014 0 -0.4942827 0.8693013 0 -0.1710891 -0.9852556 0 -0.171089 0.9852557 0 -0.4942661 -0.8693107 0 0.9379871 0.3466704 0 0.937989 -0.3466652 0 -1.55908e-5 0 -1 -4.29744e-6 0 -1 3.89777e-6 0 -1 -4.2975e-6 0 -1 -2.14868e-6 0 -1 -4.29761e-6 0 -1 1.55908e-5 0 -1 4.2974e-6 0 -1 1.55907e-5 0 -1 0.7611647 -0.6485587 0 -0.9379872 0.3466703 0 0.4942718 -0.8693074 0 0.1710935 0.9852548 0 -0.7611718 0.6485503 0 0.1710935 -0.9852548 0 0.4942717 0.8693075 0 -0.4942718 0.8693074 0 -0.1710935 -0.9852548 0 0.7611647 0.6485587 0 -0.1710935 0.9852548 0 -0.4942717 -0.8693075 0 0.9379888 0.3466655 0 -0.7611647 -0.6485587 0 -0.9379888 -0.3466655 0 0.3826828 0.9238798 0 0.9238808 0.3826805 0 0.9238806 -0.3826808 0 0.3826828 -0.9238798 0 -0.3826828 -0.9238798 0 -0.9238808 -0.3826805 0 1.72889e-6 0 1 -3.45778e-6 0 1 -1.72889e-6 0 1 3.45778e-6 0 1 -0.9238806 0.3826808 0 -0.3826828 0.9238798 0</float_array>
          <technique_common>
            <accessor source="#shape0_003-mesh-normals-array" count="1056" stride="3">
              <param name="X" type="float"/>
              <param name="Y" type="float"/>
              <param name="Z" type="float"/>
            </accessor>
          </technique_common>
        </source>
        <source id="shape0_003-mesh-map-0">
          <float_array id="shape0_003-mesh-map-0-array" count="7116">0.004492104 0.01172089 0.483833 0.139545 0.004492104 0.139545 0.004494667 0.01172119 0.483836 0.139546 0.004494667 0.139546 0.483833 0.139545 0.004492223 0.01172119 0.483833 0.01172089 0.483836 0.139545 0.004494786 0.01172125 0.483836 0.01172119 0.48396 0.484605 0.004618704 0.005263566 0.48396 0.005263566 0.483637 0.140377 0.144902 0.343794 0.004295766 0.140377 0.490667 0.33309 0.81826 0.005497038 0.81826 0.33309 0.483637 0.140377 0.144902 0.343794 0.004295885 0.140377 0.483637 0.140377 0.144902 0.343794 0.004295766 0.140377 0.483637 0.140377 0.144902 0.343794 0.004295766 0.140377 0.996488 0.995997 0.985614 0.710677 0.99649 0.710677 0.985612 0.995997 0.974738 0.710677 0.985614 0.710677 0.974736 0.995997 0.963861 0.710677 0.974738 0.710677 0.96386 0.995997 0.952985 0.710677 0.963861 0.710677 0.952985 0.995997 0.942109 0.710677 0.952985 0.710677 0.942109 0.995997 0.931233 0.710677 0.942109 0.710677 0.931233 0.995997 0.920357 0.710677 0.931233 0.710677 0.920357 0.995997 0.90948 0.710677 0.920357 0.710677 0.996492 0.995998 0.985618 0.710678 0.996494 0.710678 0.985616 0.995998 0.974742 0.710678 0.985618 0.710678 0.974741 0.995998 0.963866 0.710678 0.974742 0.710678 0.963865 0.995998 0.95299 0.710678 0.963866 0.710678 0.952989 0.995998 0.942113 0.710678 0.95299 0.710678 0.942113 0.995998 0.931237 0.710678 0.942113 0.710678 0.931238 0.995998 0.920361 0.710678 0.931237 0.710678 0.920362 0.995998 0.909485 0.710678 0.920361 0.710678 0.99649 0.995997 0.985615 0.710677 0.996492 0.710677 0.985614 0.995997 0.974739 0.710677 0.985615 0.710677 0.974738 0.995997 0.963863 0.710677 0.974739 0.710677 0.963862 0.995997 0.952987 0.710677 0.963863 0.710677 0.952986 0.995997 0.942111 0.710677 0.952987 0.710677 0.942111 0.995997 0.931235 0.710677 0.942111 0.710677 0.931235 0.995997 0.920358 0.710677 0.931235 0.710677 0.920359 0.995997 0.909482 0.710677 0.920358 0.710677 0.99649 0.995997 0.985614 0.710677 0.99649 0.710677 0.985614 0.995997 0.974738 0.710677 0.985614 0.710677 0.974738 0.995997 0.963861 0.710677 0.974738 0.710677 0.963862 0.995997 0.952985 0.710677 0.963861 0.710677 0.952986 0.995997 0.942109 0.710677 0.952985 0.710677 0.942111 0.995997 0.931233 0.710677 0.942109 0.710677 0.931235 0.995997 0.920357 0.710677 0.931233 0.710677 0.920359 0.995997 0.90948 0.710677 0.920357 0.710677 0.893854 0.956865 0.894789 0.942493 0.902261 0.949965 0.953202 0.674264 0.974677 0.00408864 0.974678 0.674264 0.825217 0.977287 0.839495 0.9754 0.833624 0.984186 0.843216 0.989313 0.839495 0.9754 0.84726 0.97955 0.839273 0.874842 0.850097 0.86534 0.850097 0.875907 0.885678 0.989313 0.873209 0.982106 0.881634 0.97955 0.819274 0.866558 0.83291 0.861921 0.828866 0.871684 0.850097 0.875907 0.858859 0.864477 0.86092 0.874842 0.871328 0.871684 0.875048 0.857771 0.880919 0.866557 0.871328 0.871684 0.858859 0.864477 0.867284 0.861921 0.89527 0.984186 0.881634 0.97955 0.889399 0.9754 0.880919 0.866557 0.881854 0.852186 0.889327 0.859658 0.843216 0.989313 0.855685 0.982106 0.853624 0.99247 0.808029 0.952025 0.806142 0.937747 0.814929 0.943618 0.903677 0.977287 0.889399 0.9754 0.896205 0.969814 0.824279 0.912796 0.812848 0.904034 0.823213 0.901972 0.814929 0.881973 0.800557 0.881038 0.808029 0.873566 0.852208 0.965149 0.845844 0.952229 0.854269 0.954784 0.832209 0.956865 0.831274 0.942493 0.83808 0.948078 0.814929 0.943618 0.810292 0.929983 0.820055 0.934027 0.864447 0.993536 0.855685 0.982106 0.864447 0.982969 0.863031 0.966215 0.854269 0.954784 0.863031 0.955647 0.8418 0.961992 0.83808 0.948078 0.845844 0.952229 0.823213 0.901972 0.810292 0.895609 0.820055 0.891564 0.820055 0.934027 0.812848 0.921557 0.823213 0.923619 0.873855 0.965149 0.863031 0.955647 0.871793 0.954784 0.819274 0.866558 0.818339 0.852186 0.825145 0.857771 0.823213 0.923619 0.813711 0.912796 0.824279 0.912796 0.875271 0.99247 0.864447 0.982969 0.873209 0.982106 0.814929 0.881973 0.810292 0.895609 0.806142 0.887844 0.839273 0.874842 0.83291 0.861921 0.841335 0.864477 0.893854 0.956865 0.880218 0.952229 0.887983 0.948078 0.884263 0.961992 0.871793 0.954784 0.880218 0.952229 0.671892 0.813605 0.434182 0.686547 0.561241 0.448837 0.867301 0.674264 0.888776 0.00408864 0.888776 0.674264 0.845826 0.674265 0.867301 0.00408864 0.867301 0.674264 0.974678 0.674264 0.996152 0.00408864 0.996153 0.674264 0.888776 0.674264 0.910251 0.00408864 0.910251 0.674264 0.910252 0.674264 0.931727 0.00408864 0.931728 0.674264 0.824351 0.674264 0.845826 0.00408864 0.845826 0.674264 0.910251 0.674264 0.931727 0.00408864 0.931727 0.674264 0.931728 0.674264 0.953202 0.00408864 0.953203 0.674264 0.845826 0.674264 0.867301 0.00408864 0.867301 0.674264 0.824351 0.674265 0.845826 0.00408864 0.845826 0.674265 0.845826 0.674264 0.867301 0.00408864 0.867302 0.674264 0.931727 0.674264 0.953202 0.00408864 0.953202 0.674264 0.867301 0.674264 0.888776 0.00408864 0.888776 0.674264 0.867302 0.674264 0.888776 0.00408864 0.888777 0.674264 0.974677 0.674264 0.996152 0.00408864 0.996152 0.674264 0.953202 0.674264 0.974677 0.00408864 0.974677 0.674264 0.888777 0.674264 0.910251 0.00408864 0.910252 0.674264 0.974677 0.674264 0.996152 0.004088819 0.996152 0.674264 0.910252 0.674264 0.931727 0.00408864 0.931727 0.674264 0.845827 0.674264 0.867301 0.00408864 0.867302 0.674264 0.953202 0.674264 0.974677 0.00408864 0.974677 0.674264 0.867302 0.674264 0.888776 0.00408864 0.888777 0.674264 0.888776 0.674264 0.910251 0.00408864 0.910251 0.674264 0.888777 0.674264 0.910251 0.00408864 0.910252 0.674264 0.910251 0.674264 0.931727 0.00408864 0.931727 0.674264 0.953203 0.674264 0.974677 0.00408864 0.974678 0.674264 0.931727 0.674264 0.953202 0.00408864 0.953202 0.674264 0.824351 0.674264 0.845826 0.00408864 0.845826 0.674264 0.824352 0.674264 0.845826 0.00408864 0.845827 0.674264 0.931727 0.674264 0.953202 0.00408864 0.953202 0.674264 0.974678 0.674264 0.996152 0.00408864 0.996153 0.674264 0.899111 0.878716 0.864766 0.906654 0.864766 0.878716 0.899111 0.906654 0.864766 0.934498 0.864766 0.906654 0.899111 0.934498 0.864766 0.9622 0.864766 0.934498 0.864766 0.9622 0.899111 0.989775 0.864766 0.989775 0.89177 0.801619 0.864245 0.767275 0.89177 0.767275 0.899111 0.767657 0.864766 0.795233 0.864766 0.767657 0.899111 0.795233 0.864766 0.822935 0.864766 0.795233 0.864766 0.822935 0.899111 0.850779 0.864766 0.850779 0.864766 0.850779 0.899111 0.878716 0.864766 0.878716 0.864766 0.878716 0.899111 0.906654 0.864766 0.906654 0.899111 0.906654 0.864766 0.934498 0.864766 0.906654 0.864766 0.934498 0.899111 0.9622 0.864766 0.9622 0.864766 0.9622 0.899111 0.989775 0.864766 0.989775 0.864766 0.795233 0.89911 0.767707 0.89911 0.795233 0.89911 0.767657 0.864766 0.795233 0.864766 0.767657 0.89911 0.795233 0.864766 0.822934 0.864766 0.795233 0.83467 0.968011 0.807212 0.965408 0.834218 0.965408 0.864766 0.822934 0.899111 0.850779 0.864766 0.850779 0.864766 0.850779 0.899111 0.878716 0.864766 0.878716 0.863968 0.955715 0.834643 0.982372 0.834643 0.955715 0.793586 0.850779 0.818339 0.839459 0.795286 0.852842 0.775886 0.95253 0.795286 0.971979 0.793587 0.974024 0.780529 0.958592 0.761284 0.939192 0.781882 0.956303 0.896559 0.917043 0.898871 0.889923 0.901553 0.889923 0.766467 0.926228 0.76907 0.89877 0.76907 0.925776 0.740668 0.889923 0.747901 0.916139 0.745377 0.917043 0.860972 0.958592 0.880421 0.939192 0.882466 0.940891 0.775886 0.872087 0.795286 0.852842 0.778175 0.87344 0.793587 0.974024 0.81834 0.985603 0.817436 0.988118 0.806733 0.968011 0.781882 0.956303 0.807212 0.965408 0.817435 0.836935 0.844554 0.834907 0.818339 0.839459 0.766467 0.926228 0.778175 0.951202 0.775886 0.95253 0.759221 0.940891 0.747901 0.916139 0.761284 0.939192 0.882466 0.940891 0.894045 0.916139 0.896559 0.917043 0.766467 0.898291 0.778175 0.87344 0.76907 0.89877 0.83467 0.968011 0.859643 0.956303 0.860972 0.958592 0.817436 0.988118 0.844555 0.99043 0.844555 0.993111 0.001466393 0.815638 0.01243329 0.752482 0.365167 0.815638 0.834643 0.821092 0.863968 0.848008 0.834643 0.848008 0.863968 0.848008 0.834643 0.875014 0.834643 0.848008 0.863968 0.955715 0.834643 0.928937 0.863968 0.928937 0.834643 0.875014 0.863968 0.848008 0.863968 0.875014 0.863968 0.821092 0.834643 0.848008 0.834643 0.821092 0.863968 0.902021 0.834643 0.928937 0.834643 0.902021 0.834643 0.875014 0.863968 0.902021 0.834643 0.902021 0.863968 0.821092 0.834643 0.794314 0.863968 0.794314 0.863968 0.902021 0.834643 0.875014 0.863968 0.875014 0.834643 0.928937 0.863968 0.902021 0.863968 0.928937 0.863968 0.767657 0.834643 0.794314 0.834643 0.767657 0.834643 0.928937 0.863968 0.955715 0.834643 0.955715 0.863818 0.805553 0.893143 0.832161 0.863818 0.832161 0.834643 0.982371 0.863968 0.955715 0.863968 0.982371 0.834643 0.794314 0.863968 0.767657 0.863968 0.794314 0.864245 0.831743 0.890853 0.802418 0.890853 0.831743 0.834643 0.794314 0.863968 0.821092 0.834643 0.821092 0.899111 0.878716 0.864766 0.906654 0.864766 0.878716 0.899111 0.906654 0.864766 0.934498 0.864766 0.906654 0.899111 0.934498 0.864766 0.9622 0.864766 0.934498 0.864766 0.9622 0.899111 0.989775 0.864766 0.989775 0.89177 0.801619 0.864245 0.767275 0.89177 0.767275 0.899111 0.767657 0.864766 0.795233 0.864766 0.767657 0.899111 0.795233 0.864766 0.822935 0.864766 0.795233 0.864766 0.822935 0.899111 0.850779 0.864766 0.850779 0.864766 0.850779 0.899111 0.878716 0.864766 0.878716 0.864766 0.878716 0.899111 0.906654 0.864766 0.906654 0.899111 0.906654 0.864766 0.934498 0.864766 0.906654 0.864766 0.934498 0.899111 0.9622 0.864766 0.9622 0.864766 0.9622 0.899111 0.989775 0.864766 0.989775 0.864766 0.795233 0.89911 0.767707 0.89911 0.795233 0.89911 0.767657 0.864766 0.795233 0.864766 0.767657 0.89911 0.795233 0.864766 0.822934 0.864766 0.795233 0.83467 0.968011 0.807212 0.965408 0.834218 0.965408 0.864766 0.822934 0.899111 0.850779 0.864766 0.850779 0.864766 0.850779 0.899111 0.878716 0.864766 0.878716 0.863968 0.955715 0.834643 0.982372 0.834643 0.955715 0.793586 0.850779 0.818339 0.839459 0.795286 0.852842 0.775886 0.95253 0.795286 0.971979 0.793587 0.974024 0.780529 0.958592 0.761284 0.939192 0.781882 0.956303 0.896559 0.917043 0.898871 0.889923 0.901553 0.889923 0.766467 0.926228 0.76907 0.89877 0.76907 0.925776 0.740668 0.889923 0.747901 0.916139 0.745377 0.917043 0.860972 0.958592 0.880421 0.939192 0.882466 0.940891 0.775886 0.872087 0.795286 0.852842 0.778175 0.87344 0.793587 0.974024 0.81834 0.985603 0.817436 0.988118 0.806733 0.968011 0.781882 0.956303 0.807212 0.965408 0.817435 0.836935 0.844554 0.834907 0.818339 0.839459 0.766467 0.926228 0.778175 0.951202 0.775886 0.95253 0.759221 0.940891 0.747901 0.916139 0.761284 0.939192 0.882466 0.940891 0.894045 0.916139 0.896559 0.917043 0.766467 0.898291 0.778175 0.87344 0.76907 0.89877 0.83467 0.968011 0.859643 0.956303 0.860972 0.958592 0.817436 0.988118 0.844555 0.99043 0.844555 0.993111 0.001466393 0.815638 0.01243329 0.752482 0.365167 0.815638 0.834643 0.821092 0.863968 0.848008 0.834643 0.848008 0.863968 0.848008 0.834643 0.875014 0.834643 0.848008 0.863968 0.955715 0.834643 0.928937 0.863968 0.928937 0.834643 0.875014 0.863968 0.848008 0.863968 0.875014 0.863968 0.821092 0.834643 0.848008 0.834643 0.821092 0.863968 0.928937 0.834643 0.902021 0.863968 0.902021 0.834643 0.875014 0.863968 0.902021 0.834643 0.902021 0.863968 0.821092 0.834643 0.794314 0.863968 0.794314 0.863968 0.902021 0.834643 0.875014 0.863968 0.875014 0.834643 0.928937 0.863968 0.902021 0.863968 0.928937 0.863968 0.767657 0.834643 0.794314 0.834643 0.767657 0.834643 0.928937 0.863968 0.955715 0.834643 0.955715 0.863818 0.832161 0.893143 0.805553 0.893143 0.832161 0.834643 0.982371 0.863968 0.955715 0.863968 0.982371 0.834643 0.794314 0.863968 0.767657 0.863968 0.794314 0.864245 0.831743 0.890853 0.802418 0.890853 0.831743 0.834643 0.794314 0.863968 0.821092 0.834643 0.821092 0.899111 0.878716 0.864766 0.906654 0.864766 0.878716 0.899111 0.906654 0.864766 0.934498 0.864766 0.906654 0.899111 0.934498 0.864766 0.9622 0.864766 0.934498 0.864766 0.9622 0.899111 0.989775 0.864766 0.989775 0.89177 0.801619 0.864245 0.767275 0.89177 0.767275 0.899111 0.767657 0.864766 0.795233 0.864766 0.767657 0.899111 0.795233 0.864766 0.822935 0.864766 0.795233 0.864766 0.822935 0.899111 0.850779 0.864766 0.850779 0.864766 0.850779 0.899111 0.878716 0.864766 0.878716 0.864766 0.878716 0.899111 0.906654 0.864766 0.906654 0.899111 0.906654 0.864766 0.934498 0.864766 0.906654 0.899111 0.934498 0.864766 0.9622 0.864766 0.934498 0.864766 0.9622 0.899111 0.989775 0.864766 0.989775 0.864766 0.795233 0.89911 0.767707 0.89911 0.795233 0.89911 0.767657 0.864766 0.795233 0.864766 0.767657 0.89911 0.795233 0.864766 0.822934 0.864766 0.795233 0.83467 0.968011 0.807212 0.965408 0.834218 0.965408 0.864766 0.822934 0.899111 0.850779 0.864766 0.850779 0.864766 0.850779 0.899111 0.878716 0.864766 0.878716 0.863968 0.955715 0.834643 0.982372 0.834643 0.955715 0.793586 0.850779 0.818339 0.839459 0.795286 0.852842 0.775886 0.95253 0.795286 0.971979 0.793587 0.974024 0.780529 0.958592 0.761284 0.939192 0.781882 0.956303 0.896559 0.917043 0.898871 0.889923 0.901553 0.889923 0.766467 0.926228 0.76907 0.89877 0.76907 0.925776 0.740668 0.889923 0.747901 0.916139 0.745377 0.917043 0.860972 0.958592 0.880421 0.939192 0.882466 0.940891 0.775886 0.872087 0.795286 0.852842 0.778175 0.87344 0.793587 0.974024 0.81834 0.985603 0.817436 0.988118 0.806733 0.968011 0.781882 0.956303 0.807212 0.965408 0.817435 0.836935 0.844554 0.834907 0.818339 0.839459 0.766467 0.926228 0.778175 0.951202 0.775886 0.95253 0.759221 0.940891 0.747901 0.916139 0.761284 0.939192 0.882466 0.940891 0.894045 0.916139 0.896559 0.917043 0.766467 0.898291 0.778175 0.87344 0.76907 0.89877 0.83467 0.968011 0.859643 0.956303 0.860972 0.958592 0.817436 0.988118 0.844555 0.99043 0.844555 0.993111 0.001466393 0.815638 0.01243329 0.752482 0.365167 0.815638 0.834643 0.821092 0.863968 0.848008 0.834643 0.848008 0.863968 0.848008 0.834643 0.875014 0.834643 0.848008 0.863968 0.955715 0.834643 0.928937 0.863968 0.928937 0.834643 0.875014 0.863968 0.848008 0.863968 0.875014 0.863968 0.821092 0.834643 0.848008 0.834643 0.821092 0.863968 0.928937 0.834643 0.902021 0.863968 0.902021 0.834643 0.875014 0.863968 0.902021 0.834643 0.902021 0.863968 0.821092 0.834643 0.794314 0.863968 0.794314 0.863968 0.902021 0.834643 0.875014 0.863968 0.875014 0.834643 0.928937 0.863968 0.902021 0.863968 0.928937 0.863968 0.767657 0.834643 0.794314 0.834643 0.767657 0.834643 0.928937 0.863968 0.955715 0.834643 0.955715 0.863818 0.832161 0.893143 0.805553 0.893143 0.832161 0.834643 0.982371 0.863968 0.955715 0.863968 0.982371 0.834643 0.767657 0.863968 0.794314 0.834643 0.794314 0.864245 0.831743 0.890853 0.802418 0.890853 0.831743 0.834643 0.794314 0.863968 0.821092 0.834643 0.821092 0.004492104 0.01172089 0.483833 0.01172089 0.483833 0.139545 0.004494667 0.01172119 0.483836 0.01172125 0.483836 0.139546 0.483833 0.139545 0.004492223 0.139545 0.004492223 0.01172119 0.483836 0.139545 0.004494786 0.139546 0.004494786 0.01172125 0.48396 0.484605 0.004618704 0.484605 0.004618704 0.005263566 0.483637 0.140377 0.34303 0.343795 0.144902 0.343794 0.490667 0.33309 0.490667 0.005496919 0.81826 0.005497038 0.483637 0.140377 0.34303 0.343795 0.144902 0.343794 0.483637 0.140377 0.34303 0.343795 0.144902 0.343794 0.483637 0.140377 0.34303 0.343795 0.144902 0.343794 0.996488 0.995997 0.985612 0.995997 0.985614 0.710677 0.985612 0.995997 0.974736 0.995997 0.974738 0.710677 0.974736 0.995997 0.96386 0.995997 0.963861 0.710677 0.96386 0.995997 0.952985 0.995997 0.952985 0.710677 0.952985 0.995997 0.942109 0.995997 0.942109 0.710677 0.942109 0.995997 0.931233 0.995997 0.931233 0.710677 0.931233 0.995997 0.920357 0.995997 0.920357 0.710677 0.920357 0.995997 0.909481 0.995997 0.90948 0.710677 0.996492 0.995998 0.985616 0.995998 0.985618 0.710678 0.985616 0.995998 0.974741 0.995998 0.974742 0.710678 0.974741 0.995998 0.963865 0.995998 0.963866 0.710678 0.963865 0.995998 0.952989 0.995998 0.95299 0.710678 0.952989 0.995998 0.942113 0.995998 0.942113 0.710678 0.942113 0.995998 0.931238 0.995998 0.931237 0.710678 0.931238 0.995998 0.920362 0.995998 0.920361 0.710678 0.920362 0.995998 0.909486 0.995998 0.909485 0.710678 0.99649 0.995997 0.985614 0.995997 0.985615 0.710677 0.985614 0.995997 0.974738 0.995997 0.974739 0.710677 0.974738 0.995997 0.963862 0.995997 0.963863 0.710677 0.963862 0.995997 0.952986 0.995997 0.952987 0.710677 0.952986 0.995997 0.942111 0.995997 0.942111 0.710677 0.942111 0.995997 0.931235 0.995997 0.931235 0.710677 0.931235 0.995997 0.920359 0.995997 0.920358 0.710677 0.920359 0.995997 0.909483 0.995997 0.909482 0.710677 0.99649 0.995997 0.985614 0.995997 0.985614 0.710677 0.985614 0.995997 0.974738 0.995997 0.974738 0.710677 0.974738 0.995997 0.963862 0.995997 0.963861 0.710677 0.963862 0.995997 0.952986 0.995997 0.952985 0.710677 0.952986 0.995997 0.942111 0.995997 0.942109 0.710677 0.942111 0.995997 0.931235 0.995997 0.931233 0.710677 0.931235 0.995997 0.920359 0.995997 0.920357 0.710677 0.920359 0.995997 0.909483 0.995997 0.90948 0.710677 0.893854 0.956865 0.887983 0.948078 0.894789 0.942493 0.953202 0.674264 0.953202 0.00408864 0.974677 0.00408864 0.825217 0.977287 0.83269 0.969814 0.839495 0.9754 0.843216 0.989313 0.833624 0.984186 0.839495 0.9754 0.839273 0.874842 0.841335 0.864477 0.850097 0.86534 0.885678 0.989313 0.875271 0.99247 0.873209 0.982106 0.819274 0.866558 0.825145 0.857771 0.83291 0.861921 0.850097 0.875907 0.850097 0.86534 0.858859 0.864477 0.871328 0.871684 0.867284 0.861921 0.875048 0.857771 0.871328 0.871684 0.86092 0.874842 0.858859 0.864477 0.89527 0.984186 0.885678 0.989313 0.881634 0.97955 0.880919 0.866557 0.875048 0.857771 0.881854 0.852186 0.843216 0.989313 0.84726 0.97955 0.855685 0.982106 0.808029 0.952025 0.800557 0.944553 0.806142 0.937747 0.903677 0.977287 0.89527 0.984186 0.889399 0.9754 0.824279 0.912796 0.813711 0.912796 0.812848 0.904034 0.814929 0.881973 0.806142 0.887844 0.800557 0.881038 0.852208 0.965149 0.8418 0.961992 0.845844 0.952229 0.832209 0.956865 0.823801 0.949965 0.831274 0.942493 0.814929 0.943618 0.806142 0.937747 0.810292 0.929983 0.864447 0.993536 0.853624 0.99247 0.855685 0.982106 0.863031 0.966215 0.852208 0.965149 0.854269 0.954784 0.8418 0.961992 0.832209 0.956865 0.83808 0.948078 0.823213 0.901972 0.812848 0.904034 0.810292 0.895609 0.820055 0.934027 0.810292 0.929983 0.812848 0.921557 0.873855 0.965149 0.863031 0.966215 0.863031 0.955647 0.819274 0.866558 0.810867 0.859658 0.818339 0.852186 0.823213 0.923619 0.812848 0.921557 0.813711 0.912796 0.875271 0.99247 0.864447 0.993536 0.864447 0.982969 0.814929 0.881973 0.820055 0.891564 0.810292 0.895609 0.839273 0.874842 0.828866 0.871684 0.83291 0.861921 0.893854 0.956865 0.884263 0.961992 0.880218 0.952229 0.884263 0.961992 0.873855 0.965149 0.871793 0.954784 0.561241 0.448837 0.597885 0.441548 0.635248 0.441549 0.635248 0.441549 0.671892 0.448837 0.561241 0.448837 0.70641 0.463135 0.737476 0.483893 0.763895 0.510312 0.763895 0.510312 0.784652 0.541378 0.79895 0.575896 0.79895 0.575896 0.806239 0.61254 0.806239 0.649903 0.806239 0.649903 0.79895 0.686547 0.79895 0.575896 0.784652 0.721065 0.763895 0.752131 0.671892 0.813605 0.737476 0.77855 0.706411 0.799307 0.671892 0.813605 0.671892 0.813605 0.635248 0.820895 0.597885 0.820895 0.597885 0.820895 0.561241 0.813606 0.671892 0.813605 0.526723 0.799307 0.495658 0.77855 0.469238 0.752131 0.469238 0.752131 0.448481 0.721065 0.434182 0.686547 0.434182 0.686547 0.426894 0.649902 0.426894 0.61254 0.426894 0.61254 0.434183 0.575895 0.434182 0.686547 0.448481 0.541376 0.469238 0.510311 0.495658 0.483892 0.495658 0.483892 0.526723 0.463135 0.448481 0.541376 0.561241 0.448837 0.671892 0.448837 0.70641 0.463135 0.70641 0.463135 0.763895 0.510312 0.561241 0.448837 0.79895 0.575896 0.79895 0.686547 0.784652 0.721065 0.763895 0.752131 0.737476 0.77855 0.671892 0.813605 0.671892 0.813605 0.561241 0.813606 0.526723 0.799307 0.526723 0.799307 0.469238 0.752131 0.671892 0.813605 0.434182 0.686547 0.434183 0.575895 0.448481 0.541376 0.448481 0.541376 0.526723 0.463135 0.561241 0.448837 0.561241 0.448837 0.763895 0.510312 0.79895 0.575896 0.79895 0.575896 0.784652 0.721065 0.671892 0.813605 0.671892 0.813605 0.469238 0.752131 0.434182 0.686547 0.434182 0.686547 0.448481 0.541376 0.561241 0.448837 0.561241 0.448837 0.79895 0.575896 0.671892 0.813605 0.867301 0.674264 0.867301 0.00408864 0.888776 0.00408864 0.845826 0.674265 0.845826 0.00408864 0.867301 0.00408864 0.974678 0.674264 0.974677 0.00408864 0.996152 0.00408864 0.888776 0.674264 0.888776 0.00408864 0.910251 0.00408864 0.910252 0.674264 0.910251 0.00408864 0.931727 0.00408864 0.824351 0.674264 0.824351 0.00408864 0.845826 0.00408864 0.910251 0.674264 0.910251 0.00408864 0.931727 0.00408864 0.931728 0.674264 0.931727 0.00408864 0.953202 0.00408864 0.845826 0.674264 0.845826 0.00408864 0.867301 0.00408864 0.824351 0.674265 0.824351 0.00408864 0.845826 0.00408864 0.845826 0.674264 0.845826 0.00408864 0.867301 0.00408864 0.931727 0.674264 0.931727 0.00408864 0.953202 0.00408864 0.867301 0.674264 0.867301 0.00408864 0.888776 0.00408864 0.867302 0.674264 0.867301 0.00408864 0.888776 0.00408864 0.974677 0.674264 0.974677 0.00408864 0.996152 0.00408864 0.953202 0.674264 0.953202 0.00408864 0.974677 0.00408864 0.888777 0.674264 0.888776 0.00408864 0.910251 0.00408864 0.974677 0.674264 0.974677 0.00408864 0.996152 0.004088819 0.910252 0.674264 0.910251 0.00408864 0.931727 0.00408864 0.845827 0.674264 0.845826 0.00408864 0.867301 0.00408864 0.953202 0.674264 0.953202 0.00408864 0.974677 0.00408864 0.867302 0.674264 0.867301 0.00408864 0.888776 0.00408864 0.888776 0.674264 0.888776 0.00408864 0.910251 0.00408864 0.888777 0.674264 0.888776 0.00408864 0.910251 0.00408864 0.910251 0.674264 0.910251 0.00408864 0.931727 0.00408864 0.953203 0.674264 0.953202 0.00408864 0.974677 0.00408864 0.931727 0.674264 0.931727 0.00408864 0.953202 0.00408864 0.824351 0.674264 0.824351 0.00408864 0.845826 0.00408864 0.824352 0.674264 0.824351 0.00408864 0.845826 0.00408864 0.931727 0.674264 0.931727 0.00408864 0.953202 0.00408864 0.974678 0.674264 0.974677 0.00408864 0.996152 0.00408864 0.899111 0.878716 0.899111 0.906654 0.864766 0.906654 0.899111 0.906654 0.899111 0.934498 0.864766 0.934498 0.899111 0.934498 0.899111 0.9622 0.864766 0.9622 0.864766 0.9622 0.899111 0.9622 0.899111 0.989775 0.89177 0.801619 0.864245 0.801619 0.864245 0.767275 0.899111 0.767657 0.899111 0.795233 0.864766 0.795233 0.899111 0.795233 0.899111 0.822935 0.864766 0.822935 0.864766 0.822935 0.899111 0.822935 0.899111 0.850779 0.864766 0.850779 0.899111 0.850779 0.899111 0.878716 0.864766 0.878716 0.899111 0.878716 0.899111 0.906654 0.899111 0.906654 0.899111 0.934498 0.864766 0.934498 0.864766 0.934498 0.899111 0.934498 0.899111 0.9622 0.864766 0.9622 0.899111 0.9622 0.899111 0.989775 0.864766 0.795233 0.864766 0.767707 0.89911 0.767707 0.89911 0.767657 0.89911 0.795233 0.864766 0.795233 0.89911 0.795233 0.899111 0.822934 0.864766 0.822934 0.83467 0.968011 0.806733 0.968011 0.807212 0.965408 0.864766 0.822934 0.899111 0.822934 0.899111 0.850779 0.864766 0.850779 0.899111 0.850779 0.899111 0.878716 0.863968 0.955715 0.863968 0.982372 0.834643 0.982372 0.793586 0.850779 0.817435 0.836935 0.818339 0.839459 0.775886 0.95253 0.778175 0.951202 0.795286 0.971979 0.780529 0.958592 0.759221 0.940891 0.761284 0.939192 0.896559 0.917043 0.894045 0.916139 0.898871 0.889923 0.766467 0.926228 0.766467 0.898291 0.76907 0.89877 0.740668 0.889923 0.743349 0.889923 0.747901 0.916139 0.860972 0.958592 0.859643 0.956303 0.880421 0.939192 0.775886 0.872087 0.793586 0.850779 0.795286 0.852842 0.793587 0.974024 0.795286 0.971979 0.81834 0.985603 0.806733 0.968011 0.780529 0.958592 0.781882 0.956303 0.817435 0.836935 0.844554 0.832226 0.844554 0.834907 0.766467 0.926228 0.76907 0.925776 0.778175 0.951202 0.759221 0.940891 0.745377 0.917043 0.747901 0.916139 0.882466 0.940891 0.880421 0.939192 0.894045 0.916139 0.766467 0.898291 0.775886 0.872087 0.778175 0.87344 0.83467 0.968011 0.834218 0.965408 0.859643 0.956303 0.817436 0.988118 0.81834 0.985603 0.844555 0.99043 0.322622 0.696943 0.3542 0.752482 0.01243329 0.752482 0.365167 0.815638 0.3542 0.878794 0.01243329 0.878794 0.322622 0.934332 0.274242 0.975554 0.09239137 0.975554 0.214895 0.997488 0.151739 0.997488 0.09239137 0.975554 0.09239137 0.975554 0.04401099 0.934332 0.322622 0.934332 0.01243329 0.878794 0.001466393 0.815638 0.365167 0.815638 0.01243329 0.752482 0.04401111 0.696944 0.322622 0.696943 0.09239149 0.655721 0.151739 0.633788 0.214895 0.633788 0.214895 0.633788 0.274242 0.655721 0.09239149 0.655721 0.3542 0.752482 0.365167 0.815638 0.01243329 0.752482 0.274242 0.975554 0.214895 0.997488 0.09239137 0.975554 0.04401099 0.934332 0.01243329 0.878794 0.322622 0.934332 0.04401111 0.696944 0.09239149 0.655721 0.322622 0.696943 0.274242 0.655721 0.322622 0.696943 0.09239149 0.655721 0.322622 0.934332 0.01243329 0.878794 0.3542 0.878794 0.834643 0.821092 0.863968 0.821092 0.863968 0.848008 0.863968 0.848008 0.863968 0.875014 0.834643 0.875014 0.863968 0.955715 0.834643 0.955715 0.834643 0.928937 0.834643 0.875014 0.834643 0.848008 0.863968 0.848008 0.863968 0.821092 0.863968 0.848008 0.834643 0.848008 0.863968 0.902021 0.863968 0.928937 0.834643 0.928937 0.834643 0.875014 0.863968 0.875014 0.863968 0.902021 0.863968 0.821092 0.834643 0.821092 0.834643 0.794314 0.863968 0.902021 0.834643 0.902021 0.834643 0.875014 0.834643 0.928937 0.834643 0.902021 0.863968 0.902021 0.863968 0.767657 0.863968 0.794314 0.834643 0.794314 0.834643 0.928937 0.863968 0.928937 0.863968 0.955715 0.863818 0.805553 0.893143 0.805553 0.893143 0.832161 0.834643 0.982371 0.834643 0.955715 0.863968 0.955715 0.834643 0.794314 0.834643 0.767657 0.863968 0.767657 0.864245 0.831743 0.864245 0.802418 0.890853 0.802418 0.834643 0.794314 0.863968 0.794314 0.863968 0.821092 0.899111 0.878716 0.899111 0.906654 0.864766 0.906654 0.899111 0.906654 0.899111 0.934498 0.864766 0.934498 0.899111 0.934498 0.899111 0.9622 0.864766 0.9622 0.864766 0.9622 0.899111 0.9622 0.899111 0.989775 0.89177 0.801619 0.864245 0.801619 0.864245 0.767275 0.899111 0.767657 0.899111 0.795233 0.864766 0.795233 0.899111 0.795233 0.899111 0.822935 0.864766 0.822935 0.864766 0.822935 0.899111 0.822935 0.899111 0.850779 0.864766 0.850779 0.899111 0.850779 0.899111 0.878716 0.864766 0.878716 0.899111 0.878716 0.899111 0.906654 0.899111 0.906654 0.899111 0.934498 0.864766 0.934498 0.864766 0.934498 0.899111 0.934498 0.899111 0.9622 0.864766 0.9622 0.899111 0.9622 0.899111 0.989775 0.864766 0.795233 0.864766 0.767707 0.89911 0.767707 0.89911 0.767657 0.89911 0.795233 0.864766 0.795233 0.89911 0.795233 0.899111 0.822934 0.864766 0.822934 0.83467 0.968011 0.806733 0.968011 0.807212 0.965408 0.864766 0.822934 0.899111 0.822934 0.899111 0.850779 0.864766 0.850779 0.899111 0.850779 0.899111 0.878716 0.863968 0.955715 0.863968 0.982372 0.834643 0.982372 0.793586 0.850779 0.817435 0.836935 0.818339 0.839459 0.775886 0.95253 0.778175 0.951202 0.795286 0.971979 0.780529 0.958592 0.759221 0.940891 0.761284 0.939192 0.896559 0.917043 0.894045 0.916139 0.898871 0.889923 0.766467 0.926228 0.766467 0.898291 0.76907 0.89877 0.740668 0.889923 0.743349 0.889923 0.747901 0.916139 0.860972 0.958592 0.859643 0.956303 0.880421 0.939192 0.775886 0.872087 0.793586 0.850779 0.795286 0.852842 0.793587 0.974024 0.795286 0.971979 0.81834 0.985603 0.806733 0.968011 0.780529 0.958592 0.781882 0.956303 0.817435 0.836935 0.844554 0.832226 0.844554 0.834907 0.766467 0.926228 0.76907 0.925776 0.778175 0.951202 0.759221 0.940891 0.745377 0.917043 0.747901 0.916139 0.882466 0.940891 0.880421 0.939192 0.894045 0.916139 0.766467 0.898291 0.775886 0.872087 0.778175 0.87344 0.83467 0.968011 0.834218 0.965408 0.859643 0.956303 0.817436 0.988118 0.81834 0.985603 0.844555 0.99043 0.322622 0.696943 0.3542 0.752482 0.01243329 0.752482 0.365167 0.815638 0.3542 0.878794 0.01243329 0.878794 0.322622 0.934332 0.274242 0.975554 0.09239137 0.975554 0.214895 0.997488 0.151739 0.997488 0.09239137 0.975554 0.09239137 0.975554 0.04401099 0.934332 0.322622 0.934332 0.01243329 0.878794 0.001466393 0.815638 0.365167 0.815638 0.01243329 0.752482 0.04401111 0.696944 0.322622 0.696943 0.09239149 0.655721 0.151739 0.633788 0.214895 0.633788 0.214895 0.633788 0.274242 0.655721 0.09239149 0.655721 0.3542 0.752482 0.365167 0.815638 0.01243329 0.752482 0.274242 0.975554 0.214895 0.997488 0.09239137 0.975554 0.04401099 0.934332 0.01243329 0.878794 0.322622 0.934332 0.04401111 0.696944 0.09239149 0.655721 0.322622 0.696943 0.274242 0.655721 0.322622 0.696943 0.09239149 0.655721 0.322622 0.934332 0.01243329 0.878794 0.3542 0.878794 0.834643 0.821092 0.863968 0.821092 0.863968 0.848008 0.863968 0.848008 0.863968 0.875014 0.834643 0.875014 0.863968 0.955715 0.834643 0.955715 0.834643 0.928937 0.834643 0.875014 0.834643 0.848008 0.863968 0.848008 0.863968 0.821092 0.863968 0.848008 0.834643 0.848008 0.863968 0.928937 0.834643 0.928937 0.834643 0.902021 0.834643 0.875014 0.863968 0.875014 0.863968 0.902021 0.863968 0.821092 0.834643 0.821092 0.834643 0.794314 0.863968 0.902021 0.834643 0.902021 0.834643 0.875014 0.834643 0.928937 0.834643 0.902021 0.863968 0.902021 0.863968 0.767657 0.863968 0.794314 0.834643 0.794314 0.834643 0.928937 0.863968 0.928937 0.863968 0.955715 0.863818 0.832161 0.863818 0.805553 0.893143 0.805553 0.834643 0.982371 0.834643 0.955715 0.863968 0.955715 0.834643 0.794314 0.834643 0.767657 0.863968 0.767657 0.864245 0.831743 0.864245 0.802418 0.890853 0.802418 0.834643 0.794314 0.863968 0.794314 0.863968 0.821092 0.899111 0.878716 0.899111 0.906654 0.864766 0.906654 0.899111 0.906654 0.899111 0.934498 0.864766 0.934498 0.899111 0.934498 0.899111 0.9622 0.864766 0.9622 0.864766 0.9622 0.899111 0.9622 0.899111 0.989775 0.89177 0.801619 0.864245 0.801619 0.864245 0.767275 0.899111 0.767657 0.899111 0.795233 0.864766 0.795233 0.899111 0.795233 0.899111 0.822935 0.864766 0.822935 0.864766 0.822935 0.899111 0.822935 0.899111 0.850779 0.864766 0.850779 0.899111 0.850779 0.899111 0.878716 0.864766 0.878716 0.899111 0.878716 0.899111 0.906654 0.899111 0.906654 0.899111 0.934498 0.864766 0.934498 0.899111 0.934498 0.899111 0.9622 0.864766 0.9622 0.864766 0.9622 0.899111 0.9622 0.899111 0.989775 0.864766 0.795233 0.864766 0.767707 0.89911 0.767707 0.89911 0.767657 0.89911 0.795233 0.864766 0.795233 0.89911 0.795233 0.899111 0.822934 0.864766 0.822934 0.83467 0.968011 0.806733 0.968011 0.807212 0.965408 0.864766 0.822934 0.899111 0.822934 0.899111 0.850779 0.864766 0.850779 0.899111 0.850779 0.899111 0.878716 0.863968 0.955715 0.863968 0.982372 0.834643 0.982372 0.793586 0.850779 0.817435 0.836935 0.818339 0.839459 0.775886 0.95253 0.778175 0.951202 0.795286 0.971979 0.780529 0.958592 0.759221 0.940891 0.761284 0.939192 0.896559 0.917043 0.894045 0.916139 0.898871 0.889923 0.766467 0.926228 0.766467 0.898291 0.76907 0.89877 0.740668 0.889923 0.743349 0.889923 0.747901 0.916139 0.860972 0.958592 0.859643 0.956303 0.880421 0.939192 0.775886 0.872087 0.793586 0.850779 0.795286 0.852842 0.793587 0.974024 0.795286 0.971979 0.81834 0.985603 0.806733 0.968011 0.780529 0.958592 0.781882 0.956303 0.817435 0.836935 0.844554 0.832226 0.844554 0.834907 0.766467 0.926228 0.76907 0.925776 0.778175 0.951202 0.759221 0.940891 0.745377 0.917043 0.747901 0.916139 0.882466 0.940891 0.880421 0.939192 0.894045 0.916139 0.766467 0.898291 0.775886 0.872087 0.778175 0.87344 0.83467 0.968011 0.834218 0.965408 0.859643 0.956303 0.817436 0.988118 0.81834 0.985603 0.844555 0.99043 0.322622 0.696943 0.3542 0.752482 0.01243329 0.752482 0.365167 0.815638 0.3542 0.878794 0.01243329 0.878794 0.322622 0.934332 0.274242 0.975554 0.09239137 0.975554 0.214895 0.997488 0.151739 0.997488 0.09239137 0.975554 0.09239137 0.975554 0.04401099 0.934332 0.322622 0.934332 0.01243329 0.878794 0.001466393 0.815638 0.365167 0.815638 0.01243329 0.752482 0.04401111 0.696944 0.322622 0.696943 0.09239149 0.655721 0.151739 0.633788 0.214895 0.633788 0.214895 0.633788 0.274242 0.655721 0.09239149 0.655721 0.3542 0.752482 0.365167 0.815638 0.01243329 0.752482 0.274242 0.975554 0.214895 0.997488 0.09239137 0.975554 0.04401099 0.934332 0.01243329 0.878794 0.322622 0.934332 0.04401111 0.696944 0.09239149 0.655721 0.322622 0.696943 0.274242 0.655721 0.322622 0.696943 0.09239149 0.655721 0.322622 0.934332 0.01243329 0.878794 0.3542 0.878794 0.834643 0.821092 0.863968 0.821092 0.863968 0.848008 0.863968 0.848008 0.863968 0.875014 0.834643 0.875014 0.863968 0.955715 0.834643 0.955715 0.834643 0.928937 0.834643 0.875014 0.834643 0.848008 0.863968 0.848008 0.863968 0.821092 0.863968 0.848008 0.834643 0.848008 0.863968 0.928937 0.834643 0.928937 0.834643 0.902021 0.834643 0.875014 0.863968 0.875014 0.863968 0.902021 0.863968 0.821092 0.834643 0.821092 0.834643 0.794314 0.863968 0.902021 0.834643 0.902021 0.834643 0.875014 0.834643 0.928937 0.834643 0.902021 0.863968 0.902021 0.863968 0.767657 0.863968 0.794314 0.834643 0.794314 0.834643 0.928937 0.863968 0.928937 0.863968 0.955715 0.863818 0.832161 0.863818 0.805553 0.893143 0.805553 0.834643 0.982371 0.834643 0.955715 0.863968 0.955715 0.834643 0.767657 0.863968 0.767657 0.863968 0.794314 0.864245 0.831743 0.864245 0.802418 0.890853 0.802418 0.834643 0.794314 0.863968 0.794314 0.863968 0.821092 0.899111 0.878716 0.864766 0.906654 0.864766 0.878716 0.899111 0.906654 0.864766 0.934498 0.864766 0.906654 0.899111 0.934498 0.864766 0.9622 0.864766 0.934498 0.864766 0.9622 0.899111 0.989775 0.864766 0.989775 0.89177 0.801619 0.864245 0.767275 0.89177 0.767275 0.899111 0.767657 0.864766 0.795233 0.864766 0.767657 0.899111 0.795233 0.864766 0.822935 0.864766 0.795233 0.864766 0.822935 0.899111 0.850779 0.864766 0.850779 0.899111 0.850779 0.864766 0.878716 0.864766 0.850779 0.899111 0.878716 0.864766 0.906654 0.864766 0.878716 0.899111 0.906654 0.864766 0.934498 0.864766 0.906654 0.864766 0.934498 0.899111 0.9622 0.864766 0.9622 0.864766 0.9622 0.899111 0.989775 0.864766 0.989775 0.864766 0.795233 0.89911 0.767707 0.89911 0.795233 0.89911 0.767657 0.864766 0.795233 0.864766 0.767657 0.864766 0.795233 0.899111 0.822934 0.864766 0.822934 0.83467 0.968011 0.807212 0.965408 0.834218 0.965408 0.864766 0.822934 0.899111 0.850779 0.864766 0.850779 0.864766 0.850779 0.899111 0.878716 0.864766 0.878716 0.863968 0.955715 0.834643 0.982372 0.834643 0.955715 0.793586 0.850779 0.818339 0.839459 0.795286 0.852842 0.775886 0.95253 0.795286 0.971979 0.793587 0.974024 0.780529 0.958592 0.761284 0.939192 0.781882 0.956303 0.896559 0.917043 0.898871 0.889923 0.901553 0.889923 0.766467 0.926228 0.76907 0.89877 0.76907 0.925776 0.740668 0.889923 0.747901 0.916139 0.745377 0.917043 0.860972 0.958592 0.880421 0.939192 0.882466 0.940891 0.775886 0.872087 0.795286 0.852842 0.778175 0.87344 0.793587 0.974024 0.81834 0.985603 0.817436 0.988118 0.806733 0.968011 0.781882 0.956303 0.807212 0.965408 0.817435 0.836935 0.844554 0.834907 0.818339 0.839459 0.766467 0.926228 0.778175 0.951202 0.775886 0.95253 0.759221 0.940891 0.747901 0.916139 0.761284 0.939192 0.882466 0.940891 0.894045 0.916139 0.896559 0.917043 0.766467 0.898291 0.778175 0.87344 0.76907 0.89877 0.83467 0.968011 0.859643 0.956303 0.860972 0.958592 0.817436 0.988118 0.844555 0.99043 0.844555 0.993111 0.001466393 0.815638 0.01243329 0.752482 0.365167 0.815638 0.834643 0.821092 0.863968 0.848008 0.834643 0.848008 0.863968 0.875014 0.834643 0.848008 0.863968 0.848008 0.863968 0.955715 0.834643 0.928937 0.863968 0.928937 0.834643 0.848008 0.863968 0.875014 0.834643 0.875014 0.863968 0.848008 0.834643 0.821092 0.863968 0.821092 0.863968 0.928937 0.834643 0.902021 0.863968 0.902021 0.834643 0.875014 0.863968 0.902021 0.834643 0.902021 0.863968 0.794314 0.834643 0.821092 0.834643 0.794314 0.863968 0.902021 0.834643 0.875014 0.863968 0.875014 0.834643 0.928937 0.863968 0.902021 0.863968 0.928937 0.863968 0.794314 0.834643 0.767657 0.863968 0.767657 0.834643 0.928937 0.863968 0.955715 0.834643 0.955715 0.863818 0.805553 0.893143 0.832161 0.863818 0.832161 0.834643 0.982371 0.863968 0.955715 0.863968 0.982371 0.834643 0.794314 0.863968 0.767657 0.863968 0.794314 0.864245 0.831743 0.890853 0.802418 0.890853 0.831743 0.834643 0.821092 0.863968 0.794314 0.863968 0.821092 0.899111 0.878716 0.899111 0.906654 0.864766 0.906654 0.899111 0.906654 0.899111 0.934498 0.864766 0.934498 0.899111 0.934498 0.899111 0.9622 0.864766 0.9622 0.864766 0.9622 0.899111 0.9622 0.899111 0.989775 0.89177 0.801619 0.864245 0.801619 0.864245 0.767275 0.899111 0.767657 0.899111 0.795233 0.864766 0.795233 0.899111 0.795233 0.899111 0.822935 0.864766 0.822935 0.864766 0.822935 0.899111 0.822935 0.899111 0.850779 0.899111 0.850779 0.899111 0.878716 0.864766 0.878716 0.899111 0.878716 0.899111 0.906654 0.864766 0.906654 0.899111 0.906654 0.899111 0.934498 0.864766 0.934498 0.864766 0.934498 0.899111 0.934498 0.899111 0.9622 0.864766 0.9622 0.899111 0.9622 0.899111 0.989775 0.864766 0.795233 0.864766 0.767707 0.89911 0.767707 0.89911 0.767657 0.89911 0.795233 0.864766 0.795233 0.864766 0.795233 0.89911 0.795233 0.899111 0.822934 0.83467 0.968011 0.806733 0.968011 0.807212 0.965408 0.864766 0.822934 0.899111 0.822934 0.899111 0.850779 0.864766 0.850779 0.899111 0.850779 0.899111 0.878716 0.863968 0.955715 0.863968 0.982372 0.834643 0.982372 0.793586 0.850779 0.817435 0.836935 0.818339 0.839459 0.775886 0.95253 0.778175 0.951202 0.795286 0.971979 0.780529 0.958592 0.759221 0.940891 0.761284 0.939192 0.896559 0.917043 0.894045 0.916139 0.898871 0.889923 0.766467 0.926228 0.766467 0.898291 0.76907 0.89877 0.740668 0.889923 0.743349 0.889923 0.747901 0.916139 0.860972 0.958592 0.859643 0.956303 0.880421 0.939192 0.775886 0.872087 0.793586 0.850779 0.795286 0.852842 0.793587 0.974024 0.795286 0.971979 0.81834 0.985603 0.806733 0.968011 0.780529 0.958592 0.781882 0.956303 0.817435 0.836935 0.844554 0.832226 0.844554 0.834907 0.766467 0.926228 0.76907 0.925776 0.778175 0.951202 0.759221 0.940891 0.745377 0.917043 0.747901 0.916139 0.882466 0.940891 0.880421 0.939192 0.894045 0.916139 0.766467 0.898291 0.775886 0.872087 0.778175 0.87344 0.83467 0.968011 0.834218 0.965408 0.859643 0.956303 0.817436 0.988118 0.81834 0.985603 0.844555 0.99043 0.322622 0.696943 0.3542 0.752482 0.01243329 0.752482 0.365167 0.815638 0.3542 0.878794 0.01243329 0.878794 0.322622 0.934332 0.274242 0.975554 0.09239137 0.975554 0.214895 0.997488 0.151739 0.997488 0.09239137 0.975554 0.09239137 0.975554 0.04401099 0.934332 0.322622 0.934332 0.01243329 0.878794 0.001466393 0.815638 0.365167 0.815638 0.01243329 0.752482 0.04401111 0.696944 0.322622 0.696943 0.09239149 0.655721 0.151739 0.633788 0.214895 0.633788 0.214895 0.633788 0.274242 0.655721 0.09239149 0.655721 0.3542 0.752482 0.365167 0.815638 0.01243329 0.752482 0.274242 0.975554 0.214895 0.997488 0.09239137 0.975554 0.04401099 0.934332 0.01243329 0.878794 0.322622 0.934332 0.04401111 0.696944 0.09239149 0.655721 0.322622 0.696943 0.274242 0.655721 0.322622 0.696943 0.09239149 0.655721 0.322622 0.934332 0.01243329 0.878794 0.3542 0.878794 0.834643 0.821092 0.863968 0.821092 0.863968 0.848008 0.863968 0.875014 0.834643 0.875014 0.834643 0.848008 0.863968 0.955715 0.834643 0.955715 0.834643 0.928937 0.834643 0.848008 0.863968 0.848008 0.863968 0.875014 0.863968 0.848008 0.834643 0.848008 0.834643 0.821092 0.863968 0.928937 0.834643 0.928937 0.834643 0.902021 0.834643 0.875014 0.863968 0.875014 0.863968 0.902021 0.863968 0.794314 0.863968 0.821092 0.834643 0.821092 0.863968 0.902021 0.834643 0.902021 0.834643 0.875014 0.834643 0.928937 0.834643 0.902021 0.863968 0.902021 0.863968 0.794314 0.834643 0.794314 0.834643 0.767657 0.834643 0.928937 0.863968 0.928937 0.863968 0.955715 0.863818 0.805553 0.893143 0.805553 0.893143 0.832161 0.834643 0.982371 0.834643 0.955715 0.863968 0.955715 0.834643 0.794314 0.834643 0.767657 0.863968 0.767657 0.864245 0.831743 0.864245 0.802418 0.890853 0.802418 0.834643 0.821092 0.834643 0.794314 0.863968 0.794314 0.206898 0.58509 0.155764 0.003882229 0.2069 0.003882408 0.155763 0.58509 0.104799 0.00388211 0.155764 0.003882229 0.104798 0.58509 0.05409449 0.00388211 0.104799 0.00388211 0.05409449 0.00388211 0.003621876 0.58509 0.003621876 0.00388211 0.461328 0.585088 0.410947 0.00388062 0.461328 0.00388062 0.410947 0.585088 0.360474 0.003880739 0.410947 0.00388062 0.360474 0.585088 0.30977 0.003880739 0.360474 0.003880739 0.309771 0.585088 0.258805 0.003880858 0.30977 0.003880739 0.258805 0.003880858 0.207671 0.585088 0.207669 0.003880918 0.207671 0.585088 0.156533 0.003881037 0.207669 0.003880918 0.156536 0.585088 0.105568 0.003881335 0.156533 0.003881037 0.105571 0.585089 0.05486375 0.003881514 0.105568 0.003881335 0.05409127 0.58509 0.003621876 0.00388211 0.05409449 0.003882408 0.003618597 0.585089 0.410177 0.003883183 0.003621876 0.00388211 0.410175 0.585091 0.359705 0.003883004 0.410177 0.003883183 0.359702 0.58509 0.309001 0.003882706 0.359705 0.003883004 0.968077 0.01109671 0.979321 0.0574603 0.956167 0.04432278 0.308998 0.58509 0.258035 0.003882527 0.309001 0.003882706 0.258033 0.58509 0.2069 0.003882408 0.258035 0.003882527 0.534452 0.199377 0.55607 0.161355 0.768422 0.199376 0.986611 0.461943 0.96694 0.417457 0.986611 0.417457 0.801001 0.0714091 0.823309 0.113779 0.78411 0.09153687 0.954525 0.08884716 0.947199 0.135806 0.93073 0.115003 0.765013 0.04801189 0.752836 0.09392547 0.738714 0.05152595 0.902627 0.08908826 0.867712 0.121503 0.867453 0.09522819 0.798401 0.109708 0.818997 0.152936 0.780718 0.129145 0.967754 0.05612379 0.995119 0.01726549 0.993778 0.06173121 0.863847 0.136165 0.818997 0.152936 0.828827 0.128619 0.956167 0.04432278 0.950724 0.09153687 0.933437 0.07140898 0.777737 0.0443229 0.78411 0.09153687 0.754842 0.05746042 0.93073 0.115003 0.90758 0.15648 0.899238 0.131436 0.766079 0.01266771 0.738714 0.05152595 0.740055 0.007060348 0.867453 0.09522819 0.823309 0.113779 0.832159 0.08908826 0.954525 0.08884716 0.993778 0.06173121 0.977136 0.1029 0.776239 0.08171367 0.780718 0.129145 0.752836 0.09392547 0.933437 0.07140898 0.911963 0.113779 0.902627 0.08908826 0.765174 0.01109689 0.754842 0.05746042 0.739037 0.01565957 0.899238 0.131436 0.863055 0.162429 0.863847 0.136165 0.708309 0.169524 0.695211 0.122837 0.708324 0.125119 0.940877 0.100807 0.960547 0.0563215 0.960547 0.100807 0.986611 0.417457 0.96694 0.373052 0.986611 0.373052 0.940877 0.145497 0.960547 0.100807 0.960547 0.145497 0.986611 0.373052 0.96694 0.328566 0.986611 0.328566 0.940877 0.190417 0.960547 0.145497 0.960547 0.190417 0.98661 0.148817 0.96694 0.1938869 0.96694 0.148817 0.986611 0.328566 0.96694 0.283877 0.986611 0.283877 0.940877 0.235486 0.960547 0.190417 0.960547 0.235486 0.98661 0.148817 0.96694 0.103897 0.98661 0.103897 0.986611 0.283877 0.96694 0.238957 0.986611 0.238957 0.940877 0.280556 0.960547 0.235486 0.960547 0.280556 0.98661 0.103897 0.96694 0.05920773 0.98661 0.05920773 0.986611 0.238957 0.96694 0.1938869 0.986611 0.1938869 0.940877 0.325476 0.960547 0.280556 0.960547 0.325476 0.98661 0.01472193 0.96694 0.05920773 0.966939 0.01472198 0.940877 0.325476 0.960547 0.370165 0.940877 0.370165 0.940877 0.01191622 0.960547 0.0563215 0.940877 0.0563215 0.345607 0.709637 0.296558 0.853888 0.296558 0.709637 0.927102 0.105718 0.893008 0.140304 0.88834 0.127959 0.708324 0.125119 0.712231 0.07683616 0.72376 0.08339697 0.88834 0.127959 0.844219 0.1488209 0.84409 0.135684 0.880623 0.02723217 0.836225 0.00639224 0.885181 0.01491069 0.72376 0.08339697 0.7442 0.0393421 0.752756 0.04939067 0.84409 0.135684 0.795262 0.140304 0.799687 0.127959 0.919664 0.04944819 0.885181 0.01491069 0.928227 0.0394054 0.752756 0.04939067 0.787262 0.01487708 0.791812 0.02720159 0.760488 0.105717 0.795262 0.140304 0.752043 0.115781 0.948636 0.08347457 0.928227 0.0394054 0.96017 0.0769217 0.791812 0.02720159 0.836225 0.00639224 0.83622 0.01950591 0.73122 0.07164096 0.752043 0.115781 0.719773 0.07820945 0.964043 0.125207 0.96017 0.0769217 0.977158 0.122934 0.715415 0.02984005 0.719773 0.07820945 0.702346 0.03212118 0.970682 0.02983999 0.967275 0.07820957 0.955699 0.07164096 0.708309 0.169524 0.712182 0.217809 0.695195 0.171797 0.955699 0.07164096 0.935745 0.115781 0.927102 0.105718 0.04906404 0.999982 0.09802365 0.85573 0.09802365 0.999982 0.296558 0.709637 0.247285 0.853888 0.247285 0.709637 0.09802365 0.999982 0.147072 0.85573 0.147072 0.999982 0.247285 0.709637 0.197758 0.853888 0.197758 0.709637 0.295564 0.999982 0.345257 0.85573 0.345257 0.999982 0.196345 0.999982 0.147072 0.85573 0.196345 0.85573 0.197758 0.709637 0.148066 0.853888 0.148066 0.709637 0.394784 0.999982 0.345257 0.85573 0.394784 0.85573 0.245872 0.999982 0.196345 0.85573 0.245872 0.85573 0.148066 0.709637 0.09837377 0.853888 0.09837377 0.709637 0.394784 0.999982 0.444057 0.85573 0.444057 0.999982 0.245872 0.999982 0.295564 0.85573 0.295564 0.999982 0.09837377 0.709637 0.0488469 0.853888 0.0488469 0.709636 0.444057 0.999982 0.493105 0.85573 0.493105 0.999982 0.0488469 0.709636 -4.26142e-4 0.853888 -4.26082e-4 0.709636 0.394566 0.709637 0.345607 0.853888 0.345607 0.709637 1.57307e-5 0.999982 0.04906398 0.85573 0.04906404 0.999982 0.785163 0.382731 0.992125 0.467566 0.785163 0.467566 0.785163 0.382803 0.992125 0.467637 0.785163 0.467637 0.992125 0.467637 0.785163 0.382803 0.992125 0.382803 0.992125 0.467566 0.785163 0.382732 0.992125 0.382732 0.785163 0.382803 0.992125 0.467637 0.785163 0.467637 0.785163 0.382731 0.992125 0.467566 0.785163 0.467566 0.485899 0.631841 0.839205 0.485497 0.632243 0.985147 0.785192 0.382731 0.992125 0.467637 0.785163 0.467566 0.785163 0.382803 0.992095 0.467709 0.785133 0.467637 0.750868 0.410528 0.523847 0.183507 0.617882 0.08947175 0.206898 0.58509 0.155763 0.58509 0.155764 0.003882229 0.155763 0.58509 0.104798 0.58509 0.104799 0.00388211 0.104798 0.58509 0.05409449 0.58509 0.05409449 0.00388211 0.05409449 0.00388211 0.05409449 0.58509 0.003621876 0.58509 0.461328 0.585088 0.410947 0.585088 0.410947 0.00388062 0.410947 0.585088 0.360474 0.585088 0.360474 0.003880739 0.360474 0.585088 0.309771 0.585088 0.30977 0.003880739 0.309771 0.585088 0.258806 0.585088 0.258805 0.003880858 0.258805 0.003880858 0.258806 0.585088 0.207671 0.585088 0.207671 0.585088 0.156536 0.585088 0.156533 0.003881037 0.156536 0.585088 0.105571 0.585089 0.105568 0.003881335 0.105571 0.585089 0.05486702 0.585089 0.05486375 0.003881514 0.05409127 0.58509 0.003618597 0.585089 0.003621876 0.00388211 0.003618597 0.585089 0.410175 0.585091 0.410177 0.003883183 0.410175 0.585091 0.359702 0.58509 0.359705 0.003883004 0.359702 0.58509 0.308998 0.58509 0.309001 0.003882706 0.968077 0.01109671 0.994304 0.01565939 0.979321 0.0574603 0.308998 0.58509 0.258033 0.58509 0.258035 0.003882527 0.258033 0.58509 0.206898 0.58509 0.2069 0.003882408 0.768422 0.199376 0.77593 0.242612 0.526944 0.242612 0.768422 0.285849 0.746804 0.32387 0.55607 0.32387 0.713684 0.35209 0.673055 0.367106 0.629819 0.367106 0.629819 0.367106 0.58919 0.35209 0.713684 0.35209 0.55607 0.32387 0.534452 0.285849 0.768422 0.285849 0.526944 0.242612 0.534452 0.199377 0.768422 0.199376 0.55607 0.161355 0.58919 0.133135 0.713684 0.133135 0.629819 0.118119 0.673055 0.118119 0.713684 0.133135 0.713684 0.133135 0.746804 0.161355 0.55607 0.161355 0.77593 0.242612 0.768422 0.285849 0.526944 0.242612 0.713684 0.35209 0.58919 0.35209 0.55607 0.32387 0.534452 0.285849 0.526944 0.242612 0.768422 0.285849 0.58919 0.133135 0.629819 0.118119 0.713684 0.133135 0.746804 0.161355 0.768422 0.199376 0.55607 0.161355 0.713684 0.35209 0.55607 0.32387 0.746804 0.32387 0.986611 0.461943 0.96694 0.461943 0.96694 0.417457 0.801001 0.0714091 0.832159 0.08908826 0.823309 0.113779 0.954525 0.08884716 0.977136 0.1029 0.947199 0.135806 0.765013 0.04801189 0.776239 0.08171367 0.752836 0.09392547 0.902627 0.08908826 0.911963 0.113779 0.867712 0.121503 0.798401 0.109708 0.828827 0.128619 0.818997 0.152936 0.967754 0.05612379 0.96882 0.0207796 0.995119 0.01726549 0.863847 0.136165 0.863055 0.162429 0.818997 0.152936 0.956167 0.04432278 0.979321 0.0574603 0.950724 0.09153687 0.777737 0.0443229 0.801001 0.0714091 0.78411 0.09153687 0.93073 0.115003 0.947199 0.135806 0.90758 0.15648 0.766079 0.01266771 0.765013 0.04801189 0.738714 0.05152595 0.867453 0.09522819 0.867712 0.121503 0.823309 0.113779 0.954525 0.08884716 0.967754 0.05612379 0.993778 0.06173121 0.776239 0.08171367 0.798401 0.109708 0.780718 0.129145 0.933437 0.07140898 0.950724 0.09153687 0.911963 0.113779 0.765174 0.01109689 0.777737 0.0443229 0.754842 0.05746042 0.899238 0.131436 0.90758 0.15648 0.863055 0.162429 0.708309 0.169524 0.695195 0.171797 0.695211 0.122837 0.940877 0.100807 0.940877 0.0563215 0.960547 0.0563215 0.986611 0.417457 0.96694 0.417457 0.96694 0.373052 0.940877 0.145497 0.940877 0.100807 0.960547 0.100807 0.986611 0.373052 0.96694 0.373052 0.96694 0.328566 0.940877 0.190417 0.940877 0.145497 0.960547 0.145497 0.98661 0.148817 0.986611 0.1938869 0.96694 0.1938869 0.986611 0.328566 0.96694 0.328566 0.96694 0.283877 0.940877 0.235486 0.940877 0.190417 0.960547 0.190417 0.98661 0.148817 0.96694 0.148817 0.96694 0.103897 0.986611 0.283877 0.96694 0.283877 0.96694 0.238957 0.940877 0.280556 0.940877 0.235486 0.960547 0.235486 0.98661 0.103897 0.96694 0.103897 0.96694 0.05920773 0.986611 0.238957 0.96694 0.238957 0.96694 0.1938869 0.940877 0.325476 0.940877 0.280556 0.960547 0.280556 0.98661 0.01472193 0.98661 0.05920773 0.96694 0.05920773 0.940877 0.325476 0.960547 0.325476 0.960547 0.370165 0.940877 0.01191622 0.960547 0.01191622 0.960547 0.0563215 0.345607 0.709637 0.345607 0.853888 0.296558 0.853888 0.927102 0.105718 0.935745 0.115781 0.893008 0.140304 0.708324 0.125119 0.695211 0.122837 0.712231 0.07683616 0.88834 0.127959 0.893008 0.140304 0.844219 0.1488209 0.880623 0.02723217 0.83622 0.01950591 0.836225 0.00639224 0.72376 0.08339697 0.712231 0.07683616 0.7442 0.0393421 0.84409 0.135684 0.844219 0.1488209 0.795262 0.140304 0.919664 0.04944819 0.880623 0.02723217 0.885181 0.01491069 0.752756 0.04939067 0.7442 0.0393421 0.787262 0.01487708 0.760488 0.105717 0.799687 0.127959 0.795262 0.140304 0.948636 0.08347457 0.919664 0.04944819 0.928227 0.0394054 0.791812 0.02720159 0.787262 0.01487708 0.836225 0.00639224 0.73122 0.07164096 0.760488 0.105717 0.752043 0.115781 0.964043 0.125207 0.948636 0.08347457 0.96017 0.0769217 0.715415 0.02984005 0.73122 0.07164096 0.719773 0.07820945 0.970682 0.02983999 0.983795 0.03212118 0.967275 0.07820957 0.708309 0.169524 0.723716 0.211256 0.712182 0.217809 0.955699 0.07164096 0.967275 0.07820957 0.935745 0.115781 0.04906404 0.999982 0.04906398 0.85573 0.09802365 0.85573 0.296558 0.709637 0.296558 0.853888 0.247285 0.853888 0.09802365 0.999982 0.09802365 0.85573 0.147072 0.85573 0.247285 0.709637 0.247285 0.853888 0.197758 0.853888 0.295564 0.999982 0.295564 0.85573 0.345257 0.85573 0.196345 0.999982 0.147072 0.999982 0.147072 0.85573 0.197758 0.709637 0.197758 0.853888 0.148066 0.853888 0.394784 0.999982 0.345257 0.999982 0.345257 0.85573 0.245872 0.999982 0.196345 0.999982 0.196345 0.85573 0.148066 0.709637 0.148066 0.853888 0.09837377 0.853888 0.394784 0.999982 0.394784 0.85573 0.444057 0.85573 0.245872 0.999982 0.245872 0.85573 0.295564 0.85573 0.09837377 0.709637 0.09837377 0.853888 0.0488469 0.853888 0.444057 0.999982 0.444057 0.85573 0.493105 0.85573 0.0488469 0.709636 0.0488469 0.853888 -4.26142e-4 0.853888 0.394566 0.709637 0.394566 0.853888 0.345607 0.853888 1.57307e-5 0.999982 1.56115e-5 0.85573 0.04906398 0.85573 0.785163 0.382731 0.992125 0.382731 0.992125 0.467566 0.785163 0.382803 0.992125 0.382803 0.992125 0.467637 0.992125 0.467637 0.785163 0.467637 0.785163 0.382803 0.992125 0.467566 0.785163 0.467566 0.785163 0.382732 0.785163 0.382803 0.992125 0.382803 0.992125 0.467637 0.785163 0.382731 0.992125 0.382731 0.992125 0.467566 0.985549 0.838803 0.839205 0.985147 0.632243 0.985147 0.632243 0.985147 0.485899 0.838803 0.485899 0.631841 0.485899 0.631841 0.632243 0.485497 0.839205 0.485497 0.839205 0.485497 0.985549 0.631841 0.985549 0.838803 0.985549 0.838803 0.632243 0.985147 0.839205 0.485497 0.785192 0.382731 0.992154 0.382803 0.992125 0.467637 0.785163 0.382803 0.992125 0.382875 0.992095 0.467709 0.617882 0.08947175 0.750868 0.08947175 0.844903 0.183507 0.844903 0.183507 0.844903 0.316493 0.750868 0.410528 0.750868 0.410528 0.617882 0.410528 0.523847 0.316493 0.523847 0.316493 0.523847 0.183507 0.750868 0.410528 0.617882 0.08947175 0.844903 0.183507 0.750868 0.410528 0.206898 0.58509 0.155764 0.003882229 0.2069 0.003882408 0.155763 0.58509 0.104799 0.00388211 0.155764 0.003882229 0.104798 0.58509 0.05409449 0.00388211 0.104799 0.00388211 0.05409449 0.00388211 0.003621876 0.58509 0.003621876 0.00388211 0.461328 0.585088 0.410947 0.00388062 0.461328 0.00388062 0.410947 0.585088 0.360474 0.003880739 0.410947 0.00388062 0.360474 0.585088 0.30977 0.003880739 0.360474 0.003880739 0.309771 0.585088 0.258805 0.003880858 0.30977 0.003880739 0.258805 0.003880858 0.207671 0.585088 0.207669 0.003880918 0.207671 0.585088 0.156533 0.003881037 0.207669 0.003880918 0.156536 0.585088 0.105568 0.003881335 0.156533 0.003881037 0.105571 0.585089 0.05486375 0.003881514 0.105568 0.003881335 0.05409127 0.58509 0.003621876 0.00388211 0.05409449 0.003882408 0.003618597 0.585089 0.410177 0.003883183 0.003621876 0.00388211 0.410175 0.585091 0.359705 0.003883004 0.410177 0.003883183 0.359702 0.58509 0.309001 0.003882706 0.359705 0.003883004 0.968077 0.01109671 0.979321 0.0574603 0.956167 0.04432278 0.308998 0.58509 0.258035 0.003882527 0.309001 0.003882706 0.258033 0.58509 0.2069 0.003882408 0.258035 0.003882527 0.534452 0.199377 0.55607 0.161355 0.768422 0.199376 0.986611 0.461943 0.96694 0.417457 0.986611 0.417457 0.801001 0.0714091 0.823309 0.113779 0.78411 0.09153687 0.954525 0.08884716 0.947199 0.135806 0.93073 0.115003 0.765013 0.04801189 0.752836 0.09392547 0.738714 0.05152595 0.902627 0.08908826 0.867712 0.121503 0.867453 0.09522819 0.798401 0.109708 0.818997 0.152936 0.780718 0.129145 0.967754 0.05612379 0.995119 0.01726549 0.993778 0.06173121 0.863847 0.136165 0.818997 0.152936 0.828827 0.128619 0.956167 0.04432278 0.950724 0.09153687 0.933437 0.07140898 0.777737 0.0443229 0.78411 0.09153687 0.754842 0.05746042 0.93073 0.115003 0.90758 0.15648 0.899238 0.131436 0.766079 0.01266771 0.738714 0.05152595 0.740055 0.007060348 0.867453 0.09522819 0.823309 0.113779 0.832159 0.08908826 0.954525 0.08884716 0.993778 0.06173121 0.977136 0.1029 0.776239 0.08171367 0.780718 0.129145 0.752836 0.09392547 0.933437 0.07140898 0.911963 0.113779 0.902627 0.08908826 0.765174 0.01109689 0.754842 0.05746042 0.739037 0.01565957 0.899238 0.131436 0.863055 0.162429 0.863847 0.136165 0.708309 0.169524 0.695211 0.122837 0.708324 0.125119 0.940877 0.100807 0.960547 0.0563215 0.960547 0.100807 0.986611 0.417457 0.96694 0.373052 0.986611 0.373052 0.940877 0.145497 0.960547 0.100807 0.960547 0.145497 0.986611 0.373052 0.96694 0.328566 0.986611 0.328566 0.940877 0.190417 0.960547 0.145497 0.960547 0.190417 0.98661 0.148817 0.96694 0.1938869 0.96694 0.148817 0.986611 0.328566 0.96694 0.283877 0.986611 0.283877 0.940877 0.235486 0.960547 0.190417 0.960547 0.235486 0.98661 0.148817 0.96694 0.103897 0.98661 0.103897 0.986611 0.283877 0.96694 0.238957 0.986611 0.238957 0.940877 0.280556 0.960547 0.235486 0.960547 0.280556 0.98661 0.103897 0.96694 0.05920773 0.98661 0.05920773 0.986611 0.238957 0.96694 0.1938869 0.986611 0.1938869 0.940877 0.325476 0.960547 0.280556 0.960547 0.325476 0.98661 0.01472193 0.96694 0.05920773 0.966939 0.01472198 0.940877 0.325476 0.960547 0.370165 0.940877 0.370165 0.940877 0.01191622 0.960547 0.0563215 0.940877 0.0563215 0.345607 0.709637 0.296558 0.853888 0.296558 0.709637 0.927102 0.105718 0.893008 0.140304 0.88834 0.127959 0.708324 0.125119 0.712231 0.07683616 0.72376 0.08339697 0.88834 0.127959 0.844219 0.1488209 0.84409 0.135684 0.880623 0.02723217 0.836225 0.00639224 0.885181 0.01491069 0.72376 0.08339697 0.7442 0.0393421 0.752756 0.04939067 0.84409 0.135684 0.795262 0.140304 0.799687 0.127959 0.919664 0.04944819 0.885181 0.01491069 0.928227 0.0394054 0.752756 0.04939067 0.787262 0.01487708 0.791812 0.02720159 0.760488 0.105717 0.795262 0.140304 0.752043 0.115781 0.948636 0.08347457 0.928227 0.0394054 0.96017 0.0769217 0.791812 0.02720159 0.836225 0.00639224 0.83622 0.01950591 0.73122 0.07164096 0.752043 0.115781 0.719773 0.07820945 0.964043 0.125207 0.96017 0.0769217 0.977158 0.122934 0.715415 0.02984005 0.719773 0.07820945 0.702346 0.03212118 0.970682 0.02983999 0.967275 0.07820957 0.955699 0.07164096 0.708309 0.169524 0.712182 0.217809 0.695195 0.171797 0.955699 0.07164096 0.935745 0.115781 0.927102 0.105718 0.04906404 0.999982 0.09802365 0.85573 0.09802365 0.999982 0.296558 0.709637 0.247285 0.853888 0.247285 0.709637 0.09802365 0.999982 0.147072 0.85573 0.147072 0.999982 0.247285 0.709637 0.197758 0.853888 0.197758 0.709637 0.295564 0.999982 0.345257 0.85573 0.345257 0.999982 0.196345 0.999982 0.147072 0.85573 0.196345 0.85573 0.197758 0.709637 0.148066 0.853888 0.148066 0.709637 0.394784 0.999982 0.345257 0.85573 0.394784 0.85573 0.245872 0.999982 0.196345 0.85573 0.245872 0.85573 0.148066 0.709637 0.09837377 0.853888 0.09837377 0.709637 0.394784 0.999982 0.444057 0.85573 0.444057 0.999982 0.245872 0.999982 0.295564 0.85573 0.295564 0.999982 0.09837377 0.709637 0.0488469 0.853888 0.0488469 0.709636 0.444057 0.999982 0.493105 0.85573 0.493105 0.999982 0.0488469 0.709636 -4.26142e-4 0.853888 -4.26082e-4 0.709636 0.394566 0.709637 0.345607 0.853888 0.345607 0.709637 1.57307e-5 0.999982 0.04906398 0.85573 0.04906404 0.999982 0.785163 0.382731 0.992125 0.467566 0.785163 0.467566 0.785163 0.382803 0.992125 0.467637 0.785163 0.467637 0.992125 0.467637 0.785163 0.382803 0.992125 0.382803 0.992125 0.467566 0.785163 0.382732 0.992125 0.382732 0.785163 0.382803 0.992125 0.467637 0.785163 0.467637 0.785163 0.382731 0.992125 0.467566 0.785163 0.467566 0.485899 0.631841 0.839205 0.485497 0.632243 0.985147 0.785192 0.382731 0.992125 0.467637 0.785163 0.467566 0.785163 0.382803 0.992095 0.467709 0.785133 0.467637 0.750868 0.410528 0.523847 0.183507 0.617882 0.08947175 0.206898 0.58509 0.155763 0.58509 0.155764 0.003882229 0.155763 0.58509 0.104798 0.58509 0.104799 0.00388211 0.104798 0.58509 0.05409449 0.58509 0.05409449 0.00388211 0.05409449 0.00388211 0.05409449 0.58509 0.003621876 0.58509 0.461328 0.585088 0.410947 0.585088 0.410947 0.00388062 0.410947 0.585088 0.360474 0.585088 0.360474 0.003880739 0.360474 0.585088 0.309771 0.585088 0.30977 0.003880739 0.309771 0.585088 0.258806 0.585088 0.258805 0.003880858 0.258805 0.003880858 0.258806 0.585088 0.207671 0.585088 0.207671 0.585088 0.156536 0.585088 0.156533 0.003881037 0.156536 0.585088 0.105571 0.585089 0.105568 0.003881335 0.105571 0.585089 0.05486702 0.585089 0.05486375 0.003881514 0.05409127 0.58509 0.003618597 0.585089 0.003621876 0.00388211 0.003618597 0.585089 0.410175 0.585091 0.410177 0.003883183 0.410175 0.585091 0.359702 0.58509 0.359705 0.003883004 0.359702 0.58509 0.308998 0.58509 0.309001 0.003882706 0.968077 0.01109671 0.994304 0.01565939 0.979321 0.0574603 0.308998 0.58509 0.258033 0.58509 0.258035 0.003882527 0.258033 0.58509 0.206898 0.58509 0.2069 0.003882408 0.768422 0.199376 0.77593 0.242612 0.526944 0.242612 0.768422 0.285849 0.746804 0.32387 0.55607 0.32387 0.713684 0.35209 0.673055 0.367106 0.629819 0.367106 0.629819 0.367106 0.58919 0.35209 0.713684 0.35209 0.55607 0.32387 0.534452 0.285849 0.768422 0.285849 0.526944 0.242612 0.534452 0.199377 0.768422 0.199376 0.55607 0.161355 0.58919 0.133135 0.713684 0.133135 0.629819 0.118119 0.673055 0.118119 0.713684 0.133135 0.713684 0.133135 0.746804 0.161355 0.55607 0.161355 0.77593 0.242612 0.768422 0.285849 0.526944 0.242612 0.713684 0.35209 0.58919 0.35209 0.55607 0.32387 0.534452 0.285849 0.526944 0.242612 0.768422 0.285849 0.58919 0.133135 0.629819 0.118119 0.713684 0.133135 0.746804 0.161355 0.768422 0.199376 0.55607 0.161355 0.713684 0.35209 0.55607 0.32387 0.746804 0.32387 0.986611 0.461943 0.96694 0.461943 0.96694 0.417457 0.801001 0.0714091 0.832159 0.08908826 0.823309 0.113779 0.954525 0.08884716 0.977136 0.1029 0.947199 0.135806 0.765013 0.04801189 0.776239 0.08171367 0.752836 0.09392547 0.902627 0.08908826 0.911963 0.113779 0.867712 0.121503 0.798401 0.109708 0.828827 0.128619 0.818997 0.152936 0.967754 0.05612379 0.96882 0.0207796 0.995119 0.01726549 0.863847 0.136165 0.863055 0.162429 0.818997 0.152936 0.956167 0.04432278 0.979321 0.0574603 0.950724 0.09153687 0.777737 0.0443229 0.801001 0.0714091 0.78411 0.09153687 0.93073 0.115003 0.947199 0.135806 0.90758 0.15648 0.766079 0.01266771 0.765013 0.04801189 0.738714 0.05152595 0.867453 0.09522819 0.867712 0.121503 0.823309 0.113779 0.954525 0.08884716 0.967754 0.05612379 0.993778 0.06173121 0.776239 0.08171367 0.798401 0.109708 0.780718 0.129145 0.933437 0.07140898 0.950724 0.09153687 0.911963 0.113779 0.765174 0.01109689 0.777737 0.0443229 0.754842 0.05746042 0.899238 0.131436 0.90758 0.15648 0.863055 0.162429 0.708309 0.169524 0.695195 0.171797 0.695211 0.122837 0.940877 0.100807 0.940877 0.0563215 0.960547 0.0563215 0.986611 0.417457 0.96694 0.417457 0.96694 0.373052 0.940877 0.145497 0.940877 0.100807 0.960547 0.100807 0.986611 0.373052 0.96694 0.373052 0.96694 0.328566 0.940877 0.190417 0.940877 0.145497 0.960547 0.145497 0.98661 0.148817 0.986611 0.1938869 0.96694 0.1938869 0.986611 0.328566 0.96694 0.328566 0.96694 0.283877 0.940877 0.235486 0.940877 0.190417 0.960547 0.190417 0.98661 0.148817 0.96694 0.148817 0.96694 0.103897 0.986611 0.283877 0.96694 0.283877 0.96694 0.238957 0.940877 0.280556 0.940877 0.235486 0.960547 0.235486 0.98661 0.103897 0.96694 0.103897 0.96694 0.05920773 0.986611 0.238957 0.96694 0.238957 0.96694 0.1938869 0.940877 0.325476 0.940877 0.280556 0.960547 0.280556 0.98661 0.01472193 0.98661 0.05920773 0.96694 0.05920773 0.940877 0.325476 0.960547 0.325476 0.960547 0.370165 0.940877 0.01191622 0.960547 0.01191622 0.960547 0.0563215 0.345607 0.709637 0.345607 0.853888 0.296558 0.853888 0.927102 0.105718 0.935745 0.115781 0.893008 0.140304 0.708324 0.125119 0.695211 0.122837 0.712231 0.07683616 0.88834 0.127959 0.893008 0.140304 0.844219 0.1488209 0.880623 0.02723217 0.83622 0.01950591 0.836225 0.00639224 0.72376 0.08339697 0.712231 0.07683616 0.7442 0.0393421 0.84409 0.135684 0.844219 0.1488209 0.795262 0.140304 0.919664 0.04944819 0.880623 0.02723217 0.885181 0.01491069 0.752756 0.04939067 0.7442 0.0393421 0.787262 0.01487708 0.760488 0.105717 0.799687 0.127959 0.795262 0.140304 0.948636 0.08347457 0.919664 0.04944819 0.928227 0.0394054 0.791812 0.02720159 0.787262 0.01487708 0.836225 0.00639224 0.73122 0.07164096 0.760488 0.105717 0.752043 0.115781 0.964043 0.125207 0.948636 0.08347457 0.96017 0.0769217 0.715415 0.02984005 0.73122 0.07164096 0.719773 0.07820945 0.970682 0.02983999 0.983795 0.03212118 0.967275 0.07820957 0.708309 0.169524 0.723716 0.211256 0.712182 0.217809 0.955699 0.07164096 0.967275 0.07820957 0.935745 0.115781 0.04906404 0.999982 0.04906398 0.85573 0.09802365 0.85573 0.296558 0.709637 0.296558 0.853888 0.247285 0.853888 0.09802365 0.999982 0.09802365 0.85573 0.147072 0.85573 0.247285 0.709637 0.247285 0.853888 0.197758 0.853888 0.295564 0.999982 0.295564 0.85573 0.345257 0.85573 0.196345 0.999982 0.147072 0.999982 0.147072 0.85573 0.197758 0.709637 0.197758 0.853888 0.148066 0.853888 0.394784 0.999982 0.345257 0.999982 0.345257 0.85573 0.245872 0.999982 0.196345 0.999982 0.196345 0.85573 0.148066 0.709637 0.148066 0.853888 0.09837377 0.853888 0.394784 0.999982 0.394784 0.85573 0.444057 0.85573 0.245872 0.999982 0.245872 0.85573 0.295564 0.85573 0.09837377 0.709637 0.09837377 0.853888 0.0488469 0.853888 0.444057 0.999982 0.444057 0.85573 0.493105 0.85573 0.0488469 0.709636 0.0488469 0.853888 -4.26142e-4 0.853888 0.394566 0.709637 0.394566 0.853888 0.345607 0.853888 1.57307e-5 0.999982 1.56115e-5 0.85573 0.04906398 0.85573 0.785163 0.382731 0.992125 0.382731 0.992125 0.467566 0.785163 0.382803 0.992125 0.382803 0.992125 0.467637 0.992125 0.467637 0.785163 0.467637 0.785163 0.382803 0.992125 0.467566 0.785163 0.467566 0.785163 0.382732 0.785163 0.382803 0.992125 0.382803 0.992125 0.467637 0.785163 0.382731 0.992125 0.382731 0.992125 0.467566 0.985549 0.838803 0.839205 0.985147 0.632243 0.985147 0.632243 0.985147 0.485899 0.838803 0.485899 0.631841 0.485899 0.631841 0.632243 0.485497 0.839205 0.485497 0.839205 0.485497 0.985549 0.631841 0.985549 0.838803 0.985549 0.838803 0.632243 0.985147 0.839205 0.485497 0.785192 0.382731 0.992154 0.382803 0.992125 0.467637 0.785163 0.382803 0.992125 0.382875 0.992095 0.467709 0.617882 0.08947175 0.750868 0.08947175 0.844903 0.183507 0.844903 0.183507 0.844903 0.316493 0.750868 0.410528 0.750868 0.410528 0.617882 0.410528 0.523847 0.316493 0.523847 0.316493 0.523847 0.183507 0.750868 0.410528 0.617882 0.08947175 0.844903 0.183507 0.750868 0.410528</float_array>
          <technique_common>
            <accessor source="#shape0_003-mesh-map-0-array" count="3558" stride="2">
              <param name="S" type="float"/>
              <param name="T" type="float"/>
            </accessor>
          </technique_common>
        </source>
        <vertices id="shape0_003-mesh-vertices">
          <input semantic="POSITION" source="#shape0_003-mesh-positions"/>
        </vertices>
        <triangles material="material0_002-material" count="738">
          <input semantic="VERTEX" source="#shape0_003-mesh-vertices" offset="0"/>
          <input semantic="NORMAL" source="#shape0_003-mesh-normals" offset="1"/>
          <input semantic="TEXCOORD" source="#shape0_003-mesh-map-0" offset="2" set="0"/>
          <p>1 0 0 2 0 1 0 0 2 3 1 3 6 1 4 2 1 5 7 2 6 4 2 7 6 2 8 5 3 9 0 3 10 4 3 11 6 4 12 0 4 13 2 4 14 3 5 15 10 5 16 7 5 17 9 6 18 11 6 19 10 6 20 7 7 21 11 7 22 5 7 23 1 8 24 9 8 25 3 8 26 5 9 27 8 9 28 1 9 29 60 10 30 13 10 31 12 10 32 14 11 33 15 11 34 13 11 35 16 12 36 17 12 37 15 12 38 61 13 39 18 13 40 17 13 41 62 14 42 19 14 43 18 14 44 63 15 45 20 15 46 19 15 47 64 16 48 21 16 49 20 16 50 22 17 51 23 17 52 21 17 53 65 18 54 24 18 55 23 18 56 66 19 57 25 19 58 24 19 59 26 20 60 27 20 61 25 20 62 67 21 63 28 21 64 27 21 65 29 22 66 30 22 67 28 22 68 31 23 69 32 23 70 30 23 71 33 24 72 34 24 73 32 24 74 68 25 75 35 25 76 34 25 77 69 26 78 36 26 79 35 26 80 37 27 81 38 27 82 36 27 83 39 28 84 40 28 85 38 28 86 41 29 87 42 29 88 40 29 89 43 30 90 44 30 91 42 30 92 45 31 93 46 31 94 44 31 95 70 32 96 47 32 97 46 32 98 48 33 99 49 33 100 47 33 101 71 34 102 50 34 103 49 34 104 51 35 105 52 35 106 50 35 107 72 36 108 53 36 109 52 36 110 73 37 111 54 37 112 53 37 113 74 38 114 55 38 115 54 38 116 75 39 117 56 39 118 55 39 119 57 40 120 58 40 121 56 40 122 59 41 123 12 41 124 58 41 125 59 6 126 100 6 127 60 6 128 104 42 129 137 42 130 105 42 131 69 43 132 82 43 133 37 43 134 39 44 135 82 44 136 81 44 137 61 6 138 88 6 139 62 6 140 70 6 141 85 6 142 104 6 143 14 45 144 76 45 145 16 45 146 62 46 147 90 46 148 63 46 149 64 47 150 101 47 151 22 47 152 64 6 153 90 6 154 91 6 155 48 6 156 104 6 157 105 6 158 22 6 159 93 6 160 65 6 161 39 6 162 83 6 163 41 6 164 65 48 165 92 48 166 66 48 167 71 6 168 105 6 169 106 6 170 29 6 171 78 6 172 31 6 173 68 6 174 94 6 175 69 6 176 73 49 177 97 49 178 96 49 179 51 6 180 106 6 181 107 6 182 66 50 183 102 50 184 26 50 185 43 51 186 83 51 187 84 51 188 74 52 189 96 52 190 98 52 191 72 53 192 107 53 193 97 53 194 31 54 195 80 54 196 33 54 197 26 55 198 103 55 199 67 55 200 75 56 201 98 56 202 99 56 203 14 57 204 100 57 205 77 57 206 67 6 207 79 6 208 29 6 209 45 58 210 84 58 211 85 58 212 68 59 213 80 59 214 95 59 215 61 60 216 76 60 217 89 60 218 59 61 219 87 61 220 86 61 221 57 62 222 99 62 223 87 62 224 113 6 225 134 6 226 108 6 227 97 63 228 128 63 229 96 63 230 77 64 231 108 64 232 76 64 233 105 65 234 138 65 235 106 65 236 96 66 237 130 66 238 98 66 239 79 67 240 110 67 241 78 67 242 106 68 243 139 68 244 107 68 245 98 69 246 131 69 247 99 69 248 78 70 249 112 70 250 80 70 251 107 71 252 129 71 253 97 71 254 100 72 255 109 72 256 77 72 257 82 73 258 113 73 259 81 73 260 99 74 261 119 74 262 87 74 263 76 75 264 121 75 265 89 75 266 81 76 267 115 76 268 83 76 269 86 77 270 132 77 271 100 77 272 91 78 273 133 78 274 101 78 275 83 79 276 116 79 277 84 79 278 101 80 279 125 80 280 93 80 281 84 81 282 117 81 283 85 81 284 92 82 285 134 82 286 102 82 287 87 83 288 118 83 289 86 83 290 102 84 291 135 84 292 103 84 293 89 85 294 120 85 295 88 85 296 103 86 297 111 86 298 79 86 299 88 87 300 122 87 301 90 87 302 80 88 303 127 88 304 95 88 305 90 89 306 123 89 307 91 89 308 94 90 309 114 90 310 82 90 311 93 91 312 124 91 313 92 91 314 85 92 315 136 92 316 104 92 317 95 93 318 126 93 319 94 93 320 141 94 321 142 94 322 140 94 323 143 95 324 144 95 325 142 95 326 145 96 327 146 96 328 144 96 329 146 97 330 149 97 331 148 97 332 149 98 333 150 98 334 148 98 335 151 99 336 152 99 337 150 99 338 153 100 339 154 100 340 152 100 341 154 101 342 157 101 343 156 101 344 156 102 345 159 102 346 158 102 347 158 103 348 161 103 349 160 103 350 161 104 351 162 104 352 160 104 353 162 105 354 165 105 355 164 105 356 164 106 357 167 106 358 166 106 359 167 107 360 168 107 361 166 107 362 169 108 363 170 108 364 168 108 365 171 109 366 172 109 367 170 109 368 141 110 369 193 110 370 177 110 371 172 111 372 175 111 373 174 111 374 174 112 375 141 112 376 140 112 377 191 113 378 208 113 379 209 113 380 153 114 381 181 114 382 182 114 383 161 115 384 187 115 385 163 115 386 173 116 387 191 116 388 192 116 389 147 117 390 180 117 391 149 117 392 159 118 393 184 118 394 185 118 395 167 119 396 190 119 397 169 119 398 143 120 399 178 120 400 145 120 401 155 121 402 182 121 403 183 121 404 163 122 405 188 122 406 165 122 407 175 123 408 192 123 409 193 123 410 151 124 411 180 124 412 181 124 413 159 125 414 186 125 415 161 125 416 171 126 417 190 126 418 191 126 419 145 127 420 179 127 421 147 127 422 157 128 423 183 128 424 184 128 425 141 129 426 176 129 427 143 129 428 165 130 429 189 130 430 167 130 431 203 131 432 202 131 433 195 131 434 183 132 435 202 132 436 184 132 437 176 133 438 195 133 439 194 133 440 191 134 441 210 134 442 192 134 443 185 135 444 202 135 445 203 135 446 178 136 447 194 136 448 196 136 449 193 137 450 210 137 451 211 137 452 185 138 453 204 138 454 186 138 455 178 139 456 197 139 457 179 139 458 193 140 459 195 140 460 177 140 461 187 141 462 204 141 463 205 141 464 180 142 465 197 142 466 198 142 467 187 143 468 206 143 469 188 143 470 180 144 471 199 144 472 181 144 473 189 145 474 206 145 475 207 145 476 182 146 477 199 146 478 200 146 479 189 147 480 208 147 481 190 147 482 182 148 483 201 148 484 183 148 485 213 149 486 214 149 487 212 149 488 215 150 489 216 150 490 214 150 491 217 151 492 218 151 493 216 151 494 218 152 495 221 152 496 220 152 497 221 153 498 222 153 499 220 153 500 223 154 501 224 154 502 222 154 503 225 155 504 226 155 505 224 155 506 226 156 507 229 156 508 228 156 509 228 157 510 231 157 511 230 157 512 230 158 513 233 158 514 232 158 515 233 159 516 234 159 517 232 159 518 234 160 519 237 160 520 236 160 521 236 161 522 239 161 523 238 161 524 239 162 525 240 162 526 238 162 527 241 163 528 242 163 529 240 163 530 243 164 531 244 164 532 242 164 533 213 165 534 265 165 535 249 165 536 244 166 537 247 166 538 246 166 539 246 167 540 213 167 541 212 167 542 263 168 543 280 168 544 281 168 545 225 169 546 253 169 547 254 169 548 233 170 549 259 170 550 235 170 551 245 171 552 263 171 553 264 171 554 219 172 555 252 172 556 221 172 557 231 173 558 256 173 559 257 173 560 239 174 561 262 174 562 241 174 563 215 175 564 250 175 565 217 175 566 227 176 567 254 176 568 255 176 569 235 177 570 260 177 571 237 177 572 247 178 573 264 178 574 265 178 575 223 179 576 252 179 577 253 179 578 231 180 579 258 180 580 233 180 581 243 181 582 262 181 583 263 181 584 217 182 585 251 182 586 219 182 587 229 183 588 255 183 589 256 183 590 213 184 591 248 184 592 215 184 593 237 185 594 261 185 595 239 185 596 275 186 597 274 186 598 267 186 599 255 187 600 274 187 601 256 187 602 248 188 603 267 188 604 266 188 605 263 189 606 282 189 607 264 189 608 257 190 609 274 190 610 275 190 611 250 191 612 266 191 613 268 191 614 264 192 615 283 192 616 265 192 617 257 193 618 276 193 619 258 193 620 250 194 621 269 194 622 251 194 623 265 195 624 267 195 625 249 195 626 259 196 627 276 196 628 277 196 629 252 197 630 269 197 631 270 197 632 259 198 633 278 198 634 260 198 635 253 199 636 270 199 637 271 199 638 261 200 639 278 200 640 279 200 641 254 201 642 271 201 643 272 201 644 261 202 645 280 202 646 262 202 647 254 203 648 273 203 649 255 203 650 285 204 651 286 204 652 284 204 653 287 205 654 288 205 655 286 205 656 289 206 657 290 206 658 288 206 659 290 207 660 293 207 661 292 207 662 293 208 663 294 208 664 292 208 665 295 209 666 296 209 667 294 209 668 297 210 669 298 210 670 296 210 671 298 211 672 301 211 673 300 211 674 300 212 675 303 212 676 302 212 677 302 213 678 305 213 679 304 213 680 305 214 681 306 214 682 304 214 683 307 215 684 308 215 685 306 215 686 308 216 687 311 216 688 310 216 689 311 217 690 312 217 691 310 217 692 313 218 693 314 218 694 312 218 695 315 219 696 316 219 697 314 219 698 285 220 699 337 220 700 321 220 701 316 221 702 319 221 703 318 221 704 318 222 705 285 222 706 284 222 707 335 223 708 352 223 709 353 223 710 297 224 711 325 224 712 326 224 713 305 225 714 331 225 715 307 225 716 317 226 717 335 226 718 336 226 719 291 227 720 324 227 721 293 227 722 303 228 723 328 228 724 329 228 725 311 229 726 334 229 727 313 229 728 287 230 729 322 230 730 289 230 731 299 231 732 326 231 733 327 231 734 307 232 735 332 232 736 309 232 737 319 233 738 336 233 739 337 233 740 295 234 741 324 234 742 325 234 743 303 235 744 330 235 745 305 235 746 315 236 747 334 236 748 335 236 749 289 237 750 323 237 751 291 237 752 301 238 753 327 238 754 328 238 755 285 239 756 320 239 757 287 239 758 309 240 759 333 240 760 311 240 761 347 241 762 346 241 763 339 241 764 327 242 765 346 242 766 328 242 767 320 243 768 339 243 769 338 243 770 335 244 771 354 244 772 336 244 773 329 245 774 346 245 775 347 245 776 322 246 777 338 246 778 340 246 779 336 247 780 355 247 781 337 247 782 329 248 783 348 248 784 330 248 785 322 249 786 341 249 787 323 249 788 337 250 789 339 250 790 321 250 791 331 251 792 348 251 793 349 251 794 324 252 795 341 252 796 342 252 797 331 253 798 350 253 799 332 253 800 325 254 801 342 254 802 343 254 803 333 255 804 350 255 805 351 255 806 325 256 807 344 256 808 326 256 809 333 257 810 352 257 811 334 257 812 326 258 813 345 258 814 327 258 815 1 0 816 3 0 817 2 0 818 3 1 819 7 1 820 6 1 821 7 2 822 5 2 823 4 2 824 5 3 825 1 3 826 0 3 827 6 4 828 4 4 829 0 4 830 3 259 831 9 259 832 10 259 833 9 6 834 8 6 835 11 6 836 7 260 837 10 260 838 11 260 839 1 261 840 8 261 841 9 261 842 5 262 843 11 262 844 8 262 845 60 263 846 14 263 847 13 263 848 14 264 849 16 264 850 15 264 851 16 265 852 61 265 853 17 265 854 61 266 855 62 266 856 18 266 857 62 267 858 63 267 859 19 267 860 63 268 861 64 268 862 20 268 863 64 269 864 22 269 865 21 269 866 22 270 867 65 270 868 23 270 869 65 271 870 66 271 871 24 271 872 66 272 873 26 272 874 25 272 875 26 273 876 67 273 877 27 273 878 67 274 879 29 274 880 28 274 881 29 275 882 31 275 883 30 275 884 31 276 885 33 276 886 32 276 887 33 277 888 68 277 889 34 277 890 68 278 891 69 278 892 35 278 893 69 279 894 37 279 895 36 279 896 37 280 897 39 280 898 38 280 899 39 281 900 41 281 901 40 281 902 41 282 903 43 282 904 42 282 905 43 283 906 45 283 907 44 283 908 45 284 909 70 284 910 46 284 911 70 285 912 48 285 913 47 285 914 48 286 915 71 286 916 49 286 917 71 287 918 51 287 919 50 287 920 51 288 921 72 288 922 52 288 923 72 289 924 73 289 925 53 289 926 73 290 927 74 290 928 54 290 929 74 291 930 75 291 931 55 291 932 75 292 933 57 292 934 56 292 935 57 293 936 59 293 937 58 293 938 59 294 939 60 294 940 12 294 941 59 295 942 86 295 943 100 295 944 104 296 945 136 296 946 137 296 947 69 297 948 94 297 949 82 297 950 39 6 951 37 6 952 82 6 953 61 298 954 89 298 955 88 298 956 70 299 957 45 299 958 85 299 959 14 59 960 77 59 961 76 59 962 62 6 963 88 6 964 90 6 965 64 300 966 91 300 967 101 300 968 64 55 969 63 55 970 90 55 971 48 301 972 70 301 973 104 301 974 22 6 975 101 6 976 93 6 977 39 302 978 81 302 979 83 302 980 65 6 981 93 6 982 92 6 983 71 303 984 48 303 985 105 303 986 29 304 987 79 304 988 78 304 989 68 57 990 95 57 991 94 57 992 73 6 993 72 6 994 97 6 995 51 6 996 71 6 997 106 6 998 66 6 999 92 6 1000 102 6 1001 43 6 1002 41 6 1003 83 6 1004 74 305 1005 73 305 1006 96 305 1007 72 306 1008 51 306 1009 107 306 1010 31 60 1011 78 60 1012 80 60 1013 26 6 1014 102 6 1015 103 6 1016 75 6 1017 74 6 1018 98 6 1019 14 6 1020 60 6 1021 100 6 1022 67 307 1023 103 307 1024 79 307 1025 45 6 1026 43 6 1027 84 6 1028 68 45 1029 33 45 1030 80 45 1031 61 54 1032 16 54 1033 76 54 1034 59 308 1035 57 308 1036 87 308 1037 57 309 1038 75 309 1039 99 309 1040 108 310 1041 109 310 1042 132 310 1043 132 6 1044 118 6 1045 108 6 1046 119 6 1047 131 6 1048 130 6 1049 130 311 1050 128 311 1051 129 311 1052 129 312 1053 139 312 1054 138 312 1055 138 313 1056 137 313 1057 129 313 1058 136 6 1059 117 6 1060 113 6 1061 116 6 1062 115 6 1063 113 6 1064 113 314 1065 114 314 1066 126 314 1067 126 6 1068 127 6 1069 113 6 1070 112 6 1071 110 6 1072 111 6 1073 111 315 1074 135 315 1075 134 315 1076 134 316 1077 124 316 1078 125 316 1079 125 317 1080 133 317 1081 134 317 1082 123 318 1083 122 318 1084 120 318 1085 120 6 1086 121 6 1087 123 6 1088 108 6 1089 118 6 1090 119 6 1091 119 6 1092 130 6 1093 108 6 1094 129 319 1095 137 319 1096 136 319 1097 117 320 1098 116 320 1099 113 320 1100 113 6 1101 127 6 1102 112 6 1103 112 6 1104 111 6 1105 113 6 1106 134 321 1107 133 321 1108 123 321 1109 123 322 1110 121 322 1111 108 322 1112 108 323 1113 130 323 1114 129 323 1115 129 324 1116 136 324 1117 113 324 1118 113 325 1119 111 325 1120 134 325 1121 134 326 1122 123 326 1123 108 326 1124 108 6 1125 129 6 1126 113 6 1127 97 327 1128 129 327 1129 128 327 1130 77 328 1131 109 328 1132 108 328 1133 105 329 1134 137 329 1135 138 329 1136 96 330 1137 128 330 1138 130 330 1139 79 331 1140 111 331 1141 110 331 1142 106 332 1143 138 332 1144 139 332 1145 98 333 1146 130 333 1147 131 333 1148 78 334 1149 110 334 1150 112 334 1151 107 335 1152 139 335 1153 129 335 1154 100 336 1155 132 336 1156 109 336 1157 82 337 1158 114 337 1159 113 337 1160 99 338 1161 131 338 1162 119 338 1163 76 339 1164 108 339 1165 121 339 1166 81 340 1167 113 340 1168 115 340 1169 86 341 1170 118 341 1171 132 341 1172 91 342 1173 123 342 1174 133 342 1175 83 343 1176 115 343 1177 116 343 1178 101 344 1179 133 344 1180 125 344 1181 84 345 1182 116 345 1183 117 345 1184 92 346 1185 124 346 1186 134 346 1187 87 347 1188 119 347 1189 118 347 1190 102 348 1191 134 348 1192 135 348 1193 89 349 1194 121 349 1195 120 349 1196 103 350 1197 135 350 1198 111 350 1199 88 351 1200 120 351 1201 122 351 1202 80 352 1203 112 352 1204 127 352 1205 90 353 1206 122 353 1207 123 353 1208 94 354 1209 126 354 1210 114 354 1211 93 355 1212 125 355 1213 124 355 1214 85 356 1215 117 356 1216 136 356 1217 95 357 1218 127 357 1219 126 357 1220 141 358 1221 143 358 1222 142 358 1223 143 359 1224 145 359 1225 144 359 1226 145 360 1227 147 360 1228 146 360 1229 146 361 1230 147 361 1231 149 361 1232 149 362 1233 151 362 1234 150 362 1235 151 363 1236 153 363 1237 152 363 1238 153 364 1239 155 364 1240 154 364 1241 154 365 1242 155 365 1243 157 365 1244 156 366 1245 157 366 1246 159 366 1247 158 367 1248 159 367 1249 161 367 1250 161 368 1251 163 368 1252 162 368 1253 162 369 1254 163 369 1255 165 369 1256 164 370 1257 165 370 1258 167 370 1259 167 371 1260 169 371 1261 168 371 1262 169 372 1263 171 372 1264 170 372 1265 171 373 1266 173 373 1267 172 373 1268 141 374 1269 175 374 1270 193 374 1271 172 375 1272 173 375 1273 175 375 1274 174 376 1275 175 376 1276 141 376 1277 191 377 1278 190 377 1279 208 377 1280 153 378 1281 151 378 1282 181 378 1283 161 379 1284 186 379 1285 187 379 1286 173 380 1287 171 380 1288 191 380 1289 147 381 1290 179 381 1291 180 381 1292 159 382 1293 157 382 1294 184 382 1295 167 124 1296 189 124 1297 190 124 1298 143 383 1299 176 383 1300 178 383 1301 155 384 1302 153 384 1303 182 384 1304 163 385 1305 187 385 1306 188 385 1307 175 386 1308 173 386 1309 192 386 1310 151 387 1311 149 387 1312 180 387 1313 159 388 1314 185 388 1315 186 388 1316 171 389 1317 169 389 1318 190 389 1319 145 390 1320 178 390 1321 179 390 1322 157 391 1323 155 391 1324 183 391 1325 141 392 1326 177 392 1327 176 392 1328 165 393 1329 188 393 1330 189 393 1331 196 394 1332 194 394 1333 202 394 1334 195 395 1335 211 395 1336 204 395 1337 210 396 1338 209 396 1339 206 396 1340 208 397 1341 207 397 1342 206 397 1343 206 398 1344 205 398 1345 210 398 1346 204 399 1347 203 399 1348 195 399 1349 202 400 1350 201 400 1351 196 400 1352 200 401 1353 199 401 1354 198 401 1355 198 402 1356 197 402 1357 200 402 1358 194 403 1359 195 403 1360 202 403 1361 209 404 1362 208 404 1363 206 404 1364 205 405 1365 204 405 1366 210 405 1367 201 406 1368 200 406 1369 196 406 1370 197 407 1371 196 407 1372 200 407 1373 210 408 1374 204 408 1375 211 408 1376 183 409 1377 201 409 1378 202 409 1379 176 410 1380 177 410 1381 195 410 1382 191 411 1383 209 411 1384 210 411 1385 185 412 1386 184 412 1387 202 412 1388 178 413 1389 176 413 1390 194 413 1391 193 414 1392 192 414 1393 210 414 1394 185 415 1395 203 415 1396 204 415 1397 178 416 1398 196 416 1399 197 416 1400 193 417 1401 211 417 1402 195 417 1403 187 418 1404 186 418 1405 204 418 1406 180 419 1407 179 419 1408 197 419 1409 187 420 1410 205 420 1411 206 420 1412 180 421 1413 198 421 1414 199 421 1415 189 422 1416 188 422 1417 206 422 1418 182 423 1419 181 423 1420 199 423 1421 189 424 1422 207 424 1423 208 424 1424 182 425 1425 200 425 1426 201 425 1427 213 426 1428 215 426 1429 214 426 1430 215 427 1431 217 427 1432 216 427 1433 217 428 1434 219 428 1435 218 428 1436 218 429 1437 219 429 1438 221 429 1439 221 153 1440 223 153 1441 222 153 1442 223 430 1443 225 430 1444 224 430 1445 225 431 1446 227 431 1447 226 431 1448 226 432 1449 227 432 1450 229 432 1451 228 433 1452 229 433 1453 231 433 1454 230 434 1455 231 434 1456 233 434 1457 233 435 1458 235 435 1459 234 435 1460 234 436 1461 235 436 1462 237 436 1463 236 437 1464 237 437 1465 239 437 1466 239 438 1467 241 438 1468 240 438 1469 241 439 1470 243 439 1471 242 439 1472 243 440 1473 245 440 1474 244 440 1475 213 441 1476 247 441 1477 265 441 1478 244 442 1479 245 442 1480 247 442 1481 246 443 1482 247 443 1483 213 443 1484 263 444 1485 262 444 1486 280 444 1487 225 445 1488 223 445 1489 253 445 1490 233 178 1491 258 178 1492 259 178 1493 245 446 1494 243 446 1495 263 446 1496 219 447 1497 251 447 1498 252 447 1499 231 448 1500 229 448 1501 256 448 1502 239 449 1503 261 449 1504 262 449 1505 215 450 1506 248 450 1507 250 450 1508 227 451 1509 225 451 1510 254 451 1511 235 452 1512 259 452 1513 260 452 1514 247 453 1515 245 453 1516 264 453 1517 223 454 1518 221 454 1519 252 454 1520 231 165 1521 257 165 1522 258 165 1523 243 455 1524 241 455 1525 262 455 1526 217 176 1527 250 176 1528 251 176 1529 229 456 1530 227 456 1531 255 456 1532 213 173 1533 249 173 1534 248 173 1535 237 457 1536 260 457 1537 261 457 1538 268 458 1539 266 458 1540 274 458 1541 267 459 1542 283 459 1543 276 459 1544 282 460 1545 281 460 1546 278 460 1547 280 461 1548 279 461 1549 278 461 1550 278 462 1551 277 462 1552 282 462 1553 276 463 1554 275 463 1555 267 463 1556 274 464 1557 273 464 1558 268 464 1559 272 465 1560 271 465 1561 270 465 1562 270 466 1563 269 466 1564 272 466 1565 266 467 1566 267 467 1567 274 467 1568 281 468 1569 280 468 1570 278 468 1571 277 469 1572 276 469 1573 282 469 1574 273 470 1575 272 470 1576 268 470 1577 269 471 1578 268 471 1579 272 471 1580 282 472 1581 276 472 1582 283 472 1583 255 473 1584 273 473 1585 274 473 1586 248 474 1587 249 474 1588 267 474 1589 263 475 1590 281 475 1591 282 475 1592 257 476 1593 256 476 1594 274 476 1595 250 477 1596 248 477 1597 266 477 1598 264 478 1599 282 478 1600 283 478 1601 257 479 1602 275 479 1603 276 479 1604 250 480 1605 268 480 1606 269 480 1607 265 481 1608 283 481 1609 267 481 1610 259 482 1611 258 482 1612 276 482 1613 252 483 1614 251 483 1615 269 483 1616 259 484 1617 277 484 1618 278 484 1619 253 199 1620 252 199 1621 270 199 1622 261 485 1623 260 485 1624 278 485 1625 254 486 1626 253 486 1627 271 486 1628 261 487 1629 279 487 1630 280 487 1631 254 488 1632 272 488 1633 273 488 1634 285 489 1635 287 489 1636 286 489 1637 287 490 1638 289 490 1639 288 490 1640 289 491 1641 291 491 1642 290 491 1643 290 492 1644 291 492 1645 293 492 1646 293 493 1647 295 493 1648 294 493 1649 295 494 1650 297 494 1651 296 494 1652 297 495 1653 299 495 1654 298 495 1655 298 496 1656 299 496 1657 301 496 1658 300 497 1659 301 497 1660 303 497 1661 302 498 1662 303 498 1663 305 498 1664 305 499 1665 307 499 1666 306 499 1667 307 500 1668 309 500 1669 308 500 1670 308 501 1671 309 501 1672 311 501 1673 311 502 1674 313 502 1675 312 502 1676 313 503 1677 315 503 1678 314 503 1679 315 504 1680 317 504 1681 316 504 1682 285 505 1683 319 505 1684 337 505 1685 316 506 1686 317 506 1687 319 506 1688 318 507 1689 319 507 1690 285 507 1691 335 508 1692 334 508 1693 352 508 1694 297 509 1695 295 509 1696 325 509 1697 305 510 1698 330 510 1699 331 510 1700 317 511 1701 315 511 1702 335 511 1703 291 512 1704 323 512 1705 324 512 1706 303 513 1707 301 513 1708 328 513 1709 311 514 1710 333 514 1711 334 514 1712 287 515 1713 320 515 1714 322 515 1715 299 516 1716 297 516 1717 326 516 1718 307 517 1719 331 517 1720 332 517 1721 319 518 1722 317 518 1723 336 518 1724 295 519 1725 293 519 1726 324 519 1727 303 220 1728 329 220 1729 330 220 1730 315 520 1731 313 520 1732 334 520 1733 289 521 1734 322 521 1735 323 521 1736 301 522 1737 299 522 1738 327 522 1739 285 228 1740 321 228 1741 320 228 1742 309 523 1743 332 523 1744 333 523 1745 340 524 1746 338 524 1747 346 524 1748 339 525 1749 355 525 1750 348 525 1751 354 526 1752 353 526 1753 350 526 1754 352 527 1755 351 527 1756 350 527 1757 350 528 1758 349 528 1759 354 528 1760 348 529 1761 347 529 1762 339 529 1763 346 530 1764 345 530 1765 340 530 1766 344 531 1767 343 531 1768 342 531 1769 342 532 1770 341 532 1771 344 532 1772 338 533 1773 339 533 1774 346 533 1775 353 534 1776 352 534 1777 350 534 1778 349 535 1779 348 535 1780 354 535 1781 345 536 1782 344 536 1783 340 536 1784 341 537 1785 340 537 1786 344 537 1787 354 538 1788 348 538 1789 355 538 1790 327 539 1791 345 539 1792 346 539 1793 320 540 1794 321 540 1795 339 540 1796 335 541 1797 353 541 1798 354 541 1799 329 542 1800 328 542 1801 346 542 1802 322 543 1803 320 543 1804 338 543 1805 336 544 1806 354 544 1807 355 544 1808 329 545 1809 347 545 1810 348 545 1811 322 546 1812 340 546 1813 341 546 1814 337 547 1815 355 547 1816 339 547 1817 331 548 1818 330 548 1819 348 548 1820 324 549 1821 323 549 1822 341 549 1823 331 550 1824 349 550 1825 350 550 1826 325 551 1827 324 551 1828 342 551 1829 333 552 1830 332 552 1831 350 552 1832 325 553 1833 343 553 1834 344 553 1835 333 554 1836 351 554 1837 352 554 1838 326 555 1839 344 555 1840 345 555 1841 357 556 1842 358 556 1843 356 556 1844 359 557 1845 360 557 1846 358 557 1847 361 558 1848 362 558 1849 360 558 1850 362 559 1851 365 559 1852 364 559 1853 365 560 1854 366 560 1855 364 560 1856 367 561 1857 368 561 1858 366 561 1859 369 562 1860 370 562 1861 368 562 1862 370 563 1863 373 563 1864 372 563 1865 373 564 1866 374 564 1867 372 564 1868 375 565 1869 376 565 1870 374 565 1871 377 566 1872 378 566 1873 376 566 1874 378 567 1875 381 567 1876 380 567 1877 380 568 1878 383 568 1879 382 568 1880 383 569 1881 384 569 1882 382 569 1883 385 570 1884 386 570 1885 384 570 1886 386 571 1887 389 571 1888 388 571 1889 357 572 1890 409 572 1891 393 572 1892 388 573 1893 391 573 1894 390 573 1895 390 574 1896 357 574 1897 356 574 1898 407 575 1899 424 575 1900 425 575 1901 369 576 1902 397 576 1903 398 576 1904 377 577 1905 403 577 1906 379 577 1907 389 578 1908 407 578 1909 408 578 1910 363 579 1911 396 579 1912 365 579 1913 375 580 1914 400 580 1915 401 580 1916 383 581 1917 406 581 1918 385 581 1919 359 582 1920 394 582 1921 361 582 1922 371 583 1923 398 583 1924 399 583 1925 379 584 1926 404 584 1927 381 584 1928 391 585 1929 408 585 1930 409 585 1931 367 586 1932 396 586 1933 397 586 1934 375 587 1935 402 587 1936 377 587 1937 387 588 1938 406 588 1939 407 588 1940 361 589 1941 395 589 1942 363 589 1943 373 590 1944 399 590 1945 400 590 1946 357 591 1947 392 591 1948 359 591 1949 381 592 1950 405 592 1951 383 592 1952 419 593 1953 418 593 1954 411 593 1955 399 594 1956 418 594 1957 400 594 1958 393 595 1959 410 595 1960 392 595 1961 407 596 1962 426 596 1963 408 596 1964 400 597 1965 419 597 1966 401 597 1967 392 598 1968 412 598 1969 394 598 1970 408 599 1971 427 599 1972 409 599 1973 401 600 1974 420 600 1975 402 600 1976 395 601 1977 412 601 1978 413 601 1979 409 602 1980 411 602 1981 393 602 1982 403 603 1983 420 603 1984 421 603 1985 395 604 1986 414 604 1987 396 604 1988 403 605 1989 422 605 1990 404 605 1991 396 606 1992 415 606 1993 397 606 1994 405 607 1995 422 607 1996 423 607 1997 398 608 1998 415 608 1999 416 608 2000 405 609 2001 424 609 2002 406 609 2003 399 610 2004 416 610 2005 417 610 2006 357 611 2007 359 611 2008 358 611 2009 359 612 2010 361 612 2011 360 612 2012 361 613 2013 363 613 2014 362 613 2015 362 614 2016 363 614 2017 365 614 2018 365 615 2019 367 615 2020 366 615 2021 367 616 2022 369 616 2023 368 616 2024 369 617 2025 371 617 2026 370 617 2027 370 618 2028 371 618 2029 373 618 2030 373 619 2031 375 619 2032 374 619 2033 375 620 2034 377 620 2035 376 620 2036 377 621 2037 379 621 2038 378 621 2039 378 622 2040 379 622 2041 381 622 2042 380 623 2043 381 623 2044 383 623 2045 383 624 2046 385 624 2047 384 624 2048 385 625 2049 387 625 2050 386 625 2051 386 626 2052 387 626 2053 389 626 2054 357 627 2055 391 627 2056 409 627 2057 388 628 2058 389 628 2059 391 628 2060 390 629 2061 391 629 2062 357 629 2063 407 630 2064 406 630 2065 424 630 2066 369 631 2067 367 631 2068 397 631 2069 377 632 2070 402 632 2071 403 632 2072 389 633 2073 387 633 2074 407 633 2075 363 634 2076 395 634 2077 396 634 2078 375 635 2079 373 635 2080 400 635 2081 383 636 2082 405 636 2083 406 636 2084 359 637 2085 392 637 2086 394 637 2087 371 638 2088 369 638 2089 398 638 2090 379 639 2091 403 639 2092 404 639 2093 391 640 2094 389 640 2095 408 640 2096 367 641 2097 365 641 2098 396 641 2099 375 572 2100 401 572 2101 402 572 2102 387 642 2103 385 642 2104 406 642 2105 361 643 2106 394 643 2107 395 643 2108 373 644 2109 371 644 2110 399 644 2111 357 580 2112 393 580 2113 392 580 2114 381 645 2115 404 645 2116 405 645 2117 412 646 2118 410 646 2119 418 646 2120 411 647 2121 427 647 2122 420 647 2123 426 648 2124 425 648 2125 422 648 2126 424 649 2127 423 649 2128 422 649 2129 422 650 2130 421 650 2131 426 650 2132 420 651 2133 419 651 2134 411 651 2135 418 652 2136 417 652 2137 412 652 2138 416 653 2139 415 653 2140 414 653 2141 414 654 2142 413 654 2143 416 654 2144 410 655 2145 411 655 2146 418 655 2147 425 656 2148 424 656 2149 422 656 2150 421 657 2151 420 657 2152 426 657 2153 417 652 2154 416 652 2155 412 652 2156 413 658 2157 412 658 2158 416 658 2159 426 659 2160 420 659 2161 427 659 2162 399 660 2163 417 660 2164 418 660 2165 393 661 2166 411 661 2167 410 661 2168 407 662 2169 425 662 2170 426 662 2171 400 663 2172 418 663 2173 419 663 2174 392 664 2175 410 664 2176 412 664 2177 408 665 2178 426 665 2179 427 665 2180 401 666 2181 419 666 2182 420 666 2183 395 667 2184 394 667 2185 412 667 2186 409 668 2187 427 668 2188 411 668 2189 403 669 2190 402 669 2191 420 669 2192 395 670 2193 413 670 2194 414 670 2195 403 671 2196 421 671 2197 422 671 2198 396 672 2199 414 672 2200 415 672 2201 405 673 2202 404 673 2203 422 673 2204 398 674 2205 397 674 2206 415 674 2207 405 675 2208 423 675 2209 424 675 2210 399 676 2211 398 676 2212 416 676 2213</p>
        </triangles>
        <triangles material="material1_002-material" count="224">
          <input semantic="VERTEX" source="#shape0_003-mesh-vertices" offset="0"/>
          <input semantic="NORMAL" source="#shape0_003-mesh-normals" offset="1"/>
          <input semantic="TEXCOORD" source="#shape0_003-mesh-map-0" offset="2" set="0"/>
          <p>429 677 2214 430 677 2215 428 677 2216 431 678 2217 432 678 2218 430 678 2219 433 679 2220 434 679 2221 432 679 2222 434 680 2223 437 680 2224 436 680 2225 437 681 2226 438 681 2227 436 681 2228 439 682 2229 440 682 2230 438 682 2231 441 683 2232 442 683 2233 440 683 2234 443 684 2235 444 684 2236 442 684 2237 444 685 2238 447 685 2239 446 685 2240 447 686 2241 448 686 2242 446 686 2243 449 687 2244 450 687 2245 448 687 2246 451 688 2247 452 688 2248 450 688 2249 453 689 2250 454 689 2251 452 689 2252 455 690 2253 456 690 2254 454 690 2255 457 691 2256 458 691 2257 456 691 2258 459 692 2259 460 692 2260 458 692 2261 437 693 2262 469 693 2263 439 693 2264 461 694 2265 462 694 2266 460 694 2267 463 695 2268 428 695 2269 462 695 2270 448 696 2271 450 696 2272 462 696 2273 476 697 2274 495 697 2275 477 697 2276 449 698 2277 473 698 2278 474 698 2279 457 699 2280 479 699 2281 459 699 2282 435 700 2283 466 700 2284 467 700 2285 443 701 2286 472 701 2287 445 701 2288 431 702 2289 465 702 2290 464 702 2291 455 703 2292 476 703 2293 477 703 2294 463 704 2295 465 704 2296 429 704 2297 439 705 2298 470 705 2299 441 705 2300 451 706 2301 474 706 2302 475 706 2303 459 707 2304 480 707 2305 461 707 2306 437 708 2307 467 708 2308 468 708 2309 445 709 2310 473 709 2311 447 709 2312 457 710 2313 477 710 2314 478 710 2315 433 711 2316 464 711 2317 466 711 2318 441 712 2319 471 712 2320 443 712 2321 453 713 2322 475 713 2323 476 713 2324 461 714 2325 481 714 2326 463 714 2327 495 715 2328 514 715 2329 496 715 2330 470 716 2331 487 716 2332 488 716 2333 477 717 2334 496 717 2335 478 717 2336 471 718 2337 488 718 2338 489 718 2339 478 719 2340 497 719 2341 479 719 2342 472 720 2343 489 720 2344 490 720 2345 464 721 2346 483 721 2347 482 721 2348 479 722 2349 498 722 2350 480 722 2351 473 723 2352 490 723 2353 491 723 2354 464 724 2355 484 724 2356 466 724 2357 480 725 2358 499 725 2359 481 725 2360 474 726 2361 491 726 2362 492 726 2363 466 727 2364 485 727 2365 467 727 2366 481 728 2367 483 728 2368 465 728 2369 475 729 2370 492 729 2371 493 729 2372 468 730 2373 485 730 2374 486 730 2375 475 731 2376 494 731 2377 476 731 2378 468 732 2379 487 732 2380 469 732 2381 505 733 2382 524 733 2383 506 733 2384 488 734 2385 507 734 2386 489 734 2387 496 735 2388 515 735 2389 497 735 2390 489 736 2391 508 736 2392 490 736 2393 482 737 2394 501 737 2395 500 737 2396 497 738 2397 516 738 2398 498 738 2399 490 739 2400 509 739 2401 491 739 2402 484 740 2403 500 740 2404 502 740 2405 498 741 2406 517 741 2407 499 741 2408 492 742 2409 509 742 2410 510 742 2411 485 743 2412 502 743 2413 503 743 2414 499 744 2415 501 744 2416 483 744 2417 493 745 2418 510 745 2419 511 745 2420 486 746 2421 503 746 2422 504 746 2423 494 747 2424 511 747 2425 512 747 2426 486 748 2427 505 748 2428 487 748 2429 495 749 2430 512 749 2431 513 749 2432 487 750 2433 506 750 2434 488 750 2435 513 0 2436 532 0 2437 514 0 2438 506 751 2439 525 751 2440 507 751 2441 514 752 2442 533 752 2443 515 752 2444 507 753 2445 526 753 2446 508 753 2447 501 754 2448 518 754 2449 500 754 2450 516 755 2451 533 755 2452 534 755 2453 508 756 2454 527 756 2455 509 756 2456 502 757 2457 518 757 2458 520 757 2459 517 758 2460 534 758 2461 535 758 2462 509 759 2463 528 759 2464 510 759 2465 502 760 2466 521 760 2467 503 760 2468 517 761 2469 519 761 2470 501 761 2471 510 762 2472 529 762 2473 511 762 2474 503 763 2475 522 763 2476 504 763 2477 511 764 2478 530 764 2479 512 764 2480 504 765 2481 523 765 2482 505 765 2483 512 766 2484 531 766 2485 513 766 2486 537 767 2487 538 767 2488 536 767 2489 539 768 2490 540 768 2491 538 768 2492 541 769 2493 542 769 2494 540 769 2495 543 770 2496 544 770 2497 542 770 2498 545 771 2499 546 771 2500 544 771 2501 547 772 2502 548 772 2503 546 772 2504 549 773 2505 545 773 2506 537 773 2507 549 774 2508 550 774 2509 548 774 2510 551 775 2511 536 775 2512 550 775 2513 542 776 2514 548 776 2515 550 776 2516 429 777 2517 431 777 2518 430 777 2519 431 778 2520 433 778 2521 432 778 2522 433 779 2523 435 779 2524 434 779 2525 434 780 2526 435 780 2527 437 780 2528 437 2 2529 439 2 2530 438 2 2531 439 781 2532 441 781 2533 440 781 2534 441 782 2535 443 782 2536 442 782 2537 443 783 2538 445 783 2539 444 783 2540 444 784 2541 445 784 2542 447 784 2543 447 785 2544 449 785 2545 448 785 2546 449 786 2547 451 786 2548 450 786 2549 451 787 2550 453 787 2551 452 787 2552 453 788 2553 455 788 2554 454 788 2555 455 789 2556 457 789 2557 456 789 2558 457 790 2559 459 790 2560 458 790 2561 459 791 2562 461 791 2563 460 791 2564 437 792 2565 468 792 2566 469 792 2567 461 793 2568 463 793 2569 462 793 2570 463 794 2571 429 794 2572 428 794 2573 462 795 2574 428 795 2575 446 795 2576 430 796 2577 432 796 2578 442 796 2579 434 797 2580 436 797 2581 438 797 2582 438 798 2583 440 798 2584 434 798 2585 442 799 2586 444 799 2587 430 799 2588 446 800 2589 448 800 2590 462 800 2591 450 801 2592 452 801 2593 458 801 2594 454 802 2595 456 802 2596 458 802 2597 458 803 2598 460 803 2599 450 803 2600 428 804 2601 430 804 2602 446 804 2603 434 805 2604 440 805 2605 442 805 2606 444 806 2607 446 806 2608 430 806 2609 452 807 2610 454 807 2611 458 807 2612 460 808 2613 462 808 2614 450 808 2615 434 809 2616 442 809 2617 432 809 2618 476 810 2619 494 810 2620 495 810 2621 449 811 2622 447 811 2623 473 811 2624 457 812 2625 478 812 2626 479 812 2627 435 813 2628 433 813 2629 466 813 2630 443 814 2631 471 814 2632 472 814 2633 431 815 2634 429 815 2635 465 815 2636 455 816 2637 453 816 2638 476 816 2639 463 817 2640 481 817 2641 465 817 2642 439 818 2643 469 818 2644 470 818 2645 451 819 2646 449 819 2647 474 819 2648 459 820 2649 479 820 2650 480 820 2651 437 821 2652 435 821 2653 467 821 2654 445 822 2655 472 822 2656 473 822 2657 457 823 2658 455 823 2659 477 823 2660 433 824 2661 431 824 2662 464 824 2663 441 825 2664 470 825 2665 471 825 2666 453 826 2667 451 826 2668 475 826 2669 461 827 2670 480 827 2671 481 827 2672 495 828 2673 513 828 2674 514 828 2675 470 829 2676 469 829 2677 487 829 2678 477 830 2679 495 830 2680 496 830 2681 471 831 2682 470 831 2683 488 831 2684 478 832 2685 496 832 2686 497 832 2687 472 833 2688 471 833 2689 489 833 2690 464 834 2691 465 834 2692 483 834 2693 479 835 2694 497 835 2695 498 835 2696 473 836 2697 472 836 2698 490 836 2699 464 837 2700 482 837 2701 484 837 2702 480 838 2703 498 838 2704 499 838 2705 474 839 2706 473 839 2707 491 839 2708 466 840 2709 484 840 2710 485 840 2711 481 841 2712 499 841 2713 483 841 2714 475 842 2715 474 842 2716 492 842 2717 468 843 2718 467 843 2719 485 843 2720 475 844 2721 493 844 2722 494 844 2723 468 2 2724 486 2 2725 487 2 2726 505 845 2727 523 845 2728 524 845 2729 488 846 2730 506 846 2731 507 846 2732 496 847 2733 514 847 2734 515 847 2735 489 848 2736 507 848 2737 508 848 2738 482 744 2739 483 744 2740 501 744 2741 497 849 2742 515 849 2743 516 849 2744 490 850 2745 508 850 2746 509 850 2747 484 851 2748 482 851 2749 500 851 2750 498 852 2751 516 852 2752 517 852 2753 492 853 2754 491 853 2755 509 853 2756 485 854 2757 484 854 2758 502 854 2759 499 855 2760 517 855 2761 501 855 2762 493 856 2763 492 856 2764 510 856 2765 486 857 2766 485 857 2767 503 857 2768 494 858 2769 493 858 2770 511 858 2771 486 859 2772 504 859 2773 505 859 2774 495 860 2775 494 860 2776 512 860 2777 487 861 2778 505 861 2779 506 861 2780 513 0 2781 531 0 2782 532 0 2783 506 862 2784 524 862 2785 525 862 2786 514 863 2787 532 863 2788 533 863 2789 507 864 2790 525 864 2791 526 864 2792 501 865 2793 519 865 2794 518 865 2795 516 866 2796 515 866 2797 533 866 2798 508 867 2799 526 867 2800 527 867 2801 502 868 2802 500 868 2803 518 868 2804 517 869 2805 516 869 2806 534 869 2807 509 870 2808 527 870 2809 528 870 2810 502 871 2811 520 871 2812 521 871 2813 517 872 2814 535 872 2815 519 872 2816 510 873 2817 528 873 2818 529 873 2819 503 874 2820 521 874 2821 522 874 2822 511 875 2823 529 875 2824 530 875 2825 504 876 2826 522 876 2827 523 876 2828 512 877 2829 530 877 2830 531 877 2831 537 878 2832 539 878 2833 538 878 2834 539 879 2835 541 879 2836 540 879 2837 541 880 2838 543 880 2839 542 880 2840 543 881 2841 545 881 2842 544 881 2843 545 882 2844 547 882 2845 546 882 2846 547 883 2847 549 883 2848 548 883 2849 541 884 2850 539 884 2851 537 884 2852 537 885 2853 551 885 2854 549 885 2855 549 886 2856 547 886 2857 545 886 2858 545 887 2859 543 887 2860 541 887 2861 541 888 2862 537 888 2863 545 888 2864 549 889 2865 551 889 2866 550 889 2867 551 890 2868 537 890 2869 536 890 2870 550 891 2871 536 891 2872 538 891 2873 538 892 2874 540 892 2875 542 892 2876 542 893 2877 544 893 2878 546 893 2879 546 894 2880 548 894 2881 542 894 2882 550 895 2883 538 895 2884 542 895 2885</p>
        </triangles>
        <triangles material="material2_002-material" count="224">
          <input semantic="VERTEX" source="#shape0_003-mesh-vertices" offset="0"/>
          <input semantic="NORMAL" source="#shape0_003-mesh-normals" offset="1"/>
          <input semantic="TEXCOORD" source="#shape0_003-mesh-map-0" offset="2" set="0"/>
          <p>553 896 2886 554 896 2887 552 896 2888 555 897 2889 556 897 2890 554 897 2891 557 898 2892 558 898 2893 556 898 2894 558 899 2895 561 899 2896 560 899 2897 561 2 2898 562 2 2899 560 2 2900 563 900 2901 564 900 2902 562 900 2903 565 901 2904 566 901 2905 564 901 2906 567 902 2907 568 902 2908 566 902 2909 568 903 2910 571 903 2911 570 903 2912 571 904 2913 572 904 2914 570 904 2915 573 905 2916 574 905 2917 572 905 2918 575 906 2919 576 906 2920 574 906 2921 577 907 2922 578 907 2923 576 907 2924 579 0 2925 580 0 2926 578 0 2927 581 908 2928 582 908 2929 580 908 2930 583 909 2931 584 909 2932 582 909 2933 561 4 2934 593 4 2935 563 4 2936 585 910 2937 586 910 2938 584 910 2939 587 911 2940 552 911 2941 586 911 2942 572 912 2943 574 912 2944 586 912 2945 600 913 2946 619 913 2947 601 913 2948 573 914 2949 597 914 2950 598 914 2951 581 915 2952 603 915 2953 583 915 2954 559 916 2955 590 916 2956 591 916 2957 567 917 2958 596 917 2959 569 917 2960 555 918 2961 589 918 2962 588 918 2963 579 4 2964 600 4 2965 601 4 2966 587 4 2967 589 4 2968 553 4 2969 563 919 2970 594 919 2971 565 919 2972 575 4 2973 598 4 2974 599 4 2975 583 920 2976 604 920 2977 585 920 2978 561 4 2979 591 4 2980 592 4 2981 569 4 2982 597 4 2983 571 4 2984 581 4 2985 601 4 2986 602 4 2987 557 921 2988 588 921 2989 590 921 2990 565 922 2991 595 922 2992 567 922 2993 577 4 2994 599 4 2995 600 4 2996 585 923 2997 605 923 2998 587 923 2999 619 924 3000 638 924 3001 620 924 3002 594 925 3003 611 925 3004 612 925 3005 601 0 3006 620 0 3007 602 0 3008 595 926 3009 612 926 3010 613 926 3011 602 927 3012 621 927 3013 603 927 3014 596 928 3015 613 928 3016 614 928 3017 588 929 3018 607 929 3019 606 929 3020 603 930 3021 622 930 3022 604 930 3023 597 931 3024 614 931 3025 615 931 3026 588 932 3027 608 932 3028 590 932 3029 604 933 3030 623 933 3031 605 933 3032 598 934 3033 615 934 3034 616 934 3035 590 935 3036 609 935 3037 591 935 3038 605 936 3039 607 936 3040 589 936 3041 599 937 3042 616 937 3043 617 937 3044 592 938 3045 609 938 3046 610 938 3047 599 939 3048 618 939 3049 600 939 3050 592 2 3051 611 2 3052 593 2 3053 629 940 3054 648 940 3055 630 940 3056 612 4 3057 631 4 3058 613 4 3059 620 941 3060 639 941 3061 621 941 3062 613 942 3063 632 942 3064 614 942 3065 606 943 3066 625 943 3067 624 943 3068 621 4 3069 640 4 3070 622 4 3071 614 944 3072 633 944 3073 615 944 3074 608 4 3075 624 4 3076 626 4 3077 622 945 3078 641 945 3079 623 945 3080 616 946 3081 633 946 3082 634 946 3083 609 4 3084 626 4 3085 627 4 3086 623 947 3087 625 947 3088 607 947 3089 617 4 3090 634 4 3091 635 4 3092 610 948 3093 627 948 3094 628 948 3095 618 949 3096 635 949 3097 636 949 3098 610 950 3099 629 950 3100 611 950 3101 619 951 3102 636 951 3103 637 951 3104 611 952 3105 630 952 3106 612 952 3107 637 0 3108 656 0 3109 638 0 3110 630 953 3111 649 953 3112 631 953 3113 638 954 3114 657 954 3115 639 954 3116 631 955 3117 650 955 3118 632 955 3119 625 956 3120 642 956 3121 624 956 3122 640 957 3123 657 957 3124 658 957 3125 632 958 3126 651 958 3127 633 958 3128 626 959 3129 642 959 3130 644 959 3131 641 960 3132 658 960 3133 659 960 3134 633 961 3135 652 961 3136 634 961 3137 626 962 3138 645 962 3139 627 962 3140 641 963 3141 643 963 3142 625 963 3143 634 964 3144 653 964 3145 635 964 3146 627 965 3147 646 965 3148 628 965 3149 635 966 3150 654 966 3151 636 966 3152 628 2 3153 647 2 3154 629 2 3155 636 967 3156 655 967 3157 637 967 3158 661 968 3159 662 968 3160 660 968 3161 663 969 3162 664 969 3163 662 969 3164 665 970 3165 666 970 3166 664 970 3167 667 971 3168 668 971 3169 666 971 3170 669 972 3171 670 972 3172 668 972 3173 671 973 3174 672 973 3175 670 973 3176 673 6 3177 669 6 3178 661 6 3179 673 974 3180 674 974 3181 672 974 3182 675 975 3183 660 975 3184 674 975 3185 666 4 3186 672 4 3187 674 4 3188 553 976 3189 555 976 3190 554 976 3191 555 977 3192 557 977 3193 556 977 3194 557 978 3195 559 978 3196 558 978 3197 558 979 3198 559 979 3199 561 979 3200 561 2 3201 563 2 3202 562 2 3203 563 980 3204 565 980 3205 564 980 3206 565 981 3207 567 981 3208 566 981 3209 567 982 3210 569 982 3211 568 982 3212 568 983 3213 569 983 3214 571 983 3215 571 984 3216 573 984 3217 572 984 3218 573 985 3219 575 985 3220 574 985 3221 575 986 3222 577 986 3223 576 986 3224 577 987 3225 579 987 3226 578 987 3227 579 0 3228 581 0 3229 580 0 3230 581 988 3231 583 988 3232 582 988 3233 583 989 3234 585 989 3235 584 989 3236 561 4 3237 592 4 3238 593 4 3239 585 990 3240 587 990 3241 586 990 3242 587 991 3243 553 991 3244 552 991 3245 586 992 3246 552 992 3247 570 992 3248 554 993 3249 556 993 3250 566 993 3251 558 994 3252 560 994 3253 562 994 3254 562 4 3255 564 4 3256 558 4 3257 566 4 3258 568 4 3259 554 4 3260 570 4 3261 572 4 3262 586 4 3263 574 4 3264 576 4 3265 582 4 3266 578 995 3267 580 995 3268 582 995 3269 582 996 3270 584 996 3271 574 996 3272 552 997 3273 554 997 3274 570 997 3275 558 998 3276 564 998 3277 566 998 3278 568 4 3279 570 4 3280 554 4 3281 576 4 3282 578 4 3283 582 4 3284 584 999 3285 586 999 3286 574 999 3287 558 1000 3288 566 1000 3289 556 1000 3290 600 1001 3291 618 1001 3292 619 1001 3293 573 4 3294 571 4 3295 597 4 3296 581 4 3297 602 4 3298 603 4 3299 559 922 3300 557 922 3301 590 922 3302 567 921 3303 595 921 3304 596 921 3305 555 4 3306 553 4 3307 589 4 3308 579 1002 3309 577 1002 3310 600 1002 3311 587 1003 3312 605 1003 3313 589 1003 3314 563 4 3315 593 4 3316 594 4 3317 575 1004 3318 573 1004 3319 598 1004 3320 583 1005 3321 603 1005 3322 604 1005 3323 561 919 3324 559 919 3325 591 919 3326 569 918 3327 596 918 3328 597 918 3329 581 4 3330 579 4 3331 601 4 3332 557 917 3333 555 917 3334 588 917 3335 565 916 3336 594 916 3337 595 916 3338 577 1006 3339 575 1006 3340 599 1006 3341 585 1007 3342 604 1007 3343 605 1007 3344 619 4 3345 637 4 3346 638 4 3347 594 1008 3348 593 1008 3349 611 1008 3350 601 0 3351 619 0 3352 620 0 3353 595 926 3354 594 926 3355 612 926 3356 602 1009 3357 620 1009 3358 621 1009 3359 596 1010 3360 595 1010 3361 613 1010 3362 588 1011 3363 589 1011 3364 607 1011 3365 603 930 3366 621 930 3367 622 930 3368 597 1012 3369 596 1012 3370 614 1012 3371 588 1013 3372 606 1013 3373 608 1013 3374 604 1014 3375 622 1014 3376 623 1014 3377 598 1015 3378 597 1015 3379 615 1015 3380 590 935 3381 608 935 3382 609 935 3383 605 1016 3384 623 1016 3385 607 1016 3386 599 1017 3387 598 1017 3388 616 1017 3389 592 1018 3390 591 1018 3391 609 1018 3392 599 939 3393 617 939 3394 618 939 3395 592 2 3396 610 2 3397 611 2 3398 629 1019 3399 647 1019 3400 648 1019 3401 612 4 3402 630 4 3403 631 4 3404 620 4 3405 638 4 3406 639 4 3407 613 4 3408 631 4 3409 632 4 3410 606 944 3411 607 944 3412 625 944 3413 621 1020 3414 639 1020 3415 640 1020 3416 614 943 3417 632 943 3418 633 943 3419 608 942 3420 606 942 3421 624 942 3422 622 4 3423 640 4 3424 641 4 3425 616 1021 3426 615 1021 3427 633 1021 3428 609 4 3429 608 4 3430 626 4 3431 623 1022 3432 641 1022 3433 625 1022 3434 617 1023 3435 616 1023 3436 634 1023 3437 610 1024 3438 609 1024 3439 627 1024 3440 618 1025 3441 617 1025 3442 635 1025 3443 610 1026 3444 628 1026 3445 629 1026 3446 619 1027 3447 618 1027 3448 636 1027 3449 611 1028 3450 629 1028 3451 630 1028 3452 637 0 3453 655 0 3454 656 0 3455 630 1029 3456 648 1029 3457 649 1029 3458 638 1030 3459 656 1030 3460 657 1030 3461 631 1031 3462 649 1031 3463 650 1031 3464 625 1032 3465 643 1032 3466 642 1032 3467 640 1033 3468 639 1033 3469 657 1033 3470 632 1034 3471 650 1034 3472 651 1034 3473 626 1035 3474 624 1035 3475 642 1035 3476 641 1036 3477 640 1036 3478 658 1036 3479 633 1037 3480 651 1037 3481 652 1037 3482 626 1038 3483 644 1038 3484 645 1038 3485 641 1039 3486 659 1039 3487 643 1039 3488 634 1040 3489 652 1040 3490 653 1040 3491 627 1041 3492 645 1041 3493 646 1041 3494 635 1042 3495 653 1042 3496 654 1042 3497 628 2 3498 646 2 3499 647 2 3500 636 1043 3501 654 1043 3502 655 1043 3503 661 1044 3504 663 1044 3505 662 1044 3506 663 1045 3507 665 1045 3508 664 1045 3509 665 1046 3510 667 1046 3511 666 1046 3512 667 1047 3513 669 1047 3514 668 1047 3515 669 1048 3516 671 1048 3517 670 1048 3518 671 1049 3519 673 1049 3520 672 1049 3521 665 1050 3522 663 1050 3523 661 1050 3524 661 1051 3525 675 1051 3526 673 1051 3527 673 1052 3528 671 1052 3529 669 1052 3530 669 1053 3531 667 1053 3532 665 1053 3533 665 6 3534 661 6 3535 669 6 3536 673 1054 3537 675 1054 3538 674 1054 3539 675 1055 3540 661 1055 3541 660 1055 3542 674 4 3543 660 4 3544 662 4 3545 662 4 3546 664 4 3547 666 4 3548 666 4 3549 668 4 3550 670 4 3551 670 4 3552 672 4 3553 666 4 3554 674 4 3555 662 4 3556 666 4 3557</p>
        </triangles>
      </mesh>
    </geometry>
  </library_geometries>
  <library_controllers/>
  <library_visual_scenes>
    <visual_scene id="Scene" name="Scene">
      <node id="node" name="node" type="NODE">
        <matrix sid="transform">1 0 0 0 0 1 0 0.002092764 0 0 1 -0.09997809 0 0 0 1</matrix>
        <instance_geometry url="#shape0_003-mesh" name="node">
          <bind_material>
            <technique_common>
              <instance_material symbol="material0_002-material" target="#material0_002-material">
                <bind_vertex_input semantic="shape0-mesh-map-0" input_semantic="TEXCOORD" input_set="0"/>
              </instance_material>
              <instance_material symbol="material1_002-material" target="#material1_002-material">
                <bind_vertex_input semantic="shape0-mesh-map-0" input_semantic="TEXCOORD" input_set="0"/>
              </instance_material>
              <instance_material symbol="material2_002-material" target="#material2_002-material">
                <bind_vertex_input semantic="shape0-mesh-map-0" input_semantic="TEXCOORD" input_set="0"/>
              </instance_material>
            </technique_common>
          </bind_material>
        </instance_geometry>
      </node>
    </visual_scene>
  </library_visual_scenes>
  <scene>
    <instance_visual_scene url="#Scene"/>
  </scene>
</COLLADA>