# Blender v3.2.2 OBJ File: ''
# www.blender.org
mtllib pipestar_without_pipes.mtl
o node_shape0
v -0.075000 0.000000 0.075000
v 0.075000 0.000000 0.075000
v 0.075000 0.040000 0.075000
v -0.075000 0.040000 0.075000
v 0.075000 -0.000000 -0.075000
v 0.075000 0.040000 -0.075000
v -0.075000 -0.000000 -0.075000
v -0.075000 0.040000 -0.075000
v 0.018324 0.045822 0.069378
v 0.017265 0.045264 0.069917
v 0.019348 0.046414 0.068806
v 0.016173 0.044739 0.070424
v 0.020335 0.047036 0.068205
v 0.015050 0.044249 0.070897
v 0.021284 0.047690 0.067574
v 0.013899 0.043794 0.071336
v 0.022192 0.048372 0.066915
v 0.012721 0.043377 0.071739
v 0.023058 0.049082 0.066229
v 0.011519 0.042996 0.072107
v 0.023880 0.049819 0.065518
v 0.010295 0.042654 0.072437
v 0.024657 0.050581 0.064782
v 0.025386 0.051366 0.064024
v 0.009051 0.042350 0.072731
v 0.026067 0.052174 0.063244
v 0.007790 0.042086 0.072986
v 0.026699 0.053002 0.062444
v 0.006515 0.041861 0.073203
v 0.027280 0.053849 0.061626
v 0.005227 0.041677 0.073381
v 0.027809 0.054714 0.060791
v 0.003929 0.041533 0.073520
v 0.028285 0.055595 0.059940
v 0.002623 0.041430 0.073619
v 0.028707 0.056489 0.059077
v 0.001313 0.041369 0.073679
v 0.029074 0.057396 0.058201
v 0.029386 0.058314 0.057315
v 0.000000 0.041348 0.073698
v 0.029643 0.059240 0.056420
v 0.029842 0.060174 0.055518
v 0.029986 0.061113 0.054612
v 0.030071 0.062056 0.053701
v 0.030100 0.063000 0.052789
v 0.030071 0.063945 0.051877
v 0.029986 0.064887 0.050967
v 0.029842 0.065826 0.050060
v 0.029643 0.066760 0.049158
v 0.029386 0.067686 0.048264
v 0.027280 0.072151 0.043952
v 0.030578 0.086000 0.030578
v 0.026699 0.072998 0.043134
v 0.027809 0.071286 0.044787
v 0.028285 0.070405 0.045638
v 0.028707 0.069511 0.046502
v 0.029074 0.068604 0.047377
v 0.026067 0.073826 0.042334
v 0.025386 0.074634 0.041555
v 0.024657 0.075419 0.040796
v 0.023880 0.076181 0.040060
v 0.023058 0.076918 0.039349
v 0.022192 0.077628 0.038663
v 0.021284 0.078310 0.038004
v 0.020335 0.078964 0.037373
v 0.019348 0.079586 0.036772
v 0.018324 0.080178 0.036201
v 0.017265 0.080736 0.035661
v 0.016173 0.081261 0.035154
v 0.015050 0.081751 0.034681
v 0.013899 0.082206 0.034242
v 0.012721 0.082624 0.033839
v 0.011519 0.083004 0.033472
v 0.010295 0.083346 0.033141
v -0.026699 0.053002 0.062444
v -0.026067 0.052174 0.063244
v -0.027280 0.053849 0.061626
v -0.027809 0.054714 0.060791
v -0.028285 0.055595 0.059940
v -0.028707 0.056489 0.059077
v -0.001313 0.041369 0.073679
v -0.002623 0.041430 0.073619
v -0.003929 0.041533 0.073520
v -0.005227 0.041677 0.073381
v -0.006515 0.041861 0.073203
v -0.007790 0.042086 0.072986
v -0.009051 0.042350 0.072731
v -0.010295 0.042654 0.072437
v -0.011519 0.042996 0.072107
v -0.012721 0.043377 0.071739
v -0.013899 0.043794 0.071336
v -0.015050 0.044249 0.070897
v -0.016173 0.044739 0.070424
v -0.017265 0.045264 0.069917
v -0.018324 0.045822 0.069378
v -0.019348 0.046414 0.068806
v -0.020335 0.047036 0.068205
v -0.021284 0.047690 0.067574
v -0.022192 0.048372 0.066915
v -0.023058 0.049082 0.066229
v -0.023880 0.049819 0.065518
v -0.024657 0.050581 0.064782
v -0.025386 0.051366 0.064024
v -0.029074 0.057396 0.058201
v 0.009051 0.083650 0.032848
v -0.029386 0.058314 0.057315
v -0.029643 0.059240 0.056420
v -0.029842 0.060174 0.055518
v -0.029986 0.061113 0.054612
v -0.030071 0.062056 0.053701
v -0.030100 0.063000 0.052789
v -0.030071 0.063945 0.051877
v -0.029986 0.064887 0.050967
v -0.029842 0.065826 0.050060
v -0.029643 0.066760 0.049158
v -0.029386 0.067686 0.048264
v -0.029074 0.068604 0.047377
v -0.030578 0.086000 0.030578
v -0.028707 0.069511 0.046502
v -0.028285 0.070405 0.045638
v -0.027809 0.071286 0.044787
v -0.027280 0.072151 0.043952
v -0.026699 0.072998 0.043134
v -0.026067 0.073826 0.042334
v -0.025386 0.074634 0.041555
v -0.024657 0.075419 0.040796
v -0.023880 0.076181 0.040060
v -0.023058 0.076918 0.039349
v -0.022192 0.077628 0.038663
v -0.021284 0.078310 0.038004
v -0.020335 0.078964 0.037373
v -0.019348 0.079586 0.036772
v -0.018324 0.080178 0.036201
v -0.017265 0.080736 0.035661
v -0.016173 0.081261 0.035154
v -0.015050 0.081751 0.034681
v -0.013899 0.082206 0.034242
v -0.012721 0.082624 0.033839
v -0.011519 0.083004 0.033472
v -0.010295 0.083346 0.033141
v -0.009051 0.083650 0.032848
v 0.000000 0.084652 0.031880
v 0.001313 0.084632 0.031900
v 0.002623 0.084570 0.031959
v 0.003929 0.084467 0.032059
v 0.005227 0.084323 0.032198
v 0.006515 0.084139 0.032376
v 0.007790 0.083914 0.032592
v -0.001313 0.084632 0.031900
v -0.002623 0.084570 0.031959
v -0.003929 0.084467 0.032059
v -0.005227 0.084323 0.032198
v -0.006515 0.084139 0.032376
v -0.007790 0.083914 0.032592
v 0.069378 0.045822 -0.018324
v 0.069917 0.045264 -0.017265
v 0.068806 0.046413 -0.019348
v 0.070424 0.044739 -0.016173
v 0.068205 0.047036 -0.020335
v 0.070897 0.044249 -0.015050
v 0.067574 0.047690 -0.021284
v 0.071336 0.043794 -0.013899
v 0.066915 0.048372 -0.022192
v 0.071739 0.043377 -0.012721
v 0.066229 0.049082 -0.023058
v 0.072107 0.042996 -0.011519
v 0.065518 0.049819 -0.023880
v 0.072437 0.042654 -0.010295
v 0.064782 0.050581 -0.024657
v 0.064024 0.051366 -0.025386
v 0.072731 0.042350 -0.009051
v 0.063244 0.052174 -0.026067
v 0.072986 0.042086 -0.007790
v 0.062444 0.053002 -0.026699
v 0.073203 0.041861 -0.006515
v 0.061626 0.053849 -0.027280
v 0.073381 0.041677 -0.005227
v 0.060791 0.054714 -0.027809
v 0.073520 0.041533 -0.003929
v 0.059941 0.055595 -0.028285
v 0.073619 0.041430 -0.002623
v 0.059077 0.056489 -0.028707
v 0.073679 0.041369 -0.001313
v 0.058201 0.057396 -0.029074
v 0.057315 0.058314 -0.029387
v 0.073698 0.041348 -0.000000
v 0.056420 0.059240 -0.029643
v 0.055518 0.060174 -0.029843
v 0.054612 0.061113 -0.029986
v 0.053701 0.062056 -0.030071
v 0.052789 0.063000 -0.030100
v 0.051877 0.063945 -0.030071
v 0.050967 0.064887 -0.029986
v 0.050060 0.065826 -0.029843
v 0.049158 0.066760 -0.029643
v 0.048264 0.067686 -0.029387
v 0.043953 0.072151 -0.027280
v 0.030578 0.086000 -0.030578
v 0.043134 0.072998 -0.026699
v 0.044788 0.071286 -0.027809
v 0.045638 0.070405 -0.028285
v 0.046502 0.069511 -0.028707
v 0.047378 0.068604 -0.029074
v 0.042335 0.073826 -0.026067
v 0.041555 0.074634 -0.025386
v 0.040796 0.075419 -0.024657
v 0.040060 0.076181 -0.023880
v 0.039349 0.076918 -0.023058
v 0.038663 0.077628 -0.022192
v 0.038004 0.078310 -0.021284
v 0.037373 0.078964 -0.020335
v 0.036772 0.079586 -0.019348
v 0.036201 0.080178 -0.018324
v 0.035661 0.080736 -0.017265
v 0.035154 0.081261 -0.016173
v 0.034681 0.081751 -0.015050
v 0.034243 0.082206 -0.013899
v 0.033839 0.082624 -0.012721
v 0.033472 0.083004 -0.011519
v 0.033141 0.083346 -0.010295
v 0.062444 0.053002 0.026699
v 0.063244 0.052174 0.026067
v 0.061626 0.053849 0.027280
v 0.060791 0.054714 0.027809
v 0.059941 0.055595 0.028285
v 0.059077 0.056489 0.028707
v 0.073679 0.041369 0.001313
v 0.073619 0.041430 0.002623
v 0.073520 0.041533 0.003929
v 0.073381 0.041677 0.005227
v 0.073203 0.041861 0.006515
v 0.072986 0.042086 0.007790
v 0.072731 0.042350 0.009051
v 0.072437 0.042654 0.010295
v 0.072107 0.042996 0.011519
v 0.071739 0.043377 0.012721
v 0.071336 0.043794 0.013899
v 0.070897 0.044249 0.015050
v 0.070424 0.044739 0.016173
v 0.069917 0.045264 0.017265
v 0.069378 0.045822 0.018324
v 0.068806 0.046413 0.019348
v 0.068205 0.047036 0.020335
v 0.067574 0.047690 0.021284
v 0.066915 0.048372 0.022192
v 0.066229 0.049082 0.023058
v 0.065518 0.049819 0.023880
v 0.064782 0.050581 0.024656
v 0.064024 0.051366 0.025386
v 0.058201 0.057396 0.029074
v 0.032848 0.083650 -0.009051
v 0.057315 0.058314 0.029386
v 0.056420 0.059240 0.029643
v 0.055518 0.060174 0.029842
v 0.054612 0.061113 0.029985
v 0.053701 0.062056 0.030071
v 0.052789 0.063000 0.030100
v 0.051877 0.063945 0.030071
v 0.050967 0.064887 0.029985
v 0.050060 0.065826 0.029842
v 0.049158 0.066760 0.029643
v 0.048264 0.067686 0.029386
v 0.047378 0.068604 0.029074
v 0.046502 0.069511 0.028707
v 0.045638 0.070405 0.028285
v 0.044788 0.071286 0.027809
v 0.043953 0.072151 0.027280
v 0.043134 0.072998 0.026699
v 0.042335 0.073826 0.026067
v 0.041555 0.074634 0.025386
v 0.040796 0.075419 0.024656
v 0.040060 0.076181 0.023880
v 0.039349 0.076918 0.023058
v 0.038663 0.077628 0.022192
v 0.038004 0.078310 0.021284
v 0.037373 0.078964 0.020335
v 0.036772 0.079586 0.019348
v 0.036201 0.080178 0.018324
v 0.035661 0.080736 0.017265
v 0.035154 0.081261 0.016173
v 0.034681 0.081751 0.015050
v 0.034243 0.082206 0.013899
v 0.033839 0.082624 0.012721
v 0.033472 0.083004 0.011519
v 0.033141 0.083346 0.010295
v 0.032848 0.083650 0.009051
v 0.031880 0.084652 -0.000000
v 0.031900 0.084632 -0.001313
v 0.031960 0.084570 -0.002623
v 0.032059 0.084467 -0.003929
v 0.032198 0.084323 -0.005227
v 0.032376 0.084139 -0.006515
v 0.032592 0.083914 -0.007790
v 0.031900 0.084632 0.001313
v 0.031960 0.084570 0.002623
v 0.032059 0.084467 0.003929
v 0.032198 0.084323 0.005227
v 0.032376 0.084139 0.006515
v 0.032592 0.083914 0.007790
v -0.069378 0.045822 0.018324
v -0.069917 0.045264 0.017265
v -0.068806 0.046413 0.019348
v -0.070424 0.044739 0.016173
v -0.068205 0.047036 0.020335
v -0.070897 0.044249 0.015050
v -0.067574 0.047690 0.021284
v -0.071336 0.043794 0.013899
v -0.066915 0.048372 0.022192
v -0.071739 0.043377 0.012721
v -0.066229 0.049082 0.023058
v -0.072107 0.042996 0.011519
v -0.065518 0.049819 0.023880
v -0.072437 0.042654 0.010295
v -0.064782 0.050581 0.024656
v -0.064024 0.051366 0.025386
v -0.072731 0.042350 0.009051
v -0.063244 0.052174 0.026067
v -0.072986 0.042086 0.007790
v -0.062444 0.053002 0.026699
v -0.073203 0.041861 0.006515
v -0.061626 0.053849 0.027280
v -0.073381 0.041677 0.005227
v -0.060791 0.054714 0.027809
v -0.073520 0.041533 0.003929
v -0.059941 0.055595 0.028285
v -0.073619 0.041430 0.002623
v -0.059077 0.056489 0.028707
v -0.073679 0.041369 0.001313
v -0.058201 0.057396 0.029074
v -0.057315 0.058314 0.029386
v -0.073698 0.041348 -0.000000
v -0.056420 0.059240 0.029643
v -0.055518 0.060174 0.029842
v -0.054612 0.061113 0.029985
v -0.053701 0.062056 0.030071
v -0.052789 0.063000 0.030100
v -0.051877 0.063945 0.030071
v -0.050967 0.064887 0.029985
v -0.050060 0.065826 0.029842
v -0.049158 0.066760 0.029643
v -0.048264 0.067686 0.029386
v -0.043953 0.072151 0.027280
v -0.043134 0.072998 0.026699
v -0.044788 0.071286 0.027809
v -0.045638 0.070405 0.028285
v -0.046502 0.069511 0.028707
v -0.047378 0.068604 0.029074
v -0.042335 0.073826 0.026067
v -0.041555 0.074634 0.025386
v -0.040796 0.075419 0.024656
v -0.040060 0.076181 0.023880
v -0.039349 0.076918 0.023058
v -0.038663 0.077628 0.022192
v -0.038004 0.078310 0.021284
v -0.037373 0.078964 0.020335
v -0.036772 0.079586 0.019348
v -0.036201 0.080178 0.018324
v -0.035661 0.080736 0.017265
v -0.035154 0.081261 0.016173
v -0.034681 0.081751 0.015050
v -0.034243 0.082206 0.013899
v -0.033839 0.082624 0.012721
v -0.033472 0.083004 0.011519
v -0.033141 0.083346 0.010295
v -0.062444 0.053002 -0.026699
v -0.063244 0.052174 -0.026067
v -0.061626 0.053849 -0.027280
v -0.060791 0.054714 -0.027809
v -0.059941 0.055595 -0.028285
v -0.059077 0.056489 -0.028707
v -0.073679 0.041369 -0.001313
v -0.073619 0.041430 -0.002623
v -0.073520 0.041533 -0.003929
v -0.073381 0.041677 -0.005227
v -0.073203 0.041861 -0.006515
v -0.072986 0.042086 -0.007790
v -0.072731 0.042350 -0.009051
v -0.072437 0.042654 -0.010295
v -0.072107 0.042996 -0.011519
v -0.071739 0.043377 -0.012721
v -0.071336 0.043794 -0.013899
v -0.070897 0.044249 -0.015050
v -0.070424 0.044739 -0.016173
v -0.069917 0.045264 -0.017265
v -0.069378 0.045822 -0.018324
v -0.068806 0.046413 -0.019348
v -0.068205 0.047036 -0.020335
v -0.067574 0.047690 -0.021284
v -0.066915 0.048372 -0.022192
v -0.066229 0.049082 -0.023058
v -0.065518 0.049819 -0.023880
v -0.064782 0.050581 -0.024657
v -0.064024 0.051366 -0.025386
v -0.058201 0.057396 -0.029074
v -0.032848 0.083650 0.009051
v -0.057315 0.058314 -0.029387
v -0.056420 0.059240 -0.029643
v -0.055518 0.060174 -0.029843
v -0.054612 0.061113 -0.029986
v -0.053701 0.062056 -0.030071
v -0.052789 0.063000 -0.030100
v -0.051877 0.063945 -0.030071
v -0.050967 0.064887 -0.029986
v -0.050060 0.065826 -0.029843
v -0.049158 0.066760 -0.029643
v -0.048264 0.067686 -0.029387
v -0.047378 0.068604 -0.029074
v -0.030578 0.086000 -0.030578
v -0.046502 0.069511 -0.028707
v -0.045638 0.070405 -0.028285
v -0.044788 0.071286 -0.027809
v -0.043953 0.072151 -0.027280
v -0.043134 0.072998 -0.026699
v -0.042335 0.073826 -0.026067
v -0.041555 0.074634 -0.025386
v -0.040796 0.075419 -0.024657
v -0.040060 0.076181 -0.023880
v -0.039349 0.076918 -0.023058
v -0.038663 0.077628 -0.022192
v -0.038004 0.078310 -0.021284
v -0.037373 0.078964 -0.020335
v -0.036772 0.079586 -0.019348
v -0.036201 0.080178 -0.018324
v -0.035661 0.080736 -0.017265
v -0.035154 0.081261 -0.016173
v -0.034681 0.081751 -0.015050
v -0.034243 0.082206 -0.013899
v -0.033839 0.082624 -0.012721
v -0.033472 0.083004 -0.011519
v -0.033141 0.083346 -0.010295
v -0.032848 0.083650 -0.009051
v -0.031880 0.084652 -0.000000
v -0.031900 0.084632 0.001313
v -0.031960 0.084570 0.002623
v -0.032059 0.084467 0.003929
v -0.032198 0.084323 0.005227
v -0.032376 0.084139 0.006515
v -0.032592 0.083914 0.007790
v -0.031900 0.084632 -0.001313
v -0.031960 0.084570 -0.002623
v -0.032059 0.084467 -0.003929
v -0.032198 0.084323 -0.005227
v -0.032376 0.084139 -0.006515
v -0.032592 0.083914 -0.007790
v 0.021100 0.086000 -0.000000
v 0.021080 0.086000 -0.000920
v 0.021080 0.086000 0.000920
v 0.021020 0.086000 -0.001839
v 0.021020 0.086000 0.001839
v 0.020920 0.086000 -0.002754
v 0.020920 0.086000 0.002754
v 0.020779 0.086000 -0.003664
v 0.020779 0.086000 0.003664
v 0.020600 0.086000 -0.004567
v 0.020600 0.086000 0.004567
v 0.020381 0.086000 -0.005461
v 0.020381 0.086000 0.005461
v 0.020123 0.086000 -0.006345
v 0.020123 0.086000 0.006345
v 0.019827 0.086000 -0.007217
v 0.019827 0.086000 0.007217
v 0.019494 0.086000 -0.008075
v 0.019494 0.086000 0.008075
v 0.019123 0.086000 -0.008917
v 0.019123 0.086000 0.008917
v 0.018716 0.086000 -0.009743
v 0.018716 0.086000 0.009743
v 0.018273 0.086000 -0.010550
v 0.018273 0.086000 0.010550
v 0.017796 0.086000 -0.011337
v 0.017796 0.086000 0.011337
v 0.017284 0.086000 -0.012103
v 0.017284 0.086000 0.012102
v 0.016740 0.086000 -0.012845
v 0.016740 0.086000 0.012845
v 0.016164 0.086000 -0.013563
v 0.016164 0.086000 0.013563
v 0.015557 0.086000 -0.014255
v 0.015557 0.086000 0.014255
v 0.014920 0.086000 -0.014920
v 0.014920 0.086000 0.014920
v 0.014255 0.086000 -0.015557
v 0.014255 0.086000 0.015557
v 0.013563 0.086000 -0.016164
v 0.013563 0.086000 0.016163
v 0.012845 0.086000 -0.016740
v 0.012845 0.086000 0.016740
v 0.012103 0.086000 -0.017284
v 0.012103 0.086000 0.017284
v 0.011337 0.086000 -0.017796
v 0.011337 0.086000 0.017796
v 0.010550 0.086000 -0.018273
v 0.010550 0.086000 0.018273
v 0.009743 0.086000 -0.018716
v 0.009743 0.086000 0.018716
v 0.008917 0.086000 -0.019123
v 0.008917 0.086000 0.019123
v 0.008075 0.086000 -0.019494
v 0.008075 0.086000 0.019494
v 0.007217 0.086000 -0.019828
v 0.007217 0.086000 0.019827
v 0.006345 0.086000 -0.020123
v 0.006345 0.086000 0.020123
v 0.005461 0.086000 -0.020381
v 0.005461 0.086000 0.020381
v 0.004567 0.086000 -0.020600
v 0.004567 0.086000 0.020600
v 0.003664 0.086000 -0.020779
v 0.003664 0.086000 0.020779
v 0.002754 0.086000 -0.020920
v 0.002754 0.086000 0.020919
v 0.001839 0.086000 -0.021020
v 0.001839 0.086000 0.021020
v 0.000920 0.086000 -0.021080
v 0.000920 0.086000 0.021080
v 0.000000 0.086000 -0.021100
v -0.000000 0.086000 0.021100
v -0.021080 0.086000 0.000920
v -0.021100 0.086000 -0.000000
v -0.021020 0.086000 0.001839
v -0.020920 0.086000 0.002754
v -0.020779 0.086000 0.003664
v -0.020600 0.086000 0.004567
v -0.020381 0.086000 0.005461
v -0.020123 0.086000 0.006345
v -0.019827 0.086000 0.007217
v -0.019494 0.086000 0.008075
v -0.019123 0.086000 0.008917
v -0.018716 0.086000 0.009743
v -0.018273 0.086000 0.010550
v -0.017796 0.086000 0.011337
v -0.017284 0.086000 0.012102
v -0.016740 0.086000 0.012845
v -0.016164 0.086000 0.013563
v -0.015557 0.086000 0.014255
v -0.014920 0.086000 0.014920
v -0.014255 0.086000 0.015557
v -0.013563 0.086000 0.016163
v -0.012845 0.086000 0.016740
v -0.012103 0.086000 0.017284
v -0.011337 0.086000 0.017796
v -0.010550 0.086000 0.018273
v -0.009743 0.086000 0.018716
v -0.008917 0.086000 0.019123
v -0.008075 0.086000 0.019494
v -0.007217 0.086000 0.019827
v -0.006345 0.086000 0.020123
v -0.005461 0.086000 0.020381
v -0.004567 0.086000 0.020600
v -0.003664 0.086000 0.020779
v -0.002754 0.086000 0.020919
v -0.001839 0.086000 0.021020
v -0.000920 0.086000 0.021080
v -0.000920 0.086000 -0.021080
v -0.001839 0.086000 -0.021020
v -0.002754 0.086000 -0.020920
v -0.003664 0.086000 -0.020779
v -0.004567 0.086000 -0.020600
v -0.005461 0.086000 -0.020381
v -0.006345 0.086000 -0.020123
v -0.007217 0.086000 -0.019828
v -0.008075 0.086000 -0.019494
v -0.008917 0.086000 -0.019123
v -0.009743 0.086000 -0.018716
v -0.010550 0.086000 -0.018273
v -0.011337 0.086000 -0.017796
v -0.012103 0.086000 -0.017284
v -0.012845 0.086000 -0.016740
v -0.013563 0.086000 -0.016164
v -0.014255 0.086000 -0.015557
v -0.014920 0.086000 -0.014920
v -0.015557 0.086000 -0.014255
v -0.016164 0.086000 -0.013563
v -0.016740 0.086000 -0.012845
v -0.017284 0.086000 -0.012103
v -0.017796 0.086000 -0.011337
v -0.018273 0.086000 -0.010550
v -0.018716 0.086000 -0.009743
v -0.019123 0.086000 -0.008917
v -0.019494 0.086000 -0.008075
v -0.019827 0.086000 -0.007217
v -0.020123 0.086000 -0.006345
v -0.020381 0.086000 -0.005461
v -0.020600 0.086000 -0.004567
v -0.020779 0.086000 -0.003664
v -0.020920 0.086000 -0.002754
v -0.021020 0.086000 -0.001839
v -0.021080 0.086000 -0.000920
v 0.000000 0.082568 0.029722
v 0.001313 0.082548 0.029742
v 0.002623 0.082486 0.029801
v 0.003929 0.082383 0.029901
v 0.005227 0.082239 0.030040
v 0.006515 0.082055 0.030218
v 0.007790 0.081830 0.030434
v 0.009051 0.081566 0.030690
v 0.010295 0.081262 0.030983
v 0.011519 0.080920 0.031313
v 0.012721 0.080540 0.031681
v 0.013899 0.080122 0.032084
v 0.015050 0.079667 0.032523
v 0.016173 0.079177 0.032996
v 0.017265 0.078652 0.033503
v 0.018324 0.078094 0.034043
v 0.019348 0.077502 0.034614
v 0.020335 0.076880 0.035215
v 0.021284 0.076226 0.035846
v 0.022192 0.075544 0.036505
v 0.023058 0.074834 0.037191
v 0.023880 0.074097 0.037902
v 0.024657 0.073335 0.038638
v 0.025386 0.072550 0.039397
v 0.026067 0.071742 0.040176
v 0.026699 0.070914 0.040976
v 0.027280 0.070067 0.041794
v 0.027809 0.069202 0.042629
v 0.028285 0.068321 0.043480
v 0.028707 0.067427 0.044344
v 0.029074 0.066520 0.045219
v 0.029386 0.065602 0.046106
v 0.029643 0.064676 0.047000
v 0.029842 0.063742 0.047902
v 0.029986 0.062803 0.048809
v 0.030071 0.061861 0.049719
v 0.030100 0.060916 0.050631
v 0.030071 0.059972 0.051543
v 0.029986 0.059029 0.052453
v 0.029842 0.058090 0.053360
v 0.029643 0.057156 0.054262
v 0.029386 0.056230 0.055157
v 0.029074 0.055312 0.056043
v 0.028707 0.054405 0.056919
v 0.028285 0.053511 0.057782
v 0.027809 0.052630 0.058633
v 0.027280 0.051765 0.059468
v 0.026699 0.050918 0.060286
v 0.026067 0.050090 0.061086
v 0.025386 0.049282 0.061866
v 0.024657 0.048497 0.062624
v 0.023880 0.047735 0.063360
v 0.023058 0.046998 0.064071
v 0.022192 0.046288 0.064757
v 0.021284 0.045606 0.065416
v 0.020335 0.044952 0.066047
v 0.019348 0.044330 0.066648
v 0.018324 0.043738 0.067220
v 0.017265 0.043180 0.067759
v 0.016173 0.042655 0.068266
v 0.015050 0.042165 0.068739
v 0.013899 0.041710 0.069178
v 0.012721 0.041293 0.069581
v 0.011519 0.040912 0.069949
v 0.010295 0.040570 0.070279
v 0.009051 0.040266 0.070573
v 0.007790 0.040002 0.070828
v 0.006515 0.039777 0.071045
v 0.005227 0.039593 0.071223
v 0.003929 0.039449 0.071361
v 0.002623 0.039346 0.071461
v 0.001313 0.039285 0.071520
v 0.000000 0.039264 0.071540
v -0.001313 0.039285 0.071520
v -0.002623 0.039346 0.071461
v -0.003929 0.039449 0.071361
v -0.005227 0.039593 0.071223
v -0.006515 0.039777 0.071045
v -0.007790 0.040002 0.070828
v -0.009051 0.040266 0.070573
v -0.010295 0.040570 0.070279
v -0.011519 0.040912 0.069949
v -0.012721 0.041293 0.069581
v -0.013899 0.041710 0.069178
v -0.015050 0.042165 0.068739
v -0.016173 0.042655 0.068266
v -0.017265 0.043180 0.067759
v -0.018324 0.043738 0.067220
v -0.019348 0.044330 0.066648
v -0.020335 0.044952 0.066047
v -0.021284 0.045606 0.065416
v -0.022192 0.046288 0.064757
v -0.023058 0.046998 0.064071
v -0.023880 0.047735 0.063360
v -0.024657 0.048497 0.062624
v -0.025386 0.049282 0.061866
v -0.026067 0.050090 0.061086
v -0.026699 0.050918 0.060286
v -0.027280 0.051765 0.059468
v -0.027809 0.052630 0.058633
v -0.028285 0.053511 0.057782
v -0.028707 0.054405 0.056919
v -0.029074 0.055312 0.056043
v -0.029386 0.056230 0.055157
v -0.029643 0.057156 0.054262
v -0.029842 0.058090 0.053360
v -0.029986 0.059029 0.052453
v -0.030071 0.059972 0.051543
v -0.030100 0.060916 0.050631
v -0.030071 0.061861 0.049719
v -0.029986 0.062803 0.048809
v -0.029842 0.063742 0.047902
v -0.029643 0.064676 0.047000
v -0.029386 0.065602 0.046106
v -0.029074 0.066520 0.045219
v -0.028707 0.067427 0.044344
v -0.028285 0.068321 0.043480
v -0.027809 0.069202 0.042629
v -0.027280 0.070067 0.041794
v -0.026699 0.070914 0.040976
v -0.026067 0.071742 0.040176
v -0.025386 0.072550 0.039397
v -0.024657 0.073335 0.038638
v -0.023880 0.074097 0.037902
v -0.023058 0.074834 0.037191
v -0.022192 0.075544 0.036505
v -0.021284 0.076226 0.035846
v -0.020335 0.076880 0.035215
v -0.019348 0.077502 0.034614
v -0.018324 0.078094 0.034043
v -0.017265 0.078652 0.033503
v -0.016173 0.079177 0.032996
v -0.015050 0.079667 0.032523
v -0.013899 0.080122 0.032084
v -0.012721 0.080540 0.031681
v -0.011519 0.080920 0.031313
v -0.010295 0.081262 0.030983
v -0.009051 0.081566 0.030690
v -0.007790 0.081830 0.030434
v -0.006515 0.082055 0.030218
v -0.005227 0.082239 0.030040
v -0.003929 0.082383 0.029901
v -0.002623 0.082486 0.029801
v -0.001313 0.082548 0.029742
v -0.018324 0.045822 -0.069378
v -0.017265 0.045264 -0.069917
v -0.019348 0.046413 -0.068806
v -0.016173 0.044739 -0.070424
v -0.020335 0.047036 -0.068205
v -0.015050 0.044249 -0.070897
v -0.021284 0.047690 -0.067574
v -0.013899 0.043794 -0.071336
v -0.022192 0.048372 -0.066915
v -0.012721 0.043376 -0.071739
v -0.023058 0.049082 -0.066229
v -0.011519 0.042996 -0.072107
v -0.023880 0.049819 -0.065518
v -0.010295 0.042654 -0.072437
v -0.024657 0.050581 -0.064782
v -0.025386 0.051366 -0.064024
v -0.009051 0.042350 -0.072731
v -0.026067 0.052174 -0.063244
v -0.007790 0.042086 -0.072986
v -0.026699 0.053002 -0.062444
v -0.006515 0.041861 -0.073203
v -0.027280 0.053849 -0.061626
v -0.005227 0.041677 -0.073381
v -0.027809 0.054714 -0.060791
v -0.003929 0.041533 -0.073520
v -0.028285 0.055594 -0.059941
v -0.002623 0.041430 -0.073619
v -0.028707 0.056489 -0.059077
v -0.001313 0.041368 -0.073679
v -0.029074 0.057396 -0.058201
v -0.029386 0.058314 -0.057315
v -0.000000 0.041348 -0.073698
v -0.029643 0.059240 -0.056420
v -0.029842 0.060174 -0.055518
v -0.029986 0.061113 -0.054612
v -0.030071 0.062055 -0.053701
v -0.030100 0.063000 -0.052789
v -0.030071 0.063945 -0.051877
v -0.029986 0.064887 -0.050967
v -0.029842 0.065826 -0.050060
v -0.029643 0.066760 -0.049158
v -0.029386 0.067686 -0.048264
v -0.027280 0.072151 -0.043953
v -0.026699 0.072998 -0.043134
v -0.027809 0.071286 -0.044788
v -0.028285 0.070405 -0.045638
v -0.028707 0.069511 -0.046502
v -0.029074 0.068604 -0.047378
v -0.026067 0.073826 -0.042335
v -0.025386 0.074634 -0.041555
v -0.024657 0.075419 -0.040796
v -0.023880 0.076181 -0.040060
v -0.023058 0.076918 -0.039349
v -0.022192 0.077628 -0.038663
v -0.021284 0.078310 -0.038004
v -0.020335 0.078964 -0.037373
v -0.019348 0.079586 -0.036772
v -0.018324 0.080178 -0.036201
v -0.017265 0.080736 -0.035661
v -0.016173 0.081261 -0.035155
v -0.015050 0.081751 -0.034681
v -0.013899 0.082206 -0.034243
v -0.012721 0.082624 -0.033839
v -0.011519 0.083004 -0.033472
v -0.010295 0.083346 -0.033141
v 0.026699 0.053002 -0.062444
v 0.026067 0.052174 -0.063244
v 0.027280 0.053849 -0.061626
v 0.027809 0.054714 -0.060791
v 0.028285 0.055594 -0.059941
v 0.028707 0.056489 -0.059077
v 0.001313 0.041368 -0.073679
v 0.002623 0.041430 -0.073619
v 0.003929 0.041533 -0.073520
v 0.005227 0.041677 -0.073381
v 0.006515 0.041861 -0.073203
v 0.007790 0.042086 -0.072986
v 0.009051 0.042350 -0.072731
v 0.010295 0.042654 -0.072437
v 0.011519 0.042996 -0.072107
v 0.012721 0.043376 -0.071739
v 0.013899 0.043794 -0.071336
v 0.015050 0.044249 -0.070897
v 0.016173 0.044739 -0.070424
v 0.017265 0.045264 -0.069917
v 0.018324 0.045822 -0.069378
v 0.019348 0.046413 -0.068806
v 0.020335 0.047036 -0.068205
v 0.021284 0.047690 -0.067574
v 0.022192 0.048372 -0.066915
v 0.023058 0.049082 -0.066229
v 0.023880 0.049819 -0.065518
v 0.024657 0.050581 -0.064782
v 0.025386 0.051366 -0.064024
v 0.029074 0.057396 -0.058201
v -0.009051 0.083650 -0.032848
v 0.029386 0.058314 -0.057315
v 0.029643 0.059240 -0.056420
v 0.029842 0.060174 -0.055518
v 0.029986 0.061113 -0.054612
v 0.030071 0.062055 -0.053701
v 0.030100 0.063000 -0.052789
v 0.030071 0.063945 -0.051877
v 0.029986 0.064887 -0.050967
v 0.029842 0.065826 -0.050060
v 0.029643 0.066760 -0.049158
v 0.029386 0.067686 -0.048264
v 0.029074 0.068604 -0.047378
v 0.028707 0.069511 -0.046502
v 0.028285 0.070405 -0.045638
v 0.027809 0.071286 -0.044788
v 0.027280 0.072151 -0.043953
v 0.026699 0.072998 -0.043134
v 0.026067 0.073826 -0.042335
v 0.025386 0.074634 -0.041555
v 0.024657 0.075419 -0.040796
v 0.023880 0.076181 -0.040060
v 0.023058 0.076918 -0.039349
v 0.022192 0.077628 -0.038663
v 0.021284 0.078310 -0.038004
v 0.020335 0.078964 -0.037373
v 0.019348 0.079586 -0.036772
v 0.018324 0.080178 -0.036201
v 0.017265 0.080736 -0.035661
v 0.016173 0.081261 -0.035155
v 0.015050 0.081751 -0.034681
v 0.013899 0.082206 -0.034243
v 0.012721 0.082624 -0.033839
v 0.011519 0.083004 -0.033472
v 0.010295 0.083346 -0.033141
v 0.009051 0.083650 -0.032848
v 0.000000 0.084652 -0.031880
v -0.001313 0.084632 -0.031900
v -0.002623 0.084570 -0.031960
v -0.003929 0.084467 -0.032059
v -0.005227 0.084323 -0.032198
v -0.006515 0.084139 -0.032376
v -0.007790 0.083914 -0.032592
v 0.001313 0.084632 -0.031900
v 0.002623 0.084570 -0.031960
v 0.003929 0.084467 -0.032059
v 0.005227 0.084323 -0.032198
v 0.006515 0.084139 -0.032376
v 0.007790 0.083914 -0.032592
v 0.029722 0.082568 -0.000000
v 0.029742 0.082548 -0.001313
v 0.029801 0.082486 -0.002623
v 0.029901 0.082383 -0.003929
v 0.030040 0.082239 -0.005227
v 0.030218 0.082055 -0.006515
v 0.030434 0.081830 -0.007790
v 0.030690 0.081566 -0.009051
v 0.030983 0.081262 -0.010295
v 0.031314 0.080920 -0.011519
v 0.031681 0.080540 -0.012721
v 0.032084 0.080122 -0.013899
v 0.032523 0.079667 -0.015050
v 0.032996 0.079177 -0.016173
v 0.033503 0.078652 -0.017265
v 0.034043 0.078094 -0.018324
v 0.034614 0.077502 -0.019348
v 0.035215 0.076880 -0.020335
v 0.035846 0.076226 -0.021284
v 0.036505 0.075544 -0.022192
v 0.037191 0.074834 -0.023058
v 0.037902 0.074097 -0.023880
v 0.038638 0.073335 -0.024657
v 0.039397 0.072550 -0.025386
v 0.040176 0.071742 -0.026067
v 0.040976 0.070914 -0.026699
v 0.041795 0.070067 -0.027280
v 0.042629 0.069202 -0.027809
v 0.043480 0.068321 -0.028285
v 0.044344 0.067427 -0.028707
v 0.045219 0.066520 -0.029074
v 0.046106 0.065602 -0.029387
v 0.047000 0.064676 -0.029643
v 0.047902 0.063742 -0.029843
v 0.048809 0.062803 -0.029986
v 0.049719 0.061861 -0.030071
v 0.050631 0.060916 -0.030100
v 0.051543 0.059972 -0.030071
v 0.052454 0.059029 -0.029986
v 0.053360 0.058090 -0.029843
v 0.054262 0.057156 -0.029643
v 0.055157 0.056230 -0.029387
v 0.056043 0.055312 -0.029074
v 0.056919 0.054405 -0.028707
v 0.057783 0.053511 -0.028285
v 0.058633 0.052630 -0.027809
v 0.059468 0.051765 -0.027280
v 0.060286 0.050918 -0.026699
v 0.061086 0.050090 -0.026067
v 0.061866 0.049282 -0.025386
v 0.062624 0.048497 -0.024657
v 0.063360 0.047735 -0.023880
v 0.064071 0.046998 -0.023058
v 0.064757 0.046288 -0.022192
v 0.065416 0.045606 -0.021284
v 0.066047 0.044952 -0.020335
v 0.066648 0.044330 -0.019348
v 0.067220 0.043738 -0.018324
v 0.067759 0.043180 -0.017265
v 0.068266 0.042655 -0.016173
v 0.068739 0.042165 -0.015050
v 0.069178 0.041710 -0.013899
v 0.069581 0.041292 -0.012721
v 0.069949 0.040912 -0.011519
v 0.070279 0.040570 -0.010295
v 0.070573 0.040266 -0.009051
v 0.070828 0.040002 -0.007790
v 0.071045 0.039777 -0.006515
v 0.071223 0.039593 -0.005227
v 0.071361 0.039449 -0.003929
v 0.071461 0.039346 -0.002623
v 0.071520 0.039285 -0.001313
v 0.071540 0.039264 -0.000000
v 0.071520 0.039285 0.001313
v 0.071461 0.039346 0.002623
v 0.071361 0.039449 0.003929
v 0.071223 0.039593 0.005227
v 0.071045 0.039777 0.006515
v 0.070828 0.040002 0.007790
v 0.070573 0.040266 0.009051
v 0.070279 0.040570 0.010295
v 0.069949 0.040912 0.011519
v 0.069581 0.041292 0.012721
v 0.069178 0.041710 0.013899
v 0.068739 0.042165 0.015050
v 0.068266 0.042655 0.016173
v 0.067759 0.043180 0.017265
v 0.067220 0.043738 0.018324
v 0.066648 0.044330 0.019348
v 0.066047 0.044952 0.020335
v 0.065416 0.045606 0.021284
v 0.064757 0.046288 0.022192
v 0.064071 0.046998 0.023058
v 0.063360 0.047735 0.023880
v 0.062624 0.048497 0.024656
v 0.061866 0.049282 0.025386
v 0.061086 0.050090 0.026067
v 0.060286 0.050918 0.026699
v 0.059468 0.051765 0.027280
v 0.058633 0.052630 0.027809
v 0.057783 0.053511 0.028285
v 0.056919 0.054405 0.028707
v 0.056043 0.055312 0.029074
v 0.055157 0.056230 0.029386
v 0.054262 0.057156 0.029643
v 0.053360 0.058090 0.029842
v 0.052454 0.059029 0.029985
v 0.051543 0.059972 0.030071
v 0.050631 0.060916 0.030100
v 0.049719 0.061861 0.030071
v 0.048809 0.062803 0.029985
v 0.047902 0.063742 0.029842
v 0.047000 0.064676 0.029643
v 0.046106 0.065602 0.029386
v 0.045219 0.066520 0.029074
v 0.044344 0.067427 0.028707
v 0.043480 0.068321 0.028285
v 0.042629 0.069202 0.027809
v 0.041795 0.070067 0.027280
v 0.040976 0.070914 0.026699
v 0.040176 0.071742 0.026067
v 0.039397 0.072550 0.025386
v 0.038638 0.073335 0.024656
v 0.037902 0.074097 0.023880
v 0.037191 0.074834 0.023058
v 0.036505 0.075544 0.022192
v 0.035846 0.076226 0.021284
v 0.035215 0.076880 0.020335
v 0.034614 0.077502 0.019348
v 0.034043 0.078094 0.018324
v 0.033503 0.078652 0.017265
v 0.032996 0.079177 0.016173
v 0.032523 0.079667 0.015050
v 0.032084 0.080122 0.013899
v 0.031681 0.080540 0.012721
v 0.031314 0.080920 0.011519
v 0.030983 0.081262 0.010295
v 0.030690 0.081566 0.009051
v 0.030434 0.081830 0.007790
v 0.030218 0.082055 0.006515
v 0.030040 0.082239 0.005227
v 0.029901 0.082383 0.003929
v 0.029801 0.082486 0.002623
v 0.029742 0.082548 0.001313
v -0.029722 0.082568 -0.000000
v -0.029742 0.082548 0.001313
v -0.029801 0.082486 0.002623
v -0.029901 0.082383 0.003929
v -0.030040 0.082239 0.005227
v -0.030218 0.082055 0.006515
v -0.030434 0.081830 0.007790
v -0.030690 0.081566 0.009051
v -0.030983 0.081262 0.010295
v -0.031314 0.080920 0.011519
v -0.031681 0.080540 0.012721
v -0.032084 0.080122 0.013899
v -0.032523 0.079667 0.015050
v -0.032996 0.079177 0.016173
v -0.033503 0.078652 0.017265
v -0.034043 0.078094 0.018324
v -0.034614 0.077502 0.019348
v -0.035215 0.076880 0.020335
v -0.035846 0.076226 0.021284
v -0.036505 0.075544 0.022192
v -0.037191 0.074834 0.023058
v -0.037902 0.074097 0.023880
v -0.038638 0.073335 0.024656
v -0.039397 0.072550 0.025386
v -0.040176 0.071742 0.026067
v -0.040976 0.070914 0.026699
v -0.041795 0.070067 0.027280
v -0.042629 0.069202 0.027809
v -0.043480 0.068321 0.028285
v -0.044344 0.067427 0.028707
v -0.045219 0.066520 0.029074
v -0.046106 0.065602 0.029386
v -0.047000 0.064676 0.029643
v -0.047902 0.063742 0.029842
v -0.048809 0.062803 0.029985
v -0.049719 0.061861 0.030071
v -0.050631 0.060916 0.030100
v -0.051543 0.059972 0.030071
v -0.052454 0.059029 0.029985
v -0.053360 0.058090 0.029842
v -0.054262 0.057156 0.029643
v -0.055157 0.056230 0.029386
v -0.056043 0.055312 0.029074
v -0.056919 0.054405 0.028707
v -0.057783 0.053511 0.028285
v -0.058633 0.052630 0.027809
v -0.059468 0.051765 0.027280
v -0.060286 0.050918 0.026699
v -0.061086 0.050090 0.026067
v -0.061866 0.049282 0.025386
v -0.062624 0.048497 0.024656
v -0.063360 0.047735 0.023880
v -0.064071 0.046998 0.023058
v -0.064757 0.046288 0.022192
v -0.065416 0.045606 0.021284
v -0.066047 0.044952 0.020335
v -0.066648 0.044330 0.019348
v -0.067220 0.043738 0.018324
v -0.067759 0.043180 0.017265
v -0.068266 0.042655 0.016173
v -0.068739 0.042165 0.015050
v -0.069178 0.041710 0.013899
v -0.069581 0.041292 0.012721
v -0.069949 0.040912 0.011519
v -0.070279 0.040570 0.010295
v -0.070573 0.040266 0.009051
v -0.070828 0.040002 0.007790
v -0.071045 0.039777 0.006515
v -0.071223 0.039593 0.005227
v -0.071361 0.039449 0.003929
v -0.071461 0.039346 0.002623
v -0.071520 0.039285 0.001313
v -0.071540 0.039264 -0.000000
v -0.071520 0.039285 -0.001313
v -0.071461 0.039346 -0.002623
v -0.071361 0.039449 -0.003929
v -0.071223 0.039593 -0.005227
v -0.071045 0.039777 -0.006515
v -0.070828 0.040002 -0.007790
v -0.070573 0.040266 -0.009051
v -0.070279 0.040570 -0.010295
v -0.069949 0.040912 -0.011519
v -0.069581 0.041292 -0.012721
v -0.069178 0.041710 -0.013899
v -0.068739 0.042165 -0.015050
v -0.068266 0.042655 -0.016173
v -0.067759 0.043180 -0.017265
v -0.067220 0.043738 -0.018324
v -0.066648 0.044330 -0.019348
v -0.066047 0.044952 -0.020335
v -0.065416 0.045606 -0.021284
v -0.064757 0.046288 -0.022192
v -0.064071 0.046998 -0.023058
v -0.063360 0.047735 -0.023880
v -0.062624 0.048497 -0.024657
v -0.061866 0.049282 -0.025386
v -0.061086 0.050090 -0.026067
v -0.060286 0.050918 -0.026699
v -0.059468 0.051765 -0.027280
v -0.058633 0.052630 -0.027809
v -0.057783 0.053511 -0.028285
v -0.056919 0.054405 -0.028707
v -0.056043 0.055312 -0.029074
v -0.055157 0.056230 -0.029387
v -0.054262 0.057156 -0.029643
v -0.053360 0.058090 -0.029843
v -0.052454 0.059029 -0.029986
v -0.051543 0.059972 -0.030071
v -0.050631 0.060916 -0.030100
v -0.049719 0.061861 -0.030071
v -0.048809 0.062803 -0.029986
v -0.047902 0.063742 -0.029843
v -0.047000 0.064676 -0.029643
v -0.046106 0.065602 -0.029387
v -0.045219 0.066520 -0.029074
v -0.044344 0.067427 -0.028707
v -0.043480 0.068321 -0.028285
v -0.042629 0.069202 -0.027809
v -0.041795 0.070067 -0.027280
v -0.040976 0.070914 -0.026699
v -0.040176 0.071742 -0.026067
v -0.039397 0.072550 -0.025386
v -0.038638 0.073335 -0.024657
v -0.037902 0.074097 -0.023880
v -0.037191 0.074834 -0.023058
v -0.036505 0.075544 -0.022192
v -0.035846 0.076226 -0.021284
v -0.035215 0.076880 -0.020335
v -0.034614 0.077502 -0.019348
v -0.034043 0.078094 -0.018324
v -0.033503 0.078652 -0.017265
v -0.032996 0.079177 -0.016173
v -0.032523 0.079667 -0.015050
v -0.032084 0.080122 -0.013899
v -0.031681 0.080540 -0.012721
v -0.031314 0.080920 -0.011519
v -0.030983 0.081262 -0.010295
v -0.030690 0.081566 -0.009051
v -0.030434 0.081830 -0.007790
v -0.030218 0.082055 -0.006515
v -0.030040 0.082239 -0.005227
v -0.029901 0.082383 -0.003929
v -0.029801 0.082486 -0.002623
v -0.029742 0.082548 -0.001313
v -0.021100 0.083000 -0.000000
v -0.021080 0.083000 0.000920
v -0.021020 0.083000 0.001839
v -0.020920 0.083000 0.002754
v -0.020779 0.083000 0.003664
v -0.020600 0.083000 0.004567
v -0.020381 0.083000 0.005461
v -0.020123 0.083000 0.006345
v -0.019827 0.083000 0.007217
v -0.019494 0.083000 0.008075
v -0.019123 0.083000 0.008917
v -0.018716 0.083000 0.009743
v -0.018273 0.083000 0.010550
v -0.017796 0.083000 0.011337
v -0.017284 0.083000 0.012102
v -0.016740 0.083000 0.012845
v -0.016164 0.083000 0.013563
v -0.015557 0.083000 0.014255
v -0.014920 0.083000 0.014920
v -0.014255 0.083000 0.015557
v -0.013563 0.083000 0.016163
v -0.012845 0.083000 0.016740
v -0.012103 0.083000 0.017284
v -0.011337 0.083000 0.017796
v -0.010550 0.083000 0.018273
v -0.009743 0.083000 0.018716
v -0.008917 0.083000 0.019123
v -0.008075 0.083000 0.019494
v -0.007217 0.083000 0.019827
v -0.006345 0.083000 0.020123
v -0.005461 0.083000 0.020381
v -0.004567 0.083000 0.020600
v -0.003664 0.083000 0.020779
v -0.002754 0.083000 0.020919
v -0.001839 0.083000 0.021020
v -0.000920 0.083000 0.021080
v -0.000000 0.083000 0.021100
v 0.000920 0.083000 0.021080
v 0.001839 0.083000 0.021020
v 0.002754 0.083000 0.020919
v 0.003664 0.083000 0.020779
v 0.004567 0.083000 0.020600
v 0.005461 0.083000 0.020381
v 0.006345 0.083000 0.020123
v 0.007217 0.083000 0.019827
v 0.008075 0.083000 0.019494
v 0.008917 0.083000 0.019123
v 0.009743 0.083000 0.018716
v 0.010550 0.083000 0.018273
v 0.011337 0.083000 0.017796
v 0.012103 0.083000 0.017284
v 0.012845 0.083000 0.016740
v 0.013563 0.083000 0.016163
v 0.014255 0.083000 0.015557
v 0.014920 0.083000 0.014920
v 0.015557 0.083000 0.014255
v 0.016164 0.083000 0.013563
v 0.016740 0.083000 0.012845
v 0.017284 0.083000 0.012102
v 0.017796 0.083000 0.011337
v 0.018273 0.083000 0.010550
v 0.018716 0.083000 0.009743
v 0.019123 0.083000 0.008917
v 0.019494 0.083000 0.008075
v 0.019827 0.083000 0.007217
v 0.020123 0.083000 0.006345
v 0.020381 0.083000 0.005461
v 0.020600 0.083000 0.004567
v 0.020779 0.083000 0.003664
v 0.020920 0.083000 0.002754
v 0.021020 0.083000 0.001839
v 0.021080 0.083000 0.000920
v 0.021100 0.083000 -0.000000
v 0.021080 0.083000 -0.000920
v 0.021020 0.083000 -0.001839
v 0.020920 0.083000 -0.002754
v 0.020779 0.083000 -0.003664
v 0.020600 0.083000 -0.004567
v 0.020381 0.083000 -0.005461
v 0.020123 0.083000 -0.006345
v 0.019827 0.083000 -0.007217
v 0.019494 0.083000 -0.008075
v 0.019123 0.083000 -0.008917
v 0.018716 0.083000 -0.009743
v 0.018273 0.083000 -0.010550
v 0.017796 0.083000 -0.011337
v 0.017284 0.083000 -0.012103
v 0.016740 0.083000 -0.012845
v 0.016164 0.083000 -0.013563
v 0.015557 0.083000 -0.014255
v 0.014920 0.083000 -0.014920
v 0.014255 0.083000 -0.015557
v 0.013563 0.083000 -0.016164
v 0.012845 0.083000 -0.016740
v 0.012103 0.083000 -0.017284
v 0.011337 0.083000 -0.017796
v 0.010550 0.083000 -0.018273
v 0.009743 0.083000 -0.018716
v 0.008917 0.083000 -0.019123
v 0.008075 0.083000 -0.019494
v 0.007217 0.083000 -0.019828
v 0.006345 0.083000 -0.020123
v 0.005461 0.083000 -0.020381
v 0.004567 0.083000 -0.020600
v 0.003664 0.083000 -0.020779
v 0.002754 0.083000 -0.020920
v 0.001839 0.083000 -0.021020
v 0.000920 0.083000 -0.021080
v 0.000000 0.083000 -0.021100
v -0.000920 0.083000 -0.021080
v -0.001839 0.083000 -0.021020
v -0.002754 0.083000 -0.020920
v -0.003664 0.083000 -0.020779
v -0.004567 0.083000 -0.020600
v -0.005461 0.083000 -0.020381
v -0.006345 0.083000 -0.020123
v -0.007217 0.083000 -0.019828
v -0.008075 0.083000 -0.019494
v -0.008917 0.083000 -0.019123
v -0.009743 0.083000 -0.018716
v -0.010550 0.083000 -0.018273
v -0.011337 0.083000 -0.017796
v -0.012103 0.083000 -0.017284
v -0.012845 0.083000 -0.016740
v -0.013563 0.083000 -0.016164
v -0.014255 0.083000 -0.015557
v -0.014920 0.083000 -0.014920
v -0.015557 0.083000 -0.014255
v -0.016164 0.083000 -0.013563
v -0.016740 0.083000 -0.012845
v -0.017284 0.083000 -0.012103
v -0.017796 0.083000 -0.011337
v -0.018273 0.083000 -0.010550
v -0.018716 0.083000 -0.009743
v -0.019123 0.083000 -0.008917
v -0.019494 0.083000 -0.008075
v -0.019827 0.083000 -0.007217
v -0.020123 0.083000 -0.006345
v -0.020381 0.083000 -0.005461
v -0.020600 0.083000 -0.004567
v -0.020779 0.083000 -0.003664
v -0.020920 0.083000 -0.002754
v -0.021020 0.083000 -0.001839
v -0.021080 0.083000 -0.000920
v -0.019021 0.047233 0.063844
v -0.019833 0.047843 0.063255
v -0.018173 0.046650 0.064408
v -0.020607 0.048478 0.062642
v -0.017291 0.046093 0.064946
v -0.021341 0.049136 0.062007
v -0.016376 0.045564 0.065456
v -0.022035 0.049817 0.061349
v -0.015429 0.045065 0.065938
v -0.022687 0.050519 0.060671
v -0.014453 0.044596 0.066391
v -0.023296 0.051241 0.059974
v -0.013450 0.044158 0.066814
v -0.023861 0.051981 0.059259
v -0.012421 0.043752 0.067206
v -0.024380 0.052738 0.058528
v -0.011368 0.043379 0.067567
v -0.024852 0.053511 0.057782
v -0.010294 0.043039 0.067895
v -0.025278 0.054298 0.057022
v -0.009200 0.042733 0.068191
v -0.025655 0.055097 0.056250
v -0.008089 0.042461 0.068453
v -0.025983 0.055908 0.055467
v -0.006962 0.042225 0.068681
v -0.026262 0.056728 0.054676
v -0.005822 0.042025 0.068875
v -0.026491 0.057556 0.053876
v -0.004671 0.041860 0.069034
v -0.026670 0.058390 0.053070
v -0.003511 0.041731 0.069158
v -0.026798 0.059230 0.052260
v -0.002344 0.041639 0.069246
v -0.026874 0.060072 0.051446
v -0.001173 0.041584 0.069300
v -0.026900 0.060916 0.050631
v 0.000000 0.041566 0.069317
v -0.026874 0.061760 0.049816
v 0.001173 0.041584 0.069300
v -0.026798 0.062602 0.049002
v 0.002344 0.041639 0.069246
v -0.026670 0.063442 0.048192
v 0.003511 0.041731 0.069158
v -0.026491 0.064276 0.047386
v 0.004671 0.041860 0.069034
v -0.026262 0.065104 0.046587
v 0.005822 0.042025 0.068875
v -0.025983 0.065924 0.045795
v 0.006962 0.042225 0.068681
v -0.025655 0.066735 0.045012
v 0.008089 0.042461 0.068453
v -0.025278 0.067534 0.044240
v 0.009200 0.042733 0.068191
v -0.024852 0.068321 0.043480
v 0.010294 0.043039 0.067895
v -0.024380 0.069094 0.042734
v 0.011368 0.043379 0.067567
v -0.023861 0.069851 0.042003
v 0.012421 0.043752 0.067206
v -0.023296 0.070591 0.041288
v 0.013450 0.044158 0.066814
v -0.022687 0.071313 0.040591
v 0.014453 0.044596 0.066391
v -0.022035 0.072015 0.039913
v 0.015429 0.045065 0.065938
v -0.021341 0.072696 0.039256
v 0.016376 0.045564 0.065456
v -0.020607 0.073354 0.038620
v 0.017291 0.046093 0.064946
v -0.019833 0.073989 0.038007
v 0.018173 0.046650 0.064408
v -0.019021 0.074599 0.037418
v 0.019021 0.047233 0.063844
v -0.018173 0.075182 0.036854
v 0.019833 0.047843 0.063255
v -0.017291 0.075739 0.036317
v 0.020607 0.048478 0.062642
v -0.016376 0.076268 0.035806
v 0.021341 0.049136 0.062007
v 0.022035 0.049817 0.061349
v -0.015429 0.076767 0.035324
v -0.014453 0.077236 0.034871
v 0.022687 0.050519 0.060671
v 0.023296 0.051241 0.059974
v -0.013450 0.077674 0.034448
v -0.012421 0.078080 0.034056
v 0.023861 0.051981 0.059259
v -0.011368 0.078453 0.033696
v 0.024380 0.052738 0.058528
v -0.010294 0.078793 0.033367
v 0.024852 0.053511 0.057782
v -0.009200 0.079099 0.033072
v 0.025278 0.054298 0.057022
v -0.008089 0.079371 0.032810
v 0.025655 0.055097 0.056250
v -0.006962 0.079607 0.032582
v 0.025983 0.055908 0.055467
v -0.005822 0.079808 0.032388
v -0.004671 0.079972 0.032229
v 0.026262 0.056728 0.054676
v 0.026491 0.057556 0.053876
v -0.003511 0.080101 0.032105
v -0.002344 0.080193 0.032016
v 0.026670 0.058390 0.053070
v 0.026798 0.059230 0.052260
v -0.001173 0.080248 0.031963
v 0.000000 0.080266 0.031945
v 0.026874 0.060072 0.051446
v 0.026900 0.060916 0.050631
v 0.001173 0.080248 0.031963
v 0.026874 0.061760 0.049816
v 0.002344 0.080193 0.032016
v 0.026798 0.062602 0.049002
v 0.003511 0.080101 0.032105
v 0.026670 0.063442 0.048192
v 0.026491 0.064276 0.047386
v 0.004671 0.079972 0.032229
v 0.005822 0.079808 0.032388
v 0.026262 0.065104 0.046587
v 0.025983 0.065924 0.045795
v 0.006962 0.079607 0.032582
v 0.025655 0.066735 0.045012
v 0.008089 0.079371 0.032810
v 0.025278 0.067534 0.044240
v 0.009200 0.079099 0.033072
v 0.010294 0.078793 0.033367
v 0.011368 0.078453 0.033696
v 0.024852 0.068321 0.043480
v 0.024380 0.069094 0.042734
v 0.023861 0.069851 0.042003
v 0.012421 0.078080 0.034056
v 0.023296 0.070591 0.041288
v 0.022687 0.071313 0.040591
v 0.013450 0.077674 0.034448
v 0.014453 0.077236 0.034871
v 0.015429 0.076767 0.035324
v 0.022035 0.072015 0.039913
v 0.016376 0.076268 0.035806
v 0.021341 0.072696 0.039256
v 0.017291 0.075739 0.036317
v 0.020607 0.073354 0.038620
v 0.018173 0.075182 0.036854
v 0.019833 0.073989 0.038007
v 0.019021 0.074599 0.037418
v 0.000000 0.082568 -0.029722
v -0.001313 0.082548 -0.029742
v -0.002623 0.082486 -0.029802
v -0.003929 0.082383 -0.029901
v -0.005227 0.082239 -0.030040
v -0.006515 0.082055 -0.030218
v -0.007790 0.081830 -0.030434
v -0.009051 0.081566 -0.030690
v -0.010295 0.081262 -0.030983
v -0.011519 0.080920 -0.031314
v -0.012721 0.080540 -0.031681
v -0.013899 0.080122 -0.032084
v -0.015050 0.079667 -0.032523
v -0.016173 0.079177 -0.032997
v -0.017265 0.078652 -0.033503
v -0.018324 0.078094 -0.034043
v -0.019348 0.077502 -0.034614
v -0.020335 0.076880 -0.035215
v -0.021284 0.076226 -0.035846
v -0.022192 0.075544 -0.036505
v -0.023058 0.074834 -0.037191
v -0.023880 0.074097 -0.037902
v -0.024657 0.073335 -0.038638
v -0.025386 0.072550 -0.039397
v -0.026067 0.071742 -0.040177
v -0.026699 0.070914 -0.040976
v -0.027280 0.070067 -0.041795
v -0.027809 0.069202 -0.042630
v -0.028285 0.068321 -0.043480
v -0.028707 0.067427 -0.044344
v -0.029074 0.066520 -0.045219
v -0.029386 0.065602 -0.046106
v -0.029643 0.064676 -0.047000
v -0.029842 0.063742 -0.047902
v -0.029986 0.062803 -0.048809
v -0.030071 0.061860 -0.049719
v -0.030100 0.060916 -0.050631
v -0.030071 0.059972 -0.051543
v -0.029986 0.059029 -0.052454
v -0.029842 0.058090 -0.053360
v -0.029643 0.057156 -0.054262
v -0.029386 0.056230 -0.055157
v -0.029074 0.055312 -0.056043
v -0.028707 0.054405 -0.056919
v -0.028285 0.053511 -0.057783
v -0.027809 0.052630 -0.058633
v -0.027280 0.051765 -0.059468
v -0.026699 0.050918 -0.060286
v -0.026067 0.050090 -0.061086
v -0.025386 0.049282 -0.061866
v -0.024657 0.048497 -0.062624
v -0.023880 0.047735 -0.063360
v -0.023058 0.046998 -0.064071
v -0.022192 0.046288 -0.064757
v -0.021284 0.045606 -0.065416
v -0.020335 0.044952 -0.066047
v -0.019348 0.044329 -0.066648
v -0.018324 0.043738 -0.067220
v -0.017265 0.043180 -0.067759
v -0.016173 0.042655 -0.068266
v -0.015050 0.042165 -0.068739
v -0.013899 0.041710 -0.069178
v -0.012721 0.041292 -0.069581
v -0.011519 0.040912 -0.069949
v -0.010295 0.040570 -0.070279
v -0.009051 0.040266 -0.070573
v -0.007790 0.040002 -0.070828
v -0.006515 0.039777 -0.071045
v -0.005227 0.039593 -0.071223
v -0.003929 0.039449 -0.071361
v -0.002623 0.039346 -0.071461
v -0.001313 0.039284 -0.071520
v -0.000000 0.039264 -0.071540
v 0.001313 0.039284 -0.071520
v 0.002623 0.039346 -0.071461
v 0.003929 0.039449 -0.071361
v 0.005227 0.039593 -0.071223
v 0.006515 0.039777 -0.071045
v 0.007790 0.040002 -0.070828
v 0.009051 0.040266 -0.070573
v 0.010295 0.040570 -0.070279
v 0.011519 0.040912 -0.069949
v 0.012721 0.041292 -0.069581
v 0.013899 0.041710 -0.069178
v 0.015050 0.042165 -0.068739
v 0.016173 0.042655 -0.068266
v 0.017265 0.043180 -0.067759
v 0.018324 0.043738 -0.067220
v 0.019348 0.044329 -0.066648
v 0.020335 0.044952 -0.066047
v 0.021284 0.045606 -0.065416
v 0.022192 0.046288 -0.064757
v 0.023058 0.046998 -0.064071
v 0.023880 0.047735 -0.063360
v 0.024657 0.048497 -0.062624
v 0.025386 0.049282 -0.061866
v 0.026067 0.050090 -0.061086
v 0.026699 0.050918 -0.060286
v 0.027280 0.051765 -0.059468
v 0.027809 0.052630 -0.058633
v 0.028285 0.053511 -0.057783
v 0.028707 0.054405 -0.056919
v 0.029074 0.055312 -0.056043
v 0.029386 0.056230 -0.055157
v 0.029643 0.057156 -0.054262
v 0.029842 0.058090 -0.053360
v 0.029986 0.059029 -0.052454
v 0.030071 0.059972 -0.051543
v 0.030100 0.060916 -0.050631
v 0.030071 0.061860 -0.049719
v 0.029986 0.062803 -0.048809
v 0.029842 0.063742 -0.047902
v 0.029643 0.064676 -0.047000
v 0.029386 0.065602 -0.046106
v 0.029074 0.066520 -0.045219
v 0.028707 0.067427 -0.044344
v 0.028285 0.068321 -0.043480
v 0.027809 0.069202 -0.042630
v 0.027280 0.070067 -0.041795
v 0.026699 0.070914 -0.040976
v 0.026067 0.071742 -0.040177
v 0.025386 0.072550 -0.039397
v 0.024657 0.073335 -0.038638
v 0.023880 0.074097 -0.037902
v 0.023058 0.074834 -0.037191
v 0.022192 0.075544 -0.036505
v 0.021284 0.076226 -0.035846
v 0.020335 0.076880 -0.035215
v 0.019348 0.077502 -0.034614
v 0.018324 0.078094 -0.034043
v 0.017265 0.078652 -0.033503
v 0.016173 0.079177 -0.032997
v 0.015050 0.079667 -0.032523
v 0.013899 0.080122 -0.032084
v 0.012721 0.080540 -0.031681
v 0.011519 0.080920 -0.031314
v 0.010295 0.081262 -0.030983
v 0.009051 0.081566 -0.030690
v 0.007790 0.081830 -0.030434
v 0.006515 0.082055 -0.030218
v 0.005227 0.082239 -0.030040
v 0.003929 0.082383 -0.029901
v 0.002623 0.082486 -0.029802
v 0.001313 0.082548 -0.029742
v 0.063844 0.047233 0.019021
v 0.063255 0.047843 0.019833
v 0.064408 0.046650 0.018173
v 0.062642 0.048478 0.020607
v 0.064946 0.046093 0.017291
v 0.062007 0.049136 0.021341
v 0.065456 0.045564 0.016376
v 0.061349 0.049817 0.022035
v 0.065938 0.045065 0.015429
v 0.060671 0.050519 0.022687
v 0.066391 0.044596 0.014453
v 0.059974 0.051241 0.023296
v 0.066814 0.044158 0.013450
v 0.059260 0.051981 0.023861
v 0.067206 0.043752 0.012421
v 0.058528 0.052738 0.024380
v 0.067567 0.043379 0.011368
v 0.057782 0.053511 0.024852
v 0.067895 0.043039 0.010294
v 0.057022 0.054298 0.025278
v 0.068191 0.042733 0.009200
v 0.056250 0.055097 0.025655
v 0.068453 0.042461 0.008089
v 0.055468 0.055908 0.025983
v 0.068681 0.042225 0.006962
v 0.054676 0.056728 0.026262
v 0.068875 0.042025 0.005822
v 0.053876 0.057556 0.026491
v 0.069034 0.041860 0.004671
v 0.053070 0.058390 0.026670
v 0.069158 0.041731 0.003511
v 0.052260 0.059230 0.026798
v 0.069246 0.041639 0.002344
v 0.051446 0.060072 0.026874
v 0.069300 0.041584 0.001173
v 0.050631 0.060916 0.026900
v 0.069317 0.041566 -0.000000
v 0.049816 0.061760 0.026874
v 0.069300 0.041584 -0.001173
v 0.049003 0.062602 0.026798
v 0.069246 0.041639 -0.002344
v 0.048192 0.063442 0.026670
v 0.069158 0.041731 -0.003511
v 0.047386 0.064276 0.026491
v 0.069034 0.041860 -0.004671
v 0.046587 0.065104 0.026262
v 0.068875 0.042025 -0.005822
v 0.045795 0.065924 0.025983
v 0.068681 0.042225 -0.006962
v 0.045012 0.066735 0.025655
v 0.068453 0.042461 -0.008089
v 0.044240 0.067534 0.025278
v 0.068191 0.042733 -0.009200
v 0.043480 0.068321 0.024852
v 0.067895 0.043039 -0.010294
v 0.042734 0.069094 0.024380
v 0.067567 0.043379 -0.011368
v 0.042003 0.069851 0.023861
v 0.067206 0.043752 -0.012421
v 0.041288 0.070591 0.023296
v 0.066814 0.044158 -0.013450
v 0.040591 0.071313 0.022687
v 0.066391 0.044596 -0.014453
v 0.039913 0.072015 0.022035
v 0.065938 0.045065 -0.015429
v 0.039256 0.072696 0.021341
v 0.065456 0.045564 -0.016376
v 0.038620 0.073354 0.020607
v 0.064946 0.046093 -0.017291
v 0.038007 0.073989 0.019833
v 0.064408 0.046650 -0.018173
v 0.037418 0.074599 0.019021
v 0.063844 0.047233 -0.019021
v 0.036854 0.075182 0.018173
v 0.063255 0.047843 -0.019833
v 0.036317 0.075739 0.017291
v 0.062642 0.048478 -0.020607
v 0.035806 0.076268 0.016376
v 0.062007 0.049136 -0.021341
v 0.035324 0.076767 0.015429
v 0.061349 0.049817 -0.022035
v 0.034871 0.077236 0.014453
v 0.060671 0.050519 -0.022687
v 0.034448 0.077674 0.013450
v 0.059974 0.051241 -0.023296
v 0.034056 0.078080 0.012421
v 0.059260 0.051981 -0.023861
v 0.033696 0.078453 0.011368
v 0.058528 0.052738 -0.024380
v 0.033367 0.078793 0.010294
v 0.057782 0.053511 -0.024852
v 0.057022 0.054298 -0.025278
v 0.033072 0.079099 0.009200
v 0.032810 0.079371 0.008089
v 0.056250 0.055097 -0.025655
v 0.032582 0.079607 0.006962
v 0.032388 0.079808 0.005822
v 0.055468 0.055908 -0.025983
v 0.032229 0.079972 0.004671
v 0.054676 0.056728 -0.026262
v 0.053876 0.057556 -0.026491
v 0.053070 0.058390 -0.026670
v 0.032105 0.080101 0.003511
v 0.032016 0.080193 0.002344
v 0.031963 0.080248 0.001173
v 0.052260 0.059230 -0.026798
v 0.051446 0.060072 -0.026874
v 0.031963 0.080248 -0.001173
v 0.031945 0.080266 -0.000000
v 0.050631 0.060916 -0.026900
v 0.049816 0.061760 -0.026874
v 0.032016 0.080193 -0.002344
v 0.032105 0.080101 -0.003511
v 0.049003 0.062602 -0.026798
v 0.048192 0.063442 -0.026670
v 0.032229 0.079972 -0.004671
v 0.047386 0.064276 -0.026491
v 0.032388 0.079808 -0.005822
v 0.046587 0.065104 -0.026262
v 0.032582 0.079607 -0.006962
v 0.032810 0.079371 -0.008089
v 0.045795 0.065924 -0.025983
v 0.045012 0.066735 -0.025655
v 0.033072 0.079099 -0.009200
v 0.044240 0.067534 -0.025278
v 0.043480 0.068321 -0.024852
v 0.033367 0.078793 -0.010294
v 0.042734 0.069094 -0.024380
v 0.033696 0.078453 -0.011368
v 0.034056 0.078080 -0.012421
v 0.042003 0.069851 -0.023861
v 0.041288 0.070591 -0.023296
v 0.034448 0.077674 -0.013450
v 0.040591 0.071313 -0.022687
v 0.034871 0.077236 -0.014453
v 0.035324 0.076767 -0.015429
v 0.039913 0.072015 -0.022035
v 0.035806 0.076268 -0.016376
v 0.039256 0.072696 -0.021341
v 0.038620 0.073354 -0.020607
v 0.036317 0.075739 -0.017291
v 0.036854 0.075182 -0.018173
v 0.038007 0.073989 -0.019833
v 0.037418 0.074599 -0.019021
v -0.063844 0.047233 -0.019021
v -0.063255 0.047843 -0.019833
v -0.064408 0.046650 -0.018173
v -0.062642 0.048478 -0.020607
v -0.064946 0.046093 -0.017291
v -0.062007 0.049136 -0.021341
v -0.065456 0.045564 -0.016376
v -0.061349 0.049817 -0.022035
v -0.065938 0.045065 -0.015429
v -0.060671 0.050519 -0.022687
v -0.066391 0.044596 -0.014453
v -0.059974 0.051241 -0.023296
v -0.066814 0.044158 -0.013450
v -0.059260 0.051981 -0.023861
v -0.067206 0.043752 -0.012421
v -0.058528 0.052738 -0.024380
v -0.067567 0.043379 -0.011368
v -0.057782 0.053511 -0.024852
v -0.067895 0.043039 -0.010294
v -0.057022 0.054298 -0.025278
v -0.068191 0.042733 -0.009200
v -0.056250 0.055097 -0.025655
v -0.068453 0.042461 -0.008089
v -0.055468 0.055908 -0.025983
v -0.068681 0.042225 -0.006962
v -0.054676 0.056728 -0.026262
v -0.068875 0.042025 -0.005822
v -0.053876 0.057556 -0.026491
v -0.069034 0.041860 -0.004671
v -0.053070 0.058390 -0.026670
v -0.069158 0.041731 -0.003511
v -0.052260 0.059230 -0.026798
v -0.069246 0.041639 -0.002344
v -0.051446 0.060072 -0.026874
v -0.069300 0.041584 -0.001173
v -0.050631 0.060916 -0.026900
v -0.069317 0.041566 -0.000000
v -0.049816 0.061760 -0.026874
v -0.069300 0.041584 0.001173
v -0.049003 0.062602 -0.026798
v -0.069246 0.041639 0.002344
v -0.048192 0.063442 -0.026670
v -0.069158 0.041731 0.003511
v -0.047386 0.064276 -0.026491
v -0.069034 0.041860 0.004671
v -0.046587 0.065104 -0.026262
v -0.068875 0.042025 0.005822
v -0.045795 0.065924 -0.025983
v -0.068681 0.042225 0.006962
v -0.045012 0.066735 -0.025655
v -0.068453 0.042461 0.008089
v -0.044240 0.067534 -0.025278
v -0.068191 0.042733 0.009200
v -0.043480 0.068321 -0.024852
v -0.067895 0.043039 0.010294
v -0.042734 0.069094 -0.024380
v -0.067567 0.043379 0.011368
v -0.042003 0.069851 -0.023861
v -0.067206 0.043752 0.012421
v -0.041288 0.070591 -0.023296
v -0.066814 0.044158 0.013450
v -0.040591 0.071313 -0.022687
v -0.066391 0.044596 0.014453
v -0.039913 0.072015 -0.022035
v -0.065938 0.045065 0.015429
v -0.039256 0.072696 -0.021341
v -0.065456 0.045564 0.016376
v -0.038620 0.073354 -0.020607
v -0.064946 0.046093 0.017291
v -0.038007 0.073989 -0.019833
v -0.064408 0.046650 0.018173
v -0.037418 0.074599 -0.019021
v -0.063844 0.047233 0.019021
v -0.036854 0.075182 -0.018173
v -0.063255 0.047843 0.019833
v -0.036317 0.075739 -0.017291
v -0.062642 0.048478 0.020607
v -0.035806 0.076268 -0.016376
v -0.062007 0.049136 0.021341
v -0.061349 0.049817 0.022035
v -0.035324 0.076767 -0.015429
v -0.060671 0.050519 0.022687
v -0.034871 0.077236 -0.014453
v -0.059974 0.051241 0.023296
v -0.034448 0.077674 -0.013450
v -0.034056 0.078080 -0.012421
v -0.059260 0.051981 0.023861
v -0.033696 0.078453 -0.011368
v -0.058528 0.052738 0.024380
v -0.033367 0.078793 -0.010294
v -0.057782 0.053511 0.024852
v -0.033072 0.079099 -0.009200
v -0.057022 0.054298 0.025278
v -0.032810 0.079371 -0.008089
v -0.056250 0.055097 0.025655
v -0.032582 0.079607 -0.006962
v -0.032388 0.079808 -0.005822
v -0.055468 0.055908 0.025983
v -0.054676 0.056728 0.026262
v -0.032229 0.079972 -0.004671
v -0.053876 0.057556 0.026491
v -0.053070 0.058390 0.026670
v -0.032105 0.080101 -0.003511
v -0.032016 0.080193 -0.002344
v -0.031963 0.080248 -0.001173
v -0.052260 0.059230 0.026798
v -0.031945 0.080266 -0.000000
v -0.051446 0.060072 0.026874
v -0.050631 0.060916 0.026900
v -0.031963 0.080248 0.001173
v -0.049816 0.061760 0.026874
v -0.032016 0.080193 0.002344
v -0.032105 0.080101 0.003511
v -0.049003 0.062602 0.026798
v -0.048192 0.063442 0.026670
v -0.032229 0.079972 0.004671
v -0.047386 0.064276 0.026491
v -0.032388 0.079808 0.005822
v -0.046587 0.065104 0.026262
v -0.032582 0.079607 0.006962
v -0.032810 0.079371 0.008089
v -0.045795 0.065924 0.025983
v -0.045012 0.066735 0.025655
v -0.033072 0.079099 0.009200
v -0.044240 0.067534 0.025278
v -0.043480 0.068321 0.024852
v -0.033367 0.078793 0.010294
v -0.042734 0.069094 0.024380
v -0.033696 0.078453 0.011368
v -0.034056 0.078080 0.012421
v -0.042003 0.069851 0.023861
v -0.041288 0.070591 0.023296
v -0.040591 0.071313 0.022687
v -0.034448 0.077674 0.013450
v -0.034871 0.077236 0.014453
v -0.035324 0.076767 0.015429
v -0.039913 0.072015 0.022035
v -0.035806 0.076268 0.016376
v -0.039256 0.072696 0.021341
v -0.036317 0.075739 0.017291
v -0.038620 0.073354 0.020607
v -0.036854 0.075182 0.018173
v -0.037418 0.074599 0.019021
v -0.038007 0.073989 0.019833
v 0.012093 0.083000 -0.013197
v 0.012657 0.083000 -0.012657
v 0.013197 0.083000 -0.012093
v 0.011506 0.083000 -0.013712
v 0.013712 0.083000 -0.011506
v 0.010897 0.083000 -0.014201
v 0.014201 0.083000 -0.010897
v 0.010267 0.083000 -0.014663
v 0.014663 0.083000 -0.010267
v 0.009618 0.083000 -0.015097
v 0.015097 0.083000 -0.009618
v 0.008950 0.083000 -0.015502
v 0.015502 0.083000 -0.008950
v 0.008265 0.083000 -0.015878
v 0.015878 0.083000 -0.008265
v 0.007565 0.083000 -0.016223
v 0.016223 0.083000 -0.007565
v 0.006850 0.083000 -0.016537
v 0.016537 0.083000 -0.006850
v 0.006122 0.083000 -0.016821
v 0.016820 0.083000 -0.006122
v 0.005383 0.083000 -0.017072
v 0.017072 0.083000 -0.005383
v 0.004633 0.083000 -0.017290
v 0.017290 0.083000 -0.004633
v 0.003874 0.083000 -0.017476
v 0.017476 0.083000 -0.003874
v 0.003108 0.083000 -0.017628
v 0.017628 0.083000 -0.003108
v 0.002336 0.083000 -0.017747
v 0.017747 0.083000 -0.002336
v 0.001560 0.083000 -0.017832
v 0.017832 0.083000 -0.001560
v 0.000781 0.083000 -0.017883
v 0.017883 0.083000 -0.000781
v 0.000000 0.083000 -0.017900
v 0.017900 0.083000 -0.000000
v -0.000781 0.083000 -0.017883
v 0.017883 0.083000 0.000781
v -0.001560 0.083000 -0.017832
v 0.017832 0.083000 0.001560
v -0.002336 0.083000 -0.017747
v 0.017747 0.083000 0.002336
v -0.003108 0.083000 -0.017628
v 0.017628 0.083000 0.003108
v -0.003874 0.083000 -0.017476
v 0.017476 0.083000 0.003874
v -0.004633 0.083000 -0.017290
v 0.017290 0.083000 0.004633
v -0.005383 0.083000 -0.017072
v 0.017072 0.083000 0.005383
v -0.006122 0.083000 -0.016821
v 0.016820 0.083000 0.006122
v -0.006850 0.083000 -0.016537
v 0.016537 0.083000 0.006850
v -0.007565 0.083000 -0.016223
v 0.016223 0.083000 0.007565
v -0.008265 0.083000 -0.015878
v 0.015878 0.083000 0.008265
v -0.008950 0.083000 -0.015502
v 0.015502 0.083000 0.008950
v -0.009618 0.083000 -0.015097
v 0.015097 0.083000 0.009618
v -0.010267 0.083000 -0.014663
v 0.014663 0.083000 0.010267
v -0.010897 0.083000 -0.014201
v 0.014201 0.083000 0.010897
v -0.011506 0.083000 -0.013712
v 0.013712 0.083000 0.011506
v -0.012093 0.083000 -0.013197
v 0.013197 0.083000 0.012093
v -0.012657 0.083000 -0.012657
v 0.012657 0.083000 0.012657
v -0.013197 0.083000 -0.012093
v 0.012093 0.083000 0.013197
v -0.013712 0.083000 -0.011506
v 0.011506 0.083000 0.013712
v -0.014201 0.083000 -0.010897
v 0.010897 0.083000 0.014201
v -0.014663 0.083000 -0.010267
v 0.010267 0.083000 0.014663
v -0.015097 0.083000 -0.009618
v 0.009618 0.083000 0.015097
v -0.015502 0.083000 -0.008950
v 0.008950 0.083000 0.015502
v -0.015878 0.083000 -0.008265
v 0.008265 0.083000 0.015877
v -0.016223 0.083000 -0.007565
v 0.007565 0.083000 0.016223
v -0.016537 0.083000 -0.006850
v 0.006850 0.083000 0.016537
v -0.016820 0.083000 -0.006122
v 0.006122 0.083000 0.016820
v -0.017072 0.083000 -0.005383
v 0.005383 0.083000 0.017071
v 0.004633 0.083000 0.017290
v -0.017290 0.083000 -0.004633
v 0.003874 0.083000 0.017476
v -0.017476 0.083000 -0.003874
v -0.017628 0.083000 -0.003108
v -0.017747 0.083000 -0.002336
v 0.003108 0.083000 0.017628
v 0.002336 0.083000 0.017747
v 0.001560 0.083000 0.017832
v -0.017832 0.083000 -0.001560
v -0.017883 0.083000 -0.000781
v 0.000781 0.083000 0.017883
v -0.017900 0.083000 -0.000000
v -0.000000 0.083000 0.017900
v -0.017883 0.083000 0.000781
v -0.017832 0.083000 0.001560
v -0.000781 0.083000 0.017883
v -0.001560 0.083000 0.017832
v -0.002336 0.083000 0.017747
v -0.017747 0.083000 0.002336
v -0.017628 0.083000 0.003108
v -0.017476 0.083000 0.003874
v -0.003108 0.083000 0.017628
v -0.017290 0.083000 0.004633
v -0.003874 0.083000 0.017476
v -0.004633 0.083000 0.017290
v -0.005383 0.083000 0.017071
v -0.017072 0.083000 0.005383
v -0.016820 0.083000 0.006122
v -0.006122 0.083000 0.016820
v -0.006850 0.083000 0.016537
v -0.016537 0.083000 0.006850
v -0.016223 0.083000 0.007565
v -0.015878 0.083000 0.008265
v -0.007565 0.083000 0.016223
v -0.008265 0.083000 0.015877
v -0.015502 0.083000 0.008950
v -0.015097 0.083000 0.009618
v -0.008950 0.083000 0.015502
v -0.009618 0.083000 0.015097
v -0.010267 0.083000 0.014663
v -0.010897 0.083000 0.014201
v -0.014663 0.083000 0.010267
v -0.014201 0.083000 0.010897
v -0.013712 0.083000 0.011506
v -0.011506 0.083000 0.013712
v -0.013197 0.083000 0.012093
v -0.012093 0.083000 0.013197
v -0.012657 0.083000 0.012657
v 0.000000 0.082350 0.034103
v 0.001153 0.082332 0.034120
v 0.002303 0.082279 0.034171
v 0.003449 0.082190 0.034257
v 0.004589 0.082067 0.034377
v 0.005720 0.081908 0.034530
v 0.006841 0.081714 0.034717
v 0.007950 0.081486 0.034937
v 0.009044 0.081224 0.035190
v 0.010121 0.080929 0.035476
v 0.011179 0.080600 0.035793
v 0.012217 0.080239 0.036141
v 0.013233 0.079847 0.036520
v 0.014224 0.079424 0.036929
v 0.015189 0.078970 0.037367
v 0.016127 0.078487 0.037833
v 0.017034 0.077976 0.038327
v 0.017911 0.077437 0.038847
v 0.018754 0.076872 0.039393
v 0.019563 0.076281 0.039963
v 0.020336 0.075666 0.040557
v 0.021072 0.075028 0.041174
v 0.021769 0.074367 0.041812
v 0.022426 0.073686 0.042470
v 0.023042 0.072985 0.043147
v 0.023616 0.072266 0.043841
v 0.024146 0.071529 0.044552
v 0.024632 0.070777 0.045279
v 0.025072 0.070011 0.046019
v 0.025467 0.069232 0.046771
v 0.025815 0.068441 0.047535
v 0.026115 0.067640 0.048308
v 0.026367 0.066831 0.049089
v 0.026571 0.066015 0.049877
v 0.026727 0.065193 0.050671
v 0.026833 0.064368 0.051468
v 0.026890 0.063539 0.052268
v 0.026899 0.063180 0.052615
v 0.026899 0.062820 0.052963
v 0.026890 0.062461 0.053310
v 0.026832 0.061622 0.054120
v 0.026723 0.060787 0.054927
v 0.026565 0.059955 0.055729
v 0.026356 0.059129 0.056527
v 0.026098 0.058311 0.057317
v 0.025791 0.057501 0.058099
v 0.025435 0.056702 0.058871
v 0.025032 0.055915 0.059631
v 0.024581 0.055141 0.060379
v 0.024084 0.054381 0.061112
v 0.023542 0.053638 0.061830
v 0.022956 0.052913 0.062531
v 0.022326 0.052206 0.063213
v 0.021654 0.051520 0.063876
v 0.020942 0.050855 0.064517
v 0.020190 0.050213 0.065137
v 0.019400 0.049596 0.065734
v 0.018574 0.049003 0.066306
v 0.017713 0.048437 0.066853
v 0.016818 0.047898 0.067373
v 0.015892 0.047388 0.067866
v 0.014936 0.046907 0.068330
v 0.013952 0.046456 0.068766
v 0.012942 0.046036 0.069171
v 0.011907 0.045649 0.069545
v 0.010850 0.045294 0.069888
v 0.009772 0.044972 0.070199
v 0.008676 0.044684 0.070477
v 0.007564 0.044431 0.070721
v 0.006438 0.044212 0.070933
v 0.005299 0.044029 0.071109
v 0.004150 0.043882 0.071252
v 0.002994 0.043770 0.071359
v 0.001832 0.043695 0.071432
v 0.000667 0.043656 0.071470
v -0.000500 0.043653 0.071472
v -0.001666 0.043687 0.071440
v -0.002828 0.043757 0.071372
v -0.003986 0.043863 0.071269
v -0.005135 0.044006 0.071132
v -0.006276 0.044184 0.070960
v -0.007404 0.044397 0.070754
v -0.008518 0.044646 0.070514
v -0.009617 0.044929 0.070241
v -0.010697 0.045246 0.069935
v -0.011757 0.045596 0.069596
v -0.012795 0.045979 0.069226
v -0.013233 0.046153 0.069058
v -0.013666 0.046333 0.068884
v -0.014094 0.046519 0.068705
v -0.015075 0.046974 0.068266
v -0.016026 0.047459 0.067797
v -0.016948 0.047973 0.067300
v -0.017838 0.048516 0.066776
v -0.018694 0.049086 0.066226
v -0.019515 0.049682 0.065650
v -0.020300 0.050304 0.065050
v -0.021046 0.050949 0.064427
v -0.021753 0.051617 0.063782
v -0.022419 0.052306 0.063116
v -0.023042 0.053015 0.062431
v -0.023622 0.053743 0.061728
v -0.024158 0.054489 0.061008
v -0.024648 0.055250 0.060273
v -0.025092 0.056026 0.059523
v -0.025489 0.056816 0.058761
v -0.025838 0.057616 0.057988
v -0.026138 0.058427 0.057205
v -0.026389 0.059247 0.056413
v -0.026591 0.060074 0.055615
v -0.026742 0.060906 0.054811
v -0.026843 0.061742 0.054004
v -0.026894 0.062580 0.053194
v -0.026894 0.063420 0.052384
v -0.026843 0.064258 0.051574
v -0.026742 0.065094 0.050767
v -0.026591 0.065926 0.049963
v -0.026389 0.066753 0.049165
v -0.026138 0.067573 0.048373
v -0.025838 0.068384 0.047590
v -0.025489 0.069184 0.046817
v -0.025092 0.069974 0.046055
v -0.024648 0.070750 0.045305
v -0.024158 0.071511 0.044570
v -0.023622 0.072257 0.043850
v -0.023042 0.072985 0.043147
v -0.022419 0.073694 0.042462
v -0.021753 0.074384 0.041796
v -0.021046 0.075051 0.041151
v -0.020300 0.075696 0.040528
v -0.019515 0.076318 0.039928
v -0.018694 0.076914 0.039353
v -0.017838 0.077484 0.038802
v -0.016948 0.078027 0.038278
v -0.016026 0.078541 0.037781
v -0.015075 0.079026 0.037313
v -0.014094 0.079482 0.036873
v -0.013666 0.079667 0.036694
v -0.013233 0.079847 0.036520
v -0.012795 0.080021 0.036352
v -0.011807 0.080387 0.035999
v -0.010799 0.080723 0.035675
v -0.009772 0.081028 0.035379
v -0.008729 0.081303 0.035114
v -0.007671 0.081547 0.034879
v -0.006599 0.081759 0.034674
v -0.005517 0.081939 0.034500
v -0.004425 0.082087 0.034357
v -0.003325 0.082202 0.034246
v -0.002220 0.082284 0.034167
v -0.001111 0.082334 0.034119
v 0.019021 0.047233 -0.063844
v 0.019833 0.047843 -0.063255
v 0.018173 0.046649 -0.064408
v 0.020607 0.048478 -0.062642
v 0.017291 0.046093 -0.064946
v 0.021341 0.049136 -0.062007
v 0.016376 0.045564 -0.065456
v 0.022035 0.049817 -0.061349
v 0.015429 0.045065 -0.065938
v 0.022687 0.050519 -0.060671
v 0.014453 0.044596 -0.066391
v 0.023296 0.051241 -0.059974
v 0.013450 0.044158 -0.066814
v 0.023861 0.051981 -0.059260
v 0.012421 0.043752 -0.067206
v 0.024380 0.052738 -0.058528
v 0.011368 0.043379 -0.067567
v 0.024852 0.053511 -0.057782
v 0.010294 0.043039 -0.067895
v 0.025278 0.054298 -0.057022
v 0.009200 0.042733 -0.068191
v 0.025655 0.055097 -0.056250
v 0.008089 0.042461 -0.068453
v 0.025983 0.055908 -0.055468
v 0.006962 0.042225 -0.068681
v 0.026262 0.056728 -0.054676
v 0.005822 0.042024 -0.068875
v 0.026491 0.057556 -0.053876
v 0.004671 0.041860 -0.069034
v 0.026670 0.058390 -0.053070
v 0.003511 0.041731 -0.069158
v 0.026798 0.059230 -0.052260
v 0.002344 0.041639 -0.069246
v 0.026874 0.060072 -0.051446
v 0.001173 0.041584 -0.069300
v 0.026900 0.060916 -0.050631
v -0.000000 0.041566 -0.069317
v 0.026874 0.061760 -0.049816
v -0.001173 0.041584 -0.069300
v 0.026798 0.062602 -0.049003
v -0.002344 0.041639 -0.069246
v 0.026670 0.063442 -0.048192
v -0.003511 0.041731 -0.069158
v 0.026491 0.064276 -0.047386
v -0.004671 0.041860 -0.069034
v 0.026262 0.065104 -0.046587
v -0.005822 0.042024 -0.068875
v 0.025983 0.065924 -0.045795
v -0.006962 0.042225 -0.068681
v 0.025655 0.066735 -0.045012
v -0.008089 0.042461 -0.068453
v 0.025278 0.067534 -0.044240
v -0.009200 0.042733 -0.068191
v 0.024852 0.068321 -0.043480
v -0.010294 0.043039 -0.067895
v 0.024380 0.069094 -0.042734
v -0.011368 0.043379 -0.067567
v 0.023861 0.069851 -0.042003
v -0.012421 0.043752 -0.067206
v 0.023296 0.070591 -0.041288
v -0.013450 0.044158 -0.066814
v 0.022687 0.071313 -0.040591
v -0.014453 0.044596 -0.066391
v 0.022035 0.072015 -0.039913
v -0.015429 0.045065 -0.065938
v 0.021341 0.072696 -0.039256
v -0.016376 0.045564 -0.065456
v 0.020607 0.073354 -0.038620
v -0.017291 0.046093 -0.064946
v 0.019833 0.073989 -0.038007
v -0.018173 0.046649 -0.064408
v 0.019021 0.074599 -0.037418
v -0.019021 0.047233 -0.063844
v 0.018173 0.075182 -0.036854
v -0.019833 0.047843 -0.063255
v 0.017291 0.075739 -0.036317
v -0.020607 0.048478 -0.062642
v 0.016376 0.076268 -0.035806
v -0.021341 0.049136 -0.062007
v 0.015429 0.076767 -0.035324
v -0.022035 0.049817 -0.061349
v 0.014453 0.077236 -0.034871
v -0.022687 0.050519 -0.060671
v 0.013450 0.077674 -0.034448
v -0.023296 0.051241 -0.059974
v 0.012421 0.078080 -0.034056
v -0.023861 0.051981 -0.059260
v 0.011368 0.078453 -0.033696
v -0.024380 0.052738 -0.058528
v 0.010294 0.078793 -0.033367
v -0.024852 0.053511 -0.057782
v -0.025278 0.054298 -0.057022
v 0.009200 0.079099 -0.033072
v 0.008089 0.079371 -0.032810
v -0.025655 0.055097 -0.056250
v 0.006962 0.079607 -0.032582
v 0.005822 0.079808 -0.032388
v -0.025983 0.055908 -0.055468
v 0.004671 0.079972 -0.032229
v -0.026262 0.056728 -0.054676
v -0.026491 0.057556 -0.053876
v -0.026670 0.058390 -0.053070
v 0.003511 0.080101 -0.032105
v 0.002344 0.080193 -0.032016
v 0.001173 0.080248 -0.031963
v -0.026798 0.059230 -0.052260
v -0.026874 0.060072 -0.051446
v -0.001173 0.080248 -0.031963
v -0.000000 0.080266 -0.031945
v -0.026900 0.060916 -0.050631
v -0.026874 0.061760 -0.049816
v -0.002344 0.080193 -0.032016
v -0.003511 0.080101 -0.032105
v -0.026798 0.062602 -0.049003
v -0.026670 0.063442 -0.048192
v -0.004671 0.079972 -0.032229
v -0.026491 0.064276 -0.047386
v -0.005822 0.079808 -0.032388
v -0.026262 0.065104 -0.046587
v -0.006962 0.079607 -0.032582
v -0.008089 0.079371 -0.032810
v -0.025983 0.065924 -0.045795
v -0.025655 0.066735 -0.045012
v -0.009200 0.079099 -0.033072
v -0.025278 0.067534 -0.044240
v -0.024852 0.068321 -0.043480
v -0.010294 0.078793 -0.033367
v -0.024380 0.069094 -0.042734
v -0.011368 0.078453 -0.033696
v -0.012421 0.078080 -0.034056
v -0.023861 0.069851 -0.042003
v -0.023296 0.070591 -0.041288
v -0.013450 0.077674 -0.034448
v -0.022687 0.071313 -0.040591
v -0.014453 0.077236 -0.034871
v -0.015429 0.076767 -0.035324
v -0.022035 0.072015 -0.039913
v -0.016376 0.076268 -0.035806
v -0.021341 0.072696 -0.039256
v -0.020607 0.073354 -0.038620
v -0.017291 0.075739 -0.036317
v -0.018173 0.075182 -0.036854
v -0.019833 0.073989 -0.038007
v -0.019021 0.074599 -0.037418
v 0.034103 0.082350 -0.000000
v 0.034121 0.082332 -0.001173
v 0.034174 0.082277 -0.002344
v 0.034263 0.082185 -0.003511
v 0.034387 0.082056 -0.004671
v 0.034546 0.081892 -0.005822
v 0.034740 0.081691 -0.006962
v 0.034968 0.081455 -0.008089
v 0.035230 0.081183 -0.009200
v 0.035525 0.080877 -0.010294
v 0.035854 0.080537 -0.011368
v 0.036214 0.080164 -0.012421
v 0.036606 0.079758 -0.013450
v 0.037029 0.079320 -0.014453
v 0.037482 0.078851 -0.015429
v 0.037964 0.078352 -0.016376
v 0.038475 0.077823 -0.017291
v 0.039012 0.077266 -0.018173
v 0.039576 0.076683 -0.019021
v 0.040165 0.076073 -0.019833
v 0.040778 0.075438 -0.020607
v 0.041414 0.074780 -0.021341
v 0.042071 0.074099 -0.022035
v 0.042749 0.073397 -0.022687
v 0.043446 0.072675 -0.023296
v 0.044161 0.071935 -0.023861
v 0.044892 0.071178 -0.024380
v 0.045638 0.070405 -0.024852
v 0.046398 0.069618 -0.025278
v 0.047170 0.068819 -0.025655
v 0.047953 0.068008 -0.025983
v 0.048745 0.067188 -0.026262
v 0.049544 0.066360 -0.026491
v 0.050350 0.065526 -0.026670
v 0.051161 0.064687 -0.026798
v 0.051974 0.063844 -0.026874
v 0.052789 0.063000 -0.026900
v 0.053604 0.062156 -0.026874
v 0.054418 0.061314 -0.026798
v 0.055228 0.060474 -0.026670
v 0.056034 0.059640 -0.026491
v 0.056834 0.058812 -0.026262
v 0.057626 0.057992 -0.025983
v 0.058408 0.057181 -0.025655
v 0.059180 0.056382 -0.025278
v 0.059940 0.055595 -0.024852
v 0.060686 0.054822 -0.024380
v 0.061418 0.054065 -0.023861
v 0.062132 0.053325 -0.023296
v 0.062829 0.052603 -0.022687
v 0.063507 0.051901 -0.022035
v 0.064165 0.051220 -0.021341
v 0.064801 0.050562 -0.020607
v 0.065413 0.049927 -0.019833
v 0.066002 0.049317 -0.019021
v 0.066566 0.048733 -0.018173
v 0.067104 0.048177 -0.017291
v 0.067614 0.047648 -0.016376
v 0.068096 0.047149 -0.015429
v 0.068549 0.046680 -0.014453
v 0.068972 0.046242 -0.013450
v 0.069364 0.045836 -0.012421
v 0.069725 0.045463 -0.011368
v 0.070053 0.045123 -0.010294
v 0.070349 0.044817 -0.009200
v 0.070611 0.044545 -0.008089
v 0.070839 0.044309 -0.006962
v 0.071033 0.044108 -0.005822
v 0.071192 0.043944 -0.004671
v 0.071316 0.043815 -0.003511
v 0.071404 0.043723 -0.002344
v 0.071458 0.043668 -0.001173
v 0.071475 0.043650 -0.000000
v 0.071458 0.043668 0.001173
v 0.071404 0.043723 0.002344
v 0.071316 0.043815 0.003511
v 0.071192 0.043944 0.004671
v 0.071033 0.044108 0.005822
v 0.070839 0.044309 0.006962
v 0.070611 0.044545 0.008089
v 0.070349 0.044817 0.009200
v 0.070053 0.045123 0.010294
v 0.069725 0.045463 0.011368
v 0.069364 0.045836 0.012421
v 0.068972 0.046242 0.013450
v 0.068549 0.046680 0.014453
v 0.068096 0.047149 0.015429
v 0.067614 0.047648 0.016376
v 0.067104 0.048177 0.017291
v 0.066566 0.048733 0.018173
v 0.066002 0.049317 0.019021
v 0.065413 0.049927 0.019833
v 0.064801 0.050562 0.020607
v 0.064165 0.051220 0.021341
v 0.063507 0.051901 0.022035
v 0.062829 0.052603 0.022687
v 0.062132 0.053325 0.023296
v 0.061418 0.054065 0.023861
v 0.060686 0.054822 0.024380
v 0.059940 0.055595 0.024852
v 0.059180 0.056382 0.025278
v 0.058408 0.057181 0.025655
v 0.057626 0.057992 0.025983
v 0.056834 0.058812 0.026262
v 0.056034 0.059640 0.026491
v 0.055228 0.060474 0.026670
v 0.054418 0.061314 0.026798
v 0.053604 0.062156 0.026874
v 0.052789 0.063000 0.026900
v 0.051974 0.063844 0.026874
v 0.051161 0.064687 0.026798
v 0.050350 0.065526 0.026670
v 0.049544 0.066360 0.026491
v 0.048745 0.067188 0.026262
v 0.047953 0.068008 0.025983
v 0.047170 0.068819 0.025655
v 0.046398 0.069618 0.025278
v 0.045638 0.070405 0.024852
v 0.044892 0.071178 0.024380
v 0.044161 0.071935 0.023861
v 0.043446 0.072675 0.023296
v 0.042749 0.073397 0.022687
v 0.042071 0.074099 0.022035
v 0.041414 0.074780 0.021341
v 0.040778 0.075438 0.020607
v 0.040165 0.076073 0.019833
v 0.039576 0.076683 0.019021
v 0.039012 0.077266 0.018173
v 0.038475 0.077823 0.017291
v 0.037964 0.078352 0.016376
v 0.037482 0.078851 0.015429
v 0.037029 0.079320 0.014453
v 0.036606 0.079758 0.013450
v 0.036214 0.080164 0.012421
v 0.035854 0.080537 0.011368
v 0.035525 0.080877 0.010294
v 0.035230 0.081183 0.009200
v 0.034968 0.081455 0.008089
v 0.034740 0.081691 0.006962
v 0.034546 0.081892 0.005822
v 0.034387 0.082056 0.004671
v 0.034263 0.082185 0.003511
v 0.034174 0.082277 0.002344
v 0.034121 0.082332 0.001173
v -0.034103 0.082350 -0.000000
v -0.034121 0.082332 0.001173
v -0.034174 0.082277 0.002344
v -0.034263 0.082185 0.003511
v -0.034387 0.082056 0.004671
v -0.034546 0.081892 0.005822
v -0.034740 0.081691 0.006962
v -0.034968 0.081455 0.008089
v -0.035230 0.081183 0.009200
v -0.035525 0.080877 0.010294
v -0.035854 0.080537 0.011368
v -0.036214 0.080164 0.012421
v -0.036606 0.079758 0.013450
v -0.037029 0.079320 0.014453
v -0.037482 0.078851 0.015429
v -0.037964 0.078352 0.016376
v -0.038475 0.077823 0.017291
v -0.039012 0.077266 0.018173
v -0.039576 0.076683 0.019021
v -0.040165 0.076073 0.019833
v -0.040778 0.075438 0.020607
v -0.041414 0.074780 0.021341
v -0.042071 0.074099 0.022035
v -0.042749 0.073397 0.022687
v -0.043446 0.072675 0.023296
v -0.044161 0.071935 0.023861
v -0.044892 0.071178 0.024380
v -0.045638 0.070405 0.024852
v -0.046398 0.069618 0.025278
v -0.047170 0.068819 0.025655
v -0.047953 0.068008 0.025983
v -0.048745 0.067188 0.026262
v -0.049544 0.066360 0.026491
v -0.050350 0.065526 0.026670
v -0.051161 0.064687 0.026798
v -0.051974 0.063844 0.026874
v -0.052789 0.063000 0.026900
v -0.053604 0.062156 0.026874
v -0.054418 0.061314 0.026798
v -0.055228 0.060474 0.026670
v -0.056034 0.059640 0.026491
v -0.056834 0.058812 0.026262
v -0.057626 0.057992 0.025983
v -0.058408 0.057181 0.025655
v -0.059180 0.056382 0.025278
v -0.059940 0.055595 0.024852
v -0.060686 0.054822 0.024380
v -0.061418 0.054065 0.023861
v -0.062132 0.053325 0.023296
v -0.062829 0.052603 0.022687
v -0.063507 0.051901 0.022035
v -0.064165 0.051220 0.021341
v -0.064801 0.050562 0.020607
v -0.065413 0.049927 0.019833
v -0.066002 0.049317 0.019021
v -0.066566 0.048733 0.018173
v -0.067104 0.048177 0.017291
v -0.067614 0.047648 0.016376
v -0.068096 0.047149 0.015429
v -0.068549 0.046680 0.014453
v -0.068972 0.046242 0.013450
v -0.069364 0.045836 0.012421
v -0.069725 0.045463 0.011368
v -0.070053 0.045123 0.010294
v -0.070349 0.044817 0.009200
v -0.070611 0.044545 0.008089
v -0.070839 0.044309 0.006962
v -0.071033 0.044108 0.005822
v -0.071192 0.043944 0.004671
v -0.071316 0.043815 0.003511
v -0.071404 0.043723 0.002344
v -0.071458 0.043668 0.001173
v -0.071475 0.043650 -0.000000
v -0.071458 0.043668 -0.001173
v -0.071404 0.043723 -0.002344
v -0.071316 0.043815 -0.003511
v -0.071192 0.043944 -0.004671
v -0.071033 0.044108 -0.005822
v -0.070839 0.044309 -0.006962
v -0.070611 0.044545 -0.008089
v -0.070349 0.044817 -0.009200
v -0.070053 0.045123 -0.010294
v -0.069725 0.045463 -0.011368
v -0.069364 0.045836 -0.012421
v -0.068972 0.046242 -0.013450
v -0.068549 0.046680 -0.014453
v -0.068096 0.047149 -0.015429
v -0.067614 0.047648 -0.016376
v -0.067104 0.048177 -0.017291
v -0.066566 0.048733 -0.018173
v -0.066002 0.049317 -0.019021
v -0.065413 0.049927 -0.019833
v -0.064801 0.050562 -0.020607
v -0.064165 0.051220 -0.021341
v -0.063507 0.051901 -0.022035
v -0.062829 0.052603 -0.022687
v -0.062132 0.053325 -0.023296
v -0.061418 0.054065 -0.023861
v -0.060686 0.054822 -0.024380
v -0.059940 0.055595 -0.024852
v -0.059180 0.056382 -0.025278
v -0.058408 0.057181 -0.025655
v -0.057626 0.057992 -0.025983
v -0.056834 0.058812 -0.026262
v -0.056034 0.059640 -0.026491
v -0.055228 0.060474 -0.026670
v -0.054418 0.061314 -0.026798
v -0.053604 0.062156 -0.026874
v -0.052789 0.063000 -0.026900
v -0.051974 0.063844 -0.026874
v -0.051161 0.064687 -0.026798
v -0.050350 0.065526 -0.026670
v -0.049544 0.066360 -0.026491
v -0.048745 0.067188 -0.026262
v -0.047953 0.068008 -0.025983
v -0.047170 0.068819 -0.025655
v -0.046398 0.069618 -0.025278
v -0.045638 0.070405 -0.024852
v -0.044892 0.071178 -0.024380
v -0.044161 0.071935 -0.023861
v -0.043446 0.072675 -0.023296
v -0.042749 0.073397 -0.022687
v -0.042071 0.074099 -0.022035
v -0.041414 0.074780 -0.021341
v -0.040778 0.075438 -0.020607
v -0.040165 0.076073 -0.019833
v -0.039576 0.076683 -0.019021
v -0.039012 0.077266 -0.018173
v -0.038475 0.077823 -0.017291
v -0.037964 0.078352 -0.016376
v -0.037482 0.078851 -0.015429
v -0.037029 0.079320 -0.014453
v -0.036606 0.079758 -0.013450
v -0.036214 0.080164 -0.012421
v -0.035854 0.080537 -0.011368
v -0.035525 0.080877 -0.010294
v -0.035230 0.081183 -0.009200
v -0.034968 0.081455 -0.008089
v -0.034740 0.081691 -0.006962
v -0.034546 0.081892 -0.005822
v -0.034387 0.082056 -0.004671
v -0.034263 0.082185 -0.003511
v -0.034174 0.082277 -0.002344
v -0.034121 0.082332 -0.001173
v -0.017883 0.086000 0.000781
v -0.017900 0.086000 -0.000000
v -0.017832 0.086000 0.001560
v -0.017747 0.086000 0.002336
v -0.017628 0.086000 0.003108
v -0.017476 0.086000 0.003874
v -0.017290 0.086000 0.004633
v -0.017072 0.086000 0.005383
v -0.016820 0.086000 0.006122
v -0.016537 0.086000 0.006850
v -0.016223 0.086000 0.007565
v -0.015878 0.086000 0.008265
v -0.015502 0.086000 0.008950
v -0.015097 0.086000 0.009618
v -0.014663 0.086000 0.010267
v -0.014201 0.086000 0.010897
v -0.013712 0.086000 0.011506
v -0.013197 0.086000 0.012093
v -0.012657 0.086000 0.012657
v -0.012093 0.086000 0.013197
v -0.011506 0.086000 0.013712
v -0.010897 0.086000 0.014201
v -0.010267 0.086000 0.014663
v -0.009618 0.086000 0.015097
v -0.008950 0.086000 0.015502
v -0.008265 0.086000 0.015877
v -0.007565 0.086000 0.016223
v -0.006850 0.086000 0.016537
v -0.006122 0.086000 0.016820
v -0.005383 0.086000 0.017071
v -0.004633 0.086000 0.017290
v -0.003874 0.086000 0.017476
v -0.003108 0.086000 0.017628
v -0.002336 0.086000 0.017747
v -0.001560 0.086000 0.017832
v -0.000781 0.086000 0.017883
v -0.000000 0.086000 0.017900
v 0.000781 0.086000 0.017883
v 0.001560 0.086000 0.017832
v 0.002336 0.086000 0.017747
v 0.003108 0.086000 0.017628
v 0.003874 0.086000 0.017476
v 0.004633 0.086000 0.017290
v 0.005383 0.086000 0.017071
v 0.006122 0.086000 0.016820
v 0.006850 0.086000 0.016537
v 0.007565 0.086000 0.016223
v 0.008265 0.086000 0.015877
v 0.008950 0.086000 0.015502
v 0.009618 0.086000 0.015097
v 0.010267 0.086000 0.014663
v 0.010897 0.086000 0.014201
v 0.011506 0.086000 0.013712
v 0.012093 0.086000 0.013197
v 0.012657 0.086000 0.012657
v 0.013197 0.086000 0.012093
v 0.013712 0.086000 0.011506
v 0.014201 0.086000 0.010897
v 0.014663 0.086000 0.010267
v 0.015097 0.086000 0.009618
v 0.015502 0.086000 0.008950
v 0.015878 0.086000 0.008265
v 0.016223 0.086000 0.007565
v 0.016537 0.086000 0.006850
v 0.016820 0.086000 0.006122
v 0.017072 0.086000 0.005383
v 0.017290 0.086000 0.004633
v 0.017476 0.086000 0.003874
v 0.017628 0.086000 0.003108
v 0.017747 0.086000 0.002336
v 0.017832 0.086000 0.001560
v 0.017883 0.086000 0.000781
v 0.017900 0.086000 -0.000000
v 0.017883 0.086000 -0.000781
v 0.017832 0.086000 -0.001560
v 0.017747 0.086000 -0.002336
v 0.017628 0.086000 -0.003108
v 0.017476 0.086000 -0.003874
v 0.017290 0.086000 -0.004633
v 0.017072 0.086000 -0.005383
v 0.016820 0.086000 -0.006122
v 0.016537 0.086000 -0.006850
v 0.016223 0.086000 -0.007565
v 0.015878 0.086000 -0.008265
v 0.015502 0.086000 -0.008950
v 0.015097 0.086000 -0.009618
v 0.014663 0.086000 -0.010267
v 0.014201 0.086000 -0.010897
v 0.013712 0.086000 -0.011506
v 0.013197 0.086000 -0.012093
v 0.012657 0.086000 -0.012657
v 0.012093 0.086000 -0.013197
v 0.011506 0.086000 -0.013712
v 0.010897 0.086000 -0.014201
v 0.010267 0.086000 -0.014663
v 0.009618 0.086000 -0.015097
v 0.008950 0.086000 -0.015502
v 0.008265 0.086000 -0.015878
v 0.007565 0.086000 -0.016223
v 0.006850 0.086000 -0.016537
v 0.006122 0.086000 -0.016821
v 0.005383 0.086000 -0.017072
v 0.004633 0.086000 -0.017290
v 0.003874 0.086000 -0.017476
v 0.003108 0.086000 -0.017628
v 0.002336 0.086000 -0.017747
v 0.001560 0.086000 -0.017832
v 0.000781 0.086000 -0.017883
v 0.000000 0.086000 -0.017900
v -0.000781 0.086000 -0.017883
v -0.001560 0.086000 -0.017832
v -0.002336 0.086000 -0.017747
v -0.003108 0.086000 -0.017628
v -0.003874 0.086000 -0.017476
v -0.004633 0.086000 -0.017290
v -0.005383 0.086000 -0.017072
v -0.006122 0.086000 -0.016821
v -0.006850 0.086000 -0.016537
v -0.007565 0.086000 -0.016223
v -0.008265 0.086000 -0.015878
v -0.008950 0.086000 -0.015502
v -0.009618 0.086000 -0.015097
v -0.010267 0.086000 -0.014663
v -0.010897 0.086000 -0.014201
v -0.011506 0.086000 -0.013712
v -0.012093 0.086000 -0.013197
v -0.012657 0.086000 -0.012657
v -0.013197 0.086000 -0.012093
v -0.013712 0.086000 -0.011506
v -0.014201 0.086000 -0.010897
v -0.014663 0.086000 -0.010267
v -0.015097 0.086000 -0.009618
v -0.015502 0.086000 -0.008950
v -0.015878 0.086000 -0.008265
v -0.016223 0.086000 -0.007565
v -0.016537 0.086000 -0.006850
v -0.016820 0.086000 -0.006122
v -0.017072 0.086000 -0.005383
v -0.017290 0.086000 -0.004633
v -0.017476 0.086000 -0.003874
v -0.017628 0.086000 -0.003108
v -0.017747 0.086000 -0.002336
v -0.017832 0.086000 -0.001560
v -0.017883 0.086000 -0.000781
v -0.012897 0.080148 0.036230
v -0.011851 0.080534 0.035857
v -0.010783 0.080887 0.035516
v -0.009694 0.081207 0.035207
v -0.008587 0.081492 0.034931
v -0.007464 0.081743 0.034690
v -0.006327 0.081958 0.034482
v -0.005178 0.082138 0.034308
v -0.004020 0.082281 0.034170
v -0.002854 0.082388 0.034066
v -0.001682 0.082459 0.033998
v -0.000507 0.082493 0.033965
v 0.000668 0.082491 0.033967
v 0.001843 0.082452 0.034005
v 0.003014 0.082376 0.034078
v 0.004179 0.082263 0.034187
v 0.005337 0.082115 0.034330
v 0.006484 0.081931 0.034508
v 0.007619 0.081710 0.034721
v 0.008740 0.081455 0.034967
v 0.009845 0.081165 0.035247
v 0.010931 0.080841 0.035561
v 0.011996 0.080483 0.035906
v 0.013039 0.080092 0.036283
v 0.014057 0.079669 0.036692
v 0.015048 0.079215 0.037130
v 0.016012 0.078730 0.037599
v 0.016945 0.078216 0.038095
v 0.017847 0.077673 0.038620
v 0.018714 0.077102 0.039171
v 0.019547 0.076505 0.039747
v 0.020343 0.075882 0.040349
v 0.021100 0.075236 0.040973
v 0.021818 0.074566 0.041620
v 0.022495 0.073874 0.042288
v 0.023129 0.073162 0.042976
v 0.023720 0.072431 0.043682
v 0.024266 0.071682 0.044405
v 0.024766 0.070917 0.045144
v 0.025220 0.070136 0.045898
v 0.025627 0.069343 0.046664
v 0.025985 0.068537 0.047442
v 0.026294 0.067721 0.048230
v 0.026554 0.066897 0.049026
v 0.026764 0.066064 0.049830
v 0.026923 0.065226 0.050639
v 0.027032 0.064384 0.051452
v 0.027090 0.063539 0.052268
v 0.024139 0.055310 0.060215
v 0.024577 0.056066 0.059485
v 0.024175 0.055531 0.060002
v 0.024198 0.055753 0.059788
v 0.024208 0.055975 0.059573
v 0.024205 0.056198 0.059358
v 0.024970 0.056836 0.058742
v 0.024190 0.056420 0.059143
v 0.024162 0.056642 0.058929
v 0.024121 0.056863 0.058716
v 0.024067 0.057082 0.058504
v 0.024001 0.057299 0.058294
v 0.025317 0.057617 0.057988
v 0.023922 0.057514 0.058087
v 0.023831 0.057727 0.057881
v 0.023728 0.057937 0.057678
v 0.023613 0.058144 0.057479
v 0.025616 0.058408 0.057224
v 0.023486 0.058347 0.057283
v 0.023347 0.058546 0.057091
v 0.023197 0.058740 0.056903
v 0.025868 0.059207 0.056452
v 0.022966 0.059040 0.056613
v 0.026389 0.062461 0.053310
v 0.022751 0.059347 0.056317
v 0.022554 0.059660 0.056015
v 0.026360 0.063539 0.052268
v 0.026072 0.060014 0.055673
v 0.022375 0.059978 0.055707
v 0.022214 0.060301 0.055395
v 0.022071 0.060629 0.055079
v 0.026226 0.060826 0.054889
v 0.021946 0.060960 0.054759
v 0.021841 0.061295 0.054436
v 0.021754 0.061633 0.054110
v 0.026332 0.061642 0.054101
v 0.021687 0.061973 0.053781
v 0.021639 0.062314 0.053452
v 0.021610 0.062657 0.053121
v 0.021600 0.063000 0.052789
v 0.021582 0.063634 0.052177
v 0.026321 0.063755 0.052060
v 0.021528 0.064267 0.051565
v 0.026270 0.063970 0.051852
v 0.026206 0.064183 0.051647
v 0.021438 0.064898 0.050956
v 0.026129 0.064394 0.051443
v 0.026039 0.064602 0.051242
v 0.025938 0.064807 0.051044
v 0.025824 0.065009 0.050849
v 0.025698 0.065207 0.050658
v 0.021313 0.065526 0.050350
v 0.025561 0.065401 0.050471
v 0.025412 0.065591 0.050287
v 0.025252 0.065775 0.050109
v 0.025081 0.065955 0.049935
v 0.024899 0.066130 0.049767
v 0.024708 0.066298 0.049604
v 0.024506 0.066461 0.049447
v 0.021152 0.066150 0.049748
v 0.024295 0.066617 0.049296
v 0.024075 0.066766 0.049152
v 0.023846 0.066909 0.049014
v 0.023608 0.067044 0.048884
v 0.023363 0.067172 0.048760
v 0.023111 0.067292 0.048644
v 0.020955 0.066768 0.049150
v 0.022432 0.067585 0.048361
v 0.022851 0.067405 0.048536
v 0.020724 0.067380 0.048559
v 0.021626 0.067983 0.047977
v 0.022023 0.067778 0.048175
v 0.020458 0.067985 0.047975
v 0.020866 0.068426 0.047549
v 0.021239 0.068199 0.047769
v 0.020158 0.068581 0.047399
v 0.020505 0.068663 0.047320
v 0.020158 0.068911 0.047081
v 0.019825 0.069169 0.046832
v -0.011848 0.045470 0.069718
v -0.012894 0.045856 0.069345
v -0.010780 0.045117 0.070058
v -0.009691 0.044798 0.070367
v -0.008585 0.044513 0.070642
v -0.007462 0.044262 0.070884
v -0.006325 0.044047 0.071092
v -0.005177 0.043868 0.071265
v -0.004018 0.043724 0.071404
v -0.002852 0.043617 0.071507
v -0.001681 0.043546 0.071576
v -0.000506 0.043512 0.071609
v 0.000669 0.043515 0.071606
v 0.001844 0.043554 0.071568
v 0.027031 0.061616 0.054126
v 0.027089 0.062461 0.053310
v 0.003014 0.043630 0.071495
v 0.026922 0.060774 0.054939
v 0.004179 0.043742 0.071387
v 0.026763 0.059936 0.055748
v 0.005337 0.043890 0.071243
v 0.026553 0.059104 0.056551
v 0.006484 0.044075 0.071065
v 0.026293 0.058280 0.057347
v 0.007619 0.044295 0.070853
v 0.025983 0.057464 0.058135
v 0.008739 0.044550 0.070606
v 0.025625 0.056659 0.058913
v 0.009844 0.044840 0.070326
v 0.025218 0.055865 0.059679
v 0.010929 0.045164 0.070013
v 0.024764 0.055085 0.060432
v 0.011995 0.045522 0.069668
v 0.024264 0.054320 0.061171
v 0.013037 0.045913 0.069290
v 0.023717 0.053571 0.061894
v 0.014055 0.046335 0.068882
v 0.023126 0.052841 0.062600
v 0.015047 0.046789 0.068444
v 0.022492 0.052129 0.063288
v 0.016010 0.047274 0.067976
v 0.021815 0.051437 0.063955
v 0.016943 0.047788 0.067479
v 0.021098 0.050768 0.064602
v 0.017844 0.048331 0.066955
v 0.020340 0.050121 0.065226
v 0.018712 0.048902 0.066404
v 0.019545 0.049499 0.065827
v -0.002486 0.047566 0.067694
v -0.003360 0.047651 0.067611
v -0.002963 0.047487 0.067770
v -0.003434 0.047394 0.067859
v -0.003901 0.047288 0.067962
v -0.004228 0.047763 0.067504
v -0.004361 0.047169 0.068077
v -0.005089 0.047900 0.067371
v -0.004814 0.047037 0.068205
v -0.005259 0.046891 0.068345
v -0.005941 0.048062 0.067215
v -0.005695 0.046733 0.068498
v -0.006123 0.046562 0.068663
v -0.006784 0.048249 0.067035
v -0.007217 0.046191 0.069022
v -0.007503 0.046119 0.069091
v -0.006935 0.046271 0.068944
v -0.006659 0.046359 0.068859
v -0.006388 0.046457 0.068765
v -0.007615 0.048460 0.066830
v -0.008383 0.045959 0.069246
v -0.008682 0.045924 0.069279
v -0.008087 0.046003 0.069203
v -0.007793 0.046057 0.069151
v -0.008434 0.048696 0.066603
v -0.009890 0.045876 0.069326
v -0.010192 0.045887 0.069315
v -0.009587 0.045874 0.069328
v -0.009284 0.045881 0.069321
v -0.008983 0.045898 0.069305
v -0.012531 0.046309 0.068908
v -0.011386 0.046026 0.069181
v -0.009238 0.048955 0.066352
v -0.011679 0.046083 0.069125
v -0.011091 0.045977 0.069228
v -0.010794 0.045938 0.069266
v -0.010494 0.045908 0.069295
v -0.013844 0.046830 0.068404
v -0.010028 0.049238 0.066079
v -0.012251 0.046225 0.068989
v -0.011967 0.046150 0.069061
v -0.010800 0.049544 0.065784
v -0.011218 0.049710 0.065624
v -0.011645 0.049863 0.065476
v -0.014801 0.047275 0.067975
v -0.012080 0.050004 0.065340
v -0.012523 0.050131 0.065216
v -0.012973 0.050246 0.065105
v -0.015731 0.047749 0.067517
v -0.013429 0.050348 0.065007
v -0.013890 0.050436 0.064922
v -0.014356 0.050511 0.064849
v -0.016631 0.048252 0.067032
v -0.014826 0.050572 0.064791
v -0.015298 0.050620 0.064745
v -0.017501 0.048782 0.066520
v -0.015773 0.050653 0.064712
v -0.016250 0.050673 0.064693
v -0.016727 0.050679 0.064688
v -0.018337 0.049338 0.065982
v -0.017036 0.050683 0.064684
v -0.017345 0.050696 0.064671
v -0.017653 0.050718 0.064650
v -0.017960 0.050750 0.064619
v -0.019140 0.049920 0.065420
v -0.018264 0.050790 0.064580
v -0.018565 0.050840 0.064532
v -0.018864 0.050899 0.064475
v -0.019159 0.050966 0.064410
v -0.019907 0.050526 0.064835
v -0.019450 0.051042 0.064337
v -0.019736 0.051127 0.064255
v -0.020017 0.051220 0.064165
v -0.020292 0.051322 0.064067
v -0.020636 0.051156 0.064227
v -0.020561 0.051432 0.063961
v -0.020824 0.051549 0.063847
v -0.021080 0.051675 0.063726
v -0.021328 0.051808 0.063598
v -0.019659 0.076421 0.039829
v -0.018832 0.077021 0.039249
v -0.020449 0.075795 0.040434
v -0.017969 0.077596 0.038694
v -0.021201 0.075145 0.041061
v -0.017072 0.078142 0.038166
v -0.021914 0.074472 0.041711
v -0.016143 0.078661 0.037666
v -0.022584 0.073777 0.042382
v -0.015184 0.079150 0.037194
v -0.023213 0.073063 0.043072
v -0.014196 0.079608 0.036751
v -0.023797 0.072329 0.043780
v -0.024337 0.071578 0.044506
v -0.024831 0.070810 0.045247
v -0.025279 0.070028 0.046002
v -0.025679 0.069233 0.046770
v -0.026030 0.068426 0.047549
v -0.026333 0.067609 0.048338
v -0.026586 0.066783 0.049136
v -0.026789 0.065950 0.049940
v -0.026941 0.065111 0.050750
v -0.027043 0.064269 0.051564
v -0.027094 0.063424 0.052380
v -0.027094 0.062578 0.053196
v -0.027043 0.061734 0.054012
v -0.026941 0.060891 0.054826
v -0.026788 0.060053 0.055635
v -0.026585 0.059220 0.056440
v -0.026332 0.058394 0.057237
v -0.026029 0.057577 0.058026
v -0.025678 0.056770 0.058806
v -0.025278 0.055975 0.059574
v -0.024830 0.055193 0.060329
v -0.024336 0.054425 0.061070
v -0.023796 0.053674 0.061795
v -0.023211 0.052941 0.062504
v -0.022582 0.052226 0.063194
v -0.021911 0.051531 0.063864
v -0.021199 0.050859 0.064514
v -0.020447 0.050209 0.065142
v -0.019656 0.049583 0.065746
v -0.018829 0.048982 0.066326
v -0.017966 0.048408 0.066881
v -0.017069 0.047861 0.067409
v -0.016140 0.047343 0.067909
v -0.015181 0.046854 0.068381
v -0.014193 0.046396 0.068824
v -0.016799 0.072767 0.043357
v -0.017195 0.072602 0.043516
v -0.017339 0.072266 0.043841
v -0.016230 0.073252 0.042889
v -0.017071 0.072942 0.043188
v -0.016965 0.073286 0.042856
v -0.016879 0.073632 0.042522
v -0.015635 0.073720 0.042437
v -0.002811 0.081883 0.034554
v -0.003941 0.081778 0.034656
v -0.003095 0.081795 0.034640
v -0.003374 0.081698 0.034733
v -0.003647 0.081593 0.034834
v -0.003913 0.081480 0.034943
v -0.004173 0.081359 0.035060
v -0.016812 0.073980 0.042185
v -0.015014 0.074170 0.042002
v -0.016765 0.074331 0.041847
v -0.005064 0.081638 0.034791
v -0.004426 0.081231 0.035184
v -0.004671 0.081095 0.035315
v -0.004909 0.080952 0.035453
v -0.005137 0.080802 0.035598
v -0.016737 0.074682 0.041508
v -0.014368 0.074602 0.041585
v -0.016728 0.075033 0.041169
v -0.006177 0.081463 0.034959
v -0.005357 0.080646 0.035749
v -0.005568 0.080483 0.035906
v -0.005769 0.080313 0.036070
v -0.005960 0.080138 0.036239
v -0.016723 0.075251 0.040958
v -0.013698 0.075014 0.041187
v -0.016704 0.075469 0.040748
v -0.007279 0.081254 0.035161
v -0.006140 0.079958 0.036413
v -0.006311 0.079772 0.036593
v -0.006470 0.079581 0.036777
v -0.016673 0.075685 0.040539
v -0.016629 0.075901 0.040331
v -0.013004 0.075406 0.040809
v -0.016572 0.076115 0.040125
v -0.008368 0.081011 0.035396
v -0.006978 0.079000 0.037338
v -0.007256 0.078721 0.037608
v -0.006716 0.079287 0.037061
v -0.016502 0.076327 0.039920
v -0.016419 0.076536 0.039717
v -0.007549 0.078450 0.037869
v -0.009440 0.080735 0.035663
v -0.007858 0.078188 0.038122
v -0.016324 0.076743 0.039518
v -0.016217 0.076947 0.039321
v -0.010495 0.080425 0.035962
v -0.008517 0.077692 0.038601
v -0.008868 0.077459 0.038826
v -0.008181 0.077935 0.038367
v -0.016098 0.077147 0.039128
v -0.012290 0.075778 0.040450
v -0.015967 0.077343 0.038938
v -0.015825 0.077535 0.038752
v -0.011531 0.080083 0.036292
v -0.009606 0.077024 0.039246
v -0.009994 0.076823 0.039440
v -0.009231 0.077236 0.039042
v -0.015671 0.077723 0.038571
v -0.015506 0.077906 0.038395
v -0.012545 0.079709 0.036653
v -0.010392 0.076634 0.039623
v -0.010800 0.076456 0.039795
v -0.015330 0.078083 0.038224
v -0.015144 0.078255 0.038058
v -0.011555 0.076128 0.040112
v -0.014948 0.078421 0.037897
v -0.014742 0.078581 0.037743
v -0.014527 0.078734 0.037595
v -0.013829 0.079152 0.037192
v -0.014303 0.078880 0.037454
v -0.014070 0.079020 0.037319
v -0.000000 0.082350 -0.034103
v -0.001173 0.082332 -0.034121
v -0.002344 0.082277 -0.034174
v -0.003511 0.082185 -0.034263
v -0.004671 0.082056 -0.034387
v -0.005822 0.081892 -0.034546
v -0.006962 0.081691 -0.034740
v -0.008089 0.081455 -0.034968
v -0.009200 0.081183 -0.035230
v -0.010294 0.080877 -0.035525
v -0.011368 0.080537 -0.035854
v -0.012421 0.080164 -0.036214
v -0.013450 0.079758 -0.036606
v -0.014453 0.079320 -0.037029
v -0.015429 0.078851 -0.037482
v -0.016376 0.078352 -0.037964
v -0.017291 0.077823 -0.038475
v -0.018173 0.077266 -0.039012
v -0.019021 0.076683 -0.039576
v -0.019833 0.076073 -0.040165
v -0.020607 0.075438 -0.040778
v -0.021341 0.074780 -0.041414
v -0.022035 0.074099 -0.042071
v -0.022687 0.073397 -0.042749
v -0.023296 0.072675 -0.043446
v -0.023861 0.071935 -0.044161
v -0.024380 0.071178 -0.044892
v -0.024852 0.070405 -0.045638
v -0.025278 0.069618 -0.046398
v -0.025655 0.068819 -0.047170
v -0.025983 0.068008 -0.047953
v -0.026262 0.067188 -0.048745
v -0.026491 0.066360 -0.049544
v -0.026670 0.065526 -0.050350
v -0.026798 0.064687 -0.051161
v -0.026874 0.063844 -0.051974
v -0.026900 0.063000 -0.052789
v -0.026874 0.062156 -0.053604
v -0.026798 0.061313 -0.054418
v -0.026670 0.060474 -0.055228
v -0.026491 0.059640 -0.056034
v -0.026262 0.058812 -0.056834
v -0.025983 0.057992 -0.057626
v -0.025655 0.057181 -0.058408
v -0.025278 0.056382 -0.059180
v -0.024852 0.055595 -0.059940
v -0.024380 0.054822 -0.060686
v -0.023861 0.054065 -0.061418
v -0.023296 0.053325 -0.062132
v -0.022687 0.052603 -0.062829
v -0.022035 0.051901 -0.063507
v -0.021341 0.051220 -0.064165
v -0.020607 0.050562 -0.064801
v -0.019833 0.049927 -0.065413
v -0.019021 0.049317 -0.066002
v -0.018173 0.048733 -0.066566
v -0.017291 0.048177 -0.067104
v -0.016376 0.047648 -0.067614
v -0.015429 0.047149 -0.068096
v -0.014453 0.046680 -0.068549
v -0.013450 0.046242 -0.068972
v -0.012421 0.045836 -0.069364
v -0.011368 0.045463 -0.069725
v -0.010294 0.045123 -0.070053
v -0.009200 0.044817 -0.070349
v -0.008089 0.044545 -0.070611
v -0.006962 0.044309 -0.070839
v -0.005822 0.044108 -0.071033
v -0.004671 0.043944 -0.071192
v -0.003511 0.043815 -0.071316
v -0.002344 0.043723 -0.071404
v -0.001173 0.043668 -0.071458
v -0.000000 0.043650 -0.071475
v 0.001173 0.043668 -0.071458
v 0.002344 0.043723 -0.071404
v 0.003511 0.043815 -0.071316
v 0.004671 0.043944 -0.071192
v 0.005822 0.044108 -0.071033
v 0.006962 0.044309 -0.070839
v 0.008089 0.044545 -0.070611
v 0.009200 0.044817 -0.070349
v 0.010294 0.045123 -0.070053
v 0.011368 0.045463 -0.069725
v 0.012421 0.045836 -0.069364
v 0.013450 0.046242 -0.068972
v 0.014453 0.046680 -0.068549
v 0.015429 0.047149 -0.068096
v 0.016376 0.047648 -0.067614
v 0.017291 0.048177 -0.067104
v 0.018173 0.048733 -0.066566
v 0.019021 0.049317 -0.066002
v 0.019833 0.049927 -0.065413
v 0.020607 0.050562 -0.064801
v 0.021341 0.051220 -0.064165
v 0.022035 0.051901 -0.063507
v 0.022687 0.052603 -0.062829
v 0.023296 0.053325 -0.062132
v 0.023861 0.054065 -0.061418
v 0.024380 0.054822 -0.060686
v 0.024852 0.055595 -0.059940
v 0.025278 0.056382 -0.059180
v 0.025655 0.057181 -0.058408
v 0.025983 0.057992 -0.057626
v 0.026262 0.058812 -0.056834
v 0.026491 0.059640 -0.056034
v 0.026670 0.060474 -0.055228
v 0.026798 0.061313 -0.054418
v 0.026874 0.062156 -0.053604
v 0.026900 0.063000 -0.052789
v 0.026874 0.063844 -0.051974
v 0.026798 0.064687 -0.051161
v 0.026670 0.065526 -0.050350
v 0.026491 0.066360 -0.049544
v 0.026262 0.067188 -0.048745
v 0.025983 0.068008 -0.047953
v 0.025655 0.068819 -0.047170
v 0.025278 0.069618 -0.046398
v 0.024852 0.070405 -0.045638
v 0.024380 0.071178 -0.044892
v 0.023861 0.071935 -0.044161
v 0.023296 0.072675 -0.043446
v 0.022687 0.073397 -0.042749
v 0.022035 0.074099 -0.042071
v 0.021341 0.074780 -0.041414
v 0.020607 0.075438 -0.040778
v 0.019833 0.076073 -0.040165
v 0.019021 0.076683 -0.039576
v 0.018173 0.077266 -0.039012
v 0.017291 0.077823 -0.038475
v 0.016376 0.078352 -0.037964
v 0.015429 0.078851 -0.037482
v 0.014453 0.079320 -0.037029
v 0.013450 0.079758 -0.036606
v 0.012421 0.080164 -0.036214
v 0.011368 0.080537 -0.035854
v 0.010294 0.080877 -0.035525
v 0.009200 0.081183 -0.035230
v 0.008089 0.081455 -0.034968
v 0.006962 0.081691 -0.034740
v 0.005822 0.081892 -0.034546
v 0.004671 0.082056 -0.034387
v 0.003511 0.082185 -0.034263
v 0.002344 0.082277 -0.034174
v 0.001173 0.082332 -0.034121
v 0.046650 0.069357 -0.010765
v 0.046264 0.069757 -0.010956
v 0.047022 0.068973 -0.009748
v 0.046642 0.069366 -0.009961
v 0.047022 0.068973 0.009748
v 0.046642 0.069366 0.009961
v 0.046650 0.069357 0.010765
v 0.046264 0.069757 0.010956
v -0.046650 0.069357 0.010765
v -0.046264 0.069757 0.010956
v -0.047022 0.068973 0.009748
v -0.046642 0.069366 0.009961
v -0.047022 0.068973 -0.009748
v -0.046642 0.069366 -0.009961
v -0.046650 0.069357 -0.010765
v -0.046264 0.069757 -0.010956
v 0.026360 0.071875 0.060900
v 0.027090 0.071875 0.060900
v 0.027074 0.061770 0.049809
v 0.027100 0.060920 0.050630
v 0.026997 0.062619 0.048989
v 0.027100 0.072729 0.062859
v 0.026868 0.063465 0.048173
v 0.027074 0.073580 0.062038
v 0.027032 0.072720 0.060084
v 0.026688 0.064305 0.047361
v 0.026997 0.074428 0.061218
v 0.026923 0.073562 0.059271
v 0.026458 0.065139 0.046555
v 0.026868 0.075274 0.060402
v 0.026764 0.074400 0.058462
v 0.026177 0.065965 0.045758
v 0.026688 0.076114 0.059590
v 0.026554 0.075232 0.057658
v 0.025846 0.066782 0.044969
v 0.026458 0.076949 0.058784
v 0.026294 0.076057 0.056862
v 0.025466 0.067587 0.044191
v 0.026177 0.077775 0.057986
v 0.025985 0.076873 0.056074
v 0.025037 0.068380 0.043426
v 0.025846 0.078591 0.057198
v 0.025627 0.077679 0.055296
v 0.024561 0.069159 0.042674
v 0.025466 0.079397 0.056420
v 0.025220 0.078472 0.054530
v 0.024038 0.069921 0.041937
v 0.025037 0.080189 0.055655
v 0.024766 0.079252 0.053776
v 0.023469 0.070667 0.041217
v 0.024561 0.080968 0.054903
v 0.024266 0.080018 0.053037
v 0.022856 0.071394 0.040515
v 0.024038 0.081731 0.054166
v 0.023720 0.080767 0.052314
v 0.022199 0.072101 0.039832
v 0.023469 0.082476 0.053446
v 0.023129 0.081498 0.051608
v 0.021500 0.072787 0.039170
v 0.022856 0.083203 0.052744
v 0.022495 0.082210 0.050920
v 0.020760 0.073451 0.038529
v 0.022199 0.083911 0.052061
v 0.021818 0.082902 0.050252
v 0.019980 0.074090 0.037912
v 0.021500 0.084596 0.051399
v 0.021100 0.083572 0.049605
v 0.019163 0.074704 0.037318
v 0.020760 0.085260 0.050758
v 0.020343 0.084218 0.048981
v 0.018309 0.075293 0.036751
v 0.019980 0.085899 0.050141
v 0.019547 0.084841 0.048380
v 0.017420 0.075853 0.036209
v 0.019163 0.086514 0.049547
v 0.018714 0.085438 0.047803
v 0.016497 0.076386 0.035695
v 0.018309 0.087102 0.048979
v 0.017847 0.086009 0.047252
v 0.015544 0.076889 0.035209
v 0.017420 0.087663 0.048438
v 0.016945 0.086552 0.046727
v 0.014561 0.077361 0.034753
v 0.016497 0.088195 0.047924
v 0.016012 0.087066 0.046231
v 0.013550 0.077802 0.034327
v 0.015544 0.088698 0.047438
v 0.015048 0.087551 0.045763
v 0.012513 0.078212 0.033932
v 0.014561 0.089170 0.046982
v 0.014057 0.088005 0.045324
v 0.011453 0.078588 0.033568
v 0.013550 0.089612 0.046556
v 0.013039 0.088428 0.044915
v 0.010371 0.078930 0.033238
v 0.012513 0.090021 0.046161
v 0.011996 0.088819 0.044538
v 0.009269 0.079238 0.032940
v 0.011453 0.090397 0.045797
v 0.010931 0.089177 0.044193
v 0.008149 0.079512 0.032676
v 0.010371 0.090739 0.045466
v 0.009845 0.089501 0.043879
v 0.007014 0.079750 0.032446
v 0.009269 0.091048 0.045169
v 0.008740 0.089791 0.043599
v 0.005866 0.079952 0.032251
v 0.008149 0.091321 0.044905
v 0.007619 0.090046 0.043353
v 0.004706 0.080118 0.032091
v 0.007014 0.091559 0.044675
v 0.006484 0.090266 0.043140
v 0.003537 0.080247 0.031966
v 0.005866 0.091761 0.044480
v 0.005337 0.090451 0.042962
v 0.002362 0.080340 0.031876
v 0.004706 0.091927 0.044319
v 0.004179 0.090599 0.042819
v 0.001182 0.080396 0.031823
v 0.003537 0.092056 0.044195
v 0.003014 0.090712 0.042710
v 0.000000 0.080414 0.031805
v 0.002362 0.092149 0.044105
v 0.001843 0.090788 0.042637
v -0.001182 0.080396 0.031823
v 0.001182 0.092205 0.044051
v 0.000668 0.090827 0.042599
v -0.002362 0.080340 0.031876
v 0.000000 0.092223 0.044033
v -0.000507 0.090829 0.042597
v -0.003537 0.080247 0.031966
v -0.001182 0.092205 0.044051
v -0.001682 0.090795 0.042630
v -0.004706 0.080118 0.032091
v -0.002362 0.092149 0.044105
v -0.002854 0.090724 0.042698
v -0.005866 0.079952 0.032251
v -0.003537 0.092056 0.044195
v -0.004020 0.090617 0.042802
v -0.007014 0.079750 0.032446
v -0.004706 0.091927 0.044319
v -0.005178 0.090473 0.042940
v -0.008149 0.079512 0.032676
v -0.005866 0.091761 0.044480
v -0.006327 0.090294 0.043114
v -0.009269 0.079238 0.032940
v -0.007014 0.091559 0.044675
v -0.007464 0.090079 0.043322
v -0.010371 0.078930 0.033238
v -0.008149 0.091321 0.044905
v -0.008587 0.089828 0.043564
v -0.011453 0.078588 0.033568
v -0.009269 0.091048 0.045169
v -0.009694 0.089543 0.043839
v -0.012513 0.078212 0.033932
v -0.010371 0.090739 0.045466
v -0.010783 0.089223 0.044148
v -0.013550 0.077802 0.034327
v -0.011453 0.090397 0.045797
v -0.011851 0.088870 0.044489
v -0.014561 0.077361 0.034753
v -0.012513 0.090021 0.046161
v -0.012897 0.088484 0.044862
v -0.015544 0.076889 0.035209
v -0.013550 0.089612 0.046556
v -0.014196 0.087944 0.045383
v -0.016497 0.076386 0.035695
v -0.014561 0.089170 0.046982
v -0.015184 0.087485 0.045826
v -0.017420 0.075853 0.036209
v -0.015544 0.088698 0.047438
v -0.016143 0.086997 0.046298
v -0.018309 0.075293 0.036751
v -0.016497 0.088195 0.047924
v -0.017072 0.086478 0.046798
v -0.019163 0.074704 0.037318
v -0.017420 0.087663 0.048438
v -0.017969 0.085931 0.047326
v -0.019980 0.074090 0.037912
v -0.018309 0.087102 0.048979
v -0.018832 0.085357 0.047881
v -0.020760 0.073451 0.038529
v -0.019163 0.086514 0.049547
v -0.019659 0.084756 0.048461
v -0.021500 0.072787 0.039170
v -0.019980 0.085899 0.050141
v -0.020449 0.084131 0.049066
v -0.022199 0.072101 0.039832
v -0.020760 0.085260 0.050758
v -0.021201 0.083480 0.049693
v -0.022856 0.071394 0.040515
v -0.021500 0.084596 0.051399
v -0.021914 0.082808 0.050343
v -0.023469 0.070667 0.041217
v -0.022199 0.083911 0.052061
v -0.022584 0.082113 0.051014
v -0.024038 0.069921 0.041937
v -0.022856 0.083203 0.052744
v -0.023213 0.081398 0.051704
v -0.024561 0.069159 0.042674
v -0.023469 0.082476 0.053446
v -0.023797 0.080665 0.052412
v -0.025037 0.068380 0.043426
v -0.024038 0.081731 0.054166
v -0.024337 0.079914 0.053138
v -0.025466 0.067587 0.044191
v -0.024561 0.080968 0.054903
v -0.024831 0.079146 0.053879
v -0.025846 0.066782 0.044969
v -0.025037 0.080189 0.055655
v -0.025279 0.078364 0.054634
v -0.026177 0.065965 0.045758
v -0.025466 0.079397 0.056420
v -0.025679 0.077569 0.055402
v -0.026458 0.065139 0.046555
v -0.025846 0.078591 0.057198
v -0.026030 0.076762 0.056181
v -0.026688 0.064305 0.047361
v -0.026177 0.077775 0.057986
v -0.026333 0.075945 0.056970
v -0.026868 0.063465 0.048173
v -0.026458 0.076949 0.058784
v -0.026586 0.075119 0.057768
v -0.026997 0.062619 0.048989
v -0.026688 0.076114 0.059590
v -0.026789 0.074286 0.058572
v -0.027074 0.061770 0.049809
v -0.026868 0.075274 0.060402
v -0.026941 0.073447 0.059382
v -0.027100 0.060920 0.050630
v -0.026997 0.074428 0.061218
v -0.027043 0.072605 0.060196
v -0.027074 0.060070 0.051451
v -0.027074 0.073580 0.062038
v -0.027094 0.071760 0.061012
v -0.026997 0.059221 0.052271
v -0.027100 0.072729 0.062859
v -0.027094 0.070914 0.061828
v -0.026868 0.058376 0.053087
v -0.027074 0.071879 0.063680
v -0.027043 0.070069 0.062644
v -0.026688 0.057535 0.053899
v -0.026997 0.071030 0.064499
v -0.026941 0.069227 0.063458
v -0.026458 0.056701 0.054704
v -0.026868 0.070185 0.065316
v -0.026788 0.068388 0.064268
v -0.026177 0.055875 0.055502
v -0.026688 0.069344 0.066128
v -0.026585 0.067556 0.065072
v -0.025846 0.055058 0.056291
v -0.026458 0.068510 0.066933
v -0.026332 0.066730 0.065869
v -0.025466 0.054253 0.057069
v -0.026177 0.067684 0.067731
v -0.026029 0.065913 0.066659
v -0.025037 0.053460 0.057834
v -0.025846 0.066867 0.068520
v -0.025678 0.065106 0.067438
v -0.024561 0.052681 0.058586
v -0.025466 0.066062 0.069297
v -0.025278 0.064310 0.068206
v -0.024038 0.051919 0.059322
v -0.025037 0.065269 0.070063
v -0.024830 0.063528 0.068961
v -0.023469 0.051173 0.060043
v -0.024561 0.064491 0.070815
v -0.024336 0.062761 0.069702
v -0.022856 0.050446 0.060745
v -0.024038 0.063728 0.071551
v -0.023796 0.062010 0.070427
v -0.022199 0.049739 0.061428
v -0.023469 0.062982 0.072271
v -0.023211 0.061276 0.071136
v -0.021500 0.049053 0.062090
v -0.022856 0.062255 0.072974
v -0.022582 0.060562 0.071826
v -0.020760 0.048389 0.062731
v -0.022199 0.061548 0.073657
v -0.021911 0.059867 0.072496
v -0.019980 0.047750 0.063348
v -0.021500 0.060862 0.074319
v -0.021199 0.059195 0.073146
v -0.019163 0.047136 0.063942
v -0.020760 0.060199 0.074959
v -0.020447 0.058545 0.073774
v -0.018309 0.046547 0.064509
v -0.019980 0.059559 0.075577
v -0.019656 0.057919 0.074378
v -0.017420 0.045987 0.065051
v -0.019163 0.058945 0.076170
v -0.018829 0.057318 0.074958
v -0.016497 0.045454 0.065565
v -0.018309 0.058357 0.076738
v -0.017966 0.056744 0.075513
v -0.015544 0.044951 0.066051
v -0.017420 0.057796 0.077280
v -0.017069 0.056197 0.076041
v -0.014561 0.044479 0.066507
v -0.016497 0.057264 0.077794
v -0.016140 0.055679 0.076541
v -0.013550 0.044038 0.066933
v -0.015544 0.056761 0.078279
v -0.015181 0.055190 0.077013
v -0.012513 0.043629 0.067328
v -0.014561 0.056288 0.078736
v -0.014193 0.054732 0.077456
v -0.011453 0.043252 0.067691
v -0.013550 0.055847 0.079162
v -0.012894 0.054192 0.077977
v -0.010371 0.042910 0.068022
v -0.012513 0.055438 0.079557
v -0.011848 0.053806 0.078350
v -0.009269 0.042602 0.068320
v -0.011453 0.055062 0.079920
v -0.010780 0.053453 0.078690
v -0.008149 0.042328 0.068584
v -0.010371 0.054719 0.080251
v -0.009691 0.053134 0.078999
v -0.007014 0.042090 0.068814
v -0.009269 0.054411 0.080549
v -0.008585 0.052848 0.079274
v -0.005866 0.041888 0.069009
v -0.008149 0.054137 0.080813
v -0.007462 0.052598 0.079516
v -0.004706 0.041722 0.069169
v -0.007014 0.053899 0.081043
v -0.006325 0.052383 0.079724
v -0.003537 0.041593 0.069294
v -0.005866 0.053697 0.081238
v -0.005177 0.052203 0.079897
v -0.002362 0.041500 0.069384
v -0.004706 0.053531 0.081398
v -0.004018 0.052060 0.080036
v -0.001182 0.041444 0.069437
v -0.003537 0.053402 0.081523
v -0.002852 0.051953 0.080139
v -0.000000 0.041426 0.069455
v -0.002362 0.053309 0.081612
v -0.001681 0.051882 0.080208
v 0.001182 0.041444 0.069437
v -0.001182 0.053254 0.081666
v -0.000506 0.051848 0.080241
v 0.002362 0.041500 0.069384
v -0.000000 0.053235 0.081684
v 0.000669 0.051850 0.080238
v 0.003537 0.041593 0.069294
v 0.001182 0.053254 0.081666
v 0.001844 0.051890 0.080200
v 0.004706 0.041722 0.069169
v 0.002362 0.053309 0.081612
v 0.003014 0.051965 0.080127
v 0.005866 0.041888 0.069009
v 0.003537 0.053402 0.081523
v 0.004179 0.052078 0.080019
v 0.007014 0.042090 0.068814
v 0.004706 0.053531 0.081398
v 0.005337 0.052226 0.079875
v 0.008149 0.042328 0.068584
v 0.005866 0.053697 0.081238
v 0.006484 0.052411 0.079697
v 0.009269 0.042602 0.068320
v 0.007014 0.053899 0.081043
v 0.007619 0.052631 0.079485
v 0.010371 0.042910 0.068022
v 0.008149 0.054137 0.080813
v 0.008739 0.052886 0.079238
v 0.011453 0.043252 0.067691
v 0.009269 0.054411 0.080549
v 0.009844 0.053176 0.078958
v 0.012513 0.043629 0.067328
v 0.010371 0.054719 0.080251
v 0.010929 0.053500 0.078645
v 0.013550 0.044038 0.066933
v 0.011453 0.055062 0.079920
v 0.011995 0.053858 0.078300
v 0.014561 0.044479 0.066507
v 0.012513 0.055438 0.079557
v 0.013037 0.054248 0.077922
v 0.015544 0.044951 0.066051
v 0.013550 0.055847 0.079162
v 0.014055 0.054671 0.077514
v 0.016497 0.045454 0.065565
v 0.014561 0.056288 0.078736
v 0.015047 0.055125 0.077076
v 0.017420 0.045987 0.065051
v 0.015544 0.056761 0.078279
v 0.016010 0.055610 0.076608
v 0.018309 0.046547 0.064509
v 0.016497 0.057264 0.077794
v 0.016943 0.056124 0.076111
v 0.019163 0.047136 0.063942
v 0.017420 0.057796 0.077280
v 0.017844 0.056667 0.075587
v 0.019980 0.047750 0.063348
v 0.018309 0.058357 0.076738
v 0.018712 0.057237 0.075036
v 0.020760 0.048389 0.062731
v 0.019163 0.058945 0.076170
v 0.019545 0.057834 0.074460
v 0.021500 0.049053 0.062090
v 0.019980 0.059559 0.075577
v 0.020340 0.058457 0.073858
v 0.022199 0.049739 0.061428
v 0.020760 0.060199 0.074959
v 0.021098 0.059103 0.073234
v 0.022856 0.050446 0.060745
v 0.021500 0.060862 0.074319
v 0.021815 0.059773 0.072587
v 0.023469 0.051173 0.060043
v 0.022199 0.061548 0.073657
v 0.022492 0.060465 0.071920
v 0.024038 0.051919 0.059322
v 0.022856 0.062255 0.072974
v 0.023126 0.061176 0.071232
v 0.024561 0.052681 0.058586
v 0.023469 0.062982 0.072271
v 0.023717 0.061907 0.070526
v 0.025037 0.053460 0.057834
v 0.024038 0.063728 0.071551
v 0.024264 0.062656 0.069803
v 0.025466 0.054253 0.057069
v 0.024561 0.064491 0.070815
v 0.024764 0.063421 0.069064
v 0.025846 0.055058 0.056291
v 0.025037 0.065269 0.070063
v 0.025218 0.064201 0.068311
v 0.026177 0.055875 0.055502
v 0.025466 0.066062 0.069297
v 0.025625 0.064994 0.067545
v 0.026458 0.056701 0.054704
v 0.025846 0.066867 0.068520
v 0.025983 0.065800 0.066767
v 0.026688 0.057535 0.053899
v 0.026177 0.067684 0.067731
v 0.026293 0.066616 0.065980
v 0.026868 0.058376 0.053087
v 0.026458 0.068510 0.066933
v 0.026553 0.067440 0.065183
v 0.026997 0.059221 0.052271
v 0.026688 0.069344 0.066128
v 0.026763 0.068272 0.064380
v 0.027074 0.060070 0.051451
v 0.026868 0.070185 0.065316
v 0.026922 0.069110 0.063571
v 0.026997 0.071030 0.064499
v 0.027031 0.069952 0.062758
v 0.027074 0.071879 0.063680
v 0.027089 0.070796 0.061942
v -0.012545 0.088045 0.045285
v 0.026321 0.072091 0.060692
v 0.026270 0.072306 0.060484
v 0.026206 0.072519 0.060279
v 0.026129 0.072730 0.060075
v 0.026039 0.072938 0.059874
v 0.025938 0.073143 0.059676
v 0.025824 0.073345 0.059481
v 0.025698 0.073543 0.059290
v 0.025561 0.073737 0.059103
v 0.025412 0.073927 0.058919
v 0.025252 0.074111 0.058741
v 0.025081 0.074291 0.058567
v 0.024899 0.074466 0.058399
v 0.024708 0.074634 0.058236
v 0.024506 0.074797 0.058079
v 0.024295 0.074953 0.057929
v 0.024075 0.075102 0.057784
v 0.023846 0.075245 0.057647
v 0.023608 0.075380 0.057516
v 0.023363 0.075508 0.057392
v 0.023111 0.075628 0.057276
v 0.022851 0.075740 0.057168
v 0.019825 0.077505 0.055464
v 0.020158 0.077247 0.055713
v 0.020505 0.076999 0.055952
v 0.020866 0.076762 0.056182
v 0.021239 0.076535 0.056401
v 0.021626 0.076319 0.056609
v 0.022023 0.076114 0.056807
v 0.022432 0.075921 0.056993
v 0.021600 0.071336 0.061421
v 0.021582 0.071970 0.060809
v 0.021528 0.072603 0.060197
v 0.021438 0.073234 0.059588
v 0.021313 0.073862 0.058982
v 0.021152 0.074486 0.058380
v 0.020955 0.075104 0.057782
v 0.020724 0.075716 0.057191
v 0.020458 0.076321 0.056607
v 0.020158 0.076917 0.056031
v 0.021610 0.070993 0.061753
v 0.021639 0.070650 0.062084
v 0.021687 0.070308 0.062413
v 0.021754 0.069968 0.062742
v 0.021841 0.069631 0.063068
v 0.021946 0.069296 0.063391
v 0.022071 0.068965 0.063711
v 0.022214 0.068637 0.064027
v 0.022375 0.068314 0.064340
v 0.022554 0.067996 0.064647
v 0.022751 0.067683 0.064949
v 0.022966 0.067376 0.065245
v 0.023197 0.067076 0.065535
v 0.024139 0.063646 0.068848
v 0.024175 0.063867 0.068634
v 0.024198 0.064089 0.068420
v 0.024208 0.064311 0.068205
v 0.024205 0.064534 0.067990
v 0.024190 0.064756 0.067775
v 0.024162 0.064978 0.067561
v 0.024121 0.065198 0.067348
v 0.024067 0.065418 0.067137
v 0.024001 0.065635 0.066927
v 0.023922 0.065850 0.066719
v 0.023831 0.066063 0.066513
v 0.023728 0.066273 0.066311
v 0.023613 0.066479 0.066111
v 0.023486 0.066682 0.065915
v 0.023347 0.066881 0.065723
v 0.024577 0.064402 0.068117
v 0.024970 0.065172 0.067374
v 0.025317 0.065953 0.066620
v 0.025616 0.066743 0.065856
v 0.025868 0.067543 0.065084
v 0.026072 0.068349 0.064305
v 0.026226 0.069162 0.063521
v 0.026332 0.069978 0.062733
v 0.026389 0.070796 0.061942
v -0.012531 0.054645 0.077540
v -0.012251 0.054561 0.077621
v -0.011967 0.054486 0.077693
v -0.011679 0.054419 0.077758
v -0.011386 0.054362 0.077813
v -0.011091 0.054313 0.077860
v -0.010794 0.054274 0.077898
v -0.010494 0.054244 0.077927
v -0.010192 0.054223 0.077947
v -0.009890 0.054212 0.077958
v -0.009587 0.054210 0.077960
v -0.009284 0.054217 0.077953
v -0.008983 0.054234 0.077937
v -0.008682 0.054260 0.077912
v -0.008383 0.054295 0.077878
v -0.008087 0.054339 0.077835
v -0.007793 0.054393 0.077783
v -0.007503 0.054455 0.077723
v -0.007217 0.054526 0.077654
v -0.006935 0.054607 0.077577
v -0.006659 0.054695 0.077491
v -0.006388 0.054793 0.077397
v -0.006123 0.054898 0.077295
v -0.002486 0.055901 0.076326
v -0.002963 0.055823 0.076402
v -0.003434 0.055730 0.076491
v -0.003901 0.055624 0.076594
v -0.004361 0.055505 0.076709
v -0.004814 0.055372 0.076837
v -0.005259 0.055227 0.076978
v -0.005695 0.055069 0.077130
v -0.010800 0.057880 0.074416
v -0.010028 0.057574 0.074711
v -0.009238 0.057291 0.074984
v -0.008434 0.057032 0.075235
v -0.007615 0.056796 0.075462
v -0.006784 0.056584 0.075667
v -0.005941 0.056398 0.075847
v -0.005089 0.056236 0.076004
v -0.004228 0.056099 0.076136
v -0.003360 0.055987 0.076243
v -0.011218 0.058045 0.074256
v -0.011645 0.058199 0.074108
v -0.012080 0.058339 0.073972
v -0.012523 0.058467 0.073848
v -0.012973 0.058582 0.073737
v -0.013429 0.058684 0.073639
v -0.013890 0.058772 0.073554
v -0.014356 0.058847 0.073482
v -0.014826 0.058908 0.073423
v -0.015298 0.058956 0.073377
v -0.015773 0.058989 0.073344
v -0.016250 0.059009 0.073325
v -0.016727 0.059015 0.073320
v -0.021328 0.060144 0.072230
v -0.021080 0.060011 0.072358
v -0.020824 0.059885 0.072479
v -0.020561 0.059768 0.072593
v -0.020292 0.059658 0.072699
v -0.020017 0.059556 0.072797
v -0.019736 0.059463 0.072887
v -0.019450 0.059378 0.072969
v -0.019159 0.059302 0.073042
v -0.018864 0.059234 0.073108
v -0.018565 0.059176 0.073164
v -0.018264 0.059126 0.073212
v -0.017960 0.059086 0.073251
v -0.017653 0.059054 0.073282
v -0.017345 0.059032 0.073303
v -0.017036 0.059019 0.073316
v -0.020636 0.059492 0.072859
v -0.019907 0.058862 0.073467
v -0.019140 0.058256 0.074052
v -0.018337 0.057674 0.074614
v -0.017501 0.057118 0.075152
v -0.016631 0.056588 0.075664
v -0.015731 0.056085 0.076149
v -0.014801 0.055611 0.076607
v -0.013844 0.055166 0.077036
v -0.013829 0.087488 0.045824
v -0.014070 0.087356 0.045951
v -0.014303 0.087216 0.046086
v -0.014527 0.087070 0.046227
v -0.014742 0.086916 0.046375
v -0.014948 0.086757 0.046529
v -0.015144 0.086591 0.046690
v -0.015330 0.086419 0.046856
v -0.015506 0.086242 0.047027
v -0.015671 0.086059 0.047203
v -0.015825 0.085871 0.047384
v -0.015967 0.085679 0.047570
v -0.016098 0.085483 0.047760
v -0.016217 0.085283 0.047953
v -0.016324 0.085079 0.048150
v -0.016419 0.084872 0.048350
v -0.016502 0.084662 0.048552
v -0.016572 0.084451 0.048757
v -0.016629 0.084237 0.048963
v -0.016673 0.084021 0.049171
v -0.016704 0.083805 0.049380
v -0.016723 0.083587 0.049590
v -0.016728 0.083369 0.049801
v -0.017339 0.080602 0.052473
v -0.017195 0.080938 0.052148
v -0.017071 0.081278 0.051820
v -0.016965 0.081622 0.051488
v -0.016879 0.081968 0.051154
v -0.016812 0.082316 0.050817
v -0.016765 0.082666 0.050479
v -0.016737 0.083018 0.050140
v -0.010800 0.084792 0.048427
v -0.011555 0.084464 0.048744
v -0.012290 0.084114 0.049082
v -0.013004 0.083742 0.049441
v -0.013698 0.083350 0.049819
v -0.014368 0.082938 0.050217
v -0.015014 0.082506 0.050634
v -0.015635 0.082056 0.051069
v -0.016230 0.081588 0.051521
v -0.016799 0.081103 0.051989
v -0.010392 0.084970 0.048255
v -0.009994 0.085159 0.048072
v -0.009606 0.085360 0.047878
v -0.009231 0.085572 0.047674
v -0.008868 0.085795 0.047459
v -0.008517 0.086028 0.047233
v -0.008181 0.086271 0.046999
v -0.007858 0.086524 0.046754
v -0.007549 0.086786 0.046501
v -0.007256 0.087057 0.046240
v -0.006978 0.087336 0.045970
v -0.006716 0.087623 0.045693
v -0.006470 0.087917 0.045409
v -0.002811 0.090218 0.043187
v -0.003095 0.090130 0.043272
v -0.003374 0.090034 0.043365
v -0.003647 0.089929 0.043466
v -0.003913 0.089816 0.043575
v -0.004173 0.089695 0.043692
v -0.004426 0.089567 0.043816
v -0.004671 0.089431 0.043947
v -0.004909 0.089288 0.044085
v -0.005137 0.089138 0.044230
v -0.005357 0.088982 0.044381
v -0.005568 0.088818 0.044538
v -0.005769 0.088649 0.044702
v -0.005960 0.088474 0.044871
v -0.006140 0.088294 0.045045
v -0.006311 0.088108 0.045225
v -0.003941 0.090114 0.043288
v -0.005064 0.089974 0.043423
v -0.006177 0.089799 0.043591
v -0.007279 0.089590 0.043793
v -0.008368 0.089347 0.044028
v -0.009440 0.089071 0.044295
v -0.010495 0.088761 0.044594
v -0.011531 0.088419 0.044924
v -0.010765 0.069357 -0.046650
v -0.010956 0.069757 -0.046264
v -0.009748 0.068973 -0.047022
v -0.009961 0.069366 -0.046642
v 0.009748 0.068973 -0.047022
v 0.009961 0.069366 -0.046642
v 0.010765 0.069357 -0.046650
v 0.010956 0.069757 -0.046264
v 0.018449 0.084920 0.048303
v 0.019220 0.084355 0.048849
v 0.017646 0.085461 0.047781
v 0.019958 0.083767 0.049416
v 0.016812 0.085978 0.047282
v 0.020661 0.083158 0.050005
v 0.015949 0.086469 0.046807
v 0.021328 0.082528 0.050613
v 0.015058 0.086934 0.046358
v 0.014141 0.087372 0.045935
v 0.021578 0.081997 0.051126
v 0.021790 0.081848 0.051270
v 0.021993 0.081692 0.051420
v 0.021357 0.082139 0.050989
v 0.022187 0.081531 0.051576
v 0.021128 0.082275 0.050857
v 0.022371 0.081364 0.051737
v 0.020892 0.082404 0.050733
v 0.021080 0.082661 0.050484
v 0.022545 0.081191 0.051904
v 0.020648 0.082525 0.050616
v 0.020824 0.082787 0.050363
v 0.022710 0.081014 0.052076
v 0.020398 0.082639 0.050506
v 0.020561 0.082904 0.050250
v 0.013200 0.087782 0.045539
v 0.022863 0.080831 0.052252
v 0.020141 0.082746 0.050403
v 0.020292 0.083014 0.050144
v 0.012940 0.087885 0.045440
v 0.019878 0.082844 0.050308
v 0.020017 0.083116 0.050046
v 0.012675 0.087980 0.045348
v 0.019609 0.082935 0.050221
v 0.019736 0.083209 0.049956
v 0.012404 0.088066 0.045265
v 0.023393 0.080137 0.052922
v 0.019336 0.083017 0.050141
v 0.019450 0.083294 0.049874
v 0.012128 0.088145 0.045189
v 0.019057 0.083091 0.050070
v 0.019159 0.083370 0.049800
v 0.011848 0.088215 0.045121
v 0.018775 0.083156 0.050007
v 0.018864 0.083437 0.049735
v 0.023883 0.079428 0.053606
v 0.011564 0.088276 0.045062
v 0.018490 0.083213 0.049952
v 0.018565 0.083496 0.049678
v 0.011277 0.088329 0.045011
v 0.010691 0.088700 0.044653
v 0.018201 0.083261 0.049905
v 0.018264 0.083546 0.049630
v 0.010987 0.088373 0.044968
v 0.024331 0.078705 0.054305
v 0.017909 0.083301 0.049867
v 0.017960 0.083586 0.049591
v 0.010694 0.088409 0.044934
v 0.017616 0.083331 0.049838
v 0.017653 0.083618 0.049561
v 0.010400 0.088435 0.044909
v 0.010383 0.088726 0.044628
v 0.017321 0.083353 0.049817
v 0.017345 0.083640 0.049539
v 0.024737 0.077969 0.055015
v 0.010105 0.088453 0.044892
v 0.010075 0.088742 0.044612
v 0.017025 0.083366 0.049804
v 0.017036 0.083653 0.049527
v 0.009808 0.088461 0.044883
v 0.009766 0.088750 0.044605
v 0.008643 0.089280 0.044093
v 0.009675 0.089005 0.044358
v 0.016728 0.083369 0.049801
v 0.016727 0.083657 0.049523
v 0.009512 0.088461 0.044884
v 0.009456 0.088748 0.044607
v 0.025100 0.077222 0.055737
v 0.009215 0.088452 0.044893
v 0.009147 0.088737 0.044617
v 0.016240 0.083375 0.049795
v 0.016231 0.083663 0.049517
v 0.007596 0.089523 0.043858
v 0.008920 0.088433 0.044910
v 0.008839 0.088717 0.044637
v 0.025419 0.076464 0.056469
v 0.015751 0.083395 0.049776
v 0.015736 0.083685 0.049496
v 0.008626 0.088406 0.044937
v 0.008532 0.088687 0.044665
v 0.006535 0.089735 0.043653
v 0.015265 0.083429 0.049743
v 0.015243 0.083721 0.049461
v 0.008334 0.088370 0.044971
v 0.008227 0.088649 0.044703
v 0.025694 0.075698 0.057209
v 0.008044 0.088325 0.045015
v 0.007925 0.088601 0.044749
v 0.014780 0.083478 0.049696
v 0.014753 0.083772 0.049412
v 0.007757 0.088272 0.045066
v 0.007626 0.088544 0.044803
v 0.005464 0.089915 0.043479
v 0.014299 0.083540 0.049636
v 0.014265 0.083838 0.049348
v 0.007473 0.088210 0.045126
v 0.007330 0.088479 0.044867
v 0.025925 0.074924 0.057957
v 0.013821 0.083616 0.049563
v 0.013782 0.083919 0.049270
v 0.007193 0.088139 0.045195
v 0.007038 0.088404 0.044938
v 0.013349 0.083705 0.049476
v 0.013304 0.084014 0.049178
v 0.004382 0.090063 0.043337
v 0.012881 0.083808 0.049377
v 0.012833 0.084124 0.049072
v 0.012368 0.084248 0.048952
v 0.006918 0.088060 0.045271
v 0.006751 0.088322 0.045018
v 0.026110 0.074143 0.058710
v 0.006648 0.087973 0.045355
v 0.006469 0.088230 0.045107
v 0.003293 0.090178 0.043225
v 0.014971 0.081723 0.051390
v 0.016129 0.081671 0.051441
v 0.015529 0.082136 0.050992
v 0.014372 0.082152 0.050976
v 0.014903 0.082583 0.050560
v 0.006382 0.087877 0.045447
v 0.006193 0.088131 0.045203
v 0.015545 0.081277 0.051821
v 0.016702 0.081189 0.051906
v 0.013749 0.082563 0.050579
v 0.014252 0.083011 0.050147
v 0.024748 0.075031 0.057853
v 0.024530 0.075189 0.057700
v 0.024957 0.074867 0.058011
v 0.024304 0.075341 0.057554
v 0.025155 0.074696 0.058176
v 0.024068 0.075485 0.057414
v 0.016093 0.080815 0.052267
v 0.017247 0.080691 0.052388
v 0.013104 0.082956 0.050200
v 0.013578 0.083420 0.049752
v 0.025344 0.074520 0.058346
v 0.023825 0.075623 0.057281
v 0.025523 0.074338 0.058522
v 0.023574 0.075753 0.057156
v 0.016615 0.080337 0.052729
v 0.017763 0.080176 0.052884
v 0.025691 0.074151 0.058703
v 0.012437 0.083329 0.049840
v 0.023316 0.075875 0.057037
v 0.025847 0.073959 0.058888
v 0.023050 0.075990 0.056927
v 0.006123 0.087774 0.045547
v 0.005922 0.088023 0.045307
v 0.026250 0.073358 0.059469
v 0.017110 0.079844 0.053205
v 0.018250 0.079648 0.053395
v 0.011750 0.083682 0.049498
v 0.011910 0.084386 0.048819
v 0.025993 0.073763 0.059078
v 0.022641 0.076167 0.056756
v 0.026127 0.073562 0.059271
v 0.017576 0.079337 0.053694
v 0.018706 0.079105 0.053919
v 0.011043 0.084015 0.049177
v 0.011462 0.084537 0.048673
v 0.022242 0.076355 0.056574
v 0.021854 0.076555 0.056381
v 0.002199 0.090261 0.043146
v 0.021478 0.076766 0.056177
v 0.018013 0.078817 0.054197
v 0.018953 0.078811 0.054203
v 0.021113 0.076988 0.055963
v 0.020100 0.077715 0.055261
v 0.019790 0.077976 0.055009
v 0.020424 0.077463 0.055504
v 0.020762 0.077220 0.055739
v 0.005695 0.087603 0.045712
v 0.005505 0.087856 0.045468
v 0.009744 0.084555 0.048656
v 0.010144 0.085054 0.048174
v 0.009344 0.085345 0.047893
v 0.018450 0.078245 0.054750
v 0.019216 0.078525 0.054479
v 0.019496 0.078246 0.054748
v 0.008989 0.084829 0.048391
v 0.008528 0.085611 0.047636
v 0.005259 0.087445 0.045865
v 0.005078 0.087702 0.045617
v 0.018851 0.077659 0.055315
v 0.001100 0.090310 0.043098
v 0.008220 0.085080 0.048148
v 0.019217 0.077062 0.055892
v 0.004814 0.087299 0.046005
v 0.004643 0.087560 0.045754
v 0.007437 0.085309 0.047927
v 0.007697 0.085854 0.047402
v 0.019546 0.076453 0.056479
v 0.000000 0.090327 0.043082
v 0.004361 0.087167 0.046133
v 0.004201 0.087431 0.045878
v 0.006642 0.085515 0.047729
v 0.006853 0.086071 0.047192
v -0.000296 0.090322 0.043087
v 0.019837 0.075835 0.057076
v 0.005836 0.085697 0.047553
v 0.005997 0.086263 0.047007
v -0.000592 0.090309 0.043100
v 0.003901 0.087048 0.046249
v 0.003752 0.087315 0.045990
v 0.020091 0.075208 0.057682
v -0.000887 0.090286 0.043121
v 0.005020 0.085856 0.047399
v 0.005131 0.086429 0.046846
v 0.003434 0.086942 0.046351
v 0.003297 0.087212 0.046090
v -0.001181 0.090255 0.043151
v 0.020307 0.074574 0.058294
v -0.001472 0.090215 0.043190
v 0.004196 0.085991 0.047269
v 0.004256 0.086569 0.046711
v 0.002963 0.086849 0.046440
v 0.002836 0.087123 0.046176
v -0.001760 0.090166 0.043237
v 0.020484 0.073934 0.058912
v -0.002046 0.090108 0.043293
v 0.002486 0.086770 0.046516
v 0.002370 0.087047 0.046249
v 0.003365 0.086101 0.047163
v 0.003374 0.086683 0.046601
v 0.001901 0.086985 0.046309
v -0.002328 0.090042 0.043357
v 0.020622 0.073289 0.059535
v -0.002606 0.089968 0.043429
v 0.002529 0.086187 0.047079
v -0.002879 0.089885 0.043509
v 0.020721 0.072640 0.060162
v -0.003147 0.089794 0.043597
v 0.001688 0.086249 0.047020
v 0.001428 0.086936 0.046356
v -0.003409 0.089695 0.043692
v -0.003666 0.089588 0.043796
v 0.020780 0.071989 0.060791
v 0.000845 0.086286 0.046984
v 0.000954 0.086902 0.046390
v 0.000477 0.086881 0.046410
v -0.003916 0.089473 0.043906
v -0.004159 0.089351 0.044024
v 0.000000 0.086298 0.046972
v 0.000000 0.086874 0.046417
v 0.020800 0.071336 0.061421
v -0.000882 0.086861 0.046429
v -0.004395 0.089222 0.044149
v -0.004623 0.089085 0.044281
v -0.000907 0.086284 0.046986
v 0.020780 0.070683 0.062051
v -0.001762 0.086822 0.046467
v -0.004843 0.088942 0.044419
v -0.005054 0.088793 0.044563
v 0.021457 0.069548 0.063148
v 0.020721 0.070032 0.062681
v -0.001813 0.086241 0.047027
v -0.002639 0.086757 0.046529
v -0.005257 0.088637 0.044714
v 0.021566 0.069205 0.063479
v -0.005450 0.088475 0.044870
v 0.021694 0.068865 0.063807
v -0.005633 0.088308 0.045032
v 0.021842 0.068530 0.064131
v -0.002715 0.086170 0.047096
v 0.020622 0.069383 0.063307
v -0.003512 0.086667 0.046616
v 0.022008 0.068199 0.064450
v -0.005807 0.088135 0.045199
v 0.022192 0.067873 0.064765
v 0.022394 0.067553 0.065074
v -0.005970 0.087957 0.045371
v 0.022614 0.067239 0.065378
v -0.003612 0.086071 0.047192
v 0.020484 0.068738 0.063930
v 0.021182 0.068295 0.064358
v 0.021337 0.068919 0.063755
v -0.004379 0.086551 0.046728
v -0.006123 0.087774 0.045547
v 0.022851 0.066931 0.065675
v 0.022995 0.066745 0.065855
v 0.023128 0.066554 0.066039
v 0.023249 0.066359 0.066227
v 0.023359 0.066161 0.066418
v -0.006375 0.087472 0.045839
v 0.023457 0.065960 0.066613
v -0.004502 0.085943 0.047315
v 0.020307 0.068098 0.064548
v 0.020992 0.067675 0.064956
v 0.023544 0.065756 0.066810
v -0.005238 0.086410 0.046864
v 0.023618 0.065550 0.067009
v -0.006643 0.087178 0.046123
v 0.023681 0.065341 0.067210
v 0.023731 0.065131 0.067413
v 0.023768 0.064919 0.067618
v 0.020091 0.067463 0.065161
v 0.020767 0.067062 0.065548
v -0.005383 0.085788 0.047465
v -0.006927 0.086892 0.046399
v -0.006089 0.086244 0.047025
v 0.023794 0.064707 0.067823
v 0.023807 0.064494 0.068029
v -0.007227 0.086614 0.046667
v 0.023807 0.064280 0.068235
v 0.023795 0.064067 0.068440
v -0.006255 0.085606 0.047641
v 0.019837 0.066837 0.065766
v 0.020507 0.066456 0.066134
v -0.006930 0.086052 0.047210
v 0.023771 0.063855 0.068646
v -0.007543 0.086346 0.046927
v 0.023734 0.063643 0.068850
v 0.023685 0.063433 0.069053
v -0.007873 0.086086 0.047177
v -0.007114 0.085396 0.047844
v 0.019546 0.066219 0.066363
v 0.020213 0.065858 0.066711
v -0.007759 0.085837 0.047418
v 0.023624 0.063224 0.069255
v 0.023550 0.063018 0.069454
v -0.008217 0.085836 0.047418
v 0.023465 0.062813 0.069651
v -0.007960 0.085159 0.048072
v 0.019217 0.065610 0.066951
v 0.019886 0.065269 0.067280
v -0.008575 0.085597 0.047650
v 0.023367 0.062612 0.069846
v 0.023258 0.062414 0.070037
v 0.023138 0.062219 0.070226
v 0.023006 0.062028 0.070410
v -0.008790 0.084896 0.048326
v 0.018851 0.065013 0.067528
v 0.019525 0.064690 0.067839
v 0.022863 0.061841 0.070591
v -0.009604 0.084608 0.048605
v 0.018450 0.064427 0.068093
v 0.019131 0.064123 0.068387
v 0.022293 0.061163 0.071245
v 0.018013 0.063855 0.068646
v 0.018706 0.063567 0.068924
v -0.010400 0.084294 0.048908
v 0.018476 0.063266 0.069214
v 0.021684 0.060504 0.071882
v 0.017576 0.063335 0.069148
v 0.018263 0.062959 0.069511
v -0.011176 0.083955 0.049235
v 0.018067 0.062646 0.069813
v -0.015559 0.086678 0.046606
v -0.015744 0.086499 0.046778
v 0.017110 0.062828 0.069637
v 0.017889 0.062327 0.070121
v -0.011930 0.083592 0.049585
v 0.021038 0.059863 0.072500
v -0.015918 0.086315 0.046956
v -0.016082 0.086126 0.047138
v 0.017339 0.062070 0.070369
v 0.017730 0.062004 0.070433
v 0.017588 0.061676 0.070750
v 0.016615 0.062335 0.070113
v -0.016235 0.085933 0.047325
v -0.016435 0.086198 0.047069
v 0.017195 0.061734 0.070694
v -0.012662 0.083206 0.049958
v -0.016376 0.085735 0.047516
v 0.017466 0.061344 0.071070
v 0.020355 0.059242 0.073100
v 0.017071 0.061394 0.071022
v -0.016505 0.085533 0.047712
v 0.017362 0.061009 0.071394
v 0.016093 0.061857 0.070575
v 0.016789 0.061561 0.070861
v -0.016623 0.085327 0.047910
v -0.017282 0.085692 0.047557
v 0.016965 0.061050 0.071354
v -0.013370 0.082798 0.050353
v 0.017277 0.060671 0.071720
v -0.016729 0.085118 0.048112
v 0.016879 0.060704 0.071688
v -0.016823 0.084905 0.048317
v 0.019636 0.058643 0.073679
v 0.016211 0.061068 0.071337
v 0.017211 0.060331 0.072048
v 0.015545 0.061394 0.071022
v -0.016904 0.084691 0.048525
v 0.016812 0.060356 0.072025
v 0.017164 0.059990 0.072378
v -0.016973 0.084474 0.048734
v -0.014052 0.082367 0.050768
v -0.018098 0.085162 0.048070
v 0.016765 0.060005 0.072363
v -0.017030 0.084255 0.048945
v 0.017137 0.059647 0.072709
v 0.015605 0.060593 0.071796
v -0.017074 0.084035 0.049158
v 0.014971 0.060949 0.071452
v 0.016737 0.059654 0.072702
v 0.018884 0.058065 0.074237
v 0.017128 0.059303 0.073041
v -0.017105 0.083813 0.049372
v -0.014708 0.081916 0.051204
v 0.016728 0.059303 0.073042
v 0.017123 0.059081 0.073256
v -0.017123 0.083591 0.049587
v 0.016723 0.059089 0.073248
v 0.017105 0.058859 0.073470
v -0.017128 0.083368 0.049802
v -0.018884 0.084607 0.048605
v 0.014972 0.060136 0.072237
v 0.016705 0.058876 0.073453
v 0.017074 0.058637 0.073684
v 0.014372 0.060520 0.071866
v -0.017137 0.083025 0.050133
v 0.016675 0.058664 0.073658
v 0.017030 0.058417 0.073897
v 0.018098 0.057510 0.074773
v 0.016633 0.058453 0.073862
v -0.015335 0.081444 0.051660
v 0.016973 0.058198 0.074108
v -0.017164 0.082682 0.050464
v 0.016578 0.058243 0.074065
v 0.016904 0.057981 0.074318
v 0.014313 0.059699 0.072659
v 0.013749 0.060109 0.072263
v -0.017211 0.082341 0.050794
v 0.016511 0.058036 0.074265
v -0.019636 0.084029 0.049163
v 0.016823 0.057766 0.074525
v 0.016432 0.057830 0.074464
v 0.016729 0.057554 0.074730
v -0.017277 0.082001 0.051122
v -0.015934 0.080954 0.052134
v 0.017282 0.056980 0.075285
v 0.016341 0.057627 0.074660
v 0.016623 0.057345 0.074932
v -0.017362 0.081663 0.051449
v 0.016238 0.057427 0.074853
v 0.013629 0.059282 0.073062
v 0.013104 0.059716 0.072642
v 0.016505 0.057139 0.075131
v 0.016124 0.057230 0.075043
v -0.020355 0.083430 0.049743
v -0.017466 0.081328 0.051772
v 0.016376 0.056937 0.075326
v -0.016502 0.080444 0.052625
v 0.015998 0.057037 0.075230
v 0.016235 0.056739 0.075517
v -0.017588 0.080996 0.052093
v 0.016435 0.056474 0.075773
v 0.015861 0.056848 0.075412
v 0.012923 0.058886 0.073444
v 0.012437 0.059343 0.073003
v 0.016082 0.056546 0.075704
v 0.015713 0.056663 0.075591
v -0.017730 0.080668 0.052409
v 0.015918 0.056357 0.075887
v -0.021038 0.082809 0.050342
v 0.015555 0.056483 0.075765
v -0.017038 0.079918 0.053134
v 0.015744 0.056173 0.076064
v -0.017889 0.080344 0.052722
v 0.011750 0.058990 0.073344
v 0.015386 0.056307 0.075934
v 0.012193 0.058511 0.073807
v 0.015559 0.055994 0.076237
v 0.015207 0.056137 0.076098
v -0.018067 0.080026 0.053029
v 0.015018 0.055973 0.076257
v -0.017543 0.079375 0.053658
v 0.011043 0.058656 0.073666
v -0.018263 0.079713 0.053332
v -0.021684 0.082168 0.050961
v 0.014820 0.055814 0.076410
v 0.011443 0.058158 0.074147
v -0.018476 0.079406 0.053628
v 0.014613 0.055662 0.076558
v 0.014397 0.055516 0.076699
v -0.018013 0.078817 0.054197
v -0.018706 0.079105 0.053919
v 0.014173 0.055376 0.076833
v -0.022293 0.081508 0.051598
v -0.018421 0.078285 0.054711
v -0.019131 0.078549 0.054455
v 0.013940 0.055244 0.076961
v 0.013701 0.055118 0.077082
v 0.013454 0.055000 0.077197
v 0.009756 0.057391 0.074887
v 0.010162 0.057595 0.074690
v 0.009744 0.058117 0.074187
v 0.013200 0.054890 0.077303
v -0.022863 0.080831 0.052252
v 0.008989 0.057843 0.074451
v -0.018798 0.077741 0.055236
v -0.019525 0.077981 0.055004
v 0.009361 0.057175 0.075096
v -0.023006 0.080644 0.052432
v -0.023138 0.080453 0.052617
v -0.023258 0.080258 0.052805
v -0.019144 0.077186 0.055772
v 0.012236 0.054508 0.077672
v -0.023367 0.080060 0.052996
v 0.008575 0.057075 0.075193
v 0.008979 0.056948 0.075316
v 0.008220 0.057592 0.074694
v -0.019886 0.077403 0.055563
v 0.008611 0.056709 0.075547
v 0.008217 0.056836 0.075424
v -0.019459 0.076622 0.056317
v 0.007759 0.056835 0.075424
v 0.007437 0.057363 0.074915
v -0.023465 0.079859 0.053191
v -0.023550 0.079654 0.053388
v -0.023624 0.079448 0.053588
v 0.008258 0.056459 0.075788
v -0.020213 0.076814 0.056131
v 0.007873 0.056586 0.075665
v 0.011250 0.054156 0.078012
v 0.007919 0.056198 0.076040
v -0.019741 0.076049 0.056870
v 0.007543 0.056326 0.075916
v -0.024139 0.079026 0.053995
v -0.023685 0.079239 0.053789
v -0.023734 0.079029 0.053992
v -0.023771 0.078817 0.054197
v 0.006930 0.056620 0.075633
v 0.006642 0.057157 0.075114
v -0.020507 0.076216 0.056709
v -0.024175 0.078805 0.054208
v -0.023795 0.078604 0.054402
v 0.007596 0.055927 0.076301
v 0.007227 0.056058 0.076175
v 0.010245 0.053834 0.078323
v -0.024198 0.078583 0.054423
v -0.023807 0.078391 0.054608
v -0.019991 0.075468 0.057430
v -0.024208 0.078361 0.054637
v -0.023807 0.078178 0.054814
v 0.007289 0.055647 0.076572
v 0.006089 0.056428 0.075817
v 0.005836 0.056975 0.075290
v 0.006927 0.055780 0.076444
v -0.024205 0.078138 0.054852
v -0.023794 0.077965 0.055020
v -0.020767 0.075610 0.057294
v -0.024190 0.077916 0.055067
v -0.023768 0.077753 0.055225
v 0.006999 0.055358 0.076851
v -0.020208 0.074881 0.057998
v -0.024162 0.077694 0.055281
v -0.023731 0.077541 0.055429
v 0.006643 0.055494 0.076720
v -0.024563 0.078296 0.054700
v 0.009222 0.053542 0.078605
v -0.024121 0.077473 0.055494
v -0.023681 0.077331 0.055632
v 0.005238 0.056262 0.075978
v 0.005020 0.056816 0.075443
v -0.024067 0.077254 0.055706
v -0.023618 0.077122 0.055833
v 0.006726 0.055061 0.077138
v -0.020992 0.074996 0.057886
v 0.006375 0.055200 0.077004
v -0.024001 0.077037 0.055916
v -0.023544 0.076916 0.056033
v -0.020391 0.074288 0.058571
v -0.023922 0.076821 0.056124
v -0.023457 0.076712 0.056230
v -0.024945 0.077553 0.055417
v -0.023831 0.076609 0.056329
v -0.023359 0.076510 0.056424
v 0.006470 0.054755 0.077433
v -0.023728 0.076399 0.056532
v -0.023249 0.076312 0.056615
v 0.006123 0.054898 0.077295
v 0.004379 0.056121 0.076114
v 0.004196 0.056681 0.075573
v -0.023613 0.076192 0.056731
v -0.023128 0.076118 0.056803
v 0.008183 0.053281 0.078857
v -0.021182 0.074377 0.058484
v 0.006311 0.054564 0.077618
v -0.023486 0.075989 0.056927
v -0.022995 0.075927 0.056988
v 0.005970 0.054715 0.077472
v -0.023347 0.075790 0.057119
v -0.022851 0.075740 0.057168
v -0.020541 0.073689 0.059148
v -0.023197 0.075596 0.057307
v -0.022614 0.075433 0.057465
v 0.006140 0.054378 0.077797
v -0.022957 0.075284 0.057609
v -0.022394 0.075119 0.057768
v 0.005807 0.054537 0.077644
v -0.025284 0.076800 0.056145
v -0.022735 0.074965 0.057917
v -0.022192 0.074799 0.058077
v 0.003512 0.056005 0.076226
v 0.003365 0.056571 0.075680
v 0.005960 0.054198 0.077972
v -0.022532 0.074639 0.058231
v -0.022008 0.074473 0.058392
v 0.005633 0.054364 0.077811
v -0.021337 0.073753 0.059087
v -0.022349 0.074308 0.058551
v -0.021842 0.074142 0.058712
v -0.020657 0.073087 0.059730
v 0.005769 0.054023 0.078141
v 0.005450 0.054197 0.077972
v 0.007129 0.053051 0.079079
v -0.022184 0.073972 0.058876
v -0.021694 0.073806 0.059035
v 0.005568 0.053853 0.078304
v 0.005257 0.054035 0.078129
v 0.002639 0.055915 0.076314
v 0.002529 0.056485 0.075763
v -0.022040 0.073630 0.059206
v -0.021566 0.073467 0.059363
v -0.025578 0.076037 0.056881
v -0.020739 0.072482 0.060314
v -0.021457 0.073124 0.059694
v 0.005357 0.053690 0.078461
v -0.021916 0.073285 0.059539
v 0.005054 0.053879 0.078279
v -0.021812 0.072936 0.059876
v 0.005137 0.053534 0.078613
v 0.004843 0.053729 0.078424
v 0.001762 0.055850 0.076376
v 0.001688 0.056423 0.075822
v 0.006064 0.052853 0.079270
v -0.021729 0.072585 0.060215
v 0.004909 0.053384 0.078758
v 0.004623 0.053586 0.078562
v -0.025828 0.075266 0.057626
v -0.021666 0.072231 0.060557
v -0.020786 0.071875 0.060900
v 0.004671 0.053241 0.078896
v 0.004395 0.053450 0.078693
v 0.000882 0.055811 0.076413
v 0.000845 0.056386 0.075858
v -0.021624 0.071875 0.060900
v 0.004426 0.053105 0.079027
v 0.004159 0.053321 0.078818
v 0.004987 0.052687 0.079430
v 0.004173 0.052976 0.079151
v 0.003916 0.053199 0.078936
v 0.000000 0.055798 0.076426
v 0.000000 0.056374 0.075870
v -0.026034 0.074488 0.058377
v 0.003913 0.052856 0.079267
v 0.003666 0.053084 0.079047
v -0.000477 0.055791 0.076433
v -0.000907 0.056388 0.075856
v 0.003647 0.052743 0.079376
v 0.003409 0.052977 0.079150
v -0.000954 0.055770 0.076453
v 0.003903 0.052554 0.079559
v 0.003374 0.052638 0.079478
v 0.003147 0.052878 0.079246
v -0.026194 0.073705 0.059133
v 0.003095 0.052541 0.079571
v 0.002879 0.052787 0.079334
v -0.001428 0.055736 0.076486
v -0.001813 0.056431 0.075815
v -0.021537 0.070153 0.062564
v -0.020739 0.070190 0.062528
v -0.020786 0.070796 0.061942
v -0.021587 0.070796 0.061942
v 0.002811 0.052453 0.079656
v 0.002606 0.052704 0.079414
v -0.001901 0.055687 0.076533
v 0.002328 0.052630 0.079486
v -0.002715 0.056502 0.075746
v -0.021450 0.069511 0.063184
v -0.020657 0.069584 0.063113
v -0.020541 0.068982 0.063694
v 0.002046 0.052563 0.079550
v -0.026308 0.072918 0.059894
v -0.002370 0.055625 0.076593
v -0.003612 0.056601 0.075651
v -0.021327 0.068872 0.063800
v -0.020391 0.068384 0.064272
v -0.002836 0.055549 0.076667
v 0.001472 0.052457 0.079652
v 0.001181 0.052417 0.079691
v 0.001760 0.052506 0.079605
v -0.026377 0.072127 0.060657
v -0.003297 0.055460 0.076753
v -0.004502 0.056728 0.075528
v -0.021166 0.068238 0.064413
v -0.020208 0.067791 0.064845
v -0.003752 0.055357 0.076852
v -0.005383 0.056884 0.075378
v -0.020969 0.067609 0.065021
v -0.019991 0.067203 0.065412
v 0.000887 0.052386 0.079721
v 0.000592 0.052363 0.079743
v 0.000296 0.052350 0.079756
v 0.000000 0.052345 0.079760
v -0.026400 0.071336 0.061421
v -0.004201 0.055241 0.076964
v -0.006255 0.057066 0.075201
v -0.020736 0.066986 0.065622
v -0.019741 0.066623 0.065973
v -0.004643 0.055112 0.077089
v -0.007114 0.057276 0.074999
v -0.020468 0.066371 0.066216
v -0.019459 0.066050 0.066526
v -0.001100 0.052362 0.079744
v -0.026394 0.071123 0.061627
v -0.026375 0.070910 0.061833
v -0.026344 0.070698 0.062038
v -0.026301 0.070487 0.062241
v -0.007960 0.057513 0.074770
v -0.005078 0.054970 0.077225
v -0.020164 0.065764 0.066802
v -0.019144 0.065486 0.067071
v -0.008790 0.057776 0.074516
v -0.019825 0.065167 0.067378
v -0.018798 0.064931 0.067606
v -0.005505 0.054816 0.077375
v -0.002199 0.052411 0.079696
v -0.009604 0.058064 0.074238
v -0.026245 0.070277 0.062444
v -0.026177 0.070070 0.062644
v -0.026097 0.069864 0.062842
v -0.020424 0.065209 0.067338
v -0.020158 0.065425 0.067129
v -0.020762 0.065451 0.067104
v -0.020505 0.065673 0.066890
v -0.020100 0.064957 0.067581
v -0.021113 0.065684 0.066880
v -0.020866 0.065910 0.066661
v -0.019790 0.064696 0.067834
v -0.021478 0.065905 0.066665
v -0.021239 0.066137 0.066442
v -0.026250 0.069314 0.063374
v -0.026005 0.069661 0.063038
v -0.025901 0.069462 0.063231
v -0.025786 0.069265 0.063421
v -0.019496 0.064426 0.068094
v -0.018421 0.064387 0.068132
v -0.021854 0.066117 0.066461
v -0.021626 0.066353 0.066233
v -0.005922 0.054649 0.077535
v -0.010400 0.058378 0.073934
v -0.019216 0.064147 0.068363
v -0.022242 0.066317 0.066268
v -0.022023 0.066557 0.066036
v -0.026127 0.069109 0.063571
v -0.025660 0.069072 0.063607
v -0.018953 0.063861 0.068640
v -0.018013 0.063855 0.068646
v -0.022641 0.066505 0.066086
v -0.022432 0.066750 0.065849
v -0.025993 0.068909 0.063765
v -0.025522 0.068883 0.063790
v -0.025847 0.068713 0.063955
v -0.025373 0.068699 0.063968
v -0.018706 0.063567 0.068924
v -0.023050 0.066682 0.065916
v -0.022851 0.066931 0.065675
v -0.006193 0.054541 0.077640
v -0.025691 0.068521 0.064140
v -0.025214 0.068519 0.064141
v -0.023316 0.066796 0.065805
v -0.023106 0.067041 0.065568
v -0.011176 0.058717 0.073607
v -0.025523 0.068334 0.064320
v -0.025044 0.068344 0.064311
v -0.023574 0.066919 0.065687
v -0.023353 0.067159 0.065455
v -0.025344 0.068152 0.064496
v -0.024864 0.068174 0.064474
v -0.023825 0.067049 0.065561
v -0.023593 0.067284 0.065334
v -0.003293 0.052494 0.079617
v -0.018250 0.063024 0.069448
v -0.017543 0.063297 0.069185
v -0.025155 0.067976 0.064666
v -0.024675 0.068010 0.064633
v -0.024068 0.067186 0.065428
v -0.023826 0.067416 0.065207
v -0.024957 0.067805 0.064831
v -0.024476 0.067852 0.064785
v -0.024304 0.067331 0.065289
v -0.024051 0.067555 0.065073
v -0.024748 0.067640 0.064990
v -0.024268 0.067700 0.064932
v -0.024530 0.067482 0.065143
v -0.006469 0.054442 0.077736
v -0.017763 0.062495 0.069958
v -0.017038 0.062754 0.069709
v -0.011930 0.059080 0.073257
v -0.012881 0.058863 0.073466
v -0.012662 0.059466 0.072884
v -0.017247 0.061981 0.070455
v -0.016502 0.062227 0.070217
v -0.006751 0.054350 0.077824
v -0.013578 0.059252 0.073091
v -0.013370 0.059874 0.072490
v -0.016702 0.061483 0.070936
v -0.015934 0.061718 0.070709
v -0.014252 0.059661 0.072696
v -0.014052 0.060305 0.072074
v -0.016129 0.061001 0.071402
v -0.015335 0.061228 0.071183
v -0.014903 0.060089 0.072282
v -0.014708 0.060756 0.071638
v -0.015529 0.060536 0.071851
v -0.007038 0.054267 0.077904
v -0.004382 0.052609 0.079506
v -0.025925 0.067748 0.064886
v -0.026110 0.068529 0.064132
v -0.013349 0.058967 0.073366
v -0.007330 0.054193 0.077976
v -0.013821 0.059056 0.073280
v -0.007626 0.054128 0.078039
v -0.014299 0.059132 0.073206
v -0.005464 0.052757 0.079363
v -0.025694 0.066974 0.065633
v -0.007925 0.054071 0.078094
v -0.014780 0.059194 0.073146
v -0.008227 0.054023 0.078140
v -0.015265 0.059242 0.073100
v -0.008532 0.053985 0.078177
v -0.006535 0.052936 0.079189
v -0.025419 0.066207 0.066374
v -0.015751 0.059277 0.073067
v -0.008839 0.053955 0.078206
v -0.009147 0.053935 0.078225
v -0.016240 0.059297 0.073048
v -0.007596 0.053148 0.078985
v -0.025100 0.065450 0.067105
v -0.009456 0.053924 0.078236
v -0.016728 0.059303 0.073042
v -0.009766 0.053922 0.078237
v -0.017025 0.059306 0.073038
v -0.010075 0.053930 0.078230
v -0.008643 0.053392 0.078750
v -0.024737 0.064702 0.067827
v -0.017321 0.059319 0.073026
v -0.010383 0.053946 0.078214
v -0.017616 0.059341 0.073005
v -0.010691 0.053972 0.078189
v -0.017909 0.059371 0.072975
v -0.009675 0.053667 0.078484
v -0.024331 0.063967 0.068538
v -0.018201 0.059411 0.072937
v -0.018490 0.059459 0.072891
v -0.023883 0.063243 0.069236
v -0.018775 0.059516 0.072836
v -0.019057 0.059581 0.072773
v -0.019336 0.059655 0.072701
v -0.019609 0.059737 0.072622
v -0.023393 0.062534 0.069921
v -0.019878 0.059828 0.072535
v -0.020141 0.059926 0.072439
v -0.020398 0.060033 0.072337
v -0.020648 0.060147 0.072227
v -0.022863 0.061841 0.070591
v -0.020892 0.060268 0.072109
v -0.021357 0.060533 0.071854
v -0.021578 0.060675 0.071716
v -0.021128 0.060397 0.071985
v -0.022710 0.061658 0.070767
v -0.022545 0.061481 0.070938
v -0.022371 0.061308 0.071105
v -0.022187 0.061141 0.071266
v -0.021993 0.060980 0.071422
v -0.021790 0.060824 0.071572
v -0.021143 0.045711 0.065317
v -0.020200 0.045062 0.065944
v -0.022045 0.046389 0.064662
v -0.019219 0.044444 0.066541
v -0.018202 0.043856 0.067108
v -0.023721 0.047827 0.063274
v -0.022905 0.047095 0.063981
v -0.017150 0.043302 0.067644
v -0.025217 0.049364 0.061790
v -0.024493 0.048583 0.062543
v -0.016065 0.042780 0.068148
v -0.014950 0.042293 0.068618
v -0.025894 0.050166 0.061015
v -0.013806 0.041842 0.069054
v -0.012636 0.041427 0.069454
v -0.026522 0.050989 0.060221
v -0.011442 0.041049 0.069819
v -0.027624 0.052689 0.058578
v -0.027099 0.051830 0.059408
v -0.010226 0.040709 0.070148
v -0.028097 0.053564 0.057734
v -0.008991 0.040407 0.070439
v -0.028881 0.055353 0.056006
v -0.028516 0.054452 0.056876
v -0.007739 0.040145 0.070693
v -0.006472 0.039922 0.070908
v -0.029446 0.057185 0.054237
v -0.029191 0.056265 0.055125
v -0.005192 0.039739 0.071085
v -0.003903 0.039596 0.071223
v -0.002606 0.039494 0.071321
v -0.029644 0.058113 0.053341
v -0.029786 0.059045 0.052440
v -0.001304 0.039432 0.071381
v -0.029900 0.060920 0.050630
v -0.029872 0.059982 0.051536
v -0.000000 0.039412 0.071400
v 0.001304 0.039432 0.071381
v -0.029872 0.061858 0.049724
v 0.002606 0.039494 0.071321
v -0.029786 0.062795 0.048820
v 0.003903 0.039596 0.071223
v -0.029644 0.063727 0.047919
v 0.005192 0.039739 0.071085
v -0.029446 0.064655 0.047023
v 0.006472 0.039922 0.070908
v -0.029191 0.065575 0.046134
v 0.007739 0.040145 0.070693
v 0.008991 0.040407 0.070439
v -0.028881 0.066487 0.045254
v 0.010226 0.040709 0.070148
v -0.028516 0.067388 0.044384
v -0.028097 0.068276 0.043526
v 0.011442 0.041049 0.069819
v -0.027624 0.069151 0.042682
v 0.012636 0.041427 0.069454
v -0.027099 0.070010 0.041852
v 0.013806 0.041842 0.069054
v -0.026522 0.070851 0.041039
v 0.014950 0.042293 0.068618
v -0.025894 0.071674 0.040245
v -0.025217 0.072476 0.039470
v 0.016065 0.042780 0.068148
v 0.017150 0.043302 0.067644
v -0.024493 0.073257 0.038717
v 0.018202 0.043856 0.067108
v -0.023721 0.074013 0.037986
v -0.022905 0.074745 0.037279
v 0.019219 0.044444 0.066541
v 0.020200 0.045062 0.065944
v -0.022045 0.075451 0.036598
v 0.021143 0.045711 0.065317
v -0.021143 0.076129 0.035943
v 0.022045 0.046389 0.064662
v -0.020200 0.076778 0.035316
v 0.022905 0.047095 0.063981
v -0.019219 0.077396 0.034719
v 0.023721 0.047827 0.063274
v -0.018202 0.077984 0.034152
v 0.024493 0.048583 0.062543
v -0.017150 0.078538 0.033616
v 0.025217 0.049364 0.061790
v -0.016065 0.079060 0.033112
v 0.025894 0.050166 0.061015
v -0.014950 0.079547 0.032642
v 0.026522 0.050989 0.060221
v -0.013806 0.079998 0.032206
v 0.027099 0.051830 0.059408
v -0.012636 0.080413 0.031806
v 0.027624 0.052689 0.058578
v -0.011442 0.080791 0.031441
v 0.028097 0.053564 0.057734
v -0.010226 0.081131 0.031112
v 0.028516 0.054452 0.056876
v -0.008991 0.081433 0.030821
v 0.028881 0.055353 0.056006
v -0.007739 0.081695 0.030567
v 0.029191 0.056265 0.055125
v -0.006472 0.081918 0.030352
v 0.029446 0.057185 0.054237
v -0.005192 0.082102 0.030175
v 0.029644 0.058113 0.053341
v -0.003903 0.082244 0.030037
v 0.029786 0.059045 0.052440
v -0.002606 0.082346 0.029939
v 0.029872 0.059982 0.051536
v -0.001304 0.082408 0.029879
v 0.029900 0.060920 0.050630
v 0.000000 0.082428 0.029860
v 0.029872 0.061858 0.049724
v 0.001304 0.082408 0.029879
v 0.029786 0.062795 0.048820
v 0.002606 0.082346 0.029939
v 0.029644 0.063727 0.047919
v 0.003903 0.082244 0.030037
v 0.029446 0.064655 0.047023
v 0.005192 0.082102 0.030175
v 0.029191 0.065575 0.046134
v 0.006472 0.081918 0.030352
v 0.028881 0.066487 0.045254
v 0.007739 0.081695 0.030567
v 0.028516 0.067388 0.044384
v 0.008991 0.081433 0.030821
v 0.028097 0.068276 0.043526
v 0.010226 0.081131 0.031112
v 0.027624 0.069151 0.042682
v 0.011442 0.080791 0.031441
v 0.027099 0.070010 0.041852
v 0.012636 0.080413 0.031806
v 0.026522 0.070851 0.041039
v 0.013806 0.079998 0.032206
v 0.014950 0.079547 0.032642
v 0.025894 0.071674 0.040245
v 0.016065 0.079060 0.033112
v 0.025217 0.072476 0.039470
v 0.017150 0.078538 0.033616
v 0.024493 0.073257 0.038717
v 0.023721 0.074013 0.037986
v 0.018202 0.077984 0.034152
v 0.022905 0.074745 0.037279
v 0.019219 0.077396 0.034719
v 0.022045 0.075451 0.036598
v 0.020200 0.076778 0.035316
v 0.021143 0.076129 0.035943
v -0.021143 0.057521 0.077546
v -0.020200 0.056872 0.078172
v -0.022045 0.058198 0.076891
v -0.019219 0.056253 0.078770
v -0.018202 0.055666 0.079337
v -0.023721 0.059636 0.075503
v -0.022905 0.058904 0.076210
v -0.017150 0.055111 0.079873
v -0.025217 0.061173 0.074019
v -0.024493 0.060393 0.074772
v -0.016065 0.054589 0.080376
v -0.014950 0.054103 0.080846
v -0.025894 0.061975 0.073244
v -0.013806 0.053651 0.081282
v -0.012636 0.053236 0.081683
v -0.026522 0.062798 0.072449
v -0.011442 0.052858 0.082048
v -0.027624 0.064498 0.070807
v -0.027099 0.063639 0.071637
v -0.010226 0.052518 0.082377
v -0.028097 0.065373 0.069963
v -0.008991 0.052216 0.082668
v -0.028881 0.067162 0.068235
v -0.028516 0.066262 0.069105
v -0.007739 0.051954 0.082921
v -0.006472 0.051731 0.083137
v -0.029446 0.068994 0.066466
v -0.029191 0.068074 0.067354
v -0.005192 0.051548 0.083314
v -0.003903 0.051405 0.083451
v -0.002606 0.051303 0.083550
v -0.029644 0.069922 0.065570
v -0.029786 0.070855 0.064669
v -0.001304 0.051241 0.083609
v -0.029900 0.072729 0.062859
v -0.029872 0.071791 0.063765
v -0.000000 0.051221 0.083629
v 0.001304 0.051241 0.083609
v -0.029872 0.073667 0.061953
v 0.002606 0.051303 0.083550
v -0.029786 0.074604 0.061049
v 0.003903 0.051405 0.083451
v -0.029644 0.075537 0.060148
v 0.005192 0.051548 0.083314
v -0.029446 0.076464 0.059252
v 0.006472 0.051731 0.083137
v -0.029191 0.077384 0.058363
v 0.007739 0.051954 0.082921
v 0.008991 0.052216 0.082668
v -0.028881 0.078296 0.057483
v 0.010226 0.052518 0.082377
v -0.028516 0.079197 0.056613
v -0.028097 0.080085 0.055755
v 0.011442 0.052858 0.082048
v -0.027624 0.080960 0.054910
v 0.012636 0.053236 0.081683
v -0.027099 0.081819 0.054081
v 0.013806 0.053651 0.081282
v -0.026522 0.082661 0.053268
v 0.014950 0.054103 0.080846
v -0.025894 0.083483 0.052474
v -0.025217 0.084286 0.051699
v 0.016065 0.054589 0.080376
v 0.017150 0.055111 0.079873
v -0.024493 0.085066 0.050945
v 0.018202 0.055666 0.079337
v -0.023721 0.085823 0.050215
v -0.022905 0.086554 0.049508
v 0.019219 0.056253 0.078770
v 0.020200 0.056872 0.078172
v -0.022045 0.087260 0.048827
v 0.021143 0.057521 0.077546
v -0.021143 0.087938 0.048172
v 0.022045 0.058198 0.076891
v -0.020200 0.088587 0.047545
v 0.022905 0.058904 0.076210
v -0.019219 0.089206 0.046948
v 0.023721 0.059636 0.075503
v -0.018202 0.089793 0.046381
v 0.024493 0.060393 0.074772
v -0.017150 0.090348 0.045845
v 0.025217 0.061173 0.074019
v -0.016065 0.090869 0.045341
v 0.025894 0.061975 0.073244
v -0.014950 0.091356 0.044871
v 0.026522 0.062798 0.072449
v -0.013806 0.091807 0.044435
v 0.027099 0.063639 0.071637
v -0.012636 0.092222 0.044034
v 0.027624 0.064498 0.070807
v -0.011442 0.092600 0.043669
v 0.028097 0.065373 0.069963
v -0.010226 0.092940 0.043341
v 0.028516 0.066262 0.069105
v -0.008991 0.093242 0.043050
v 0.028881 0.067162 0.068235
v -0.007739 0.093505 0.042796
v 0.029191 0.068074 0.067354
v -0.006472 0.093728 0.042581
v 0.029446 0.068994 0.066466
v -0.005192 0.093911 0.042404
v 0.029644 0.069922 0.065570
v -0.003903 0.094053 0.042266
v 0.029786 0.070855 0.064669
v -0.002606 0.094156 0.042167
v 0.029872 0.071791 0.063765
v -0.001304 0.094217 0.042108
v 0.029900 0.072729 0.062859
v 0.000000 0.094237 0.042088
v 0.029872 0.073667 0.061953
v 0.001304 0.094217 0.042108
v 0.029786 0.074604 0.061049
v 0.002606 0.094156 0.042167
v 0.029644 0.075537 0.060148
v 0.003903 0.094053 0.042266
v 0.029446 0.076464 0.059252
v 0.005192 0.093911 0.042404
v 0.029191 0.077384 0.058363
v 0.006472 0.093728 0.042581
v 0.028881 0.078296 0.057483
v 0.007739 0.093505 0.042796
v 0.028516 0.079197 0.056613
v 0.008991 0.093242 0.043050
v 0.028097 0.080085 0.055755
v 0.010226 0.092940 0.043341
v 0.027624 0.080960 0.054910
v 0.011442 0.092600 0.043669
v 0.027099 0.081819 0.054081
v 0.012636 0.092222 0.044034
v 0.026522 0.082661 0.053268
v 0.013806 0.091807 0.044435
v 0.014950 0.091356 0.044871
v 0.025894 0.083483 0.052474
v 0.016065 0.090869 0.045341
v 0.025217 0.084286 0.051699
v 0.017150 0.090348 0.045845
v 0.024493 0.085066 0.050945
v 0.023721 0.085823 0.050215
v 0.018202 0.089793 0.046381
v 0.022905 0.086554 0.049508
v 0.019219 0.089206 0.046948
v 0.022045 0.087260 0.048827
v 0.020200 0.088587 0.047545
v 0.021143 0.087938 0.048172
v 0.000477 0.078545 0.037778
v 0.000000 0.078538 0.037784
v 0.000954 0.078566 0.037758
v 0.001428 0.078600 0.037724
v 0.001901 0.078649 0.037677
v 0.002370 0.078711 0.037617
v 0.002836 0.078787 0.037544
v 0.003297 0.078876 0.037457
v 0.003752 0.078979 0.037358
v 0.004201 0.079095 0.037246
v 0.004643 0.079224 0.037122
v 0.005078 0.079366 0.036985
v 0.005505 0.079520 0.036836
v 0.005922 0.079687 0.036675
v -0.000882 0.078525 0.037797
v -0.001762 0.078486 0.037834
v -0.002639 0.078421 0.037897
v -0.003512 0.078331 0.037984
v -0.004379 0.078215 0.038096
v -0.005238 0.078074 0.038232
v -0.006089 0.077908 0.038393
v -0.006930 0.077716 0.038578
v -0.007759 0.077501 0.038786
v -0.008575 0.077261 0.039018
v 0.010691 0.080364 0.036021
v 0.010383 0.080390 0.035996
v 0.010075 0.080406 0.035980
v 0.009766 0.080414 0.035973
v 0.009456 0.080412 0.035975
v 0.009147 0.080401 0.035985
v 0.008839 0.080381 0.036005
v 0.008532 0.080351 0.036033
v 0.008227 0.080313 0.036071
v 0.007925 0.080265 0.036117
v 0.007626 0.080208 0.036171
v 0.007330 0.080143 0.036234
v 0.007038 0.080069 0.036306
v 0.006751 0.079986 0.036386
v 0.006469 0.079894 0.036474
v 0.006193 0.079795 0.036571
v -0.008217 0.077500 0.038786
v -0.007873 0.077750 0.038545
v -0.007543 0.078010 0.038295
v -0.007227 0.078278 0.038035
v -0.006927 0.078556 0.037767
v -0.006643 0.078842 0.037490
v -0.006375 0.079136 0.037206
v -0.006123 0.079438 0.036915
v 0.009675 0.080669 0.035726
v 0.008643 0.080944 0.035461
v 0.007596 0.081188 0.035226
v 0.006535 0.081400 0.035021
v 0.005464 0.081579 0.034847
v 0.004382 0.081727 0.034705
v 0.003293 0.081842 0.034593
v 0.002199 0.081925 0.034514
v 0.001100 0.081974 0.034466
v 0.000000 0.081991 0.034450
v -0.000296 0.081986 0.034454
v -0.000592 0.081973 0.034467
v -0.000887 0.081950 0.034489
v -0.001181 0.081919 0.034519
v -0.001472 0.081879 0.034558
v -0.001760 0.081830 0.034605
v -0.002046 0.081773 0.034661
v -0.002328 0.081707 0.034724
v -0.002606 0.081632 0.034797
v -0.002879 0.081549 0.034877
v -0.003147 0.081458 0.034965
v -0.003409 0.081359 0.035060
v -0.003666 0.081252 0.035163
v -0.003916 0.081137 0.035274
v -0.004159 0.081015 0.035392
v -0.004395 0.080886 0.035517
v -0.004623 0.080750 0.035649
v -0.004843 0.080607 0.035787
v -0.005054 0.080457 0.035931
v -0.005257 0.080301 0.036082
v -0.005450 0.080139 0.036238
v -0.005633 0.079972 0.036400
v -0.005807 0.079799 0.036567
v -0.005970 0.079621 0.036739
v 0.018953 0.070475 0.045571
v 0.018706 0.070769 0.045287
v 0.019216 0.070189 0.045847
v 0.019496 0.069910 0.046116
v 0.019790 0.069640 0.046377
v 0.020100 0.069379 0.046629
v 0.020424 0.069127 0.046872
v 0.020762 0.068885 0.047106
v 0.021113 0.068652 0.047331
v 0.021478 0.068430 0.047545
v 0.021854 0.068219 0.047749
v 0.022242 0.068019 0.047942
v 0.022641 0.067831 0.048124
v 0.023050 0.067654 0.048295
v 0.018250 0.071312 0.044763
v 0.017763 0.071841 0.044252
v 0.017247 0.072355 0.043755
v 0.016702 0.072853 0.043274
v 0.016129 0.073335 0.042808
v 0.015529 0.073800 0.042359
v 0.014903 0.074247 0.041928
v 0.014252 0.074675 0.041514
v 0.013578 0.075084 0.041120
v 0.012881 0.075472 0.040745
v 0.026250 0.065022 0.050837
v 0.026127 0.065226 0.050639
v 0.025993 0.065427 0.050445
v 0.025847 0.065623 0.050256
v 0.025691 0.065815 0.050071
v 0.025523 0.066002 0.049890
v 0.025344 0.066184 0.049714
v 0.025155 0.066360 0.049544
v 0.024957 0.066531 0.049379
v 0.024748 0.066695 0.049221
v 0.024530 0.066854 0.049068
v 0.024304 0.067005 0.048922
v 0.024068 0.067150 0.048782
v 0.023825 0.067287 0.048649
v 0.023574 0.067417 0.048524
v 0.023316 0.067540 0.048405
v 0.013349 0.075369 0.040844
v 0.013821 0.075280 0.040931
v 0.014299 0.075204 0.041004
v 0.014780 0.075142 0.041064
v 0.015265 0.075094 0.041111
v 0.015751 0.075059 0.041144
v 0.016240 0.075039 0.041163
v 0.016728 0.075033 0.041169
v 0.026110 0.065807 0.050078
v 0.025925 0.066588 0.049325
v 0.025694 0.067362 0.048577
v 0.025419 0.068128 0.047837
v 0.025100 0.068886 0.047105
v 0.024737 0.069633 0.046383
v 0.024331 0.070369 0.045673
v 0.023883 0.071093 0.044974
v 0.023393 0.071801 0.044290
v 0.022863 0.072495 0.043620
v 0.022710 0.072678 0.043443
v 0.022545 0.072855 0.043272
v 0.022371 0.073028 0.043105
v 0.022187 0.073195 0.042944
v 0.021993 0.073356 0.042788
v 0.021790 0.073512 0.042638
v 0.021578 0.073661 0.042494
v 0.021357 0.073803 0.042356
v 0.021128 0.073939 0.042225
v 0.020892 0.074068 0.042101
v 0.020648 0.074189 0.041984
v 0.020398 0.074303 0.041874
v 0.020141 0.074410 0.041771
v 0.019878 0.074508 0.041676
v 0.019609 0.074599 0.041588
v 0.019336 0.074681 0.041509
v 0.019057 0.074755 0.041438
v 0.018775 0.074820 0.041374
v 0.018490 0.074877 0.041320
v 0.018201 0.074925 0.041273
v 0.017909 0.074965 0.041235
v 0.017616 0.074995 0.041205
v 0.017321 0.075017 0.041185
v 0.017025 0.075030 0.041172
v -0.018476 0.071070 0.044996
v -0.018706 0.070769 0.045287
v -0.018263 0.071377 0.044700
v -0.018067 0.071690 0.044397
v -0.017889 0.072009 0.044090
v -0.017730 0.072332 0.043777
v -0.017588 0.072660 0.043461
v -0.017466 0.072992 0.043140
v -0.017362 0.073327 0.042817
v -0.017277 0.073665 0.042490
v -0.017211 0.074005 0.042162
v -0.017164 0.074346 0.041832
v -0.017137 0.074689 0.041501
v -0.017128 0.075033 0.041169
v -0.019131 0.070213 0.045823
v -0.019525 0.069646 0.046372
v -0.019886 0.069067 0.046931
v -0.020213 0.068478 0.047499
v -0.020507 0.067880 0.048077
v -0.020767 0.067274 0.048662
v -0.020992 0.066661 0.049254
v -0.021182 0.066041 0.049852
v -0.021337 0.065417 0.050455
v -0.021457 0.064788 0.051062
v -0.015559 0.078342 0.037974
v -0.015744 0.078163 0.038146
v -0.015918 0.077979 0.038324
v -0.016082 0.077790 0.038506
v -0.016235 0.077597 0.038693
v -0.016376 0.077399 0.038884
v -0.016505 0.077197 0.039080
v -0.016623 0.076991 0.039278
v -0.016729 0.076782 0.039480
v -0.016823 0.076570 0.039685
v -0.016904 0.076355 0.039892
v -0.016973 0.076138 0.040102
v -0.017030 0.075919 0.040313
v -0.017074 0.075699 0.040526
v -0.017105 0.075477 0.040740
v -0.017123 0.075255 0.040955
v -0.021566 0.065131 0.050731
v -0.021694 0.065471 0.050403
v -0.021842 0.065806 0.050079
v -0.022008 0.066137 0.049760
v -0.022192 0.066463 0.049445
v -0.022394 0.066783 0.049136
v -0.022614 0.067097 0.048833
v -0.022851 0.067405 0.048536
v -0.016435 0.077862 0.038437
v -0.017282 0.077356 0.038925
v -0.018098 0.076826 0.039438
v -0.018884 0.076271 0.039973
v -0.019636 0.075693 0.040531
v -0.020355 0.075094 0.041110
v -0.021038 0.074473 0.041710
v -0.021684 0.073832 0.042329
v -0.022293 0.073173 0.042966
v -0.022863 0.072495 0.043620
v -0.023006 0.072308 0.043800
v -0.023138 0.072117 0.043985
v -0.023258 0.071922 0.044173
v -0.023367 0.071724 0.044364
v -0.023465 0.071523 0.044559
v -0.023550 0.071318 0.044756
v -0.023624 0.071112 0.044956
v -0.023685 0.070903 0.045157
v -0.023734 0.070693 0.045360
v -0.023771 0.070481 0.045565
v -0.023795 0.070269 0.045770
v -0.023807 0.070055 0.045976
v -0.023807 0.069842 0.046182
v -0.023794 0.069629 0.046388
v -0.023768 0.069417 0.046593
v -0.023731 0.069205 0.046797
v -0.023681 0.068995 0.047000
v -0.023618 0.068786 0.047201
v -0.023544 0.068580 0.047401
v -0.023457 0.068376 0.047598
v -0.023359 0.068175 0.047792
v -0.023249 0.067976 0.047983
v -0.023128 0.067782 0.048171
v -0.022995 0.067591 0.048356
v 0.018476 0.054930 0.060582
v 0.018706 0.055231 0.060291
v 0.018263 0.054623 0.060879
v 0.018067 0.054310 0.061181
v 0.017889 0.053991 0.061489
v 0.017730 0.053668 0.061801
v 0.017588 0.053340 0.062118
v 0.017466 0.053008 0.062438
v 0.017362 0.052673 0.062762
v 0.017277 0.052335 0.063088
v 0.017211 0.051995 0.063416
v 0.017164 0.051654 0.063746
v 0.017137 0.051311 0.064077
v 0.017128 0.050968 0.064409
v 0.019131 0.055787 0.059755
v 0.019525 0.056355 0.059207
v 0.019886 0.056933 0.058648
v 0.020213 0.057522 0.058079
v 0.020507 0.058120 0.057502
v 0.020767 0.058726 0.056916
v 0.020992 0.059340 0.056324
v 0.021182 0.059959 0.055726
v 0.021337 0.060583 0.055123
v 0.021457 0.061212 0.054516
v 0.015559 0.047658 0.067605
v 0.015744 0.047837 0.067432
v 0.015918 0.048021 0.067255
v 0.016082 0.048210 0.067072
v 0.016235 0.048403 0.066885
v 0.016376 0.048601 0.066694
v 0.016505 0.048803 0.066499
v 0.016623 0.049009 0.066300
v 0.016729 0.049218 0.066098
v 0.016823 0.049430 0.065893
v 0.016904 0.049645 0.065686
v 0.016973 0.049862 0.065476
v 0.017030 0.050081 0.065265
v 0.017074 0.050301 0.065052
v 0.017105 0.050523 0.064838
v 0.017123 0.050745 0.064624
v 0.021566 0.060869 0.054847
v 0.021694 0.060530 0.055175
v 0.021842 0.060194 0.055499
v 0.022008 0.059863 0.055818
v 0.022192 0.059537 0.056133
v 0.022394 0.059217 0.056442
v 0.022614 0.058903 0.056746
v 0.022851 0.058596 0.057043
v 0.016435 0.048138 0.067141
v 0.017282 0.048644 0.066653
v 0.018098 0.049174 0.066140
v 0.018884 0.049729 0.065605
v 0.019636 0.050307 0.065047
v 0.020355 0.050906 0.064468
v 0.021038 0.051527 0.063868
v 0.021684 0.052168 0.063250
v 0.022293 0.052828 0.062613
v 0.022863 0.053505 0.061959
v 0.023006 0.053692 0.061778
v 0.023138 0.053883 0.061594
v 0.023258 0.054078 0.061405
v 0.023367 0.054276 0.061214
v 0.023465 0.054477 0.061019
v 0.023550 0.054682 0.060822
v 0.023624 0.054888 0.060623
v 0.023685 0.055097 0.060421
v 0.023734 0.055307 0.060218
v 0.023771 0.055519 0.060014
v 0.023795 0.055732 0.059808
v 0.023807 0.055945 0.059602
v 0.023807 0.056158 0.059396
v 0.023794 0.056371 0.059191
v 0.023768 0.056583 0.058986
v 0.023731 0.056795 0.058781
v 0.023681 0.057005 0.058578
v 0.023618 0.057214 0.058377
v 0.023544 0.057420 0.058177
v 0.023457 0.057624 0.057980
v 0.023359 0.057826 0.057786
v 0.023249 0.058024 0.057595
v 0.023128 0.058218 0.057407
v 0.022995 0.058409 0.057223
v -0.020786 0.062461 0.053310
v -0.020739 0.061854 0.053896
v -0.020657 0.061249 0.054480
v -0.020541 0.060647 0.055062
v -0.020391 0.060048 0.055639
v -0.020208 0.059455 0.056212
v -0.019991 0.058868 0.056780
v -0.019741 0.058287 0.057341
v -0.019459 0.057714 0.057894
v -0.019144 0.057150 0.058439
v -0.018798 0.056595 0.058974
v -0.018421 0.056051 0.059499
v -0.018013 0.055519 0.060014
v -0.017543 0.054961 0.060552
v -0.017038 0.054418 0.061077
v -0.016502 0.053892 0.061585
v -0.015934 0.053382 0.062077
v -0.015335 0.052892 0.062551
v -0.014708 0.052420 0.063006
v -0.014052 0.051969 0.063442
v -0.013370 0.051538 0.063858
v -0.012662 0.051130 0.064252
v -0.011930 0.050744 0.064625
v -0.011176 0.050381 0.064975
v -0.010400 0.050042 0.065302
v -0.009604 0.049728 0.065605
v -0.008790 0.049440 0.065884
v -0.007960 0.049177 0.066138
v -0.007114 0.048940 0.066367
v -0.006255 0.048730 0.066569
v -0.005383 0.048548 0.066746
v -0.004502 0.048392 0.066896
v -0.003612 0.048265 0.067019
v -0.002715 0.048166 0.067114
v -0.001813 0.048095 0.067183
v -0.000907 0.048052 0.067224
v 0.000000 0.048038 0.067238
v 0.000845 0.048050 0.067226
v 0.001688 0.048087 0.067190
v 0.002529 0.048149 0.067131
v 0.003365 0.048235 0.067048
v 0.004196 0.048345 0.066941
v 0.005020 0.048480 0.066811
v 0.005836 0.048639 0.066658
v 0.006642 0.048821 0.066482
v 0.007437 0.049027 0.066283
v 0.008220 0.049256 0.066062
v 0.008989 0.049507 0.065819
v 0.009744 0.049781 0.065555
v -0.021587 0.062461 0.053310
v -0.021537 0.061817 0.053932
v -0.021450 0.061175 0.054552
v -0.021327 0.060536 0.055168
v -0.021166 0.059902 0.055781
v -0.020969 0.059273 0.056388
v -0.020736 0.058650 0.056990
v -0.020468 0.058035 0.057584
v -0.020164 0.057428 0.058170
v -0.019825 0.056831 0.058746
v -0.020158 0.057089 0.058497
v -0.020505 0.057337 0.058258
v -0.020866 0.057574 0.058029
v -0.021239 0.057801 0.057810
v -0.021626 0.058017 0.057601
v -0.022023 0.058222 0.057404
v -0.022432 0.058415 0.057217
v -0.022851 0.058596 0.057043
v -0.026394 0.062787 0.052995
v -0.026400 0.063000 0.052789
v -0.026375 0.062574 0.053201
v -0.026344 0.062362 0.053405
v -0.026301 0.062151 0.053609
v -0.026245 0.061941 0.053811
v -0.026177 0.061734 0.054012
v -0.026097 0.061528 0.054210
v -0.026005 0.061326 0.054406
v -0.025901 0.061126 0.054599
v -0.025786 0.060929 0.054789
v -0.025660 0.060736 0.054975
v -0.025522 0.060548 0.055158
v -0.025373 0.060363 0.055336
v -0.025214 0.060183 0.055509
v -0.025044 0.060008 0.055678
v -0.024864 0.059839 0.055842
v -0.024675 0.059674 0.056001
v -0.024476 0.059516 0.056153
v -0.024268 0.059364 0.056300
v -0.024051 0.059219 0.056441
v -0.023826 0.059080 0.056575
v -0.023593 0.058948 0.056702
v -0.023353 0.058823 0.056823
v -0.023106 0.058705 0.056936
v 0.010162 0.049259 0.066058
v -0.024563 0.069960 0.046068
v -0.024139 0.070690 0.045363
v -0.024945 0.069217 0.046785
v -0.025284 0.068464 0.047513
v -0.025578 0.067701 0.048249
v -0.025828 0.066930 0.048994
v -0.026034 0.066152 0.049745
v -0.026194 0.065369 0.050501
v -0.026308 0.064582 0.051262
v -0.026377 0.063792 0.052025
v 0.009756 0.049055 0.066255
v 0.009361 0.048839 0.066464
v 0.008979 0.048612 0.066684
v 0.008611 0.048373 0.066915
v 0.008258 0.048123 0.067156
v 0.007919 0.047862 0.067408
v 0.007596 0.047592 0.067669
v 0.007289 0.047312 0.067939
v 0.006999 0.047022 0.068219
v 0.006726 0.046725 0.068506
v 0.006470 0.046419 0.068801
v -0.024175 0.070469 0.045576
v -0.024198 0.070247 0.045791
v -0.024208 0.070025 0.046005
v -0.024205 0.069802 0.046220
v -0.024190 0.069580 0.046435
v -0.024162 0.069358 0.046649
v -0.024121 0.069137 0.046862
v -0.024067 0.068918 0.047074
v -0.024001 0.068701 0.047284
v -0.023922 0.068486 0.047492
v -0.023831 0.068273 0.047697
v -0.023728 0.068063 0.047900
v -0.023613 0.067857 0.048099
v -0.023486 0.067653 0.048295
v -0.023347 0.067455 0.048487
v -0.023197 0.067260 0.048675
v 0.002811 0.044117 0.071024
v 0.003095 0.044206 0.070939
v 0.003374 0.044302 0.070845
v 0.003647 0.044407 0.070744
v 0.003913 0.044520 0.070635
v 0.004173 0.044641 0.070519
v 0.004426 0.044769 0.070395
v 0.004671 0.044905 0.070264
v 0.004909 0.045048 0.070125
v 0.005137 0.045198 0.069981
v 0.005357 0.045354 0.069829
v 0.005568 0.045517 0.069672
v 0.005769 0.045687 0.069509
v 0.005960 0.045862 0.069339
v 0.006140 0.046042 0.069165
v 0.006311 0.046228 0.068985
v -0.021666 0.063895 0.051925
v -0.021624 0.063539 0.052268
v -0.021729 0.064249 0.051583
v -0.021812 0.064600 0.051244
v -0.021916 0.064949 0.050907
v -0.022040 0.065294 0.050573
v -0.022184 0.065636 0.050244
v -0.022349 0.065972 0.049919
v -0.022532 0.066303 0.049599
v -0.022735 0.066629 0.049285
v -0.022957 0.066948 0.048977
v 0.003903 0.044218 0.070927
v 0.004987 0.044351 0.070798
v 0.006064 0.044517 0.070638
v 0.007129 0.044715 0.070447
v 0.008183 0.044945 0.070225
v 0.009222 0.045206 0.069973
v 0.010245 0.045498 0.069691
v 0.011250 0.045820 0.069380
v 0.012236 0.046172 0.069040
v 0.013200 0.046554 0.068671
v -0.020786 0.063539 0.052268
v 0.013454 0.046664 0.068565
v 0.013701 0.046782 0.068451
v 0.013940 0.046908 0.068329
v 0.014173 0.047040 0.068201
v 0.014397 0.047180 0.068067
v 0.014613 0.047326 0.067926
v 0.014820 0.047478 0.067778
v 0.015018 0.047637 0.067625
v 0.015207 0.047802 0.067466
v 0.015386 0.047972 0.067302
v 0.015555 0.048147 0.067133
v 0.015713 0.048327 0.066959
v 0.015861 0.048512 0.066780
v 0.015998 0.048701 0.066597
v 0.016124 0.048894 0.066411
v 0.016238 0.049091 0.066221
v 0.016341 0.049291 0.066028
v 0.016432 0.049494 0.065832
v 0.016511 0.049700 0.065633
v 0.016578 0.049908 0.065432
v 0.016633 0.050117 0.065230
v 0.016675 0.050328 0.065026
v 0.016705 0.050540 0.064821
v 0.016723 0.050753 0.064616
v 0.016728 0.050967 0.064410
v 0.008989 0.076493 0.039759
v 0.009744 0.076219 0.040024
v 0.008220 0.076744 0.039516
v 0.007437 0.076973 0.039295
v 0.006642 0.077179 0.039097
v 0.005836 0.077361 0.038921
v 0.005020 0.077520 0.038767
v 0.004196 0.077655 0.038637
v 0.003365 0.077765 0.038531
v 0.002529 0.077851 0.038447
v 0.001688 0.077913 0.038388
v 0.000845 0.077950 0.038352
v 0.000000 0.077962 0.038340
v -0.000907 0.077948 0.038354
v -0.001813 0.077905 0.038395
v -0.002715 0.077834 0.038464
v -0.003612 0.077735 0.038560
v -0.004502 0.077608 0.038683
v -0.005383 0.077452 0.038833
v -0.006255 0.077270 0.039009
v -0.007114 0.077060 0.039212
v -0.007960 0.076823 0.039440
v -0.008790 0.076560 0.039694
v -0.009604 0.076272 0.039973
v -0.010400 0.075958 0.040276
v -0.011176 0.075619 0.040603
v -0.011930 0.075256 0.040953
v -0.012662 0.074870 0.041326
v -0.013370 0.074462 0.041721
v -0.014052 0.074031 0.042136
v -0.014708 0.073580 0.042572
v -0.015335 0.073108 0.043028
v -0.015934 0.072618 0.043502
v -0.016502 0.072108 0.043993
v -0.017038 0.071582 0.044502
v -0.017543 0.071039 0.045026
v -0.018013 0.070481 0.045565
v -0.018421 0.069949 0.046079
v -0.018798 0.069405 0.046604
v -0.019144 0.068850 0.047140
v -0.019459 0.068286 0.047684
v -0.019741 0.067713 0.048238
v -0.019991 0.067133 0.048798
v -0.020208 0.066545 0.049366
v -0.020391 0.065952 0.049939
v -0.020541 0.065354 0.050516
v -0.020657 0.064751 0.051098
v -0.020739 0.064146 0.051682
v 0.017339 0.053734 0.061737
v 0.017195 0.053398 0.062062
v 0.017071 0.053058 0.062390
v 0.016965 0.052714 0.062722
v 0.016879 0.052368 0.063056
v 0.016812 0.052020 0.063393
v 0.016765 0.051670 0.063731
v 0.016737 0.051318 0.064070
v 0.011443 0.049822 0.065515
v 0.012193 0.050175 0.065174
v 0.012923 0.050550 0.064812
v 0.013629 0.050946 0.064429
v 0.014313 0.051363 0.064027
v 0.014972 0.051800 0.063605
v 0.015605 0.052257 0.063164
v 0.016211 0.052732 0.062705
v 0.016789 0.053225 0.062229
v 0.011043 0.050321 0.065034
v 0.011750 0.050654 0.064712
v 0.012437 0.051007 0.064371
v 0.013104 0.051380 0.064010
v 0.013749 0.051773 0.063631
v 0.014372 0.052184 0.063234
v 0.014971 0.052613 0.062820
v 0.015545 0.053059 0.062390
v 0.016093 0.053521 0.061943
v 0.016615 0.053999 0.061481
v 0.017110 0.054492 0.061005
v 0.017576 0.054999 0.060516
v 0.018013 0.055519 0.060014
v 0.018450 0.056091 0.059461
v 0.018851 0.056677 0.058895
v 0.019217 0.057274 0.058318
v 0.019546 0.057883 0.057731
v 0.019837 0.058501 0.057134
v 0.020091 0.059128 0.056529
v 0.020307 0.059762 0.055916
v 0.020484 0.060402 0.055298
v 0.020622 0.061047 0.054675
v 0.020721 0.061696 0.054048
v 0.020780 0.062347 0.053419
v 0.020800 0.063000 0.052789
v 0.020780 0.063653 0.052159
v 0.020721 0.064304 0.051530
v 0.020622 0.064953 0.050903
v 0.020484 0.065598 0.050280
v 0.020307 0.066238 0.049662
v 0.020091 0.066872 0.049049
v 0.019837 0.067499 0.048444
v 0.019546 0.068117 0.047847
v 0.019217 0.068726 0.047260
v 0.018851 0.069323 0.046683
v 0.018450 0.069909 0.046117
v 0.018013 0.070481 0.045565
v 0.017576 0.071001 0.045062
v 0.017110 0.071508 0.044573
v 0.016615 0.072001 0.044097
v 0.016093 0.072479 0.043635
v 0.015545 0.072942 0.043189
v 0.014971 0.073387 0.042758
v 0.014372 0.073816 0.042344
v 0.013749 0.074227 0.041947
v 0.013104 0.074620 0.041568
v 0.012437 0.074993 0.041208
v 0.011750 0.075346 0.040866
v 0.011043 0.075680 0.040545
v 0.010144 0.076718 0.039542
v 0.009344 0.077009 0.039261
v 0.008528 0.077275 0.039003
v 0.007697 0.077518 0.038770
v 0.006853 0.077735 0.038560
v 0.005997 0.077927 0.038374
v 0.005131 0.078093 0.038214
v 0.004256 0.078233 0.038079
v 0.003374 0.078347 0.037969
v 0.002486 0.078435 0.037884
v 0.002963 0.078513 0.037808
v 0.003434 0.078606 0.037719
v 0.003901 0.078712 0.037617
v 0.004361 0.078831 0.037501
v 0.004814 0.078964 0.037373
v 0.005259 0.079109 0.037233
v 0.005695 0.079267 0.037080
v 0.006123 0.079438 0.036915
v 0.012940 0.079549 0.036808
v 0.013200 0.079446 0.036907
v 0.012675 0.079644 0.036716
v 0.012404 0.079731 0.036633
v 0.012128 0.079809 0.036557
v 0.011848 0.079879 0.036489
v 0.011564 0.079941 0.036430
v 0.011277 0.079993 0.036379
v 0.010987 0.080038 0.036336
v 0.010694 0.080073 0.036302
v 0.010400 0.080099 0.036277
v 0.010105 0.080117 0.036260
v 0.009808 0.080126 0.036251
v 0.009512 0.080125 0.036252
v 0.009215 0.080116 0.036261
v 0.008920 0.080097 0.036278
v 0.008626 0.080070 0.036304
v 0.008334 0.080034 0.036339
v 0.008044 0.079990 0.036383
v 0.007757 0.079936 0.036434
v 0.007473 0.079874 0.036494
v 0.007193 0.079803 0.036563
v 0.006918 0.079724 0.036639
v 0.006648 0.079637 0.036723
v 0.006382 0.079541 0.036815
v 0.011462 0.076201 0.040041
v 0.020661 0.074822 0.041373
v 0.021328 0.074192 0.041981
v 0.019958 0.075431 0.040784
v 0.019220 0.076019 0.040217
v 0.018449 0.076584 0.039671
v 0.017646 0.077125 0.039149
v 0.016812 0.077642 0.038650
v 0.015949 0.078133 0.038175
v 0.015058 0.078598 0.037726
v 0.014141 0.079036 0.037303
v 0.011910 0.076050 0.040187
v 0.012368 0.075912 0.040320
v 0.012833 0.075788 0.040440
v 0.013304 0.075678 0.040546
v 0.013782 0.075583 0.040638
v 0.014265 0.075502 0.040716
v 0.014753 0.075436 0.040779
v 0.015243 0.075385 0.040829
v 0.015736 0.075349 0.040864
v 0.016231 0.075328 0.040885
v 0.016727 0.075321 0.040891
v 0.021080 0.074325 0.041852
v 0.020824 0.074451 0.041731
v 0.020561 0.074568 0.041618
v 0.020292 0.074678 0.041512
v 0.020017 0.074780 0.041414
v 0.019736 0.074873 0.041324
v 0.019450 0.074958 0.041242
v 0.019159 0.075034 0.041168
v 0.018864 0.075102 0.041103
v 0.018565 0.075160 0.041046
v 0.018264 0.075210 0.040998
v 0.017960 0.075250 0.040959
v 0.017653 0.075282 0.040929
v 0.017345 0.075304 0.040907
v 0.017036 0.075317 0.040894
v -0.018953 0.055525 0.060008
v -0.018706 0.055231 0.060291
v -0.019216 0.055811 0.059731
v -0.019496 0.056090 0.059462
v -0.019790 0.056360 0.059201
v -0.020100 0.056621 0.058949
v -0.020424 0.056873 0.058706
v -0.020762 0.057115 0.058472
v -0.021113 0.057348 0.058247
v -0.021478 0.057570 0.058033
v -0.021854 0.057781 0.057829
v -0.022242 0.057981 0.057636
v -0.022641 0.058169 0.057454
v -0.023050 0.058346 0.057284
v -0.018250 0.054688 0.060816
v -0.017763 0.054160 0.061326
v -0.017247 0.053645 0.061823
v -0.016702 0.053147 0.062304
v -0.016129 0.052665 0.062770
v -0.015529 0.052200 0.063219
v -0.014903 0.051753 0.063650
v -0.014252 0.051325 0.064064
v -0.013578 0.050916 0.064458
v -0.012881 0.050528 0.064834
v -0.026250 0.060978 0.054742
v -0.026127 0.060774 0.054939
v -0.025993 0.060573 0.055133
v -0.025847 0.060377 0.055322
v -0.025691 0.060185 0.055508
v -0.025523 0.059998 0.055688
v -0.025344 0.059816 0.055864
v -0.025155 0.059640 0.056034
v -0.024957 0.059469 0.056199
v -0.024748 0.059305 0.056358
v -0.024530 0.059147 0.056510
v -0.024304 0.058995 0.056657
v -0.024068 0.058850 0.056796
v -0.023825 0.058713 0.056929
v -0.023574 0.058583 0.057055
v -0.023316 0.058460 0.057173
v -0.013349 0.050631 0.064734
v -0.013821 0.050720 0.064647
v -0.014299 0.050796 0.064574
v -0.014780 0.050858 0.064514
v -0.015265 0.050907 0.064468
v -0.015751 0.050941 0.064435
v -0.016240 0.050961 0.064415
v -0.016728 0.050967 0.064410
v -0.026110 0.060193 0.055500
v -0.025925 0.059412 0.056254
v -0.025694 0.058638 0.057001
v -0.025419 0.057872 0.057742
v -0.025100 0.057114 0.058473
v -0.024737 0.056367 0.059195
v -0.024331 0.055631 0.059906
v -0.023883 0.054908 0.060604
v -0.023393 0.054199 0.061289
v -0.022863 0.053505 0.061959
v -0.022710 0.053322 0.062135
v -0.022545 0.053145 0.062306
v -0.022371 0.052972 0.062473
v -0.022187 0.052805 0.062634
v -0.021993 0.052644 0.062790
v -0.021790 0.052488 0.062940
v -0.021578 0.052339 0.063084
v -0.021357 0.052197 0.063222
v -0.021128 0.052061 0.063353
v -0.020892 0.051932 0.063477
v -0.020648 0.051811 0.063595
v -0.020398 0.051697 0.063705
v -0.020141 0.051590 0.063807
v -0.019878 0.051492 0.063903
v -0.019609 0.051401 0.063990
v -0.019336 0.051319 0.064069
v -0.019057 0.051245 0.064141
v -0.018775 0.051180 0.064204
v -0.018490 0.051123 0.064259
v -0.018201 0.051075 0.064305
v -0.017909 0.051035 0.064343
v -0.017616 0.051005 0.064373
v -0.017321 0.050983 0.064394
v -0.017025 0.050970 0.064406
v -0.000477 0.047455 0.067800
v 0.000000 0.047462 0.067794
v -0.000954 0.047434 0.067821
v -0.001428 0.047400 0.067854
v -0.001901 0.047351 0.067901
v -0.002370 0.047289 0.067961
v -0.002836 0.047213 0.068034
v -0.003297 0.047124 0.068121
v -0.003752 0.047021 0.068220
v -0.004201 0.046905 0.068332
v -0.004643 0.046776 0.068457
v -0.005078 0.046634 0.068593
v -0.005505 0.046480 0.068742
v -0.005922 0.046313 0.068903
v 0.000882 0.047475 0.067781
v 0.001762 0.047514 0.067744
v 0.002639 0.047579 0.067681
v 0.003512 0.047669 0.067594
v 0.004379 0.047785 0.067482
v 0.005238 0.047926 0.067346
v 0.006089 0.048092 0.067185
v 0.006930 0.048284 0.067001
v 0.007759 0.048499 0.066792
v 0.008575 0.048739 0.066561
v -0.010691 0.045636 0.069557
v -0.010383 0.045610 0.069582
v -0.010075 0.045594 0.069598
v -0.009766 0.045586 0.069605
v -0.009456 0.045588 0.069604
v -0.009147 0.045599 0.069593
v -0.008839 0.045619 0.069573
v -0.008532 0.045649 0.069545
v -0.008227 0.045687 0.069508
v -0.007925 0.045735 0.069462
v -0.007626 0.045792 0.069407
v -0.007330 0.045857 0.069344
v -0.007038 0.045931 0.069272
v -0.006751 0.046014 0.069192
v -0.006469 0.046106 0.069104
v -0.006193 0.046205 0.069008
v 0.008217 0.048500 0.066792
v 0.007873 0.048250 0.067033
v 0.007543 0.047990 0.067284
v 0.007227 0.047722 0.067543
v 0.006927 0.047444 0.067812
v 0.006643 0.047158 0.068088
v 0.006375 0.046864 0.068372
v 0.006123 0.046562 0.068663
v -0.009675 0.045331 0.069852
v -0.008643 0.045056 0.070118
v -0.007596 0.044813 0.070353
v -0.006535 0.044601 0.070557
v -0.005464 0.044421 0.070731
v -0.004382 0.044273 0.070874
v -0.003293 0.044158 0.070985
v -0.002199 0.044075 0.071064
v -0.001100 0.044026 0.071112
v 0.000000 0.044009 0.071128
v 0.000296 0.044014 0.071124
v 0.000592 0.044027 0.071111
v 0.000887 0.044050 0.071089
v 0.001181 0.044081 0.071059
v 0.001472 0.044121 0.071020
v 0.001760 0.044170 0.070973
v 0.002046 0.044227 0.070918
v 0.002328 0.044294 0.070854
v 0.002606 0.044368 0.070782
v 0.002879 0.044451 0.070702
v 0.003147 0.044542 0.070614
v 0.003409 0.044641 0.070518
v 0.003666 0.044748 0.070415
v 0.003916 0.044863 0.070304
v 0.004159 0.044985 0.070186
v 0.004395 0.045114 0.070061
v 0.004623 0.045250 0.069930
v 0.004843 0.045394 0.069792
v 0.005054 0.045543 0.069647
v 0.005257 0.045699 0.069497
v 0.005450 0.045861 0.069340
v 0.005633 0.046028 0.069178
v 0.005807 0.046201 0.069012
v 0.005970 0.046379 0.068840
v -0.062859 0.072729 0.029900
v -0.050630 0.060920 0.029900
v -0.049724 0.061858 0.029871
v -0.061953 0.073667 0.029871
v -0.048820 0.062795 0.029786
v -0.061049 0.074604 0.029786
v -0.060148 0.075537 0.029644
v -0.047919 0.063727 0.029644
v -0.047023 0.064655 0.029446
v -0.059252 0.076464 0.029446
v -0.058363 0.077384 0.029191
v -0.046135 0.065575 0.029191
v -0.057483 0.078296 0.028881
v -0.045254 0.066487 0.028881
v -0.056613 0.079197 0.028516
v -0.044384 0.067388 0.028516
v -0.043526 0.068276 0.028097
v -0.055755 0.080085 0.028097
v -0.054910 0.080960 0.027624
v -0.042682 0.069151 0.027624
v -0.041852 0.070010 0.027099
v -0.054081 0.081819 0.027099
v -0.053268 0.082661 0.026522
v -0.041039 0.070851 0.026522
v -0.052474 0.083483 0.025894
v -0.040245 0.071674 0.025894
v -0.039470 0.072476 0.025217
v -0.051699 0.084286 0.025217
v -0.050945 0.085066 0.024493
v -0.038717 0.073257 0.024493
v -0.037986 0.074013 0.023721
v -0.050215 0.085823 0.023721
v -0.049508 0.086554 0.022905
v -0.037279 0.074745 0.022905
v -0.036598 0.075451 0.022045
v -0.048827 0.087260 0.022045
v -0.048172 0.087938 0.021142
v -0.035943 0.076129 0.021142
v -0.035317 0.076778 0.020200
v -0.047545 0.088587 0.020200
v -0.046948 0.089206 0.019219
v -0.034719 0.077396 0.019219
v -0.046381 0.089793 0.018202
v -0.034152 0.077984 0.018202
v -0.045845 0.090348 0.017150
v -0.033616 0.078538 0.017150
v -0.045341 0.090869 0.016065
v -0.033112 0.079060 0.016065
v -0.032642 0.079547 0.014950
v -0.044871 0.091356 0.014950
v -0.044435 0.091807 0.013806
v -0.032207 0.079998 0.013806
v -0.044035 0.092222 0.012636
v -0.031806 0.080413 0.012636
v -0.043669 0.092600 0.011442
v -0.031441 0.080791 0.011442
v -0.043341 0.092940 0.010226
v -0.031112 0.081131 0.010226
v -0.043050 0.093242 0.008991
v -0.030821 0.081433 0.008991
v -0.030567 0.081695 0.007739
v -0.042796 0.093505 0.007739
v -0.042581 0.093728 0.006472
v -0.030352 0.081918 0.006472
v -0.042404 0.093911 0.005192
v -0.030175 0.082102 0.005192
v -0.030037 0.082244 0.003903
v -0.042266 0.094053 0.003903
v -0.042168 0.094156 0.002606
v -0.029939 0.082346 0.002606
v -0.042108 0.094217 0.001304
v -0.029880 0.082408 0.001304
v -0.029860 0.082428 -0.000000
v -0.042088 0.094237 -0.000000
v -0.042108 0.094217 -0.001304
v -0.029880 0.082408 -0.001304
v -0.042168 0.094156 -0.002606
v -0.029939 0.082346 -0.002606
v -0.042266 0.094053 -0.003903
v -0.030037 0.082244 -0.003903
v -0.042404 0.093911 -0.005192
v -0.030175 0.082102 -0.005192
v -0.042581 0.093728 -0.006472
v -0.030352 0.081918 -0.006472
v -0.042796 0.093505 -0.007739
v -0.030567 0.081695 -0.007739
v -0.043050 0.093242 -0.008991
v -0.030821 0.081433 -0.008991
v -0.043341 0.092940 -0.010226
v -0.031112 0.081131 -0.010226
v -0.043669 0.092600 -0.011442
v -0.031441 0.080791 -0.011442
v -0.044035 0.092222 -0.012636
v -0.031806 0.080413 -0.012636
v -0.044435 0.091807 -0.013806
v -0.032207 0.079998 -0.013806
v -0.044871 0.091356 -0.014950
v -0.032642 0.079547 -0.014950
v -0.045341 0.090869 -0.016065
v -0.033112 0.079060 -0.016065
v -0.045845 0.090348 -0.017150
v -0.033616 0.078538 -0.017150
v -0.034152 0.077984 -0.018202
v -0.046381 0.089793 -0.018202
v -0.046948 0.089206 -0.019219
v -0.034719 0.077396 -0.019219
v -0.047545 0.088587 -0.020200
v -0.035317 0.076778 -0.020200
v -0.048172 0.087938 -0.021143
v -0.035943 0.076129 -0.021143
v -0.048827 0.087260 -0.022045
v -0.036598 0.075451 -0.022045
v -0.049508 0.086554 -0.022905
v -0.037279 0.074745 -0.022905
v -0.050215 0.085823 -0.023721
v -0.037986 0.074013 -0.023721
v -0.050945 0.085066 -0.024493
v -0.038717 0.073257 -0.024493
v -0.051699 0.084286 -0.025217
v -0.039470 0.072476 -0.025217
v -0.052474 0.083483 -0.025894
v -0.040245 0.071674 -0.025894
v -0.053268 0.082661 -0.026522
v -0.041039 0.070851 -0.026522
v -0.054081 0.081819 -0.027099
v -0.041852 0.070010 -0.027099
v -0.042682 0.069151 -0.027624
v -0.054910 0.080960 -0.027624
v -0.043526 0.068276 -0.028097
v -0.055755 0.080085 -0.028097
v -0.056613 0.079197 -0.028516
v -0.044384 0.067388 -0.028516
v -0.057483 0.078296 -0.028881
v -0.045254 0.066487 -0.028881
v -0.058363 0.077384 -0.029191
v -0.046135 0.065575 -0.029191
v -0.047023 0.064655 -0.029446
v -0.059252 0.076464 -0.029446
v -0.060148 0.075537 -0.029644
v -0.047919 0.063727 -0.029644
v -0.061049 0.074604 -0.029786
v -0.048820 0.062795 -0.029786
v -0.061953 0.073667 -0.029872
v -0.049724 0.061858 -0.029872
v -0.062859 0.072729 -0.029900
v -0.050630 0.060920 -0.029900
v -0.063765 0.071791 -0.029872
v -0.051536 0.059982 -0.029872
v -0.052440 0.059045 -0.029786
v -0.064669 0.070855 -0.029786
v -0.065570 0.069922 -0.029644
v -0.053341 0.058113 -0.029644
v -0.066466 0.068994 -0.029446
v -0.054237 0.057185 -0.029446
v -0.067354 0.068074 -0.029191
v -0.055126 0.056265 -0.029191
v -0.056006 0.055353 -0.028881
v -0.068235 0.067162 -0.028881
v -0.069105 0.066262 -0.028516
v -0.056876 0.054452 -0.028516
v -0.069963 0.065373 -0.028097
v -0.057734 0.053564 -0.028097
v -0.070807 0.064498 -0.027624
v -0.058578 0.052689 -0.027624
v -0.071637 0.063639 -0.027099
v -0.059408 0.051830 -0.027099
v -0.072449 0.062798 -0.026522
v -0.060221 0.050989 -0.026522
v -0.073244 0.061975 -0.025894
v -0.061015 0.050166 -0.025894
v -0.074019 0.061173 -0.025217
v -0.061790 0.049364 -0.025217
v -0.074772 0.060393 -0.024493
v -0.062543 0.048583 -0.024493
v -0.063274 0.047827 -0.023721
v -0.075503 0.059636 -0.023721
v -0.076210 0.058904 -0.022905
v -0.063981 0.047095 -0.022905
v -0.064662 0.046389 -0.022045
v -0.076891 0.058198 -0.022045
v -0.065317 0.045711 -0.021143
v -0.077546 0.057521 -0.021143
v -0.078172 0.056872 -0.020200
v -0.065944 0.045062 -0.020200
v -0.078770 0.056253 -0.019219
v -0.066541 0.044444 -0.019219
v -0.079337 0.055666 -0.018202
v -0.067108 0.043856 -0.018202
v -0.067644 0.043302 -0.017150
v -0.079873 0.055111 -0.017150
v -0.080376 0.054589 -0.016065
v -0.068148 0.042780 -0.016065
v -0.080846 0.054102 -0.014950
v -0.068618 0.042293 -0.014950
v -0.069054 0.041842 -0.013806
v -0.081282 0.053651 -0.013806
v -0.069454 0.041427 -0.012636
v -0.081683 0.053236 -0.012636
v -0.082048 0.052858 -0.011442
v -0.069819 0.041049 -0.011442
v -0.070148 0.040709 -0.010226
v -0.082377 0.052518 -0.010226
v -0.082668 0.052216 -0.008991
v -0.070439 0.040407 -0.008991
v -0.082921 0.051954 -0.007739
v -0.070693 0.040145 -0.007739
v -0.070908 0.039922 -0.006472
v -0.083137 0.051731 -0.006472
v -0.071085 0.039739 -0.005192
v -0.083314 0.051548 -0.005192
v -0.083451 0.051405 -0.003903
v -0.071223 0.039596 -0.003903
v -0.071321 0.039494 -0.002606
v -0.083550 0.051303 -0.002606
v -0.071381 0.039432 -0.001304
v -0.083609 0.051241 -0.001304
v -0.071400 0.039412 -0.000000
v -0.083629 0.051221 -0.000000
v -0.071381 0.039432 0.001304
v -0.083609 0.051241 0.001304
v -0.083550 0.051303 0.002606
v -0.071321 0.039494 0.002606
v -0.071223 0.039596 0.003903
v -0.083451 0.051405 0.003903
v -0.083314 0.051548 0.005192
v -0.071085 0.039739 0.005192
v -0.083137 0.051731 0.006472
v -0.070908 0.039922 0.006472
v -0.070693 0.040145 0.007739
v -0.082921 0.051954 0.007739
v -0.070439 0.040407 0.008991
v -0.082668 0.052216 0.008991
v -0.082377 0.052518 0.010226
v -0.070148 0.040709 0.010226
v -0.082048 0.052858 0.011442
v -0.069819 0.041049 0.011442
v -0.069454 0.041427 0.012636
v -0.081683 0.053236 0.012636
v -0.069054 0.041842 0.013806
v -0.081282 0.053651 0.013806
v -0.080846 0.054102 0.014950
v -0.068618 0.042293 0.014950
v -0.080376 0.054589 0.016065
v -0.068148 0.042780 0.016065
v -0.067644 0.043302 0.017150
v -0.079873 0.055111 0.017150
v -0.067108 0.043856 0.018202
v -0.079337 0.055666 0.018202
v -0.078770 0.056253 0.019219
v -0.066541 0.044444 0.019219
v -0.065944 0.045062 0.020200
v -0.078172 0.056872 0.020200
v -0.077546 0.057521 0.021142
v -0.065317 0.045711 0.021142
v -0.076891 0.058198 0.022045
v -0.064662 0.046389 0.022045
v -0.076210 0.058904 0.022905
v -0.063981 0.047095 0.022905
v -0.063274 0.047827 0.023721
v -0.075503 0.059636 0.023721
v -0.074772 0.060393 0.024493
v -0.062543 0.048583 0.024493
v -0.061790 0.049364 0.025217
v -0.074019 0.061173 0.025217
v -0.073244 0.061975 0.025894
v -0.061015 0.050166 0.025894
v -0.072449 0.062798 0.026522
v -0.060221 0.050989 0.026522
v -0.059408 0.051830 0.027099
v -0.071637 0.063639 0.027099
v -0.070807 0.064498 0.027624
v -0.058578 0.052689 0.027624
v -0.057734 0.053564 0.028097
v -0.069963 0.065373 0.028097
v -0.069105 0.066262 0.028516
v -0.056876 0.054452 0.028516
v -0.068235 0.067162 0.028881
v -0.056006 0.055353 0.028881
v -0.067354 0.068074 0.029191
v -0.055126 0.056265 0.029191
v -0.066466 0.068994 0.029446
v -0.054237 0.057185 0.029446
v -0.065570 0.069922 0.029644
v -0.053341 0.058113 0.029644
v -0.052440 0.059045 0.029786
v -0.064669 0.070855 0.029786
v -0.063765 0.071791 0.029871
v -0.051536 0.059982 0.029871
v -0.076738 0.058357 -0.018309
v -0.076170 0.058945 -0.019163
v -0.075577 0.059559 -0.019980
v -0.077280 0.057796 -0.017420
v -0.074959 0.060199 -0.020760
v -0.077794 0.057264 -0.016497
v -0.074319 0.060862 -0.021500
v -0.078279 0.056761 -0.015544
v -0.073657 0.061548 -0.022199
v -0.078736 0.056288 -0.014561
v -0.072974 0.062255 -0.022856
v -0.079162 0.055847 -0.013550
v -0.072271 0.062982 -0.023469
v -0.079557 0.055438 -0.012513
v -0.071551 0.063728 -0.024038
v -0.079920 0.055062 -0.011453
v -0.070815 0.064491 -0.024561
v -0.080251 0.054719 -0.010371
v -0.070063 0.065269 -0.025037
v -0.080549 0.054411 -0.009269
v -0.069297 0.066062 -0.025466
v -0.080813 0.054137 -0.008149
v -0.068520 0.066867 -0.025846
v -0.081043 0.053899 -0.007014
v -0.067731 0.067684 -0.026177
v -0.081238 0.053697 -0.005866
v -0.066933 0.068510 -0.026458
v -0.081398 0.053531 -0.004706
v -0.066128 0.069344 -0.026688
v -0.081523 0.053402 -0.003537
v -0.065316 0.070185 -0.026868
v -0.081612 0.053309 -0.002362
v -0.064499 0.071030 -0.026997
v -0.081666 0.053254 -0.001182
v -0.063680 0.071879 -0.027074
v -0.081684 0.053235 -0.000000
v -0.062859 0.072729 -0.027100
v -0.081666 0.053254 0.001182
v -0.062038 0.073580 -0.027074
v -0.081612 0.053309 0.002362
v -0.061218 0.074428 -0.026997
v -0.081523 0.053402 0.003537
v -0.060402 0.075274 -0.026868
v -0.081398 0.053531 0.004706
v -0.059590 0.076114 -0.026688
v -0.081238 0.053697 0.005866
v -0.058784 0.076949 -0.026458
v -0.081043 0.053899 0.007014
v -0.057986 0.077775 -0.026177
v -0.080813 0.054137 0.008149
v -0.057198 0.078591 -0.025846
v -0.080549 0.054411 0.009269
v -0.056420 0.079397 -0.025466
v -0.080251 0.054719 0.010371
v -0.055655 0.080189 -0.025037
v -0.079920 0.055062 0.011453
v -0.054903 0.080968 -0.024561
v -0.079557 0.055438 0.012513
v -0.054166 0.081731 -0.024038
v -0.079162 0.055847 0.013550
v -0.053446 0.082476 -0.023469
v -0.078736 0.056288 0.014561
v -0.052744 0.083203 -0.022856
v -0.078279 0.056761 0.015544
v -0.052061 0.083911 -0.022199
v -0.077794 0.057264 0.016497
v -0.051399 0.084596 -0.021500
v -0.077280 0.057796 0.017419
v -0.050758 0.085260 -0.020760
v -0.076738 0.058357 0.018308
v -0.050141 0.085899 -0.019980
v -0.076170 0.058945 0.019163
v -0.049547 0.086514 -0.019163
v -0.075577 0.059559 0.019980
v -0.048979 0.087102 -0.018309
v -0.074959 0.060199 0.020760
v -0.048438 0.087663 -0.017420
v -0.074319 0.060862 0.021500
v -0.047924 0.088195 -0.016497
v -0.073657 0.061548 0.022199
v -0.047438 0.088698 -0.015544
v -0.072974 0.062255 0.022856
v -0.046982 0.089170 -0.014561
v -0.072271 0.062982 0.023469
v -0.046556 0.089612 -0.013550
v -0.071551 0.063728 0.024038
v -0.046161 0.090021 -0.012513
v -0.045797 0.090397 -0.011453
v -0.070815 0.064491 0.024561
v -0.070063 0.065269 0.025037
v -0.045467 0.090739 -0.010371
v -0.069297 0.066062 0.025466
v -0.045169 0.091048 -0.009269
v -0.068520 0.066867 0.025846
v -0.044905 0.091321 -0.008149
v -0.067731 0.067684 0.026177
v -0.044675 0.091559 -0.007014
v -0.066933 0.068510 0.026458
v -0.044480 0.091761 -0.005866
v -0.066128 0.069344 0.026688
v -0.044320 0.091927 -0.004706
v -0.065316 0.070185 0.026868
v -0.064499 0.071030 0.026997
v -0.044195 0.092056 -0.003537
v -0.044105 0.092149 -0.002362
v -0.063680 0.071879 0.027074
v -0.044052 0.092205 -0.001182
v -0.044034 0.092223 -0.000000
v -0.062859 0.072729 0.027100
v -0.044052 0.092205 0.001182
v -0.062038 0.073580 0.027074
v -0.061218 0.074428 0.026997
v -0.044105 0.092149 0.002362
v -0.060402 0.075274 0.026868
v -0.044195 0.092056 0.003537
v -0.059590 0.076114 0.026688
v -0.044320 0.091927 0.004706
v -0.058784 0.076949 0.026458
v -0.057986 0.077775 0.026177
v -0.044480 0.091761 0.005866
v -0.044675 0.091559 0.007014
v -0.057198 0.078591 0.025846
v -0.044905 0.091321 0.008149
v -0.056420 0.079397 0.025466
v -0.045169 0.091048 0.009269
v -0.055655 0.080189 0.025037
v -0.054903 0.080968 0.024561
v -0.045467 0.090739 0.010371
v -0.045797 0.090397 0.011453
v -0.054166 0.081731 0.024038
v -0.046161 0.090021 0.012513
v -0.046556 0.089612 0.013550
v -0.053446 0.082476 0.023469
v -0.046982 0.089170 0.014561
v -0.052744 0.083203 0.022856
v -0.047438 0.088698 0.015544
v -0.047924 0.088195 0.016497
v -0.052061 0.083911 0.022199
v -0.051399 0.084596 0.021500
v -0.050758 0.085260 0.020760
v -0.048438 0.087663 0.017419
v -0.050141 0.085899 0.019980
v -0.048979 0.087102 0.018308
v -0.049547 0.086514 0.019163
v -0.063942 0.047136 -0.019163
v -0.064509 0.046547 -0.018309
v -0.063348 0.047750 -0.019980
v -0.065051 0.045987 -0.017420
v -0.062731 0.048389 -0.020760
v -0.065565 0.045454 -0.016497
v -0.062090 0.049053 -0.021500
v -0.066051 0.044951 -0.015544
v -0.061428 0.049739 -0.022199
v -0.066507 0.044479 -0.014561
v -0.060745 0.050446 -0.022856
v -0.066933 0.044038 -0.013550
v -0.060043 0.051173 -0.023469
v -0.067328 0.043628 -0.012513
v -0.059323 0.051919 -0.024038
v -0.067691 0.043252 -0.011453
v -0.058586 0.052681 -0.024561
v -0.068022 0.042910 -0.010371
v -0.057834 0.053460 -0.025037
v -0.068320 0.042601 -0.009269
v -0.057069 0.054253 -0.025466
v -0.068584 0.042328 -0.008149
v -0.056291 0.055058 -0.025846
v -0.068814 0.042090 -0.007014
v -0.055502 0.055875 -0.026177
v -0.069009 0.041888 -0.005866
v -0.054705 0.056701 -0.026458
v -0.069169 0.041722 -0.004706
v -0.053899 0.057535 -0.026688
v -0.069294 0.041593 -0.003537
v -0.053087 0.058376 -0.026868
v -0.069384 0.041500 -0.002362
v -0.052271 0.059221 -0.026997
v -0.069437 0.041444 -0.001182
v -0.051451 0.060070 -0.027074
v -0.069455 0.041426 -0.000000
v -0.050630 0.060920 -0.027100
v -0.069437 0.041444 0.001182
v -0.049809 0.061770 -0.027074
v -0.069384 0.041500 0.002362
v -0.048989 0.062619 -0.026997
v -0.069294 0.041593 0.003537
v -0.048173 0.063465 -0.026868
v -0.069169 0.041722 0.004706
v -0.047361 0.064305 -0.026688
v -0.069009 0.041888 0.005866
v -0.046556 0.065139 -0.026458
v -0.068814 0.042090 0.007014
v -0.045758 0.065965 -0.026177
v -0.068584 0.042328 0.008149
v -0.044969 0.066782 -0.025846
v -0.068320 0.042601 0.009269
v -0.044191 0.067587 -0.025466
v -0.068022 0.042910 0.010371
v -0.043426 0.068380 -0.025037
v -0.067691 0.043252 0.011453
v -0.042674 0.069159 -0.024561
v -0.067328 0.043628 0.012513
v -0.041938 0.069921 -0.024038
v -0.066933 0.044038 0.013550
v -0.041217 0.070667 -0.023469
v -0.066507 0.044479 0.014561
v -0.040515 0.071394 -0.022856
v -0.066051 0.044951 0.015544
v -0.039832 0.072101 -0.022199
v -0.065565 0.045454 0.016497
v -0.039170 0.072787 -0.021500
v -0.065051 0.045987 0.017419
v -0.038529 0.073451 -0.020760
v -0.064509 0.046547 0.018308
v -0.037912 0.074090 -0.019980
v -0.063942 0.047136 0.019163
v -0.037319 0.074704 -0.019163
v -0.063348 0.047750 0.019980
v -0.036751 0.075293 -0.018309
v -0.062731 0.048389 0.020760
v -0.036209 0.075853 -0.017420
v -0.062090 0.049053 0.021500
v -0.035695 0.076386 -0.016497
v -0.061428 0.049739 0.022199
v -0.035209 0.076889 -0.015544
v -0.060745 0.050446 0.022856
v -0.034753 0.077361 -0.014561
v -0.060043 0.051173 0.023469
v -0.034327 0.077802 -0.013550
v -0.059323 0.051919 0.024038
v -0.033932 0.078212 -0.012513
v -0.033569 0.078588 -0.011453
v -0.058586 0.052681 0.024561
v -0.057834 0.053460 0.025037
v -0.033238 0.078930 -0.010371
v -0.057069 0.054253 0.025466
v -0.032940 0.079238 -0.009269
v -0.056291 0.055058 0.025846
v -0.032676 0.079512 -0.008149
v -0.055502 0.055875 0.026177
v -0.032446 0.079750 -0.007014
v -0.054705 0.056701 0.026458
v -0.032251 0.079952 -0.005866
v -0.053899 0.057535 0.026688
v -0.032091 0.080118 -0.004706
v -0.053087 0.058376 0.026868
v -0.052271 0.059221 0.026997
v -0.031966 0.080247 -0.003537
v -0.031876 0.080340 -0.002362
v -0.051451 0.060070 0.027074
v -0.031823 0.080396 -0.001182
v -0.031805 0.080414 -0.000000
v -0.050630 0.060920 0.027100
v -0.031823 0.080396 0.001182
v -0.049809 0.061770 0.027074
v -0.048989 0.062619 0.026997
v -0.031876 0.080340 0.002362
v -0.048173 0.063465 0.026868
v -0.031966 0.080247 0.003537
v -0.047361 0.064305 0.026688
v -0.032091 0.080118 0.004706
v -0.046556 0.065139 0.026458
v -0.045758 0.065965 0.026177
v -0.032251 0.079952 0.005866
v -0.032446 0.079750 0.007014
v -0.044969 0.066782 0.025846
v -0.032676 0.079512 0.008149
v -0.044191 0.067587 0.025466
v -0.032940 0.079238 0.009269
v -0.043426 0.068380 0.025037
v -0.042674 0.069159 0.024561
v -0.033238 0.078930 0.010371
v -0.033569 0.078588 0.011453
v -0.041938 0.069921 0.024038
v -0.033932 0.078212 0.012513
v -0.034327 0.077802 0.013550
v -0.041217 0.070667 0.023469
v -0.034753 0.077361 0.014561
v -0.040515 0.071394 0.022856
v -0.035209 0.076889 0.015544
v -0.035695 0.076386 0.016497
v -0.039832 0.072101 0.022199
v -0.039170 0.072787 0.021500
v -0.038529 0.073451 0.020760
v -0.036209 0.075853 0.017419
v -0.037912 0.074090 0.019980
v -0.036751 0.075293 0.018308
v -0.037319 0.074704 0.019163
v 0.062859 0.072729 -0.029900
v 0.050630 0.060920 -0.029900
v 0.049724 0.061858 -0.029872
v 0.061953 0.073667 -0.029872
v 0.048820 0.062795 -0.029786
v 0.061049 0.074604 -0.029786
v 0.060148 0.075537 -0.029644
v 0.047919 0.063727 -0.029644
v 0.047023 0.064655 -0.029446
v 0.059252 0.076464 -0.029446
v 0.058363 0.077384 -0.029191
v 0.046135 0.065575 -0.029191
v 0.057483 0.078296 -0.028881
v 0.045254 0.066487 -0.028881
v 0.056613 0.079197 -0.028516
v 0.044384 0.067388 -0.028516
v 0.043526 0.068276 -0.028097
v 0.055755 0.080085 -0.028097
v 0.054910 0.080960 -0.027624
v 0.042682 0.069151 -0.027624
v 0.041852 0.070010 -0.027099
v 0.054081 0.081819 -0.027099
v 0.053268 0.082661 -0.026522
v 0.041039 0.070851 -0.026522
v 0.052474 0.083483 -0.025894
v 0.040245 0.071674 -0.025894
v 0.039470 0.072476 -0.025217
v 0.051699 0.084286 -0.025217
v 0.050945 0.085066 -0.024493
v 0.038717 0.073257 -0.024493
v 0.037986 0.074013 -0.023721
v 0.050215 0.085823 -0.023721
v 0.049508 0.086554 -0.022905
v 0.037279 0.074745 -0.022905
v 0.036598 0.075451 -0.022045
v 0.048827 0.087260 -0.022045
v 0.048172 0.087938 -0.021143
v 0.035943 0.076129 -0.021143
v 0.035317 0.076778 -0.020200
v 0.047545 0.088587 -0.020200
v 0.046948 0.089206 -0.019219
v 0.034719 0.077396 -0.019219
v 0.046381 0.089793 -0.018202
v 0.034152 0.077984 -0.018202
v 0.045845 0.090348 -0.017150
v 0.033616 0.078538 -0.017150
v 0.045341 0.090869 -0.016065
v 0.033112 0.079060 -0.016065
v 0.032642 0.079547 -0.014950
v 0.044871 0.091356 -0.014950
v 0.044435 0.091807 -0.013806
v 0.032207 0.079998 -0.013806
v 0.044035 0.092222 -0.012636
v 0.031806 0.080413 -0.012636
v 0.043669 0.092600 -0.011442
v 0.031441 0.080791 -0.011442
v 0.043341 0.092940 -0.010226
v 0.031112 0.081131 -0.010226
v 0.043050 0.093242 -0.008991
v 0.030821 0.081433 -0.008991
v 0.030567 0.081695 -0.007739
v 0.042796 0.093505 -0.007739
v 0.042581 0.093728 -0.006472
v 0.030352 0.081918 -0.006472
v 0.042404 0.093911 -0.005192
v 0.030175 0.082102 -0.005192
v 0.030037 0.082244 -0.003903
v 0.042266 0.094053 -0.003903
v 0.042168 0.094156 -0.002606
v 0.029939 0.082346 -0.002606
v 0.042108 0.094217 -0.001304
v 0.029880 0.082408 -0.001304
v 0.029860 0.082428 -0.000000
v 0.042088 0.094237 -0.000000
v 0.042108 0.094217 0.001304
v 0.029880 0.082408 0.001304
v 0.042168 0.094156 0.002606
v 0.029939 0.082346 0.002606
v 0.042266 0.094053 0.003903
v 0.030037 0.082244 0.003903
v 0.042404 0.093911 0.005192
v 0.030175 0.082102 0.005192
v 0.042581 0.093728 0.006472
v 0.030352 0.081918 0.006472
v 0.042796 0.093505 0.007739
v 0.030567 0.081695 0.007739
v 0.043050 0.093242 0.008991
v 0.030821 0.081433 0.008991
v 0.043341 0.092940 0.010226
v 0.031112 0.081131 0.010226
v 0.043669 0.092600 0.011442
v 0.031441 0.080791 0.011442
v 0.044035 0.092222 0.012636
v 0.031806 0.080413 0.012636
v 0.044435 0.091807 0.013806
v 0.032207 0.079998 0.013806
v 0.044871 0.091356 0.014950
v 0.032642 0.079547 0.014950
v 0.045341 0.090869 0.016065
v 0.033112 0.079060 0.016065
v 0.045845 0.090348 0.017150
v 0.033616 0.078538 0.017150
v 0.034152 0.077984 0.018202
v 0.046381 0.089793 0.018202
v 0.046948 0.089206 0.019219
v 0.034719 0.077396 0.019219
v 0.047545 0.088587 0.020200
v 0.035317 0.076778 0.020200
v 0.048172 0.087938 0.021142
v 0.035943 0.076129 0.021142
v 0.048827 0.087260 0.022045
v 0.036598 0.075451 0.022045
v 0.049508 0.086554 0.022905
v 0.037279 0.074745 0.022905
v 0.050215 0.085823 0.023721
v 0.037986 0.074013 0.023721
v 0.050945 0.085066 0.024493
v 0.038717 0.073257 0.024493
v 0.051699 0.084286 0.025217
v 0.039470 0.072476 0.025217
v 0.052474 0.083483 0.025894
v 0.040245 0.071674 0.025894
v 0.053268 0.082661 0.026522
v 0.041039 0.070851 0.026522
v 0.054081 0.081819 0.027099
v 0.041852 0.070010 0.027099
v 0.042682 0.069151 0.027624
v 0.054910 0.080960 0.027624
v 0.043526 0.068276 0.028097
v 0.055755 0.080085 0.028097
v 0.056613 0.079197 0.028516
v 0.044384 0.067388 0.028516
v 0.057483 0.078296 0.028881
v 0.045254 0.066487 0.028881
v 0.058363 0.077384 0.029191
v 0.046135 0.065575 0.029191
v 0.047023 0.064655 0.029446
v 0.059252 0.076464 0.029446
v 0.060148 0.075537 0.029644
v 0.047919 0.063727 0.029644
v 0.061049 0.074604 0.029786
v 0.048820 0.062795 0.029786
v 0.061953 0.073667 0.029871
v 0.049724 0.061858 0.029871
v 0.062859 0.072729 0.029900
v 0.050630 0.060920 0.029900
v 0.063765 0.071791 0.029871
v 0.051536 0.059982 0.029871
v 0.052440 0.059045 0.029786
v 0.064669 0.070855 0.029786
v 0.065570 0.069922 0.029644
v 0.053341 0.058113 0.029644
v 0.066466 0.068994 0.029446
v 0.054237 0.057185 0.029446
v 0.067354 0.068074 0.029191
v 0.055126 0.056265 0.029191
v 0.056006 0.055353 0.028881
v 0.068235 0.067162 0.028881
v 0.069105 0.066262 0.028516
v 0.056876 0.054452 0.028516
v 0.069963 0.065373 0.028097
v 0.057734 0.053564 0.028097
v 0.070807 0.064498 0.027624
v 0.058578 0.052689 0.027624
v 0.071637 0.063639 0.027099
v 0.059408 0.051830 0.027099
v 0.072449 0.062798 0.026522
v 0.060221 0.050989 0.026522
v 0.073244 0.061975 0.025894
v 0.061015 0.050166 0.025894
v 0.074019 0.061173 0.025217
v 0.061790 0.049364 0.025217
v 0.074772 0.060393 0.024493
v 0.062543 0.048583 0.024493
v 0.063274 0.047827 0.023721
v 0.075503 0.059636 0.023721
v 0.076210 0.058904 0.022905
v 0.063981 0.047095 0.022905
v 0.064662 0.046389 0.022045
v 0.076891 0.058198 0.022045
v 0.065317 0.045711 0.021142
v 0.077546 0.057521 0.021142
v 0.078172 0.056872 0.020200
v 0.065944 0.045062 0.020200
v 0.078770 0.056253 0.019219
v 0.066541 0.044444 0.019219
v 0.079337 0.055666 0.018202
v 0.067108 0.043856 0.018202
v 0.067644 0.043302 0.017150
v 0.079873 0.055111 0.017150
v 0.080376 0.054589 0.016065
v 0.068148 0.042780 0.016065
v 0.080846 0.054102 0.014950
v 0.068618 0.042293 0.014950
v 0.069054 0.041842 0.013806
v 0.081282 0.053651 0.013806
v 0.069454 0.041427 0.012636
v 0.081683 0.053236 0.012636
v 0.082048 0.052858 0.011442
v 0.069819 0.041049 0.011442
v 0.070148 0.040709 0.010226
v 0.082377 0.052518 0.010226
v 0.082668 0.052216 0.008991
v 0.070439 0.040407 0.008991
v 0.082921 0.051954 0.007739
v 0.070693 0.040145 0.007739
v 0.070908 0.039922 0.006472
v 0.083137 0.051731 0.006472
v 0.071085 0.039739 0.005192
v 0.083314 0.051548 0.005192
v 0.083451 0.051405 0.003903
v 0.071223 0.039596 0.003903
v 0.071321 0.039494 0.002606
v 0.083550 0.051303 0.002606
v 0.071381 0.039432 0.001304
v 0.083609 0.051241 0.001304
v 0.071400 0.039412 -0.000000
v 0.083629 0.051221 -0.000000
v 0.071381 0.039432 -0.001304
v 0.083609 0.051241 -0.001304
v 0.083550 0.051303 -0.002606
v 0.071321 0.039494 -0.002606
v 0.071223 0.039596 -0.003903
v 0.083451 0.051405 -0.003903
v 0.083314 0.051548 -0.005192
v 0.071085 0.039739 -0.005192
v 0.083137 0.051731 -0.006472
v 0.070908 0.039922 -0.006472
v 0.070693 0.040145 -0.007739
v 0.082921 0.051954 -0.007739
v 0.070439 0.040407 -0.008991
v 0.082668 0.052216 -0.008991
v 0.082377 0.052518 -0.010226
v 0.070148 0.040709 -0.010226
v 0.082048 0.052858 -0.011442
v 0.069819 0.041049 -0.011442
v 0.069454 0.041427 -0.012636
v 0.081683 0.053236 -0.012636
v 0.069054 0.041842 -0.013806
v 0.081282 0.053651 -0.013806
v 0.080846 0.054102 -0.014950
v 0.068618 0.042293 -0.014950
v 0.080376 0.054589 -0.016065
v 0.068148 0.042780 -0.016065
v 0.067644 0.043302 -0.017150
v 0.079873 0.055111 -0.017150
v 0.067108 0.043856 -0.018202
v 0.079337 0.055666 -0.018202
v 0.078770 0.056253 -0.019219
v 0.066541 0.044444 -0.019219
v 0.065944 0.045062 -0.020200
v 0.078172 0.056872 -0.020200
v 0.077546 0.057521 -0.021143
v 0.065317 0.045711 -0.021143
v 0.076891 0.058198 -0.022045
v 0.064662 0.046389 -0.022045
v 0.076210 0.058904 -0.022905
v 0.063981 0.047095 -0.022905
v 0.063274 0.047827 -0.023721
v 0.075503 0.059636 -0.023721
v 0.074772 0.060393 -0.024493
v 0.062543 0.048583 -0.024493
v 0.061790 0.049364 -0.025217
v 0.074019 0.061173 -0.025217
v 0.073244 0.061975 -0.025894
v 0.061015 0.050166 -0.025894
v 0.072449 0.062798 -0.026522
v 0.060221 0.050989 -0.026522
v 0.059408 0.051830 -0.027099
v 0.071637 0.063639 -0.027099
v 0.070807 0.064498 -0.027624
v 0.058578 0.052689 -0.027624
v 0.057734 0.053564 -0.028097
v 0.069963 0.065373 -0.028097
v 0.069105 0.066262 -0.028516
v 0.056876 0.054452 -0.028516
v 0.068235 0.067162 -0.028881
v 0.056006 0.055353 -0.028881
v 0.067354 0.068074 -0.029191
v 0.055126 0.056265 -0.029191
v 0.066466 0.068994 -0.029446
v 0.054237 0.057185 -0.029446
v 0.065570 0.069922 -0.029644
v 0.053341 0.058113 -0.029644
v 0.052440 0.059045 -0.029786
v 0.064669 0.070855 -0.029786
v 0.063765 0.071791 -0.029872
v 0.051536 0.059982 -0.029872
v 0.076738 0.058357 0.018308
v 0.076170 0.058945 0.019163
v 0.075577 0.059559 0.019980
v 0.077280 0.057796 0.017419
v 0.074959 0.060199 0.020760
v 0.077794 0.057264 0.016497
v 0.074319 0.060862 0.021500
v 0.078279 0.056761 0.015544
v 0.073657 0.061548 0.022199
v 0.078736 0.056288 0.014561
v 0.072974 0.062255 0.022856
v 0.079162 0.055847 0.013550
v 0.072271 0.062982 0.023469
v 0.079557 0.055438 0.012513
v 0.071551 0.063728 0.024038
v 0.079920 0.055062 0.011453
v 0.070815 0.064491 0.024561
v 0.080251 0.054719 0.010371
v 0.070063 0.065269 0.025037
v 0.080549 0.054411 0.009269
v 0.069297 0.066062 0.025466
v 0.080813 0.054137 0.008149
v 0.068520 0.066867 0.025846
v 0.081043 0.053899 0.007014
v 0.067731 0.067684 0.026177
v 0.081238 0.053697 0.005866
v 0.066933 0.068510 0.026458
v 0.081398 0.053531 0.004706
v 0.066128 0.069344 0.026688
v 0.081523 0.053402 0.003537
v 0.065316 0.070185 0.026868
v 0.081612 0.053309 0.002362
v 0.064499 0.071030 0.026997
v 0.081666 0.053254 0.001182
v 0.063680 0.071879 0.027074
v 0.081684 0.053235 -0.000000
v 0.062859 0.072729 0.027100
v 0.081666 0.053254 -0.001182
v 0.062038 0.073580 0.027074
v 0.081612 0.053309 -0.002362
v 0.061218 0.074428 0.026997
v 0.081523 0.053402 -0.003537
v 0.060402 0.075274 0.026868
v 0.081398 0.053531 -0.004706
v 0.059590 0.076114 0.026688
v 0.081238 0.053697 -0.005866
v 0.058784 0.076949 0.026458
v 0.081043 0.053899 -0.007014
v 0.057986 0.077775 0.026177
v 0.080813 0.054137 -0.008149
v 0.057198 0.078591 0.025846
v 0.080549 0.054411 -0.009269
v 0.056420 0.079397 0.025466
v 0.080251 0.054719 -0.010371
v 0.055655 0.080189 0.025037
v 0.079920 0.055062 -0.011453
v 0.054903 0.080968 0.024561
v 0.079557 0.055438 -0.012513
v 0.054166 0.081731 0.024038
v 0.079162 0.055847 -0.013550
v 0.053446 0.082476 0.023469
v 0.078736 0.056288 -0.014561
v 0.052744 0.083203 0.022856
v 0.078279 0.056761 -0.015544
v 0.052061 0.083911 0.022199
v 0.077794 0.057264 -0.016497
v 0.051399 0.084596 0.021500
v 0.077280 0.057796 -0.017420
v 0.050758 0.085260 0.020760
v 0.076738 0.058357 -0.018309
v 0.050141 0.085899 0.019980
v 0.076170 0.058945 -0.019163
v 0.049547 0.086514 0.019163
v 0.075577 0.059559 -0.019980
v 0.048979 0.087102 0.018308
v 0.074959 0.060199 -0.020760
v 0.048438 0.087663 0.017419
v 0.074319 0.060862 -0.021500
v 0.047924 0.088195 0.016497
v 0.073657 0.061548 -0.022199
v 0.047438 0.088698 0.015544
v 0.072974 0.062255 -0.022856
v 0.046982 0.089170 0.014561
v 0.072271 0.062982 -0.023469
v 0.046556 0.089612 0.013550
v 0.071551 0.063728 -0.024038
v 0.046161 0.090021 0.012513
v 0.045797 0.090397 0.011453
v 0.070815 0.064491 -0.024561
v 0.070063 0.065269 -0.025037
v 0.045467 0.090739 0.010371
v 0.069297 0.066062 -0.025466
v 0.045169 0.091048 0.009269
v 0.068520 0.066867 -0.025846
v 0.044905 0.091321 0.008149
v 0.067731 0.067684 -0.026177
v 0.044675 0.091559 0.007014
v 0.066933 0.068510 -0.026458
v 0.044480 0.091761 0.005866
v 0.066128 0.069344 -0.026688
v 0.044320 0.091927 0.004706
v 0.065316 0.070185 -0.026868
v 0.064499 0.071030 -0.026997
v 0.044195 0.092056 0.003537
v 0.044105 0.092149 0.002362
v 0.063680 0.071879 -0.027074
v 0.044052 0.092205 0.001182
v 0.044034 0.092223 -0.000000
v 0.062859 0.072729 -0.027100
v 0.044052 0.092205 -0.001182
v 0.062038 0.073580 -0.027074
v 0.061218 0.074428 -0.026997
v 0.044105 0.092149 -0.002362
v 0.060402 0.075274 -0.026868
v 0.044195 0.092056 -0.003537
v 0.059590 0.076114 -0.026688
v 0.044320 0.091927 -0.004706
v 0.058784 0.076949 -0.026458
v 0.057986 0.077775 -0.026177
v 0.044480 0.091761 -0.005866
v 0.044675 0.091559 -0.007014
v 0.057198 0.078591 -0.025846
v 0.044905 0.091321 -0.008149
v 0.056420 0.079397 -0.025466
v 0.045169 0.091048 -0.009269
v 0.055655 0.080189 -0.025037
v 0.054903 0.080968 -0.024561
v 0.045467 0.090739 -0.010371
v 0.045797 0.090397 -0.011453
v 0.054166 0.081731 -0.024038
v 0.046161 0.090021 -0.012513
v 0.046556 0.089612 -0.013550
v 0.053446 0.082476 -0.023469
v 0.046982 0.089170 -0.014561
v 0.052744 0.083203 -0.022856
v 0.047438 0.088698 -0.015544
v 0.047924 0.088195 -0.016497
v 0.052061 0.083911 -0.022199
v 0.051399 0.084596 -0.021500
v 0.050758 0.085260 -0.020760
v 0.048438 0.087663 -0.017420
v 0.050141 0.085899 -0.019980
v 0.048979 0.087102 -0.018309
v 0.049547 0.086514 -0.019163
v 0.063942 0.047136 0.019163
v 0.064509 0.046547 0.018308
v 0.063348 0.047750 0.019980
v 0.065051 0.045987 0.017419
v 0.062731 0.048389 0.020760
v 0.065565 0.045454 0.016497
v 0.062090 0.049053 0.021500
v 0.066051 0.044951 0.015544
v 0.061428 0.049739 0.022199
v 0.066507 0.044479 0.014561
v 0.060745 0.050446 0.022856
v 0.066933 0.044038 0.013550
v 0.060043 0.051173 0.023469
v 0.067328 0.043628 0.012513
v 0.059323 0.051919 0.024038
v 0.067691 0.043252 0.011453
v 0.058586 0.052681 0.024561
v 0.068022 0.042910 0.010371
v 0.057834 0.053460 0.025037
v 0.068320 0.042601 0.009269
v 0.057069 0.054253 0.025466
v 0.068584 0.042328 0.008149
v 0.056291 0.055058 0.025846
v 0.068814 0.042090 0.007014
v 0.055502 0.055875 0.026177
v 0.069009 0.041888 0.005866
v 0.054705 0.056701 0.026458
v 0.069169 0.041722 0.004706
v 0.053899 0.057535 0.026688
v 0.069294 0.041593 0.003537
v 0.053087 0.058376 0.026868
v 0.069384 0.041500 0.002362
v 0.052271 0.059221 0.026997
v 0.069437 0.041444 0.001182
v 0.051451 0.060070 0.027074
v 0.069455 0.041426 -0.000000
v 0.050630 0.060920 0.027100
v 0.069437 0.041444 -0.001182
v 0.049809 0.061770 0.027074
v 0.069384 0.041500 -0.002362
v 0.048989 0.062619 0.026997
v 0.069294 0.041593 -0.003537
v 0.048173 0.063465 0.026868
v 0.069169 0.041722 -0.004706
v 0.047361 0.064305 0.026688
v 0.069009 0.041888 -0.005866
v 0.046556 0.065139 0.026458
v 0.068814 0.042090 -0.007014
v 0.045758 0.065965 0.026177
v 0.068584 0.042328 -0.008149
v 0.044969 0.066782 0.025846
v 0.068320 0.042601 -0.009269
v 0.044191 0.067587 0.025466
v 0.068022 0.042910 -0.010371
v 0.043426 0.068380 0.025037
v 0.067691 0.043252 -0.011453
v 0.042674 0.069159 0.024561
v 0.067328 0.043628 -0.012513
v 0.041938 0.069921 0.024038
v 0.066933 0.044038 -0.013550
v 0.041217 0.070667 0.023469
v 0.066507 0.044479 -0.014561
v 0.040515 0.071394 0.022856
v 0.066051 0.044951 -0.015544
v 0.039832 0.072101 0.022199
v 0.065565 0.045454 -0.016497
v 0.039170 0.072787 0.021500
v 0.065051 0.045987 -0.017420
v 0.038529 0.073451 0.020760
v 0.064509 0.046547 -0.018309
v 0.037912 0.074090 0.019980
v 0.063942 0.047136 -0.019163
v 0.037319 0.074704 0.019163
v 0.063348 0.047750 -0.019980
v 0.036751 0.075293 0.018308
v 0.062731 0.048389 -0.020760
v 0.036209 0.075853 0.017419
v 0.062090 0.049053 -0.021500
v 0.035695 0.076386 0.016497
v 0.061428 0.049739 -0.022199
v 0.035209 0.076889 0.015544
v 0.060745 0.050446 -0.022856
v 0.034753 0.077361 0.014561
v 0.060043 0.051173 -0.023469
v 0.034327 0.077802 0.013550
v 0.059323 0.051919 -0.024038
v 0.033932 0.078212 0.012513
v 0.033569 0.078588 0.011453
v 0.058586 0.052681 -0.024561
v 0.057834 0.053460 -0.025037
v 0.033238 0.078930 0.010371
v 0.057069 0.054253 -0.025466
v 0.032940 0.079238 0.009269
v 0.056291 0.055058 -0.025846
v 0.032676 0.079512 0.008149
v 0.055502 0.055875 -0.026177
v 0.032446 0.079750 0.007014
v 0.054705 0.056701 -0.026458
v 0.032251 0.079952 0.005866
v 0.053899 0.057535 -0.026688
v 0.032091 0.080118 0.004706
v 0.053087 0.058376 -0.026868
v 0.052271 0.059221 -0.026997
v 0.031966 0.080247 0.003537
v 0.031876 0.080340 0.002362
v 0.051451 0.060070 -0.027074
v 0.031823 0.080396 0.001182
v 0.031805 0.080414 -0.000000
v 0.050630 0.060920 -0.027100
v 0.031823 0.080396 -0.001182
v 0.049809 0.061770 -0.027074
v 0.048989 0.062619 -0.026997
v 0.031876 0.080340 -0.002362
v 0.048173 0.063465 -0.026868
v 0.031966 0.080247 -0.003537
v 0.047361 0.064305 -0.026688
v 0.032091 0.080118 -0.004706
v 0.046556 0.065139 -0.026458
v 0.045758 0.065965 -0.026177
v 0.032251 0.079952 -0.005866
v 0.032446 0.079750 -0.007014
v 0.044969 0.066782 -0.025846
v 0.032676 0.079512 -0.008149
v 0.044191 0.067587 -0.025466
v 0.032940 0.079238 -0.009269
v 0.043426 0.068380 -0.025037
v 0.042674 0.069159 -0.024561
v 0.033238 0.078930 -0.010371
v 0.033569 0.078588 -0.011453
v 0.041938 0.069921 -0.024038
v 0.033932 0.078212 -0.012513
v 0.034327 0.077802 -0.013550
v 0.041217 0.070667 -0.023469
v 0.034753 0.077361 -0.014561
v 0.040515 0.071394 -0.022856
v 0.035209 0.076889 -0.015544
v 0.035695 0.076386 -0.016497
v 0.039832 0.072101 -0.022199
v 0.039170 0.072787 -0.021500
v 0.038529 0.073451 -0.020760
v 0.036209 0.075853 -0.017420
v 0.037912 0.074090 -0.019980
v 0.036751 0.075293 -0.018309
v 0.037319 0.074704 -0.019163
vn 0.0000 0.0000 1.0000
vn 1.0000 0.0000 0.0000
vn -1.0000 0.0000 0.0000
vn 0.0000 -1.0000 0.0000
vn -0.0000 0.6946 0.7194
vn 0.0000 0.6947 0.7193
vn -0.0000 0.6946 0.7193
vn 0.0000 0.6948 0.7193
vn -0.0000 0.6945 0.7195
vn 0.0000 0.6948 0.7192
vn 0.0001 0.6947 0.7193
vn -0.0001 0.6946 0.7194
vn -0.0001 0.6947 0.7193
vn 0.0001 0.6946 0.7193
vn -0.0002 0.6947 0.7193
vn 0.0001 0.6946 0.7194
vn 0.0002 0.6947 0.7193
vn -0.0001 0.6946 0.7193
vn 0.0000 0.0000 -1.0000
vn 0.7194 0.6946 0.0000
vn 0.7193 0.6947 -0.0000
vn 0.7193 0.6946 0.0000
vn 0.7195 0.6945 0.0000
vn 0.7192 0.6948 -0.0000
vn 0.7193 0.6947 -0.0001
vn 0.7194 0.6946 0.0001
vn 0.7193 0.6947 0.0001
vn 0.7194 0.6946 -0.0002
vn 0.7193 0.6947 0.0002
vn 0.7194 0.6946 -0.0001
vn 0.7193 0.6947 -0.0002
vn 0.7194 0.6946 0.0002
vn -0.7194 0.6946 -0.0000
vn -0.7193 0.6947 0.0000
vn -0.7193 0.6946 0.0000
vn -0.7195 0.6945 -0.0000
vn -0.7192 0.6948 0.0000
vn -0.7193 0.6947 0.0001
vn -0.7194 0.6946 -0.0001
vn -0.7193 0.6947 -0.0001
vn -0.7194 0.6946 0.0002
vn -0.7193 0.6947 -0.0002
vn -0.7194 0.6946 0.0001
vn -0.7193 0.6947 0.0002
vn -0.7194 0.6946 -0.0002
vn 0.0000 1.0000 0.0000
vn -0.0218 -0.7192 0.6945
vn -0.0219 -0.7192 0.6945
vn -0.0654 -0.7178 0.6932
vn -0.1088 -0.7151 0.6905
vn -0.1089 -0.7151 0.6905
vn -0.1521 -0.7110 0.6866
vn -0.1951 -0.7055 0.6813
vn -0.2377 -0.6987 0.6748
vn -0.2799 -0.6906 0.6669
vn -0.3214 -0.6812 0.6578
vn -0.3624 -0.6704 0.6474
vn -0.3215 -0.6812 0.6578
vn -0.4028 -0.6584 0.6358
vn -0.4423 -0.6452 0.6230
vn -0.4423 -0.6451 0.6230
vn -0.4810 -0.6307 0.6090
vn -0.4809 -0.6307 0.6090
vn -0.5188 -0.6150 0.5939
vn -0.5555 -0.5981 0.5776
vn -0.5913 -0.5801 0.5602
vn -0.5914 -0.5801 0.5602
vn -0.6259 -0.5610 0.5417
vn -0.6593 -0.5409 0.5223
vn -0.6915 -0.5196 0.5018
vn -0.6593 -0.5408 0.5223
vn -0.7224 -0.4974 0.4804
vn -0.7519 -0.4743 0.4580
vn -0.7799 -0.4503 0.4348
vn -0.8064 -0.4254 0.4108
vn -0.8315 -0.3996 0.3859
vn -0.8549 -0.3732 0.3604
vn -0.8767 -0.3460 0.3341
vn -0.8768 -0.3459 0.3341
vn -0.8969 -0.3182 0.3073
vn -0.8968 -0.3182 0.3073
vn -0.9153 -0.2897 0.2798
vn -0.9320 -0.2607 0.2517
vn -0.9469 -0.2313 0.2233
vn -0.9600 -0.2013 0.1944
vn -0.9713 -0.1710 0.1651
vn -0.9714 -0.1709 0.1651
vn -0.9808 -0.1403 0.1355
vn -0.9884 -0.1094 0.1057
vn -0.9941 -0.0783 0.0756
vn -0.9979 -0.0471 0.0454
vn -0.9998 -0.0157 0.0151
vn -0.9998 0.0157 -0.0151
vn -0.9979 0.0470 -0.0454
vn -0.9941 0.0783 -0.0756
vn -0.9979 0.0471 -0.0454
vn -0.9884 0.1094 -0.1057
vn -0.9808 0.1403 -0.1355
vn -0.9713 0.1710 -0.1651
vn -0.9600 0.2013 -0.1944
vn -0.9714 0.1709 -0.1651
vn -0.9469 0.2313 -0.2233
vn -0.9320 0.2607 -0.2517
vn -0.9153 0.2897 -0.2798
vn -0.8968 0.3182 -0.3073
vn -0.8767 0.3460 -0.3341
vn -0.8969 0.3182 -0.3073
vn -0.8768 0.3460 -0.3341
vn -0.8549 0.3731 -0.3604
vn -0.8549 0.3732 -0.3604
vn -0.8315 0.3997 -0.3859
vn -0.8315 0.3996 -0.3859
vn -0.8064 0.4254 -0.4108
vn -0.7799 0.4503 -0.4348
vn -0.7518 0.4743 -0.4580
vn -0.7519 0.4743 -0.4580
vn -0.7224 0.4974 -0.4804
vn -0.6915 0.5196 -0.5018
vn -0.6593 0.5408 -0.5223
vn -0.6260 0.5610 -0.5417
vn -0.6259 0.5610 -0.5417
vn -0.5914 0.5801 -0.5602
vn -0.5913 0.5801 -0.5602
vn -0.5555 0.5981 -0.5776
vn -0.5188 0.6150 -0.5939
vn -0.4810 0.6307 -0.6090
vn -0.4809 0.6307 -0.6090
vn -0.4422 0.6452 -0.6230
vn -0.4423 0.6451 -0.6230
vn -0.4028 0.6584 -0.6358
vn -0.4027 0.6585 -0.6358
vn -0.3624 0.6705 -0.6474
vn -0.3625 0.6704 -0.6474
vn -0.3214 0.6812 -0.6578
vn -0.2798 0.6906 -0.6669
vn -0.2377 0.6987 -0.6748
vn -0.1951 0.7055 -0.6813
vn -0.1521 0.7110 -0.6866
vn -0.1088 0.7151 -0.6905
vn -0.0654 0.7178 -0.6932
vn -0.0218 0.7192 -0.6945
vn 0.0218 0.7192 -0.6945
vn 0.0654 0.7178 -0.6932
vn 0.1088 0.7151 -0.6905
vn 0.1521 0.7110 -0.6866
vn 0.1951 0.7055 -0.6813
vn 0.2377 0.6987 -0.6748
vn 0.2798 0.6906 -0.6669
vn 0.3214 0.6812 -0.6578
vn 0.3215 0.6812 -0.6578
vn 0.3624 0.6704 -0.6475
vn 0.3625 0.6704 -0.6474
vn 0.4028 0.6584 -0.6358
vn 0.4027 0.6584 -0.6358
vn 0.4422 0.6452 -0.6230
vn 0.4423 0.6452 -0.6230
vn 0.4810 0.6307 -0.6090
vn 0.4809 0.6307 -0.6091
vn 0.5188 0.6149 -0.5939
vn 0.5188 0.6150 -0.5939
vn 0.5555 0.5981 -0.5776
vn 0.5913 0.5801 -0.5602
vn 0.5914 0.5801 -0.5602
vn 0.6260 0.5610 -0.5417
vn 0.6259 0.5610 -0.5418
vn 0.6593 0.5408 -0.5223
vn 0.6915 0.5196 -0.5018
vn 0.7224 0.4974 -0.4804
vn 0.7519 0.4743 -0.4580
vn 0.7518 0.4743 -0.4580
vn 0.7799 0.4503 -0.4348
vn 0.8064 0.4254 -0.4108
vn 0.8315 0.3996 -0.3859
vn 0.8315 0.3997 -0.3859
vn 0.8549 0.3732 -0.3604
vn 0.8549 0.3732 -0.3603
vn 0.8768 0.3460 -0.3341
vn 0.8767 0.3460 -0.3341
vn 0.8969 0.3182 -0.3073
vn 0.8968 0.3182 -0.3073
vn 0.9153 0.2897 -0.2798
vn 0.9320 0.2607 -0.2517
vn 0.9469 0.2313 -0.2233
vn 0.9600 0.2013 -0.1944
vn 0.9714 0.1710 -0.1651
vn 0.9713 0.1710 -0.1651
vn 0.9808 0.1403 -0.1355
vn 0.9884 0.1094 -0.1057
vn 0.9941 0.0783 -0.0756
vn 0.9979 0.0471 -0.0454
vn 0.9998 0.0157 -0.0151
vn 0.9998 -0.0157 0.0151
vn 0.9979 -0.0471 0.0454
vn 0.9941 -0.0783 0.0756
vn 0.9884 -0.1094 0.1057
vn 0.9808 -0.1403 0.1355
vn 0.9714 -0.1709 0.1651
vn 0.9713 -0.1710 0.1651
vn 0.9600 -0.2013 0.1944
vn 0.9469 -0.2313 0.2233
vn 0.9320 -0.2607 0.2517
vn 0.9153 -0.2897 0.2798
vn 0.8969 -0.3182 0.3072
vn 0.8968 -0.3182 0.3073
vn 0.8767 -0.3460 0.3341
vn 0.8768 -0.3460 0.3341
vn 0.8549 -0.3732 0.3604
vn 0.8315 -0.3996 0.3859
vn 0.8064 -0.4254 0.4108
vn 0.7799 -0.4503 0.4348
vn 0.7519 -0.4743 0.4580
vn 0.7224 -0.4974 0.4804
vn 0.6915 -0.5196 0.5018
vn 0.6593 -0.5408 0.5223
vn 0.6259 -0.5610 0.5418
vn 0.6260 -0.5610 0.5417
vn 0.5914 -0.5801 0.5602
vn 0.5913 -0.5801 0.5602
vn 0.5555 -0.5981 0.5776
vn 0.5188 -0.6150 0.5939
vn 0.4809 -0.6307 0.6090
vn 0.4810 -0.6307 0.6090
vn 0.4423 -0.6452 0.6230
vn 0.4422 -0.6452 0.6230
vn 0.4028 -0.6584 0.6358
vn 0.3624 -0.6704 0.6474
vn 0.3214 -0.6812 0.6578
vn 0.2799 -0.6906 0.6669
vn 0.2376 -0.6987 0.6748
vn 0.2377 -0.6987 0.6748
vn 0.1951 -0.7055 0.6813
vn 0.1521 -0.7110 0.6866
vn 0.1089 -0.7151 0.6905
vn 0.1088 -0.7151 0.6905
vn 0.0654 -0.7178 0.6932
vn 0.0219 -0.7192 0.6945
vn 0.0218 -0.7192 0.6945
vn 0.0000 0.6946 -0.7194
vn -0.0000 0.6947 -0.7193
vn -0.0000 0.6948 -0.7193
vn 0.0000 0.6945 -0.7195
vn 0.0000 0.6946 -0.7193
vn -0.0000 0.6948 -0.7192
vn -0.0001 0.6947 -0.7193
vn 0.0001 0.6946 -0.7194
vn 0.0001 0.6947 -0.7193
vn -0.0001 0.6946 -0.7193
vn 0.0002 0.6947 -0.7193
vn -0.0001 0.6946 -0.7194
vn -0.0002 0.6947 -0.7193
vn 0.0001 0.6946 -0.7193
vn 0.6945 -0.7192 0.0218
vn 0.6945 -0.7192 0.0219
vn 0.6932 -0.7178 0.0654
vn 0.6905 -0.7151 0.1088
vn 0.6905 -0.7151 0.1089
vn 0.6866 -0.7110 0.1521
vn 0.6813 -0.7055 0.1951
vn 0.6748 -0.6987 0.2377
vn 0.6748 -0.6987 0.2376
vn 0.6669 -0.6906 0.2799
vn 0.6578 -0.6812 0.3214
vn 0.6474 -0.6704 0.3624
vn 0.6358 -0.6584 0.4028
vn 0.6230 -0.6452 0.4422
vn 0.6230 -0.6451 0.4423
vn 0.6090 -0.6307 0.4810
vn 0.5939 -0.6150 0.5188
vn 0.5776 -0.5981 0.5555
vn 0.5602 -0.5801 0.5913
vn 0.5602 -0.5801 0.5914
vn 0.5417 -0.5610 0.6260
vn 0.5418 -0.5610 0.6259
vn 0.5223 -0.5409 0.6593
vn 0.5018 -0.5196 0.6915
vn 0.5223 -0.5408 0.6593
vn 0.4804 -0.4974 0.7224
vn 0.4580 -0.4743 0.7519
vn 0.4348 -0.4503 0.7799
vn 0.4108 -0.4254 0.8064
vn 0.3859 -0.3996 0.8315
vn 0.3604 -0.3732 0.8549
vn 0.3341 -0.3460 0.8767
vn 0.3341 -0.3459 0.8768
vn 0.3073 -0.3182 0.8969
vn 0.3073 -0.3182 0.8968
vn 0.2798 -0.2897 0.9153
vn 0.2517 -0.2607 0.9320
vn 0.2233 -0.2313 0.9469
vn 0.1944 -0.2013 0.9600
vn 0.1651 -0.1710 0.9713
vn 0.1651 -0.1709 0.9714
vn 0.1355 -0.1403 0.9808
vn 0.1057 -0.1094 0.9884
vn 0.0756 -0.0783 0.9941
vn 0.0454 -0.0471 0.9979
vn 0.0151 -0.0157 0.9998
vn -0.0151 0.0157 0.9998
vn -0.0454 0.0471 0.9979
vn -0.0756 0.0783 0.9941
vn -0.1057 0.1094 0.9884
vn -0.1355 0.1403 0.9808
vn -0.1651 0.1710 0.9713
vn -0.1944 0.2013 0.9600
vn -0.1651 0.1709 0.9714
vn -0.2233 0.2313 0.9469
vn -0.2517 0.2607 0.9320
vn -0.2798 0.2897 0.9153
vn -0.3073 0.3182 0.8968
vn -0.3341 0.3460 0.8767
vn -0.3073 0.3182 0.8969
vn -0.3341 0.3460 0.8768
vn -0.3604 0.3731 0.8549
vn -0.3604 0.3732 0.8549
vn -0.3859 0.3997 0.8315
vn -0.3859 0.3996 0.8315
vn -0.4108 0.4254 0.8064
vn -0.4348 0.4503 0.7799
vn -0.4580 0.4743 0.7518
vn -0.4580 0.4743 0.7519
vn -0.4804 0.4974 0.7224
vn -0.4803 0.4974 0.7224
vn -0.5018 0.5196 0.6915
vn -0.5223 0.5408 0.6593
vn -0.5417 0.5610 0.6260
vn -0.5417 0.5610 0.6259
vn -0.5602 0.5801 0.5914
vn -0.5602 0.5801 0.5913
vn -0.5776 0.5981 0.5555
vn -0.5939 0.6150 0.5188
vn -0.6090 0.6307 0.4810
vn -0.6090 0.6307 0.4809
vn -0.6230 0.6452 0.4423
vn -0.6230 0.6451 0.4423
vn -0.6358 0.6584 0.4028
vn -0.6358 0.6585 0.4027
vn -0.6474 0.6705 0.3624
vn -0.6474 0.6704 0.3625
vn -0.6578 0.6812 0.3214
vn -0.6578 0.6812 0.3215
vn -0.6669 0.6906 0.2798
vn -0.6748 0.6987 0.2377
vn -0.6813 0.7055 0.1951
vn -0.6866 0.7110 0.1521
vn -0.6905 0.7151 0.1088
vn -0.6932 0.7178 0.0654
vn -0.6945 0.7192 0.0218
vn -0.6945 0.7192 -0.0218
vn -0.6932 0.7178 -0.0654
vn -0.6905 0.7151 -0.1088
vn -0.6866 0.7110 -0.1521
vn -0.6813 0.7055 -0.1951
vn -0.6748 0.6987 -0.2377
vn -0.6669 0.6906 -0.2798
vn -0.6578 0.6812 -0.3214
vn -0.6474 0.6704 -0.3624
vn -0.6474 0.6704 -0.3625
vn -0.6358 0.6584 -0.4028
vn -0.6358 0.6584 -0.4027
vn -0.6230 0.6452 -0.4422
vn -0.6230 0.6452 -0.4423
vn -0.6090 0.6307 -0.4810
vn -0.6091 0.6307 -0.4809
vn -0.5939 0.6150 -0.5188
vn -0.5776 0.5981 -0.5555
vn -0.5602 0.5801 -0.5913
vn -0.5602 0.5801 -0.5914
vn -0.5417 0.5610 -0.6260
vn -0.5418 0.5610 -0.6259
vn -0.5223 0.5408 -0.6593
vn -0.5018 0.5196 -0.6915
vn -0.4804 0.4974 -0.7224
vn -0.4580 0.4743 -0.7519
vn -0.4580 0.4743 -0.7518
vn -0.4348 0.4503 -0.7799
vn -0.4108 0.4254 -0.8064
vn -0.3859 0.3996 -0.8315
vn -0.3859 0.3997 -0.8315
vn -0.3604 0.3732 -0.8549
vn -0.3603 0.3732 -0.8549
vn -0.3341 0.3460 -0.8768
vn -0.3341 0.3460 -0.8767
vn -0.3073 0.3182 -0.8969
vn -0.3073 0.3182 -0.8968
vn -0.2798 0.2897 -0.9153
vn -0.2517 0.2607 -0.9320
vn -0.2233 0.2313 -0.9469
vn -0.1944 0.2013 -0.9600
vn -0.1651 0.1710 -0.9714
vn -0.1651 0.1710 -0.9713
vn -0.1355 0.1403 -0.9808
vn -0.1057 0.1094 -0.9884
vn -0.0756 0.0783 -0.9941
vn -0.0454 0.0471 -0.9979
vn -0.0151 0.0157 -0.9998
vn 0.0151 -0.0157 -0.9998
vn 0.0454 -0.0471 -0.9979
vn 0.0756 -0.0783 -0.9941
vn 0.1057 -0.1094 -0.9884
vn 0.1355 -0.1403 -0.9808
vn 0.1651 -0.1710 -0.9714
vn 0.1651 -0.1710 -0.9713
vn 0.1944 -0.2013 -0.9600
vn 0.2233 -0.2313 -0.9469
vn 0.2517 -0.2607 -0.9320
vn 0.2798 -0.2897 -0.9153
vn 0.3072 -0.3182 -0.8969
vn 0.3073 -0.3182 -0.8968
vn 0.3341 -0.3460 -0.8767
vn 0.3341 -0.3460 -0.8768
vn 0.3604 -0.3732 -0.8549
vn 0.3859 -0.3996 -0.8315
vn 0.4108 -0.4254 -0.8064
vn 0.4348 -0.4503 -0.7799
vn 0.4580 -0.4743 -0.7519
vn 0.4804 -0.4974 -0.7224
vn 0.5018 -0.5196 -0.6915
vn 0.5223 -0.5408 -0.6593
vn 0.5418 -0.5610 -0.6259
vn 0.5417 -0.5610 -0.6259
vn 0.5602 -0.5801 -0.5914
vn 0.5602 -0.5801 -0.5913
vn 0.5776 -0.5981 -0.5555
vn 0.5939 -0.6150 -0.5188
vn 0.6090 -0.6307 -0.4809
vn 0.6090 -0.6307 -0.4810
vn 0.6230 -0.6452 -0.4423
vn 0.6230 -0.6452 -0.4422
vn 0.6358 -0.6584 -0.4028
vn 0.6474 -0.6704 -0.3624
vn 0.6578 -0.6812 -0.3214
vn 0.6669 -0.6906 -0.2799
vn 0.6748 -0.6987 -0.2377
vn 0.6748 -0.6987 -0.2376
vn 0.6813 -0.7055 -0.1951
vn 0.6866 -0.7110 -0.1521
vn 0.6905 -0.7151 -0.1089
vn 0.6905 -0.7151 -0.1088
vn 0.6932 -0.7178 -0.0654
vn 0.6945 -0.7192 -0.0219
vn 0.6945 -0.7192 -0.0218
vn -0.6945 -0.7192 -0.0218
vn -0.6945 -0.7192 -0.0219
vn -0.6932 -0.7178 -0.0654
vn -0.6905 -0.7151 -0.1088
vn -0.6905 -0.7151 -0.1089
vn -0.6866 -0.7110 -0.1521
vn -0.6813 -0.7055 -0.1951
vn -0.6748 -0.6987 -0.2377
vn -0.6748 -0.6987 -0.2376
vn -0.6669 -0.6906 -0.2799
vn -0.6578 -0.6812 -0.3214
vn -0.6474 -0.6704 -0.3624
vn -0.6358 -0.6584 -0.4028
vn -0.6230 -0.6452 -0.4422
vn -0.6230 -0.6452 -0.4423
vn -0.6090 -0.6307 -0.4810
vn -0.6090 -0.6307 -0.4809
vn -0.5939 -0.6150 -0.5188
vn -0.5776 -0.5981 -0.5555
vn -0.5602 -0.5801 -0.5913
vn -0.5602 -0.5801 -0.5914
vn -0.5417 -0.5610 -0.6260
vn -0.5223 -0.5408 -0.6593
vn -0.5418 -0.5610 -0.6259
vn -0.5018 -0.5196 -0.6915
vn -0.4804 -0.4974 -0.7224
vn -0.4580 -0.4743 -0.7519
vn -0.4348 -0.4503 -0.7799
vn -0.4108 -0.4254 -0.8064
vn -0.3859 -0.3996 -0.8315
vn -0.3604 -0.3732 -0.8549
vn -0.3341 -0.3460 -0.8767
vn -0.3341 -0.3460 -0.8768
vn -0.3073 -0.3182 -0.8969
vn -0.2798 -0.2897 -0.9153
vn -0.3073 -0.3182 -0.8968
vn -0.2517 -0.2607 -0.9320
vn -0.2233 -0.2313 -0.9469
vn -0.1944 -0.2013 -0.9600
vn -0.1651 -0.1710 -0.9714
vn -0.1651 -0.1710 -0.9713
vn -0.1355 -0.1403 -0.9808
vn -0.1057 -0.1094 -0.9884
vn -0.0756 -0.0783 -0.9941
vn -0.0454 -0.0471 -0.9979
vn -0.0151 -0.0157 -0.9998
vn 0.0151 0.0157 -0.9998
vn 0.0454 0.0471 -0.9979
vn 0.0756 0.0783 -0.9941
vn 0.1057 0.1094 -0.9884
vn 0.1355 0.1403 -0.9808
vn 0.1651 0.1710 -0.9713
vn 0.1651 0.1709 -0.9714
vn 0.1944 0.2013 -0.9600
vn 0.2233 0.2313 -0.9469
vn 0.2517 0.2607 -0.9320
vn 0.2798 0.2897 -0.9153
vn 0.3073 0.3182 -0.8968
vn 0.3073 0.3182 -0.8969
vn 0.3341 0.3460 -0.8767
vn 0.3341 0.3460 -0.8768
vn 0.3604 0.3731 -0.8549
vn 0.3604 0.3732 -0.8549
vn 0.3859 0.3997 -0.8315
vn 0.4108 0.4254 -0.8064
vn 0.3859 0.3996 -0.8315
vn 0.4348 0.4503 -0.7799
vn 0.4580 0.4743 -0.7518
vn 0.4580 0.4743 -0.7519
vn 0.4804 0.4974 -0.7224
vn 0.4803 0.4974 -0.7224
vn 0.5018 0.5196 -0.6915
vn 0.5223 0.5408 -0.6593
vn 0.5417 0.5610 -0.6260
vn 0.5417 0.5610 -0.6259
vn 0.5602 0.5801 -0.5913
vn 0.5602 0.5801 -0.5914
vn 0.5776 0.5981 -0.5555
vn 0.5939 0.6150 -0.5188
vn 0.6090 0.6307 -0.4810
vn 0.6090 0.6307 -0.4809
vn 0.6230 0.6452 -0.4423
vn 0.6230 0.6451 -0.4423
vn 0.6358 0.6584 -0.4028
vn 0.6358 0.6585 -0.4027
vn 0.6474 0.6705 -0.3624
vn 0.6474 0.6704 -0.3625
vn 0.6578 0.6812 -0.3214
vn 0.6578 0.6812 -0.3215
vn 0.6669 0.6906 -0.2798
vn 0.6748 0.6987 -0.2377
vn 0.6813 0.7055 -0.1951
vn 0.6866 0.7110 -0.1521
vn 0.6905 0.7151 -0.1088
vn 0.6932 0.7178 -0.0654
vn 0.6945 0.7192 -0.0218
vn 0.6945 0.7192 0.0218
vn 0.6932 0.7178 0.0654
vn 0.6905 0.7151 0.1088
vn 0.6866 0.7110 0.1521
vn 0.6813 0.7055 0.1951
vn 0.6748 0.6987 0.2377
vn 0.6669 0.6906 0.2798
vn 0.6578 0.6812 0.3214
vn 0.6474 0.6704 0.3624
vn 0.6474 0.6704 0.3625
vn 0.6358 0.6584 0.4028
vn 0.6358 0.6584 0.4027
vn 0.6230 0.6452 0.4422
vn 0.6230 0.6452 0.4423
vn 0.6090 0.6307 0.4810
vn 0.6091 0.6307 0.4809
vn 0.5939 0.6150 0.5188
vn 0.5776 0.5981 0.5555
vn 0.5602 0.5801 0.5913
vn 0.5602 0.5801 0.5914
vn 0.5417 0.5610 0.6260
vn 0.5418 0.5610 0.6259
vn 0.5223 0.5408 0.6593
vn 0.5018 0.5196 0.6915
vn 0.4803 0.4974 0.7224
vn 0.4580 0.4743 0.7519
vn 0.4580 0.4743 0.7518
vn 0.4348 0.4503 0.7799
vn 0.4108 0.4254 0.8064
vn 0.3859 0.3996 0.8315
vn 0.3859 0.3997 0.8315
vn 0.3604 0.3732 0.8549
vn 0.3603 0.3732 0.8549
vn 0.3341 0.3460 0.8768
vn 0.3341 0.3460 0.8767
vn 0.3073 0.3182 0.8969
vn 0.3073 0.3182 0.8968
vn 0.2798 0.2897 0.9153
vn 0.2517 0.2607 0.9320
vn 0.2233 0.2313 0.9469
vn 0.1944 0.2013 0.9600
vn 0.1651 0.1710 0.9714
vn 0.1651 0.1710 0.9713
vn 0.1355 0.1403 0.9808
vn 0.1057 0.1094 0.9884
vn 0.0756 0.0783 0.9941
vn 0.0454 0.0471 0.9979
vn 0.0151 0.0157 0.9998
vn -0.0151 -0.0157 0.9998
vn -0.0454 -0.0471 0.9979
vn -0.0756 -0.0783 0.9941
vn -0.1057 -0.1094 0.9884
vn -0.1355 -0.1403 0.9808
vn -0.1651 -0.1710 0.9714
vn -0.1651 -0.1710 0.9713
vn -0.1944 -0.2013 0.9600
vn -0.2233 -0.2313 0.9469
vn -0.2517 -0.2607 0.9320
vn -0.2798 -0.2897 0.9153
vn -0.3072 -0.3182 0.8969
vn -0.3073 -0.3182 0.8968
vn -0.3341 -0.3460 0.8767
vn -0.3341 -0.3460 0.8768
vn -0.3604 -0.3732 0.8549
vn -0.3859 -0.3996 0.8315
vn -0.4108 -0.4254 0.8064
vn -0.4348 -0.4503 0.7799
vn -0.4580 -0.4743 0.7519
vn -0.4804 -0.4974 0.7224
vn -0.5018 -0.5196 0.6915
vn -0.5223 -0.5408 0.6593
vn -0.5418 -0.5610 0.6259
vn -0.5417 -0.5610 0.6259
vn -0.5602 -0.5801 0.5914
vn -0.5602 -0.5801 0.5913
vn -0.5776 -0.5981 0.5555
vn -0.5939 -0.6150 0.5188
vn -0.6090 -0.6307 0.4809
vn -0.6090 -0.6307 0.4810
vn -0.6230 -0.6452 0.4423
vn -0.6230 -0.6452 0.4422
vn -0.6358 -0.6584 0.4028
vn -0.6474 -0.6704 0.3624
vn -0.6578 -0.6812 0.3214
vn -0.6669 -0.6906 0.2799
vn -0.6748 -0.6987 0.2377
vn -0.6748 -0.6987 0.2376
vn -0.6813 -0.7055 0.1951
vn -0.6866 -0.7110 0.1521
vn -0.6905 -0.7151 0.1089
vn -0.6905 -0.7151 0.1088
vn -0.6932 -0.7178 0.0654
vn -0.6945 -0.7192 0.0219
vn -0.6945 -0.7192 0.0218
vn 0.9998 0.0000 -0.0218
vn 0.9979 0.0000 -0.0654
vn 0.9941 0.0000 -0.1088
vn 0.9884 0.0000 -0.1522
vn 0.9808 0.0000 -0.1951
vn 0.9713 0.0000 -0.2377
vn 0.9601 0.0000 -0.2798
vn 0.9469 0.0000 -0.3214
vn 0.9320 0.0000 -0.3624
vn 0.9153 0.0000 -0.4028
vn 0.8969 0.0000 -0.4423
vn 0.8767 0.0000 -0.4810
vn 0.8549 0.0000 -0.5187
vn 0.8315 0.0000 -0.5556
vn 0.8065 0.0000 -0.5913
vn 0.7798 0.0000 -0.6260
vn 0.7519 0.0000 -0.6593
vn 0.7224 0.0000 -0.6915
vn 0.6915 0.0000 -0.7224
vn 0.6593 0.0000 -0.7519
vn 0.6260 0.0000 -0.7798
vn 0.5913 0.0000 -0.8065
vn 0.5556 0.0000 -0.8315
vn 0.5187 0.0000 -0.8549
vn 0.4810 0.0000 -0.8767
vn 0.4423 0.0000 -0.8969
vn 0.4028 0.0000 -0.9153
vn 0.3624 0.0000 -0.9320
vn 0.3214 0.0000 -0.9469
vn 0.2798 0.0000 -0.9601
vn 0.2377 0.0000 -0.9713
vn 0.1951 0.0000 -0.9808
vn 0.1522 0.0000 -0.9884
vn 0.1088 0.0000 -0.9941
vn 0.0654 0.0000 -0.9979
vn 0.0218 0.0000 -0.9998
vn -0.0218 0.0000 -0.9998
vn -0.0654 0.0000 -0.9979
vn -0.1088 0.0000 -0.9941
vn -0.1522 0.0000 -0.9884
vn -0.1951 0.0000 -0.9808
vn -0.2377 0.0000 -0.9713
vn -0.2798 0.0000 -0.9601
vn -0.3214 0.0000 -0.9469
vn -0.3624 0.0000 -0.9320
vn -0.4028 0.0000 -0.9153
vn -0.4423 0.0000 -0.8969
vn -0.4810 0.0000 -0.8767
vn -0.5187 0.0000 -0.8549
vn -0.5556 0.0000 -0.8315
vn -0.5913 0.0000 -0.8065
vn -0.6260 0.0000 -0.7798
vn -0.6593 0.0000 -0.7519
vn -0.6915 0.0000 -0.7224
vn -0.7224 0.0000 -0.6915
vn -0.7519 0.0000 -0.6593
vn -0.7798 0.0000 -0.6260
vn -0.8065 0.0000 -0.5913
vn -0.8315 0.0000 -0.5556
vn -0.8549 0.0000 -0.5187
vn -0.8767 0.0000 -0.4810
vn -0.8969 0.0000 -0.4423
vn -0.9153 0.0000 -0.4028
vn -0.9320 0.0000 -0.3624
vn -0.9469 0.0000 -0.3214
vn -0.9601 0.0000 -0.2798
vn -0.9713 0.0000 -0.2377
vn -0.9808 0.0000 -0.1951
vn -0.9884 0.0000 -0.1522
vn -0.9941 -0.0000 -0.1088
vn -0.9979 -0.0000 -0.0654
vn -0.9998 0.0000 -0.0218
vn -0.9998 0.0000 0.0218
vn -0.9979 -0.0000 0.0654
vn -0.9941 0.0000 0.1088
vn -0.9884 0.0000 0.1522
vn -0.9808 0.0000 0.1951
vn -0.9713 0.0000 0.2377
vn -0.9601 0.0000 0.2798
vn -0.9469 0.0000 0.3214
vn -0.9320 0.0000 0.3624
vn -0.9153 0.0000 0.4028
vn -0.8969 0.0000 0.4423
vn -0.8767 0.0000 0.4810
vn -0.8549 0.0000 0.5187
vn -0.8315 0.0000 0.5556
vn -0.8065 0.0000 0.5913
vn -0.7798 0.0000 0.6260
vn -0.7519 0.0000 0.6593
vn -0.7224 0.0000 0.6915
vn -0.6915 0.0000 0.7224
vn -0.6593 0.0000 0.7519
vn -0.6260 0.0000 0.7798
vn -0.5913 0.0000 0.8065
vn -0.5556 0.0000 0.8315
vn -0.5187 0.0000 0.8549
vn -0.4810 0.0000 0.8767
vn -0.4423 0.0000 0.8969
vn -0.4028 0.0000 0.9153
vn -0.3624 0.0000 0.9320
vn -0.3214 0.0000 0.9469
vn -0.2798 0.0000 0.9601
vn -0.2377 0.0000 0.9713
vn -0.1951 0.0000 0.9808
vn -0.1522 0.0000 0.9884
vn -0.1088 0.0000 0.9941
vn -0.0654 0.0000 0.9979
vn -0.0218 0.0000 0.9998
vn 0.0218 0.0000 0.9998
vn 0.0654 0.0000 0.9979
vn 0.1088 0.0000 0.9941
vn 0.1522 0.0000 0.9884
vn 0.1951 0.0000 0.9808
vn 0.2377 0.0000 0.9713
vn 0.2798 0.0000 0.9601
vn 0.3214 0.0000 0.9469
vn 0.3624 0.0000 0.9320
vn 0.4028 0.0000 0.9153
vn 0.4423 0.0000 0.8969
vn 0.4810 0.0000 0.8767
vn 0.5187 0.0000 0.8549
vn 0.5556 0.0000 0.8315
vn 0.5913 0.0000 0.8065
vn 0.6260 0.0000 0.7798
vn 0.6593 0.0000 0.7519
vn 0.6915 0.0000 0.7224
vn 0.7224 0.0000 0.6915
vn 0.7519 0.0000 0.6593
vn 0.7798 0.0000 0.6260
vn 0.8065 0.0000 0.5913
vn 0.8315 0.0000 0.5556
vn 0.8549 0.0000 0.5187
vn 0.8767 0.0000 0.4810
vn 0.8969 0.0000 0.4423
vn 0.9153 0.0000 0.4028
vn 0.9320 0.0000 0.3624
vn 0.9469 0.0000 0.3214
vn 0.9601 0.0000 0.2798
vn 0.9713 0.0000 0.2377
vn 0.9808 0.0000 0.1951
vn 0.9884 0.0000 0.1522
vn 0.9941 -0.0000 0.1088
vn 0.9979 0.0000 0.0654
vn 0.9998 0.0000 0.0218
vn 0.0218 -0.7192 -0.6945
vn 0.0219 -0.7192 -0.6945
vn 0.0654 -0.7178 -0.6932
vn 0.1088 -0.7151 -0.6905
vn 0.1089 -0.7151 -0.6905
vn 0.1521 -0.7110 -0.6866
vn 0.1951 -0.7055 -0.6813
vn 0.2377 -0.6987 -0.6748
vn 0.2799 -0.6906 -0.6669
vn 0.3214 -0.6812 -0.6578
vn 0.3215 -0.6812 -0.6578
vn 0.3624 -0.6704 -0.6474
vn 0.4028 -0.6584 -0.6358
vn 0.4422 -0.6452 -0.6230
vn 0.4423 -0.6452 -0.6230
vn 0.4810 -0.6307 -0.6090
vn 0.5188 -0.6150 -0.5939
vn 0.5555 -0.5981 -0.5776
vn 0.5913 -0.5801 -0.5602
vn 0.5914 -0.5801 -0.5602
vn 0.6259 -0.5610 -0.5417
vn 0.6593 -0.5408 -0.5223
vn 0.6915 -0.5196 -0.5018
vn 0.7224 -0.4974 -0.4804
vn 0.7519 -0.4743 -0.4580
vn 0.7799 -0.4503 -0.4348
vn 0.8064 -0.4254 -0.4108
vn 0.8315 -0.3996 -0.3859
vn 0.8549 -0.3732 -0.3604
vn 0.8767 -0.3460 -0.3341
vn 0.8768 -0.3460 -0.3341
vn 0.8969 -0.3182 -0.3073
vn 0.9153 -0.2897 -0.2798
vn 0.8968 -0.3182 -0.3073
vn 0.9320 -0.2607 -0.2517
vn 0.9469 -0.2313 -0.2233
vn 0.9600 -0.2013 -0.1944
vn 0.9714 -0.1709 -0.1651
vn 0.9713 -0.1710 -0.1651
vn 0.9808 -0.1403 -0.1355
vn 0.9884 -0.1094 -0.1057
vn 0.9941 -0.0783 -0.0756
vn 0.9979 -0.0471 -0.0454
vn 0.9998 -0.0157 -0.0151
vn 0.9998 0.0157 0.0151
vn 0.9979 0.0471 0.0454
vn 0.9979 0.0470 0.0454
vn 0.9941 0.0783 0.0756
vn 0.9884 0.1094 0.1057
vn 0.9808 0.1403 0.1355
vn 0.9713 0.1710 0.1651
vn 0.9714 0.1709 0.1651
vn 0.9600 0.2013 0.1944
vn 0.9469 0.2313 0.2233
vn 0.9320 0.2607 0.2517
vn 0.9153 0.2897 0.2798
vn 0.8968 0.3182 0.3073
vn 0.8969 0.3182 0.3073
vn 0.8767 0.3460 0.3341
vn 0.8768 0.3460 0.3341
vn 0.8549 0.3731 0.3604
vn 0.8549 0.3732 0.3604
vn 0.8315 0.3997 0.3859
vn 0.8064 0.4254 0.4108
vn 0.8315 0.3996 0.3859
vn 0.7799 0.4503 0.4348
vn 0.7518 0.4743 0.4580
vn 0.7519 0.4743 0.4580
vn 0.7224 0.4974 0.4804
vn 0.6915 0.5196 0.5018
vn 0.6593 0.5408 0.5223
vn 0.6260 0.5610 0.5417
vn 0.6259 0.5610 0.5417
vn 0.5913 0.5801 0.5602
vn 0.5914 0.5801 0.5602
vn 0.5555 0.5981 0.5776
vn 0.5188 0.6150 0.5939
vn 0.4810 0.6307 0.6090
vn 0.4809 0.6307 0.6090
vn 0.4422 0.6452 0.6230
vn 0.4423 0.6451 0.6230
vn 0.4028 0.6584 0.6358
vn 0.4027 0.6585 0.6358
vn 0.3624 0.6705 0.6474
vn 0.3625 0.6704 0.6474
vn 0.3214 0.6812 0.6578
vn 0.2798 0.6906 0.6669
vn 0.2377 0.6987 0.6748
vn 0.1951 0.7055 0.6813
vn 0.1521 0.7110 0.6866
vn 0.1088 0.7151 0.6905
vn 0.0654 0.7178 0.6932
vn 0.0218 0.7192 0.6945
vn -0.0218 0.7192 0.6945
vn -0.0654 0.7178 0.6932
vn -0.1088 0.7151 0.6905
vn -0.1521 0.7110 0.6866
vn -0.1951 0.7055 0.6813
vn -0.2377 0.6987 0.6748
vn -0.2798 0.6906 0.6669
vn -0.3214 0.6812 0.6578
vn -0.3215 0.6812 0.6578
vn -0.3624 0.6704 0.6475
vn -0.3625 0.6704 0.6474
vn -0.4028 0.6584 0.6358
vn -0.4027 0.6584 0.6358
vn -0.4422 0.6452 0.6230
vn -0.4423 0.6452 0.6230
vn -0.4810 0.6307 0.6090
vn -0.4809 0.6307 0.6091
vn -0.5188 0.6150 0.5939
vn -0.5555 0.5981 0.5776
vn -0.5913 0.5801 0.5602
vn -0.5914 0.5801 0.5602
vn -0.6260 0.5610 0.5417
vn -0.6259 0.5610 0.5418
vn -0.6593 0.5408 0.5223
vn -0.6915 0.5196 0.5018
vn -0.7224 0.4974 0.4804
vn -0.7519 0.4743 0.4580
vn -0.7518 0.4743 0.4580
vn -0.7799 0.4503 0.4348
vn -0.8064 0.4254 0.4108
vn -0.8315 0.3996 0.3859
vn -0.8315 0.3997 0.3859
vn -0.8549 0.3732 0.3604
vn -0.8549 0.3732 0.3603
vn -0.8768 0.3460 0.3341
vn -0.8767 0.3460 0.3341
vn -0.8969 0.3182 0.3073
vn -0.8968 0.3182 0.3073
vn -0.9153 0.2897 0.2798
vn -0.9320 0.2607 0.2517
vn -0.9469 0.2313 0.2233
vn -0.9600 0.2013 0.1944
vn -0.9714 0.1709 0.1651
vn -0.9713 0.1710 0.1651
vn -0.9808 0.1403 0.1355
vn -0.9884 0.1094 0.1057
vn -0.9941 0.0783 0.0756
vn -0.9979 0.0471 0.0454
vn -0.9998 0.0157 0.0151
vn -0.9998 -0.0157 -0.0151
vn -0.9979 -0.0471 -0.0454
vn -0.9941 -0.0783 -0.0756
vn -0.9884 -0.1094 -0.1057
vn -0.9808 -0.1403 -0.1355
vn -0.9714 -0.1709 -0.1651
vn -0.9713 -0.1710 -0.1651
vn -0.9600 -0.2013 -0.1944
vn -0.9469 -0.2313 -0.2233
vn -0.9320 -0.2607 -0.2517
vn -0.9153 -0.2897 -0.2798
vn -0.8969 -0.3182 -0.3072
vn -0.8968 -0.3182 -0.3073
vn -0.8767 -0.3460 -0.3341
vn -0.8768 -0.3460 -0.3341
vn -0.8549 -0.3732 -0.3604
vn -0.8315 -0.3996 -0.3859
vn -0.8064 -0.4254 -0.4108
vn -0.7799 -0.4503 -0.4348
vn -0.7519 -0.4743 -0.4580
vn -0.7224 -0.4974 -0.4804
vn -0.6915 -0.5196 -0.5018
vn -0.6593 -0.5408 -0.5223
vn -0.6259 -0.5610 -0.5418
vn -0.6260 -0.5610 -0.5417
vn -0.5914 -0.5801 -0.5602
vn -0.5913 -0.5801 -0.5602
vn -0.5555 -0.5981 -0.5776
vn -0.5188 -0.6150 -0.5939
vn -0.4810 -0.6307 -0.6090
vn -0.4423 -0.6452 -0.6230
vn -0.4422 -0.6452 -0.6230
vn -0.4028 -0.6584 -0.6358
vn -0.3624 -0.6704 -0.6474
vn -0.3214 -0.6812 -0.6578
vn -0.2799 -0.6906 -0.6669
vn -0.2377 -0.6987 -0.6748
vn -0.1951 -0.7055 -0.6813
vn -0.1521 -0.7110 -0.6866
vn -0.1089 -0.7151 -0.6905
vn -0.1088 -0.7151 -0.6905
vn -0.0654 -0.7178 -0.6932
vn -0.0219 -0.7192 -0.6945
vn -0.0218 -0.7192 -0.6945
vn 0.7193 0.6946 -0.0001
vn -0.7193 0.6946 0.0001
vn 0.0214 0.7192 -0.6945
vn 0.0219 0.7191 -0.6946
vn 0.0643 0.7179 -0.6931
vn 0.0654 0.7176 -0.6934
vn 0.1069 0.7154 -0.6905
vn 0.1089 0.7148 -0.6908
vn 0.1494 0.7116 -0.6866
vn 0.1521 0.7106 -0.6870
vn 0.1917 0.7064 -0.6814
vn 0.1951 0.7050 -0.6818
vn 0.2335 0.6999 -0.6750
vn 0.2377 0.6981 -0.6753
vn 0.2750 0.6921 -0.6673
vn 0.2798 0.6900 -0.6676
vn 0.3159 0.6831 -0.6584
vn 0.3215 0.6804 -0.6585
vn 0.3562 0.6728 -0.6484
vn 0.3624 0.6696 -0.6483
vn 0.3960 0.6613 -0.6371
vn 0.4028 0.6575 -0.6367
vn 0.4350 0.6485 -0.6246
vn 0.4423 0.6442 -0.6240
vn 0.4732 0.6346 -0.6110
vn 0.4810 0.6297 -0.6101
vn 0.5187 0.6139 -0.5950
vn 0.5105 0.6195 -0.5963
vn 0.5556 0.5970 -0.5787
vn 0.5468 0.6033 -0.5805
vn 0.5913 0.5790 -0.5614
vn 0.5822 0.5859 -0.5637
vn 0.6259 0.5598 -0.5430
vn 0.6165 0.5675 -0.5458
vn 0.6593 0.5396 -0.5236
vn 0.6497 0.5480 -0.5269
vn 0.6915 0.5183 -0.5031
vn 0.6817 0.5275 -0.5070
vn 0.7224 0.4961 -0.4817
vn 0.7123 0.5061 -0.4862
vn 0.7519 0.4729 -0.4594
vn 0.7418 0.4837 -0.4645
vn 0.7799 0.4489 -0.4362
vn 0.7699 0.4604 -0.4420
vn 0.8064 0.4240 -0.4122
vn 0.7965 0.4363 -0.4186
vn 0.8315 0.3982 -0.3874
vn 0.8216 0.4114 -0.3945
vn 0.8549 0.3717 -0.3619
vn 0.8454 0.3857 -0.3697
vn 0.8767 0.3445 -0.3356
vn 0.8674 0.3593 -0.3442
vn 0.8879 0.3323 -0.3180
vn 0.8969 0.3167 -0.3088
vn 0.9069 0.3046 -0.2913
vn 0.9153 0.2882 -0.2813
vn 0.9241 0.2764 -0.2640
vn 0.9320 0.2592 -0.2533
vn 0.9396 0.2476 -0.2363
vn 0.9469 0.2298 -0.2248
vn 0.9534 0.2184 -0.2081
vn 0.9601 0.1998 -0.1959
vn 0.9655 0.1889 -0.1795
vn 0.9713 0.1695 -0.1667
vn 0.9757 0.1589 -0.1506
vn 0.9808 0.1389 -0.1370
vn 0.9842 0.1287 -0.1215
vn 0.9884 0.1080 -0.1072
vn 0.9909 0.0982 -0.0921
vn 0.9941 0.0769 -0.0771
vn 0.9958 0.0676 -0.0625
vn 0.9979 0.0457 -0.0469
vn 0.9988 0.0368 -0.0328
vn 0.9998 0.0143 -0.0166
vn 0.9998 0.0126 -0.0137
vn 1.0000 0.0003 0.0003
vn 0.9998 -0.0142 0.0121
vn 0.9998 -0.0170 0.0137
vn 0.9988 -0.0343 0.0358
vn 0.9979 -0.0484 0.0440
vn 0.9957 -0.0654 0.0659
vn 0.9941 -0.0796 0.0742
vn 0.9907 -0.0963 0.0958
vn 0.9884 -0.1109 0.1043
vn 0.9839 -0.1272 0.1256
vn 0.9808 -0.1417 0.1340
vn 0.9752 -0.1578 0.1551
vn 0.9713 -0.1724 0.1637
vn 0.9647 -0.1880 0.1844
vn 0.9601 -0.2027 0.1929
vn 0.9524 -0.2179 0.2132
vn 0.9469 -0.2327 0.2218
vn 0.9320 -0.2621 0.2502
vn 0.9383 -0.2474 0.2417
vn 0.9153 -0.2912 0.2783
vn 0.9224 -0.2764 0.2698
vn 0.9048 -0.3049 0.2973
vn 0.8969 -0.3196 0.3057
vn 0.8767 -0.3474 0.3326
vn 0.8855 -0.3329 0.3243
vn 0.8549 -0.3746 0.3589
vn 0.8645 -0.3602 0.3507
vn 0.8418 -0.3868 0.3764
vn 0.8315 -0.4011 0.3844
vn 0.8177 -0.4126 0.4014
vn 0.8064 -0.4268 0.4092
vn 0.7919 -0.4378 0.4257
vn 0.7799 -0.4517 0.4333
vn 0.7647 -0.4621 0.4491
vn 0.7518 -0.4758 0.4565
vn 0.7360 -0.4855 0.4718
vn 0.7224 -0.4989 0.4788
vn 0.7060 -0.5079 0.4935
vn 0.6915 -0.5211 0.5003
vn 0.6746 -0.5295 0.5143
vn 0.6593 -0.5423 0.5207
vn 0.6420 -0.5501 0.5341
vn 0.6259 -0.5625 0.5402
vn 0.6081 -0.5696 0.5530
vn 0.5913 -0.5816 0.5587
vn 0.5732 -0.5880 0.5708
vn 0.5556 -0.5996 0.5761
vn 0.5370 -0.6053 0.5875
vn 0.5188 -0.6164 0.5923
vn 0.5000 -0.6215 0.6031
vn 0.4809 -0.6322 0.6075
vn 0.4620 -0.6365 0.6176
vn 0.4423 -0.6466 0.6215
vn 0.4231 -0.6503 0.6309
vn 0.4027 -0.6599 0.6343
vn 0.3624 -0.6719 0.6459
vn 0.3833 -0.6629 0.6431
vn 0.3214 -0.6827 0.6563
vn 0.3430 -0.6742 0.6540
vn 0.2798 -0.6921 0.6654
vn 0.3019 -0.6843 0.6637
vn 0.2377 -0.7002 0.6732
vn 0.2603 -0.6931 0.6722
vn 0.1951 -0.7070 0.6798
vn 0.2182 -0.7006 0.6794
vn 0.1521 -0.7124 0.6851
vn 0.1757 -0.7067 0.6854
vn 0.1088 -0.7165 0.6890
vn 0.1329 -0.7115 0.6900
vn 0.0654 -0.7193 0.6917
vn 0.0897 -0.7150 0.6933
vn 0.0218 -0.7206 0.6930
vn 0.0464 -0.7171 0.6954
vn -0.0218 -0.7206 0.6930
vn 0.0031 -0.7179 0.6961
vn -0.0654 -0.7192 0.6917
vn -0.0403 -0.7173 0.6956
vn -0.1088 -0.7165 0.6890
vn -0.0835 -0.7154 0.6937
vn -0.1267 -0.7121 0.6905
vn -0.1522 -0.7124 0.6851
vn -0.1696 -0.7075 0.6861
vn -0.1951 -0.7069 0.6798
vn -0.2122 -0.7016 0.6803
vn -0.2377 -0.7001 0.6733
vn -0.2798 -0.6920 0.6655
vn -0.2544 -0.6943 0.6733
vn -0.3214 -0.6826 0.6563
vn -0.2960 -0.6857 0.6650
vn -0.3624 -0.6718 0.6460
vn -0.3372 -0.6758 0.6554
vn -0.4027 -0.6598 0.6344
vn -0.3777 -0.6647 0.6446
vn -0.4423 -0.6465 0.6216
vn -0.4175 -0.6523 0.6326
vn -0.4809 -0.6321 0.6076
vn -0.4564 -0.6387 0.6195
vn -0.4839 -0.6303 0.6071
vn -0.5001 -0.6226 0.6019
vn -0.5188 -0.6163 0.5925
vn -0.5159 -0.6170 0.5943
vn -0.5556 -0.5995 0.5762
vn -0.5423 -0.6030 0.5850
vn -0.5913 -0.5815 0.5588
vn -0.5782 -0.5855 0.5682
vn -0.6259 -0.5624 0.5403
vn -0.6130 -0.5669 0.5502
vn -0.6593 -0.5422 0.5208
vn -0.6467 -0.5473 0.5313
vn -0.6915 -0.5210 0.5004
vn -0.6792 -0.5265 0.5113
vn -0.7224 -0.4988 0.4789
vn -0.7104 -0.5049 0.4904
vn -0.7518 -0.4757 0.4566
vn -0.7402 -0.4823 0.4685
vn -0.7799 -0.4517 0.4333
vn -0.7687 -0.4587 0.4458
vn -0.8064 -0.4268 0.4093
vn -0.7957 -0.4343 0.4222
vn -0.8315 -0.4011 0.3844
vn -0.8212 -0.4090 0.3978
vn -0.8549 -0.3746 0.3589
vn -0.8452 -0.3830 0.3727
vn -0.8767 -0.3474 0.3326
vn -0.8676 -0.3563 0.3469
vn -0.8969 -0.3196 0.3057
vn -0.8883 -0.3289 0.3205
vn -0.9153 -0.2912 0.2783
vn -0.9074 -0.3009 0.2935
vn -0.9248 -0.2723 0.2659
vn -0.9320 -0.2621 0.2502
vn -0.9404 -0.2432 0.2377
vn -0.9469 -0.2327 0.2218
vn -0.9543 -0.2136 0.2092
vn -0.9601 -0.2027 0.1929
vn -0.9663 -0.1837 0.1803
vn -0.9713 -0.1725 0.1636
vn -0.9766 -0.1533 0.1510
vn -0.9808 -0.1418 0.1340
vn -0.9850 -0.1227 0.1214
vn -0.9884 -0.1109 0.1042
vn -0.9915 -0.0919 0.0917
vn -0.9941 -0.0798 0.0741
vn -0.9962 -0.0609 0.0617
vn -0.9979 -0.0486 0.0439
vn -0.9991 -0.0297 0.0316
vn -0.9998 -0.0172 0.0136
vn -1.0000 0.0015 0.0015
vn -0.9998 0.0142 -0.0167
vn -0.9991 0.0327 -0.0286
vn -0.9979 0.0456 -0.0470
vn -0.9941 0.0768 -0.0771
vn -0.9962 0.0638 -0.0587
vn -0.9884 0.1080 -0.1072
vn -0.9915 0.0948 -0.0886
vn -0.9808 0.1388 -0.1370
vn -0.9850 0.1256 -0.1184
vn -0.9713 0.1695 -0.1667
vn -0.9766 0.1562 -0.1479
vn -0.9601 0.1998 -0.1959
vn -0.9663 0.1866 -0.1773
vn -0.9469 0.2298 -0.2248
vn -0.9543 0.2165 -0.2062
vn -0.9320 0.2592 -0.2533
vn -0.9404 0.2460 -0.2347
vn -0.9153 0.2883 -0.2813
vn -0.9248 0.2752 -0.2629
vn -0.8969 0.3167 -0.3087
vn -0.9074 0.3038 -0.2905
vn -0.8767 0.3445 -0.3356
vn -0.8883 0.3317 -0.3175
vn -0.8549 0.3717 -0.3619
vn -0.8676 0.3592 -0.3440
vn -0.8315 0.3982 -0.3874
vn -0.8452 0.3859 -0.3698
vn -0.8064 0.4239 -0.4123
vn -0.8212 0.4119 -0.3949
vn -0.7799 0.4488 -0.4363
vn -0.7957 0.4371 -0.4193
vn -0.7687 0.4615 -0.4428
vn -0.7519 0.4729 -0.4595
vn -0.7402 0.4851 -0.4656
vn -0.7224 0.4960 -0.4818
vn -0.7104 0.5077 -0.4874
vn -0.6915 0.5182 -0.5032
vn -0.6792 0.5294 -0.5084
vn -0.6593 0.5394 -0.5237
vn -0.6467 0.5500 -0.5284
vn -0.6259 0.5596 -0.5432
vn -0.6130 0.5697 -0.5474
vn -0.5913 0.5787 -0.5616
vn -0.5783 0.5882 -0.5653
vn -0.5556 0.5967 -0.5790
vn -0.5423 0.6057 -0.5822
vn -0.5187 0.6136 -0.5953
vn -0.5159 0.6154 -0.5959
vn -0.5001 0.6232 -0.6013
vn -0.4839 0.6287 -0.6088
vn -0.4810 0.6293 -0.6105
vn -0.4573 0.6409 -0.6165
vn -0.4423 0.6437 -0.6245
vn -0.4203 0.6540 -0.6290
vn -0.4028 0.6569 -0.6373
vn -0.3825 0.6660 -0.6405
vn -0.3624 0.6690 -0.6490
vn -0.3440 0.6767 -0.6509
vn -0.3215 0.6797 -0.6593
vn -0.3049 0.6864 -0.6603
vn -0.2798 0.6892 -0.6684
vn -0.2653 0.6947 -0.6686
vn -0.2377 0.6974 -0.6761
vn -0.2252 0.7019 -0.6757
vn -0.1951 0.7044 -0.6825
vn -0.1848 0.7079 -0.6817
vn -0.1521 0.7100 -0.6876
vn -0.1440 0.7126 -0.6866
vn -0.1089 0.7143 -0.6913
vn -0.0654 0.7172 -0.6937
vn -0.1031 0.7160 -0.6904
vn -0.0219 0.7189 -0.6948
vn -0.0619 0.7182 -0.6930
vn -0.0207 0.7192 -0.6945
vn -0.6945 0.7192 -0.0219
vn -0.6905 0.7151 -0.1089
vn -0.6578 0.6811 -0.3215
vn -0.6230 0.6451 -0.4423
vn -0.5939 0.6150 -0.5187
vn -0.5776 0.5981 -0.5556
vn -0.5417 0.5610 -0.6259
vn -0.5018 0.5197 -0.6915
vn -0.4803 0.4974 -0.7224
vn -0.4348 0.4502 -0.7799
vn -0.3072 0.3182 -0.8969
vn -0.2233 0.2312 -0.9469
vn -0.1944 0.2013 -0.9601
vn -0.1057 0.1095 -0.9884
vn -0.0455 0.0471 -0.9979
vn -0.0152 0.0157 -0.9998
vn 0.0152 -0.0157 -0.9998
vn 0.0455 -0.0471 -0.9979
vn 0.1057 -0.1095 -0.9884
vn 0.1944 -0.2013 -0.9601
vn 0.2233 -0.2312 -0.9469
vn 0.3073 -0.3182 -0.8969
vn 0.4348 -0.4502 -0.7799
vn 0.4108 -0.4253 -0.8065
vn 0.4580 -0.4743 -0.7518
vn 0.4803 -0.4974 -0.7224
vn 0.5018 -0.5197 -0.6915
vn 0.5223 -0.5409 -0.6593
vn 0.5417 -0.5610 -0.6260
vn 0.5776 -0.5981 -0.5556
vn 0.6230 -0.6451 -0.4423
vn 0.6358 -0.6584 -0.4027
vn 0.6578 -0.6812 -0.3215
vn 0.6669 -0.6906 -0.2798
vn 0.6747 -0.6987 -0.2377
vn 0.6747 -0.6987 0.2377
vn 0.6669 -0.6906 0.2798
vn 0.6578 -0.6812 0.3215
vn 0.6358 -0.6584 0.4027
vn 0.6091 -0.6307 0.4809
vn 0.5776 -0.5981 0.5556
vn 0.5417 -0.5610 0.6259
vn 0.4803 -0.4974 0.7224
vn 0.4580 -0.4743 0.7518
vn 0.4348 -0.4502 0.7799
vn 0.4107 -0.4253 0.8065
vn 0.3072 -0.3182 0.8969
vn 0.2518 -0.2607 0.9320
vn 0.2233 -0.2312 0.9469
vn 0.1944 -0.2013 0.9601
vn 0.1057 -0.1095 0.9884
vn 0.0455 -0.0471 0.9979
vn 0.0152 -0.0157 0.9998
vn -0.0152 0.0157 0.9998
vn -0.0455 0.0471 0.9979
vn -0.1057 0.1095 0.9884
vn -0.1944 0.2013 0.9601
vn -0.2233 0.2312 0.9469
vn -0.3072 0.3182 0.8969
vn -0.4348 0.4502 0.7799
vn -0.5418 0.5610 0.6259
vn -0.5776 0.5981 0.5556
vn -0.5939 0.6150 0.5187
vn -0.6358 0.6584 0.4027
vn -0.6474 0.6704 0.3624
vn -0.6578 0.6811 0.3215
vn -0.6905 0.7151 0.1089
vn -0.6945 0.7192 0.0219
vn 0.6945 0.7192 0.0219
vn 0.6905 0.7151 0.1089
vn 0.6578 0.6811 0.3215
vn 0.6474 0.6705 0.3624
vn 0.6230 0.6451 0.4423
vn 0.5939 0.6150 0.5187
vn 0.5776 0.5981 0.5556
vn 0.5417 0.5610 0.6259
vn 0.4804 0.4974 0.7224
vn 0.4348 0.4502 0.7799
vn 0.3072 0.3182 0.8969
vn 0.2233 0.2312 0.9469
vn 0.1944 0.2013 0.9601
vn 0.1057 0.1095 0.9884
vn 0.0455 0.0471 0.9979
vn 0.0152 0.0157 0.9998
vn -0.0152 -0.0157 0.9998
vn -0.0455 -0.0471 0.9979
vn -0.1057 -0.1095 0.9884
vn -0.1944 -0.2013 0.9601
vn -0.2233 -0.2312 0.9469
vn -0.3073 -0.3182 0.8969
vn -0.4108 -0.4253 0.8065
vn -0.4348 -0.4502 0.7799
vn -0.4580 -0.4743 0.7518
vn -0.4803 -0.4974 0.7224
vn -0.5223 -0.5409 0.6593
vn -0.5417 -0.5610 0.6260
vn -0.5776 -0.5981 0.5556
vn -0.6091 -0.6307 0.4809
vn -0.6230 -0.6451 0.4423
vn -0.6358 -0.6584 0.4027
vn -0.6578 -0.6812 0.3215
vn -0.6669 -0.6906 0.2798
vn -0.6747 -0.6987 0.2377
vn -0.6747 -0.6987 -0.2377
vn -0.6669 -0.6906 -0.2798
vn -0.6578 -0.6812 -0.3215
vn -0.6358 -0.6584 -0.4027
vn -0.6230 -0.6451 -0.4423
vn -0.6091 -0.6307 -0.4809
vn -0.5776 -0.5981 -0.5556
vn -0.5417 -0.5610 -0.6259
vn -0.4803 -0.4974 -0.7224
vn -0.4580 -0.4743 -0.7518
vn -0.4348 -0.4502 -0.7799
vn -0.4107 -0.4253 -0.8065
vn -0.3072 -0.3182 -0.8969
vn -0.2518 -0.2607 -0.9320
vn -0.2233 -0.2312 -0.9469
vn -0.1944 -0.2013 -0.9601
vn -0.1057 -0.1095 -0.9884
vn -0.0455 -0.0471 -0.9979
vn -0.0152 -0.0157 -0.9998
vn 0.0152 0.0157 -0.9998
vn 0.0455 0.0471 -0.9979
vn 0.1057 0.1095 -0.9884
vn 0.1944 0.2013 -0.9601
vn 0.2233 0.2312 -0.9469
vn 0.3072 0.3182 -0.8969
vn 0.4348 0.4502 -0.7799
vn 0.5418 0.5610 -0.6259
vn 0.5776 0.5981 -0.5556
vn 0.5939 0.6150 -0.5187
vn 0.6358 0.6584 -0.4027
vn 0.6474 0.6704 -0.3624
vn 0.6578 0.6811 -0.3215
vn 0.6905 0.7151 -0.1089
vn 0.6945 0.7192 -0.0219
vn -0.9884 0.0000 0.1521
vn -0.9600 0.0000 0.2799
vn -0.9320 0.0000 0.3625
vn -0.9153 0.0000 0.4027
vn -0.8767 0.0000 0.4809
vn -0.8549 0.0000 0.5188
vn -0.8064 0.0000 0.5913
vn -0.7799 0.0000 0.6259
vn -0.7223 0.0000 0.6916
vn -0.6916 0.0000 0.7223
vn -0.6259 0.0000 0.7799
vn -0.5913 0.0000 0.8064
vn -0.5188 0.0000 0.8549
vn -0.4809 0.0000 0.8767
vn -0.4027 0.0000 0.9153
vn -0.3625 0.0000 0.9320
vn -0.2799 0.0000 0.9600
vn -0.1521 0.0000 0.9884
vn 0.1521 0.0000 0.9884
vn 0.2799 0.0000 0.9600
vn 0.3625 0.0000 0.9320
vn 0.4027 0.0000 0.9153
vn 0.4809 0.0000 0.8767
vn 0.5188 0.0000 0.8549
vn 0.5913 0.0000 0.8064
vn 0.6259 0.0000 0.7799
vn 0.6916 0.0000 0.7223
vn 0.7223 0.0000 0.6916
vn 0.7799 0.0000 0.6259
vn 0.8064 0.0000 0.5913
vn 0.8549 0.0000 0.5188
vn 0.8767 0.0000 0.4809
vn 0.9153 0.0000 0.4027
vn 0.9320 0.0000 0.3625
vn 0.9600 0.0000 0.2799
vn 0.9884 0.0000 0.1521
vn 0.9884 0.0000 -0.1521
vn 0.9600 0.0000 -0.2799
vn 0.9320 0.0000 -0.3625
vn 0.9153 0.0000 -0.4027
vn 0.8767 0.0000 -0.4809
vn 0.8549 0.0000 -0.5188
vn 0.8064 0.0000 -0.5913
vn 0.7799 0.0000 -0.6259
vn 0.7223 0.0000 -0.6916
vn 0.6916 0.0000 -0.7223
vn 0.6259 0.0000 -0.7799
vn 0.5913 0.0000 -0.8064
vn 0.5188 0.0000 -0.8549
vn 0.4809 0.0000 -0.8767
vn 0.4027 0.0000 -0.9153
vn 0.3625 0.0000 -0.9320
vn 0.2799 0.0000 -0.9600
vn 0.1521 0.0000 -0.9884
vn -0.1521 0.0000 -0.9884
vn -0.2799 0.0000 -0.9600
vn -0.3625 0.0000 -0.9320
vn -0.4027 0.0000 -0.9153
vn -0.4809 0.0000 -0.8768
vn -0.5188 0.0000 -0.8549
vn -0.5913 0.0000 -0.8064
vn -0.6259 0.0000 -0.7799
vn -0.6916 0.0000 -0.7223
vn -0.7223 0.0000 -0.6916
vn -0.7799 0.0000 -0.6259
vn -0.8064 0.0000 -0.5913
vn -0.8549 0.0000 -0.5188
vn -0.8767 0.0000 -0.4809
vn -0.9153 0.0000 -0.4027
vn -0.9320 0.0000 -0.3625
vn -0.9600 0.0000 -0.2799
vn -0.9884 0.0000 -0.1521
vn -0.0000 -0.6945 -0.7194
vn 0.0001 -0.6948 -0.7192
vn -0.0000 -0.6945 -0.7195
vn -0.0001 -0.6945 -0.7195
vn 0.0000 -0.6949 -0.7191
vn 0.0001 -0.6949 -0.7191
vn 0.0001 -0.6947 -0.7193
vn -0.0000 -0.6947 -0.7193
vn 0.0001 -0.6946 -0.7194
vn 0.0000 -0.6948 -0.7192
vn -0.0000 -0.6946 -0.7194
vn 0.0000 -0.6944 -0.7195
vn -0.0000 -0.6944 -0.7196
vn -0.0001 -0.6948 -0.7192
vn -0.0001 -0.6947 -0.7193
vn 0.0001 -0.6945 -0.7195
vn -0.0002 -0.6949 -0.7191
vn -0.0001 -0.6946 -0.7194
vn 0.0002 -0.6945 -0.7195
vn 0.0002 -0.6946 -0.7194
vn -0.0004 -0.6949 -0.7191
vn -0.0005 -0.6949 -0.7191
vn -0.0002 -0.6947 -0.7193
vn -0.0002 -0.6948 -0.7192
vn 0.0003 -0.6946 -0.7194
vn 0.0001 -0.6946 -0.7193
vn 0.0001 0.6945 0.7195
vn -0.0001 0.6945 0.7195
vn 0.0001 0.6948 0.7192
vn -0.0002 0.6945 0.7195
vn 0.0000 0.6949 0.7191
vn -0.0001 0.6948 0.7192
vn 0.0002 -0.6944 -0.7196
vn 0.0001 -0.6944 -0.7196
vn 0.0000 -0.6946 -0.7193
vn -0.0001 -0.6944 -0.7196
vn -0.0001 -0.6944 -0.7195
vn 0.0002 -0.6947 -0.7193
vn 0.0004 -0.6947 -0.7193
vn 0.0003 -0.6948 -0.7192
vn 0.0003 -0.6947 -0.7193
vn -0.0002 -0.6945 -0.7195
vn 0.0002 -0.6948 -0.7192
vn -0.0003 -0.6946 -0.7194
vn 0.0002 0.6946 0.7194
vn 0.0003 0.6947 0.7193
vn -0.0003 -0.6945 -0.7195
vn 0.0003 -0.6949 -0.7191
vn -0.0002 -0.6944 -0.7196
vn 0.0002 -0.6949 -0.7191
vn -0.0003 -0.6943 -0.7197
vn -0.0001 -0.6945 -0.7194
vn -0.0002 -0.6946 -0.7194
vn -0.0001 -0.6946 -0.7193
vn -0.0005 -0.6947 -0.7193
vn -0.0003 -0.6947 -0.7193
vn -0.0003 -0.6948 -0.7192
vn -0.0000 0.6953 0.7188
vn -0.0000 0.6943 0.7196
vn 0.0000 0.6945 0.7194
vn 0.0002 0.6948 0.7192
vn -0.0219 0.7192 0.6945
vn -0.1089 0.7151 0.6905
vn -0.2377 0.6987 0.6747
vn -0.3215 0.6811 0.6578
vn -0.3624 0.6704 0.6474
vn -0.4423 0.6451 0.6230
vn -0.5556 0.5981 0.5776
vn -0.6259 0.5610 0.5417
vn -0.7224 0.4974 0.4803
vn -0.7799 0.4502 0.4348
vn -0.8969 0.3182 0.3072
vn -0.9469 0.2312 0.2233
vn -0.9601 0.2013 0.1944
vn -0.9884 0.1095 0.1057
vn -0.9979 0.0471 0.0455
vn -0.9998 0.0157 0.0152
vn -0.9998 -0.0157 -0.0152
vn -0.9979 -0.0471 -0.0455
vn -0.9884 -0.1095 -0.1057
vn -0.9601 -0.2013 -0.1944
vn -0.9469 -0.2312 -0.2233
vn -0.8969 -0.3182 -0.3073
vn -0.8065 -0.4253 -0.4108
vn -0.7799 -0.4502 -0.4348
vn -0.7518 -0.4743 -0.4580
vn -0.7224 -0.4974 -0.4803
vn -0.6593 -0.5409 -0.5223
vn -0.6259 -0.5610 -0.5417
vn -0.5556 -0.5981 -0.5776
vn -0.4809 -0.6307 -0.6091
vn -0.4423 -0.6451 -0.6230
vn -0.4027 -0.6584 -0.6358
vn -0.3624 -0.6705 -0.6474
vn -0.3215 -0.6811 -0.6578
vn -0.2798 -0.6906 -0.6669
vn -0.2377 -0.6987 -0.6747
vn 0.1522 -0.7110 -0.6866
vn 0.2377 -0.6987 -0.6747
vn 0.2798 -0.6906 -0.6669
vn 0.4027 -0.6584 -0.6358
vn 0.4423 -0.6451 -0.6230
vn 0.4809 -0.6307 -0.6091
vn 0.5556 -0.5981 -0.5776
vn 0.6260 -0.5610 -0.5417
vn 0.7224 -0.4974 -0.4803
vn 0.7518 -0.4743 -0.4580
vn 0.7799 -0.4502 -0.4348
vn 0.8065 -0.4253 -0.4107
vn 0.8969 -0.3182 -0.3072
vn 0.9469 -0.2312 -0.2233
vn 0.9601 -0.2013 -0.1944
vn 0.9884 -0.1095 -0.1057
vn 0.9979 -0.0471 -0.0455
vn 0.9998 -0.0157 -0.0152
vn 0.9998 0.0157 0.0152
vn 0.9979 0.0471 0.0455
vn 0.9884 0.1095 0.1057
vn 0.9601 0.2013 0.1944
vn 0.9469 0.2312 0.2233
vn 0.8969 0.3182 0.3072
vn 0.7799 0.4502 0.4348
vn 0.7224 0.4974 0.4803
vn 0.6259 0.5610 0.5418
vn 0.5556 0.5981 0.5776
vn 0.4423 0.6452 0.6230
vn 0.4027 0.6584 0.6358
vn 0.3624 0.6704 0.6474
vn 0.3215 0.6811 0.6578
vn 0.3215 0.6812 0.6578
vn 0.1089 0.7151 0.6905
vn 0.0219 0.7192 0.6945
vn 0.7190 0.6950 0.0000
vn 0.7191 0.6949 0.0000
vn -0.7190 0.6950 0.0000
vn -0.7191 0.6949 0.0000
vn 0.0000 1.0000 -0.0001
vn 0.0000 1.0000 0.0001
vn 0.0000 1.0000 0.0003
vn 0.0000 1.0000 -0.0003
vn 0.0000 1.0000 0.0002
vn 0.0000 1.0000 -0.0002
vn 0.0000 1.0000 -0.0005
vn 0.0000 1.0000 0.0005
vn 0.0000 -0.7193 0.6947
vn -0.9998 -0.0143 0.0166
vn -0.9988 -0.0367 0.0327
vn -0.9979 -0.0456 0.0469
vn -0.9999 -0.0099 0.0096
vn -0.9957 -0.0680 0.0628
vn -0.9941 -0.0769 0.0771
vn -0.9998 -0.0178 0.0130
vn -0.9988 -0.0333 0.0363
vn -0.9908 -0.0989 0.0927
vn -0.9884 -0.1080 0.1072
vn -0.9979 -0.0491 0.0432
vn -0.9957 -0.0645 0.0664
vn -0.9839 -0.1298 0.1225
vn -0.9808 -0.1389 0.1370
vn -0.9941 -0.0804 0.0734
vn -0.9908 -0.0954 0.0964
vn -0.9753 -0.1604 0.1521
vn -0.9713 -0.1695 0.1666
vn -0.9884 -0.1116 0.1035
vn -0.9839 -0.1263 0.1261
vn -0.9648 -0.1907 0.1813
vn -0.9600 -0.1999 0.1959
vn -0.9808 -0.1425 0.1333
vn -0.9753 -0.1568 0.1557
vn -0.9525 -0.2205 0.2101
vn -0.9469 -0.2297 0.2248
vn -0.9713 -0.1731 0.1629
vn -0.9648 -0.1871 0.1850
vn -0.9383 -0.2501 0.2387
vn -0.9320 -0.2593 0.2533
vn -0.9600 -0.2035 0.1922
vn -0.9525 -0.2170 0.2138
vn -0.9225 -0.2791 0.2666
vn -0.9153 -0.2882 0.2813
vn -0.9469 -0.2334 0.2210
vn -0.9383 -0.2465 0.2424
vn -0.9049 -0.3076 0.2942
vn -0.8969 -0.3167 0.3087
vn -0.9320 -0.2629 0.2496
vn -0.9225 -0.2755 0.2703
vn -0.8855 -0.3356 0.3212
vn -0.8767 -0.3445 0.3356
vn -0.9153 -0.2919 0.2775
vn -0.9049 -0.3041 0.2979
vn -0.8646 -0.3629 0.3476
vn -0.8549 -0.3717 0.3619
vn -0.8969 -0.3203 0.3049
vn -0.8855 -0.3320 0.3250
vn -0.8420 -0.3896 0.3733
vn -0.8315 -0.3982 0.3875
vn -0.8767 -0.3482 0.3319
vn -0.8646 -0.3593 0.3513
vn -0.8177 -0.4155 0.3983
vn -0.8065 -0.4239 0.4122
vn -0.8549 -0.3754 0.3581
vn -0.8419 -0.3859 0.3771
vn -0.7920 -0.4406 0.4225
vn -0.7799 -0.4488 0.4363
vn -0.8315 -0.4019 0.3836
vn -0.8178 -0.4118 0.4021
vn -0.7648 -0.4649 0.4460
vn -0.7518 -0.4728 0.4596
vn -0.8065 -0.4275 0.4085
vn -0.7920 -0.4369 0.4264
vn -0.7361 -0.4883 0.4686
vn -0.7224 -0.4959 0.4819
vn -0.7799 -0.4524 0.4325
vn -0.7648 -0.4612 0.4498
vn -0.7061 -0.5108 0.4904
vn -0.6915 -0.5181 0.5034
vn -0.7518 -0.4765 0.4557
vn -0.7361 -0.4847 0.4724
vn -0.6747 -0.5324 0.5112
vn -0.6593 -0.5393 0.5238
vn -0.7224 -0.4996 0.4781
vn -0.7061 -0.5071 0.4942
vn -0.6420 -0.5530 0.5310
vn -0.6259 -0.5595 0.5433
vn -0.6915 -0.5219 0.4995
vn -0.6747 -0.5288 0.5150
vn -0.6082 -0.5725 0.5499
vn -0.5913 -0.5786 0.5618
vn -0.6593 -0.5431 0.5200
vn -0.6420 -0.5493 0.5348
vn -0.5732 -0.5909 0.5677
vn -0.5556 -0.5966 0.5791
vn -0.6259 -0.5632 0.5394
vn -0.6082 -0.5688 0.5537
vn -0.5372 -0.6082 0.5844
vn -0.5188 -0.6135 0.5954
vn -0.5913 -0.5823 0.5579
vn -0.5732 -0.5872 0.5715
vn -0.5000 -0.6244 0.6001
vn -0.4810 -0.6291 0.6106
vn -0.5556 -0.6003 0.5753
vn -0.5371 -0.6045 0.5882
vn -0.4620 -0.6394 0.6146
vn -0.4423 -0.6436 0.6245
vn -0.5188 -0.6172 0.5916
vn -0.5000 -0.6207 0.6039
vn -0.4231 -0.6533 0.6279
vn -0.4027 -0.6570 0.6374
vn -0.4810 -0.6329 0.6067
vn -0.4620 -0.6358 0.6184
vn -0.3834 -0.6658 0.6400
vn -0.3624 -0.6689 0.6490
vn -0.4423 -0.6474 0.6207
vn -0.4231 -0.6495 0.6317
vn -0.3429 -0.6772 0.6510
vn -0.3215 -0.6797 0.6593
vn -0.4027 -0.6607 0.6335
vn -0.3834 -0.6622 0.6439
vn -0.3020 -0.6872 0.6607
vn -0.2798 -0.6891 0.6685
vn -0.3625 -0.6727 0.6451
vn -0.3429 -0.6735 0.6548
vn -0.2602 -0.6960 0.6692
vn -0.2376 -0.6973 0.6763
vn -0.3214 -0.6834 0.6555
vn -0.3020 -0.6835 0.6645
vn -0.2182 -0.7035 0.6764
vn -0.1951 -0.7040 0.6828
vn -0.2798 -0.6928 0.6646
vn -0.2602 -0.6923 0.6730
vn -0.1756 -0.7096 0.6823
vn -0.1521 -0.7095 0.6881
vn -0.2376 -0.7009 0.6725
vn -0.2182 -0.6998 0.6802
vn -0.1328 -0.7144 0.6870
vn -0.1089 -0.7136 0.6921
vn -0.1951 -0.7077 0.6790
vn -0.1756 -0.7060 0.6861
vn -0.0896 -0.7179 0.6904
vn -0.0654 -0.7163 0.6947
vn -0.1521 -0.7132 0.6843
vn -0.1328 -0.7108 0.6908
vn -0.0464 -0.7200 0.6924
vn -0.0218 -0.7177 0.6960
vn -0.1089 -0.7173 0.6882
vn -0.0896 -0.7143 0.6941
vn -0.0029 -0.7208 0.6932
vn 0.0218 -0.7177 0.6960
vn -0.0654 -0.7200 0.6909
vn -0.0463 -0.7164 0.6962
vn 0.0404 -0.7202 0.6926
vn 0.0654 -0.7163 0.6947
vn -0.0218 -0.7214 0.6922
vn -0.0030 -0.7171 0.6969
vn 0.0837 -0.7182 0.6907
vn 0.1089 -0.7136 0.6921
vn 0.0218 -0.7213 0.6922
vn 0.0404 -0.7166 0.6963
vn 0.1269 -0.7149 0.6876
vn 0.1521 -0.7095 0.6881
vn 0.0654 -0.7200 0.6909
vn 0.0837 -0.7147 0.6944
vn 0.1698 -0.7103 0.6831
vn 0.1951 -0.7041 0.6828
vn 0.1089 -0.7173 0.6882
vn 0.1269 -0.7114 0.6912
vn 0.2123 -0.7044 0.6773
vn 0.2376 -0.6973 0.6762
vn 0.1521 -0.7132 0.6843
vn 0.1698 -0.7067 0.6868
vn 0.2545 -0.6971 0.6703
vn 0.2798 -0.6892 0.6684
vn 0.1951 -0.7077 0.6791
vn 0.2123 -0.7008 0.6810
vn 0.2962 -0.6885 0.6620
vn 0.3215 -0.6797 0.6592
vn 0.2376 -0.7009 0.6725
vn 0.2544 -0.6935 0.6740
vn 0.3374 -0.6786 0.6525
vn 0.3624 -0.6690 0.6489
vn 0.2798 -0.6927 0.6647
vn 0.2963 -0.6849 0.6657
vn 0.3779 -0.6674 0.6417
vn 0.4027 -0.6570 0.6373
vn 0.3214 -0.6833 0.6556
vn 0.3373 -0.6751 0.6561
vn 0.4177 -0.6550 0.6297
vn 0.4423 -0.6438 0.6244
vn 0.3625 -0.6725 0.6452
vn 0.3779 -0.6639 0.6453
vn 0.4567 -0.6413 0.6166
vn 0.4810 -0.6293 0.6105
vn 0.4027 -0.6605 0.6337
vn 0.4177 -0.6515 0.6333
vn 0.5001 -0.6253 0.5991
vn 0.5188 -0.6136 0.5953
vn 0.4423 -0.6472 0.6209
vn 0.4567 -0.6379 0.6201
vn 0.5422 -0.6058 0.5823
vn 0.5556 -0.5967 0.5790
vn 0.4810 -0.6327 0.6069
vn 0.5001 -0.6224 0.6021
vn 0.4880 -0.6279 0.6063
vn 0.5120 -0.6179 0.5967
vn 0.5781 -0.5883 0.5654
vn 0.5913 -0.5787 0.5617
vn 0.5188 -0.6170 0.5917
vn 0.5422 -0.6024 0.5858
vn 0.6129 -0.5698 0.5474
vn 0.6259 -0.5596 0.5432
vn 0.5556 -0.6002 0.5754
vn 0.5782 -0.5849 0.5689
vn 0.6466 -0.5501 0.5284
vn 0.6593 -0.5394 0.5237
vn 0.5913 -0.5822 0.5580
vn 0.6129 -0.5663 0.5510
vn 0.6791 -0.5294 0.5084
vn 0.6915 -0.5182 0.5033
vn 0.6259 -0.5631 0.5395
vn 0.6467 -0.5466 0.5320
vn 0.7103 -0.5077 0.4875
vn 0.7224 -0.4960 0.4818
vn 0.6593 -0.5430 0.5201
vn 0.6791 -0.5259 0.5121
vn 0.7402 -0.4851 0.4656
vn 0.7518 -0.4729 0.4595
vn 0.6915 -0.5218 0.4996
vn 0.7104 -0.5042 0.4911
vn 0.7687 -0.4616 0.4429
vn 0.7799 -0.4488 0.4363
vn 0.7224 -0.4996 0.4781
vn 0.7402 -0.4816 0.4693
vn 0.7957 -0.4372 0.4193
vn 0.8065 -0.4239 0.4122
vn 0.7518 -0.4765 0.4558
vn 0.7687 -0.4580 0.4466
vn 0.8212 -0.4119 0.3949
vn 0.8315 -0.3982 0.3874
vn 0.7799 -0.4524 0.4326
vn 0.7957 -0.4336 0.4230
vn 0.8451 -0.3860 0.3698
vn 0.8549 -0.3717 0.3619
vn 0.8065 -0.4275 0.4085
vn 0.8212 -0.4083 0.3987
vn 0.8676 -0.3592 0.3440
vn 0.8767 -0.3445 0.3356
vn 0.8315 -0.4018 0.3837
vn 0.8451 -0.3823 0.3736
vn 0.8883 -0.3318 0.3175
vn 0.8969 -0.3167 0.3088
vn 0.8549 -0.3754 0.3581
vn 0.8676 -0.3556 0.3477
vn 0.9074 -0.3038 0.2905
vn 0.9153 -0.2882 0.2813
vn 0.8767 -0.3482 0.3319
vn 0.8883 -0.3282 0.3213
vn 0.9248 -0.2752 0.2628
vn 0.9320 -0.2593 0.2533
vn 0.8969 -0.3203 0.3049
vn 0.9074 -0.3002 0.2942
vn 0.9404 -0.2461 0.2347
vn 0.9469 -0.2297 0.2248
vn 0.9153 -0.2919 0.2775
vn 0.9248 -0.2715 0.2666
vn 0.9543 -0.2165 0.2062
vn 0.9600 -0.1998 0.1959
vn 0.9320 -0.2630 0.2495
vn 0.9404 -0.2424 0.2385
vn 0.9663 -0.1866 0.1772
vn 0.9713 -0.1695 0.1666
vn 0.9469 -0.2334 0.2210
vn 0.9543 -0.2129 0.2100
vn 0.9766 -0.1563 0.1480
vn 0.9808 -0.1389 0.1371
vn 0.9600 -0.2035 0.1921
vn 0.9663 -0.1829 0.1810
vn 0.9850 -0.1256 0.1184
vn 0.9884 -0.1080 0.1072
vn 0.9713 -0.1732 0.1628
vn 0.9766 -0.1526 0.1518
vn 0.9915 -0.0948 0.0886
vn 0.9941 -0.0768 0.0772
vn 0.9808 -0.1426 0.1332
vn 0.9850 -0.1220 0.1222
vn 0.9962 -0.0638 0.0586
vn 0.9979 -0.0455 0.0470
vn 0.9884 -0.1117 0.1034
vn 0.9915 -0.0911 0.0924
vn 0.9991 -0.0326 0.0286
vn 0.9998 -0.0142 0.0167
vn 0.9941 -0.0805 0.0733
vn 0.9962 -0.0601 0.0624
vn 1.0000 -0.0014 -0.0016
vn 0.9998 0.0172 -0.0136
vn 0.9979 -0.0493 0.0431
vn 0.9991 -0.0289 0.0324
vn 0.9991 0.0298 -0.0317
vn 0.9979 0.0485 -0.0439
vn 0.9998 -0.0179 0.0128
vn 1.0000 0.0023 0.0022
vn 0.9962 0.0609 -0.0617
vn 0.9941 0.0798 -0.0741
vn 0.9998 0.0135 -0.0175
vn 0.9990 0.0335 -0.0279
vn 0.9915 0.0920 -0.0918
vn 0.9884 0.1109 -0.1042
vn 0.9979 0.0448 -0.0477
vn 0.9962 0.0646 -0.0579
vn 0.9850 0.1228 -0.1215
vn 0.9808 0.1418 -0.1340
vn 0.9941 0.0761 -0.0779
vn 0.9915 0.0957 -0.0879
vn 0.9766 0.1534 -0.1510
vn 0.9713 0.1725 -0.1635
vn 0.9883 0.1072 -0.1080
vn 0.9850 0.1265 -0.1177
vn 0.9663 0.1837 -0.1804
vn 0.9600 0.2028 -0.1929
vn 0.9808 0.1381 -0.1378
vn 0.9766 0.1570 -0.1472
vn 0.9542 0.2137 -0.2093
vn 0.9469 0.2327 -0.2217
vn 0.9713 0.1687 -0.1674
vn 0.9663 0.1874 -0.1766
vn 0.9403 0.2433 -0.2379
vn 0.9320 0.2622 -0.2503
vn 0.9600 0.1991 -0.1967
vn 0.9542 0.2173 -0.2055
vn 0.9247 0.2724 -0.2659
vn 0.9153 0.2912 -0.2782
vn 0.9469 0.2290 -0.2256
vn 0.9403 0.2469 -0.2340
vn 0.9073 0.3009 -0.2935
vn 0.8969 0.3196 -0.3057
vn 0.9320 0.2585 -0.2541
vn 0.9247 0.2760 -0.2622
vn 0.8882 0.3290 -0.3206
vn 0.8767 0.3475 -0.3326
vn 0.9153 0.2875 -0.2821
vn 0.9073 0.3046 -0.2898
vn 0.8675 0.3564 -0.3471
vn 0.8549 0.3746 -0.3589
vn 0.8969 0.3159 -0.3095
vn 0.8882 0.3327 -0.3169
vn 0.8451 0.3831 -0.3729
vn 0.8315 0.4011 -0.3844
vn 0.8767 0.3438 -0.3364
vn 0.8675 0.3600 -0.3433
vn 0.8211 0.4092 -0.3980
vn 0.8065 0.4268 -0.4092
vn 0.8549 0.3710 -0.3626
vn 0.8451 0.3867 -0.3691
vn 0.7956 0.4344 -0.4224
vn 0.7799 0.4517 -0.4333
vn 0.8315 0.3975 -0.3882
vn 0.8211 0.4127 -0.3942
vn 0.7686 0.4588 -0.4459
vn 0.7518 0.4758 -0.4565
vn 0.8065 0.4231 -0.4130
vn 0.7956 0.4380 -0.4186
vn 0.7401 0.4823 -0.4686
vn 0.7224 0.4988 -0.4788
vn 0.7799 0.4481 -0.4371
vn 0.7685 0.4624 -0.4422
vn 0.7102 0.5050 -0.4905
vn 0.6915 0.5211 -0.5003
vn 0.7518 0.4722 -0.4603
vn 0.7401 0.4859 -0.4650
vn 0.6790 0.5267 -0.5114
vn 0.6593 0.5422 -0.5208
vn 0.7224 0.4953 -0.4826
vn 0.7102 0.5085 -0.4868
vn 0.6466 0.5474 -0.5314
vn 0.6259 0.5624 -0.5403
vn 0.6915 0.5175 -0.5040
vn 0.6790 0.5302 -0.5078
vn 0.6128 0.5671 -0.5504
vn 0.5913 0.5815 -0.5588
vn 0.6593 0.5387 -0.5245
vn 0.6466 0.5508 -0.5278
vn 0.5780 0.5856 -0.5683
vn 0.5556 0.5995 -0.5761
vn 0.6259 0.5589 -0.5440
vn 0.6128 0.5705 -0.5468
vn 0.5421 0.6031 -0.5852
vn 0.5188 0.6164 -0.5924
vn 0.5913 0.5780 -0.5624
vn 0.5780 0.5890 -0.5647
vn 0.4999 0.6206 -0.6041
vn 0.4810 0.6320 -0.6076
vn 0.5556 0.5960 -0.5798
vn 0.5421 0.6065 -0.5816
vn 0.4566 0.6386 -0.6194
vn 0.4423 0.6465 -0.6216
vn 0.4999 0.6235 -0.6011
vn 0.5188 0.6129 -0.5960
vn 0.5119 0.6180 -0.5967
vn 0.4880 0.6279 -0.6063
vn 0.4175 0.6522 -0.6326
vn 0.4027 0.6598 -0.6344
vn 0.4810 0.6286 -0.6112
vn 0.4566 0.6420 -0.6159
vn 0.3778 0.6646 -0.6446
vn 0.3624 0.6718 -0.6460
vn 0.4423 0.6431 -0.6252
vn 0.4176 0.6557 -0.6291
vn 0.3373 0.6758 -0.6554
vn 0.3215 0.6826 -0.6563
vn 0.4027 0.6563 -0.6380
vn 0.3778 0.6681 -0.6410
vn 0.2961 0.6857 -0.6650
vn 0.2798 0.6920 -0.6655
vn 0.3625 0.6683 -0.6496
vn 0.3373 0.6793 -0.6518
vn 0.2545 0.6942 -0.6733
vn 0.2376 0.7002 -0.6733
vn 0.3214 0.6790 -0.6600
vn 0.2961 0.6892 -0.6613
vn 0.2122 0.7015 -0.6803
vn 0.1951 0.7069 -0.6798
vn 0.2799 0.6885 -0.6691
vn 0.2545 0.6978 -0.6696
vn 0.1697 0.7075 -0.6861
vn 0.1521 0.7124 -0.6851
vn 0.2377 0.6966 -0.6770
vn 0.2122 0.7051 -0.6766
vn 0.1268 0.7121 -0.6905
vn 0.1089 0.7165 -0.6890
vn 0.1951 0.7034 -0.6835
vn 0.1697 0.7110 -0.6824
vn 0.0837 0.7154 -0.6937
vn 0.0654 0.7193 -0.6917
vn 0.1521 0.7088 -0.6888
vn 0.1268 0.7157 -0.6868
vn 0.0404 0.7173 -0.6956
vn 0.0218 0.7206 -0.6930
vn 0.1089 0.7129 -0.6928
vn 0.0837 0.7190 -0.6900
vn -0.0031 0.7179 -0.6961
vn -0.0218 0.7206 -0.6930
vn 0.0654 0.7156 -0.6954
vn 0.0404 0.7209 -0.6919
vn -0.0463 0.7171 -0.6954
vn -0.0654 0.7193 -0.6916
vn 0.0218 0.7170 -0.6968
vn -0.0031 0.7215 -0.6924
vn -0.0897 0.7150 -0.6934
vn -0.1089 0.7165 -0.6890
vn -0.0218 0.7170 -0.6968
vn -0.0464 0.7208 -0.6916
vn -0.1327 0.7115 -0.6900
vn -0.1521 0.7124 -0.6850
vn -0.0654 0.7156 -0.6954
vn -0.0896 0.7186 -0.6896
vn -0.1756 0.7067 -0.6854
vn -0.1951 0.7070 -0.6798
vn -0.1088 0.7129 -0.6928
vn -0.1327 0.7152 -0.6862
vn -0.2181 0.7005 -0.6794
vn -0.2376 0.7002 -0.6732
vn -0.1521 0.7087 -0.6889
vn -0.1756 0.7103 -0.6816
vn -0.2603 0.6931 -0.6723
vn -0.2798 0.6921 -0.6654
vn -0.1951 0.7033 -0.6836
vn -0.2182 0.7042 -0.6757
vn -0.3018 0.6843 -0.6638
vn -0.3215 0.6826 -0.6562
vn -0.2377 0.6965 -0.6770
vn -0.2603 0.6968 -0.6684
vn -0.3429 0.6743 -0.6541
vn -0.3624 0.6719 -0.6459
vn -0.2799 0.6884 -0.6692
vn -0.3018 0.6880 -0.6600
vn -0.3834 0.6629 -0.6431
vn -0.4027 0.6599 -0.6343
vn -0.3214 0.6789 -0.6601
vn -0.3430 0.6779 -0.6502
vn -0.4230 0.6503 -0.6310
vn -0.4423 0.6466 -0.6215
vn -0.3625 0.6682 -0.6497
vn -0.3834 0.6666 -0.6393
vn -0.4620 0.6365 -0.6176
vn -0.4810 0.6321 -0.6075
vn -0.4027 0.6562 -0.6381
vn -0.4230 0.6540 -0.6272
vn -0.5000 0.6215 -0.6031
vn -0.5188 0.6165 -0.5923
vn -0.4423 0.6429 -0.6253
vn -0.4620 0.6402 -0.6138
vn -0.5370 0.6053 -0.5875
vn -0.5556 0.5996 -0.5760
vn -0.4810 0.6284 -0.6113
vn -0.5000 0.6252 -0.5993
vn -0.5731 0.5880 -0.5708
vn -0.5913 0.5816 -0.5587
vn -0.5188 0.6127 -0.5962
vn -0.5371 0.6090 -0.5837
vn -0.6081 0.5696 -0.5530
vn -0.6259 0.5625 -0.5402
vn -0.5556 0.5959 -0.5799
vn -0.5731 0.5917 -0.5670
vn -0.6420 0.5501 -0.5341
vn -0.6593 0.5423 -0.5207
vn -0.5913 0.5778 -0.5625
vn -0.6081 0.5732 -0.5492
vn -0.6746 0.5295 -0.5143
vn -0.6915 0.5211 -0.5003
vn -0.6259 0.5587 -0.5441
vn -0.6420 0.5537 -0.5303
vn -0.7060 0.5080 -0.4935
vn -0.7224 0.4989 -0.4788
vn -0.6593 0.5386 -0.5246
vn -0.6746 0.5332 -0.5105
vn -0.7361 0.4855 -0.4717
vn -0.7518 0.4758 -0.4565
vn -0.6915 0.5174 -0.5041
vn -0.7060 0.5116 -0.4897
vn -0.7647 0.4621 -0.4491
vn -0.7799 0.4518 -0.4333
vn -0.7224 0.4952 -0.4827
vn -0.7361 0.4891 -0.4680
vn -0.7920 0.4377 -0.4256
vn -0.8065 0.4268 -0.4092
vn -0.7518 0.4721 -0.4603
vn -0.7647 0.4657 -0.4454
vn -0.8177 0.4127 -0.4014
vn -0.8315 0.4011 -0.3844
vn -0.7799 0.4480 -0.4371
vn -0.7920 0.4414 -0.4218
vn -0.8419 0.3867 -0.3764
vn -0.8549 0.3746 -0.3589
vn -0.8065 0.4231 -0.4130
vn -0.8177 0.4163 -0.3976
vn -0.8645 0.3602 -0.3507
vn -0.8767 0.3474 -0.3326
vn -0.8315 0.3975 -0.3882
vn -0.8419 0.3904 -0.3726
vn -0.8855 0.3328 -0.3243
vn -0.8969 0.3196 -0.3057
vn -0.8549 0.3710 -0.3626
vn -0.8645 0.3638 -0.3469
vn -0.9048 0.3049 -0.2973
vn -0.9153 0.2912 -0.2783
vn -0.8767 0.3438 -0.3364
vn -0.8855 0.3364 -0.3205
vn -0.9224 0.2765 -0.2698
vn -0.9320 0.2622 -0.2503
vn -0.8969 0.3160 -0.3095
vn -0.9048 0.3085 -0.2936
vn -0.9383 0.2473 -0.2417
vn -0.9469 0.2326 -0.2218
vn -0.9153 0.2875 -0.2820
vn -0.9224 0.2800 -0.2661
vn -0.9524 0.2179 -0.2133
vn -0.9600 0.2027 -0.1929
vn -0.9320 0.2586 -0.2541
vn -0.9383 0.2509 -0.2380
vn -0.9647 0.1879 -0.1843
vn -0.9713 0.1724 -0.1636
vn -0.9469 0.2290 -0.2255
vn -0.9524 0.2214 -0.2096
vn -0.9752 0.1577 -0.1551
vn -0.9808 0.1418 -0.1341
vn -0.9600 0.1992 -0.1967
vn -0.9647 0.1914 -0.1806
vn -0.9839 0.1271 -0.1256
vn -0.9884 0.1108 -0.1043
vn -0.9713 0.1688 -0.1673
vn -0.9752 0.1612 -0.1515
vn -0.9907 0.0963 -0.0958
vn -0.9941 0.0797 -0.0742
vn -0.9808 0.1382 -0.1377
vn -0.9839 0.1306 -0.1219
vn -0.9957 0.0654 -0.0659
vn -0.9979 0.0484 -0.0440
vn -0.9884 0.1074 -0.1079
vn -0.9907 0.0998 -0.0922
vn -0.9988 0.0342 -0.0358
vn -0.9998 0.0171 -0.0137
vn -0.9941 0.0762 -0.0778
vn -0.9957 0.0688 -0.0623
vn -0.9979 0.0449 -0.0476
vn -0.9988 0.0376 -0.0322
vn -0.9999 0.0100 -0.0097
vn -0.9998 0.0136 -0.0173
vn -0.8662 -0.3595 0.3472
vn -0.8661 -0.3596 0.3473
vn -0.8660 -0.3597 0.3473
vn -0.9918 -0.0917 0.0886
vn -0.9854 -0.1223 0.1182
vn -0.9854 -0.1223 0.1181
vn -0.9773 -0.1525 0.1473
vn -0.9672 -0.1827 0.1764
vn -0.9555 -0.2122 0.2049
vn -0.9555 -0.2121 0.2049
vn -0.9419 -0.2416 0.2334
vn -0.9419 -0.2417 0.2334
vn -0.9267 -0.2703 0.2611
vn -0.9267 -0.2703 0.2610
vn -0.9096 -0.2989 0.2886
vn -0.8911 -0.3264 0.3152
vn -0.8707 -0.3538 0.3417
vn -0.8707 -0.3537 0.3416
vn -0.8488 -0.3804 0.3673
vn -0.8253 -0.4062 0.3922
vn -0.8253 -0.4062 0.3923
vn -0.8004 -0.4312 0.4164
vn -0.7740 -0.4555 0.4399
vn -0.7741 -0.4554 0.4398
vn -0.7462 -0.4789 0.4625
vn -0.7461 -0.4790 0.4625
vn -0.7167 -0.5016 0.4844
vn -0.6862 -0.5232 0.5053
vn -0.6861 -0.5233 0.5053
vn -0.6544 -0.5439 0.5253
vn -0.6545 -0.5439 0.5252
vn -0.6212 -0.5637 0.5444
vn -0.5873 -0.5822 0.5622
vn -0.5519 -0.5999 0.5793
vn -0.5156 -0.6163 0.5952
vn -0.7322 -0.4899 0.4731
vn -0.7322 -0.4900 0.4731
vn -0.7042 -0.5107 0.4932
vn -0.6752 -0.5306 0.5124
vn -0.6451 -0.5496 0.5308
vn -0.6137 -0.5679 0.5484
vn -0.6451 -0.5497 0.5308
vn -0.5817 -0.5851 0.5651
vn -0.5816 -0.5851 0.5651
vn -0.5485 -0.6015 0.5808
vn -0.5145 -0.6168 0.5957
vn -0.5144 -0.6169 0.5957
vn 0.9998 0.0147 -0.0142
vn 0.9981 0.0441 -0.0425
vn 0.9948 0.0733 -0.0707
vn 0.9981 0.0440 -0.0425
vn 0.9948 0.0733 -0.0708
vn 0.9898 0.1025 -0.0989
vn 0.9832 0.1313 -0.1268
vn 0.9749 0.1602 -0.1547
vn 0.9650 0.1886 -0.1821
vn 0.9535 0.2168 -0.2094
vn 0.9404 0.2447 -0.2363
vn 0.9257 0.2720 -0.2627
vn 0.9998 0.0146 -0.0141
vn 0.9982 0.0437 -0.0422
vn 0.9949 0.0726 -0.0701
vn 0.9949 0.0727 -0.0702
vn 0.9899 0.1017 -0.0982
vn 0.9834 0.1305 -0.1261
vn 0.9834 0.1305 -0.1260
vn 0.9753 0.1590 -0.1535
vn 0.9655 0.1873 -0.1809
vn 0.9753 0.1590 -0.1536
vn 0.9542 0.2152 -0.2079
vn 0.9542 0.2152 -0.2078
vn 0.9413 0.2429 -0.2346
vn 0.9412 0.2430 -0.2346
vn 0.9267 0.2703 -0.2610
vn 0.9267 0.2702 -0.2610
vn 0.9108 0.2970 -0.2868
vn 0.9109 0.2969 -0.2867
vn 0.8933 0.3233 -0.3122
vn 0.8744 0.3490 -0.3370
vn 0.8743 0.3491 -0.3371
vn 0.9932 -0.0837 0.0808
vn 0.9972 -0.0537 0.0519
vn 0.9994 -0.0239 0.0231
vn 1.0000 0.0058 -0.0056
vn 0.9988 0.0358 -0.0346
vn 0.9959 0.0653 -0.0631
vn 0.9959 0.0654 -0.0631
vn 0.9912 0.0951 -0.0918
vn 0.9848 0.1248 -0.1206
vn 0.9768 0.1539 -0.1486
vn 0.9848 0.1249 -0.1206
vn 0.9671 0.1829 -0.1767
vn 0.9671 0.1830 -0.1767
vn 0.9558 0.2116 -0.2043
vn 0.9558 0.2115 -0.2043
vn 0.9427 0.2399 -0.2317
vn 0.9280 0.2680 -0.2588
vn 0.9280 0.2681 -0.2589
vn 0.9119 0.2952 -0.2851
vn 0.8939 0.3224 -0.3113
vn 0.8746 0.3488 -0.3368
vn 0.8747 0.3487 -0.3367
vn -0.9229 0.2771 -0.2676
vn -0.9386 0.2481 -0.2396
vn -0.9526 0.2187 -0.2112
vn -0.9649 0.1890 -0.1825
vn -0.9753 0.1589 -0.1534
vn -0.9839 0.1284 -0.1240
vn -0.9907 0.0978 -0.0944
vn -0.9957 0.0669 -0.0646
vn -0.9988 0.0359 -0.0347
vn 0.0000 0.7193 -0.6947
vn -0.8660 0.3597 -0.3474
vn -0.8660 0.3597 -0.3473
vn -0.8661 0.3595 -0.3472
vn 0.3854 0.6638 -0.6410
vn 0.3455 0.6750 -0.6519
vn 0.3457 0.6750 -0.6518
vn 0.3050 0.6851 -0.6616
vn 0.3048 0.6851 -0.6616
vn 0.2637 0.6939 -0.6701
vn 0.2222 0.7014 -0.6773
vn 0.2221 0.7014 -0.6773
vn 0.1801 0.7076 -0.6833
vn 0.1380 0.7125 -0.6880
vn 0.1381 0.7125 -0.6880
vn 0.0951 0.7161 -0.6915
vn 0.0523 0.7184 -0.6937
vn 0.0094 0.7193 -0.6946
vn 0.0093 0.7193 -0.6946
vn -0.0334 0.7189 -0.6943
vn -0.0332 0.7189 -0.6943
vn -0.0761 0.7173 -0.6926
vn -0.0764 0.7172 -0.6926
vn -0.1191 0.7142 -0.6897
vn -0.1615 0.7099 -0.6855
vn -0.1614 0.7099 -0.6855
vn -0.2037 0.7043 -0.6801
vn -0.2036 0.7043 -0.6801
vn -0.2452 0.6974 -0.6734
vn -0.2453 0.6974 -0.6734
vn -0.2868 0.6891 -0.6655
vn -0.2870 0.6891 -0.6654
vn -0.3275 0.6797 -0.6564
vn -0.3274 0.6797 -0.6564
vn -0.3679 0.6689 -0.6459
vn -0.3681 0.6688 -0.6459
vn -0.4073 0.6570 -0.6344
vn -0.4463 0.6437 -0.6216
vn -0.4840 0.6295 -0.6079
vn -0.2238 0.7011 -0.6770
vn -0.2239 0.7011 -0.6770
vn -0.2626 0.6941 -0.6703
vn -0.3012 0.6859 -0.6624
vn -0.2627 0.6941 -0.6703
vn -0.3393 0.6767 -0.6534
vn -0.3014 0.6859 -0.6624
vn -0.3391 0.6767 -0.6535
vn -0.3769 0.6663 -0.6434
vn -0.4136 0.6549 -0.6324
vn -0.4498 0.6425 -0.6204
vn -0.4855 0.6289 -0.6073
vn -0.4822 -0.6302 0.6086
vn -0.4461 -0.6438 0.6217
vn -0.4091 -0.6564 0.6339
vn -0.3716 -0.6678 0.6449
vn -0.4092 -0.6564 0.6338
vn -0.3333 -0.6782 0.6549
vn -0.2947 -0.6874 0.6638
vn -0.2946 -0.6874 0.6638
vn -0.2554 -0.6955 0.6716
vn -0.2157 -0.7024 0.6783
vn -0.1756 -0.7082 0.6839
vn -0.1757 -0.7082 0.6839
vn -0.1354 -0.7127 0.6883
vn -0.4823 -0.6301 0.6085
vn -0.4465 -0.6437 0.6216
vn -0.4464 -0.6437 0.6216
vn -0.4099 -0.6561 0.6336
vn -0.3726 -0.6676 0.6446
vn -0.3725 -0.6676 0.6447
vn -0.3347 -0.6779 0.6546
vn -0.3346 -0.6779 0.6546
vn -0.2962 -0.6871 0.6635
vn -0.2571 -0.6952 0.6713
vn -0.2572 -0.6951 0.6713
vn -0.2180 -0.7020 0.6780
vn -0.1781 -0.7078 0.6835
vn -0.1381 -0.7124 0.6880
vn -0.1381 -0.7125 0.6880
vn -0.0979 -0.7159 0.6913
vn -0.0980 -0.7159 0.6913
vn -0.0574 -0.7182 0.6935
vn -0.0170 -0.7192 0.6946
vn -0.0169 -0.7192 0.6946
vn -0.5972 -0.5770 0.5572
vn -0.5633 -0.5944 0.5740
vn -0.5633 -0.5943 0.5739
vn -0.5285 -0.6107 0.5897
vn -0.4929 -0.6259 0.6044
vn -0.5286 -0.6106 0.5897
vn -0.4564 -0.6400 0.6181
vn -0.4930 -0.6259 0.6044
vn -0.4565 -0.6400 0.6181
vn -0.4191 -0.6531 0.6307
vn -0.4189 -0.6532 0.6308
vn -0.3811 -0.6650 0.6422
vn -0.3813 -0.6650 0.6422
vn -0.3423 -0.6759 0.6527
vn -0.3034 -0.6854 0.6619
vn -0.3421 -0.6759 0.6528
vn -0.3033 -0.6854 0.6619
vn -0.2632 -0.6940 0.6702
vn -0.2633 -0.6940 0.6701
vn -0.2229 -0.7012 0.6772
vn -0.2231 -0.7012 0.6772
vn -0.1824 -0.7073 0.6830
vn -0.1417 -0.7121 0.6876
vn -0.1414 -0.7121 0.6877
vn -0.1001 -0.7157 0.6912
vn -0.0592 -0.7181 0.6934
vn -0.0174 -0.7192 0.6946
vn -0.0176 -0.7192 0.6945
vn 0.7949 0.4364 -0.4215
vn 0.7681 0.4606 -0.4448
vn 0.7396 0.4841 -0.4675
vn 0.7100 0.5066 -0.4892
vn 0.6789 0.5282 -0.5100
vn 0.6466 0.5488 -0.5299
vn 0.6131 0.5683 -0.5488
vn 0.6466 0.5487 -0.5299
vn 0.5784 0.5868 -0.5666
vn 0.5426 0.6042 -0.5835
vn 0.5784 0.5868 -0.5667
vn 0.5427 0.6042 -0.5835
vn 0.8660 -0.3597 0.3474
vn 0.8660 -0.3597 0.3473
vn 0.8660 0.3597 -0.3474
vn 0.6063 -0.5720 0.5524
vn 0.6399 -0.5528 0.5338
vn 0.6063 -0.5721 0.5524
vn 0.6723 -0.5325 0.5142
vn 0.7035 -0.5112 0.4937
vn 0.7333 -0.4891 0.4723
vn 0.7618 -0.4660 0.4500
vn 0.7889 -0.4421 0.4269
vn 0.7619 -0.4659 0.4499
vn 0.8146 -0.4172 0.4029
vn 0.7888 -0.4421 0.4270
vn 0.8387 -0.3917 0.3783
vn 0.8146 -0.4173 0.4029
vn 0.8612 -0.3656 0.3531
vn 0.8822 -0.3388 0.3271
vn 0.9017 -0.3110 0.3003
vn 0.9194 -0.2830 0.2733
vn 0.9193 -0.2830 0.2733
vn 0.9354 -0.2544 0.2457
vn 0.9354 -0.2544 0.2456
vn 0.9497 -0.2252 0.2175
vn 0.9497 -0.2253 0.2175
vn 0.9623 -0.1958 0.1890
vn 0.9730 -0.1661 0.1604
vn 0.9821 -0.1356 0.1310
vn 0.9821 -0.1357 0.1310
vn 0.9892 -0.1052 0.1016
vn 0.9946 -0.0746 0.0720
vn 0.9981 -0.0439 0.0425
vn 0.9981 -0.0440 0.0424
vn 0.9998 -0.0131 0.0126
vn 0.9559 -0.2112 0.2040
vn 0.9670 -0.1833 0.1770
vn 0.9764 -0.1553 0.1500
vn 0.9843 -0.1270 0.1226
vn 0.9906 -0.0984 0.0950
vn 0.9953 -0.0697 0.0673
vn 0.9984 -0.0410 0.0396
vn 0.9999 -0.0121 0.0117
vn 0.9999 -0.0121 0.0116
vn -0.5175 0.6155 -0.5944
vn -0.5176 0.6155 -0.5944
vn -0.5521 0.5998 -0.5792
vn -0.5856 0.5831 -0.5631
vn -0.6182 0.5654 -0.5460
vn -0.6498 0.5468 -0.5280
vn -0.6803 0.5272 -0.5092
vn -0.6802 0.5273 -0.5092
vn -0.7096 0.5068 -0.4894
vn -0.7378 0.4856 -0.4689
vn -0.7647 0.4635 -0.4476
vn -0.7904 0.4407 -0.4256
vn -0.7904 0.4406 -0.4255
vn -0.5174 0.6156 -0.5944
vn -0.5517 0.6000 -0.5794
vn -0.5851 0.5833 -0.5633
vn -0.5851 0.5834 -0.5633
vn -0.6174 0.5659 -0.5464
vn -0.6174 0.5658 -0.5464
vn -0.6487 0.5474 -0.5286
vn -0.6791 0.5280 -0.5099
vn -0.7082 0.5079 -0.4904
vn -0.7364 0.4867 -0.4700
vn -0.7363 0.4868 -0.4701
vn -0.7631 0.4649 -0.4489
vn -0.7886 0.4423 -0.4271
vn -0.7887 0.4422 -0.4271
vn -0.8130 0.4189 -0.4045
vn -0.8129 0.4189 -0.4045
vn -0.8358 0.3949 -0.3814
vn -0.8359 0.3949 -0.3813
vn -0.8574 0.3702 -0.3575
vn -0.3961 0.6605 -0.6378
vn -0.3959 0.6606 -0.6379
vn -0.4340 0.6481 -0.6258
vn -0.4338 0.6481 -0.6259
vn -0.4708 0.6346 -0.6128
vn -0.5071 0.6200 -0.5987
vn -0.5424 0.6043 -0.5836
vn -0.5767 0.5877 -0.5675
vn -0.5768 0.5876 -0.5674
vn -0.6102 0.5699 -0.5503
vn -0.6101 0.5700 -0.5504
vn -0.6425 0.5512 -0.5323
vn -0.6737 0.5316 -0.5133
vn -0.7038 0.5110 -0.4935
vn -0.7038 0.5111 -0.4935
vn -0.7327 0.4895 -0.4727
vn -0.7602 0.4673 -0.4513
vn -0.7866 0.4442 -0.4289
vn -0.7866 0.4441 -0.4289
vn -0.8115 0.4204 -0.4060
vn -0.8351 0.3957 -0.3822
vn -0.8571 0.3705 -0.3578
vn -0.8572 0.3704 -0.3577
vn 0.1279 -0.7134 0.6890
vn 0.1706 -0.7088 0.6845
vn 0.2129 -0.7028 0.6787
vn 0.2549 -0.6956 0.6717
vn 0.2965 -0.6870 0.6634
vn 0.2964 -0.6870 0.6634
vn 0.3373 -0.6772 0.6539
vn 0.3374 -0.6772 0.6539
vn 0.3777 -0.6661 0.6432
vn 0.4172 -0.6537 0.6313
vn 0.4561 -0.6402 0.6182
vn 0.0000 0.6952 -0.7188
vn 0.0000 0.6949 -0.7191
vn 0.0000 0.6949 -0.7192
vn 0.0001 0.6945 0.7194
vn 0.0004 0.6947 0.7193
vn -0.0003 0.6948 0.7192
vn -0.0005 0.6947 0.7193
vn 0.0001 0.6948 0.7193
vn -0.0002 0.6948 0.7192
vn 0.0002 0.6945 0.7195
vn 0.0002 0.6944 0.7196
vn -0.0002 0.6948 0.7193
vn -0.0002 0.6946 0.7194
vn 0.0003 0.6946 0.7194
vn 0.0002 0.6945 0.7194
vn -0.0003 0.6947 0.7193
vn -0.0002 0.6944 0.7196
vn -0.0003 0.6944 0.7196
vn 0.0002 0.6946 0.7193
vn -0.0001 0.6945 0.7194
vn -0.0001 0.6944 0.7196
vn -0.0003 0.6946 0.7194
vn -0.0002 0.6945 0.7194
vn 0.0003 0.6948 0.7192
vn 0.0001 0.6949 0.7192
vn -0.0000 0.6944 0.7196
vn -0.0001 0.6948 0.7193
vn -0.0005 0.6946 0.7194
vn 0.0001 0.6949 0.7191
vn -0.0004 0.6947 0.7193
vn -0.0203 0.7192 -0.6945
vn -0.0608 0.7180 -0.6934
vn -0.1012 0.7156 -0.6911
vn -0.1414 0.7121 -0.6877
vn -0.1412 0.7121 -0.6877
vn -0.1814 0.7074 -0.6831
vn -0.1815 0.7074 -0.6831
vn -0.2211 0.7015 -0.6775
vn -0.2604 0.6945 -0.6707
vn -0.2603 0.6945 -0.6707
vn -0.2994 0.6863 -0.6628
vn -0.2993 0.6864 -0.6628
vn -0.3376 0.6771 -0.6539
vn -0.3377 0.6771 -0.6539
vn -0.3757 0.6666 -0.6438
vn -0.3756 0.6667 -0.6438
vn -0.4127 0.6552 -0.6327
vn -0.4128 0.6552 -0.6327
vn -0.4494 0.6426 -0.6205
vn -0.4494 0.6426 -0.6206
vn -0.4853 0.6290 -0.6074
vn -0.0204 0.7192 -0.6945
vn -0.0612 0.7180 -0.6934
vn -0.1020 0.7156 -0.6910
vn -0.1424 0.7120 -0.6876
vn -0.1019 0.7156 -0.6910
vn -0.1826 0.7072 -0.6830
vn -0.2227 0.7013 -0.6772
vn -0.2226 0.7013 -0.6772
vn -0.2623 0.6942 -0.6703
vn -0.3401 0.6765 -0.6533
vn -0.3782 0.6659 -0.6431
vn 0.1161 0.7145 -0.6900
vn 0.1163 0.7145 -0.6900
vn 0.0745 0.7173 -0.6927
vn 0.0748 0.7173 -0.6927
vn 0.0334 0.7189 -0.6943
vn -0.0082 0.7193 -0.6946
vn -0.0493 0.7185 -0.6938
vn -0.0912 0.7163 -0.6918
vn -0.1321 0.7130 -0.6886
vn -0.1734 0.7084 -0.6841
vn -0.2137 0.7027 -0.6786
vn -0.1735 0.7084 -0.6841
vn -0.2139 0.7027 -0.6786
vn -0.2544 0.6957 -0.6718
vn -0.2542 0.6957 -0.6718
vn -0.2944 0.6875 -0.6639
vn -0.3337 0.6781 -0.6548
vn -0.3723 0.6676 -0.6447
vn -0.4107 0.6559 -0.6334
vn -0.4480 0.6431 -0.6210
vn -0.4480 0.6431 -0.6211
vn -0.4848 0.6292 -0.6076
vn 0.6812 -0.5267 0.5086
vn 0.6811 -0.5267 0.5086
vn 0.7100 -0.5066 0.4892
vn 0.7376 -0.4857 0.4690
vn 0.7099 -0.5066 0.4893
vn 0.7642 -0.4640 0.4480
vn 0.7377 -0.4856 0.4690
vn 0.7895 -0.4415 0.4264
vn 0.8134 -0.4184 0.4040
vn 0.8361 -0.3946 0.3810
vn 0.8575 -0.3700 0.3573
vn -0.3858 -0.6637 0.6409
vn -0.3858 -0.6636 0.6409
vn -0.3470 -0.6746 0.6515
vn -0.3076 -0.6845 0.6610
vn -0.3471 -0.6746 0.6515
vn -0.3075 -0.6845 0.6610
vn -0.2677 -0.6931 0.6693
vn -0.2273 -0.7005 0.6765
vn -0.2678 -0.6931 0.6693
vn -0.1865 -0.7067 0.6825
vn -0.1454 -0.7117 0.6873
vn -0.1040 -0.7154 0.6909
vn -0.0625 -0.7179 0.6933
vn -0.0208 -0.7192 0.6945
vn 0.0210 -0.7192 0.6945
vn 0.0630 -0.7179 0.6933
vn 0.1050 -0.7154 0.6908
vn 0.1049 -0.7154 0.6908
vn 0.1464 -0.7116 0.6872
vn 0.1880 -0.7065 0.6823
vn 0.1467 -0.7116 0.6871
vn 0.2290 -0.7002 0.6762
vn 0.2287 -0.7003 0.6762
vn 0.2698 -0.6927 0.6689
vn 0.2697 -0.6927 0.6689
vn 0.3099 -0.6839 0.6605
vn 0.3497 -0.6739 0.6508
vn 0.3499 -0.6739 0.6508
vn 0.3887 -0.6628 0.6400
vn 0.3885 -0.6628 0.6401
vn 0.4272 -0.6504 0.6281
vn 0.4270 -0.6505 0.6282
vn 0.4646 -0.6370 0.6151
vn 0.5012 -0.6225 0.6011
vn 0.5014 -0.6224 0.6010
vn 0.5374 -0.6066 0.5858
vn 0.5374 -0.6067 0.5858
vn 0.5724 -0.5899 0.5696
vn 0.6061 -0.5721 0.5525
vn 0.6392 -0.5532 0.5342
vn 0.6708 -0.5335 0.5152
vn 0.6390 -0.5533 0.5343
vn 0.6709 -0.5334 0.5151
vn 0.7013 -0.5128 0.4952
vn 0.7014 -0.5127 0.4951
vn 0.7308 -0.4910 0.4742
vn 0.7587 -0.4686 0.4525
vn 0.7854 -0.4452 0.4299
vn 0.8107 -0.4211 0.4067
vn 0.7854 -0.4452 0.4300
vn 0.8347 -0.3962 0.3826
vn 0.8346 -0.3962 0.3827
vn 0.8570 -0.3707 0.3580
vn 0.8570 -0.3707 0.3579
vn 0.8557 0.3722 -0.3594
vn 0.8557 0.3722 -0.3595
vn 0.8341 0.3968 -0.3832
vn 0.8110 0.4209 -0.4064
vn 0.8110 0.4208 -0.4064
vn 0.7866 0.4441 -0.4289
vn 0.7609 0.4668 -0.4508
vn 0.7341 0.4884 -0.4717
vn 0.7060 0.5095 -0.4920
vn 0.7341 0.4885 -0.4717
vn 0.6766 0.5297 -0.5115
vn 0.6463 0.5489 -0.5301
vn 0.6147 0.5674 -0.5479
vn 0.6148 0.5673 -0.5479
vn 0.5825 0.5847 -0.5646
vn 0.5824 0.5847 -0.5647
vn 0.5488 0.6013 -0.5807
vn 0.5146 0.6168 -0.5956
vn 0.5148 0.6167 -0.5955
vn 0.8557 0.3723 -0.3595
vn 0.8338 0.3971 -0.3835
vn 0.8106 0.4213 -0.4068
vn 0.7860 0.4447 -0.4295
vn 0.7601 0.4674 -0.4514
vn 0.7330 0.4893 -0.4725
vn 0.7045 0.5105 -0.4930
vn 0.6751 0.5307 -0.5125
vn 0.6444 0.5501 -0.5312
vn 0.6750 0.5307 -0.5125
vn 0.6126 0.5686 -0.5491
vn 0.9183 0.2848 -0.2750
vn 0.9183 0.2848 -0.2751
vn 0.9009 0.3122 -0.3015
vn 0.8822 0.3387 -0.3271
vn 0.8619 0.3647 -0.3522
vn 0.8402 0.3901 -0.3767
vn 0.8619 0.3648 -0.3522
vn 0.8171 0.4147 -0.4005
vn 0.7922 0.4390 -0.4239
vn 0.7662 0.4623 -0.4464
vn 0.7391 0.4846 -0.4679
vn 0.7103 0.5063 -0.4889
vn 0.6806 0.5270 -0.5089
vn 0.6496 0.5469 -0.5281
vn 0.6174 0.5659 -0.5465
vn 0.6495 0.5470 -0.5282
vn 0.6175 0.5658 -0.5464
vn 0.5844 0.5837 -0.5637
vn 0.5503 0.6006 -0.5800
vn 0.5501 0.6007 -0.5801
vn 0.5150 0.6166 -0.5955
vn -0.2935 -0.6877 0.6641
vn -0.2550 -0.6956 0.6717
vn -0.2158 -0.7024 0.6783
vn -0.1764 -0.7081 0.6838
vn -0.1766 -0.7080 0.6837
vn -0.1368 -0.7126 0.6881
vn -0.1367 -0.7126 0.6881
vn -0.0972 -0.7159 0.6914
vn -0.0568 -0.7182 0.6935
vn -0.0168 -0.7192 0.6946
vn -0.9919 -0.0914 0.0883
vn -0.9857 -0.1212 0.1170
vn -0.9778 -0.1506 0.1454
vn -0.9683 -0.1798 0.1736
vn -0.9570 -0.2086 0.2015
vn -0.9441 -0.2372 0.2291
vn -0.9295 -0.2652 0.2561
vn -0.9133 -0.2929 0.2829
vn -0.8956 -0.3200 0.3090
vn -0.8763 -0.3466 0.3347
vn -0.8553 -0.3727 0.3599
vn -0.8327 -0.3983 0.3846
vn -0.8327 -0.3984 0.3847
vn -0.8090 -0.4228 0.4083
vn -0.7833 -0.4471 0.4318
vn -0.7565 -0.4704 0.4543
vn -0.7285 -0.4928 0.4759
vn -0.7286 -0.4927 0.4758
vn -0.6991 -0.5143 0.4967
vn -0.6683 -0.5351 0.5168
vn -0.6365 -0.5548 0.5358
vn -0.6364 -0.5549 0.5358
vn -0.6037 -0.5735 0.5538
vn -0.6038 -0.5734 0.5537
vn -0.5696 -0.5913 0.5710
vn -0.5696 -0.5912 0.5710
vn -0.5347 -0.6079 0.5870
vn -0.4984 -0.6236 0.6022
vn -0.4618 -0.6380 0.6162
vn -0.4618 -0.6380 0.6161
vn -0.4239 -0.6515 0.6291
vn -0.4239 -0.6515 0.6292
vn -0.3859 -0.6636 0.6409
vn -0.3464 -0.6748 0.6517
vn -0.3857 -0.6637 0.6409
vn -0.3067 -0.6847 0.6612
vn -0.3466 -0.6748 0.6516
vn -0.2667 -0.6933 0.6695
vn -0.2666 -0.6933 0.6695
vn -0.2261 -0.7007 0.6767
vn -0.1846 -0.7070 0.6827
vn -0.2259 -0.7007 0.6767
vn -0.1848 -0.7069 0.6827
vn -0.1431 -0.7119 0.6875
vn -0.1019 -0.7156 0.6910
vn -0.1016 -0.7156 0.6911
vn -0.0594 -0.7181 0.6934
vn -0.0596 -0.7181 0.6934
vn -0.0179 -0.7192 0.6945
vn -0.8760 0.3470 -0.3351
vn -0.8948 0.3212 -0.3101
vn -0.8948 0.3212 -0.3102
vn -0.9122 0.2948 -0.2847
vn -0.9280 0.2680 -0.2588
vn -0.9424 0.2407 -0.2325
vn -0.9424 0.2407 -0.2324
vn -0.9552 0.2130 -0.2057
vn -0.9663 0.1851 -0.1787
vn -0.9760 0.1568 -0.1514
vn -0.9760 0.1567 -0.1514
vn -0.9840 0.1281 -0.1237
vn -0.9904 0.0993 -0.0959
vn -0.9952 0.0704 -0.0680
vn -0.9983 0.0414 -0.0400
vn -0.9999 0.0122 -0.0118
vn -0.8760 0.3469 -0.3350
vn -0.8950 0.3209 -0.3098
vn -0.8950 0.3208 -0.3098
vn -0.9124 0.2943 -0.2843
vn -0.9284 0.2672 -0.2581
vn -0.9125 0.2943 -0.2842
vn -0.9284 0.2673 -0.2581
vn -0.9428 0.2398 -0.2316
vn -0.9556 0.2119 -0.2046
vn -0.9668 0.1837 -0.1774
vn -0.9765 0.1552 -0.1498
vn -0.9844 0.1264 -0.1220
vn -0.9908 0.0974 -0.0941
vn -0.8022 0.4295 -0.4148
vn -0.8261 0.4054 -0.3915
vn -0.8490 0.3801 -0.3671
vn -0.8700 0.3547 -0.3425
vn -0.8898 0.3283 -0.3170
vn -0.8899 0.3282 -0.3169
vn -0.9079 0.3015 -0.2911
vn -0.9079 0.3015 -0.2912
vn -0.9246 0.2741 -0.2647
vn -0.9246 0.2740 -0.2646
vn -0.9396 0.2462 -0.2377
vn -0.9529 0.2181 -0.2106
vn -0.9396 0.2462 -0.2378
vn -0.9530 0.2180 -0.2106
vn -0.9647 0.1895 -0.1830
vn -0.9748 0.1604 -0.1549
vn -0.9832 0.1313 -0.1268
vn -0.9900 0.1016 -0.0981
vn -0.9949 0.0723 -0.0698
vn -0.9983 0.0423 -0.0409
vn -0.9998 0.0126 -0.0121
vn 0.9747 0.1609 -0.1554
vn 0.9746 0.1610 -0.1554
vn 0.9649 0.1890 -0.1825
vn 0.9535 0.2167 -0.2093
vn 0.9407 0.2441 -0.2357
vn 0.9263 0.2710 -0.2617
vn 0.9104 0.2976 -0.2874
vn 0.8931 0.3236 -0.3125
vn 0.6061 -0.5722 0.5525
vn 0.6387 -0.5535 0.5345
vn 0.6702 -0.5339 0.5156
vn 0.7006 -0.5133 0.4957
vn 0.7297 -0.4919 0.4750
vn 0.7576 -0.4695 0.4534
vn 0.7841 -0.4464 0.4311
vn 0.8093 -0.4226 0.4081
vn 0.8331 -0.3979 0.3842
vn 0.8554 -0.3726 0.3598
vn 0.8764 -0.3464 0.3346
vn 0.8764 -0.3465 0.3346
vn 0.8958 -0.3197 0.3087
vn 0.8958 -0.3197 0.3088
vn 0.9137 -0.2924 0.2824
vn 0.9137 -0.2923 0.2823
vn 0.9300 -0.2644 0.2554
vn 0.9445 -0.2363 0.2282
vn 0.9300 -0.2645 0.2554
vn 0.9445 -0.2362 0.2281
vn 0.9575 -0.2074 0.2003
vn 0.9575 -0.2075 0.2003
vn 0.9689 -0.1781 0.1720
vn 0.9783 -0.1490 0.1438
vn 0.9783 -0.1489 0.1438
vn 0.9862 -0.1191 0.1150
vn 0.9923 -0.0893 0.0862
vn 0.9966 -0.0592 0.0572
vn 0.9992 -0.0291 0.0281
vn 1.0000 0.0012 -0.0012
vn 0.9991 0.0313 -0.0302
vn 0.9963 0.0616 -0.0595
vn 0.9918 0.0917 -0.0885
vn 0.9856 0.1216 -0.1174
vn 0.9777 0.1512 -0.1460
vn 0.9856 0.1215 -0.1174
vn 0.9680 0.1805 -0.1743
vn 0.9566 0.2096 -0.2024
vn 0.9435 0.2385 -0.2303
vn 0.9566 0.2096 -0.2025
vn 0.9435 0.2384 -0.2302
vn 0.9287 0.2667 -0.2575
vn 0.9123 0.2945 -0.2844
vn 0.9288 0.2666 -0.2575
vn 0.9123 0.2946 -0.2845
vn 0.8943 0.3218 -0.3108
vn 0.8943 0.3219 -0.3108
vn 0.8747 0.3486 -0.3367
vn 0.8760 -0.3470 0.3351
vn 0.8760 -0.3469 0.3350
vn 0.8948 -0.3212 0.3102
vn 0.8948 -0.3212 0.3101
vn 0.9122 -0.2948 0.2846
vn 0.9122 -0.2948 0.2847
vn 0.9280 -0.2680 0.2588
vn 0.9424 -0.2407 0.2324
vn 0.9423 -0.2407 0.2325
vn 0.9552 -0.2130 0.2057
vn 0.9663 -0.1851 0.1787
vn 0.9760 -0.1567 0.1514
vn 0.9840 -0.1281 0.1237
vn 0.9904 -0.0993 0.0959
vn 0.9952 -0.0704 0.0680
vn 0.9983 -0.0414 0.0400
vn 0.9999 -0.0122 0.0118
vn 0.8950 -0.3209 0.3098
vn 0.8950 -0.3209 0.3099
vn 0.9124 -0.2943 0.2842
vn 0.9284 -0.2673 0.2581
vn 0.9124 -0.2944 0.2843
vn 0.9284 -0.2672 0.2581
vn 0.9428 -0.2398 0.2316
vn 0.9556 -0.2119 0.2046
vn 0.9668 -0.1837 0.1774
vn 0.9765 -0.1552 0.1498
vn 0.9844 -0.1264 0.1220
vn 0.9908 -0.0974 0.0941
vn 0.8022 -0.4295 0.4147
vn 0.8022 -0.4295 0.4148
vn 0.8261 -0.4054 0.3915
vn 0.8490 -0.3801 0.3670
vn 0.8699 -0.3548 0.3426
vn 0.8898 -0.3282 0.3169
vn 0.8899 -0.3282 0.3169
vn 0.9079 -0.3016 0.2912
vn 0.9079 -0.3015 0.2912
vn 0.9246 -0.2740 0.2646
vn 0.9396 -0.2462 0.2378
vn 0.9246 -0.2741 0.2647
vn 0.9530 -0.2180 0.2106
vn 0.9529 -0.2181 0.2106
vn 0.9647 -0.1895 0.1830
vn 0.9748 -0.1604 0.1549
vn 0.9832 -0.1313 0.1268
vn 0.9900 -0.1016 0.0981
vn 0.9949 -0.0723 0.0698
vn 0.9983 -0.0423 0.0409
vn 0.9998 -0.0126 0.0121
vn -0.9746 -0.1610 0.1554
vn -0.9747 -0.1609 0.1554
vn -0.9649 -0.1890 0.1825
vn -0.9535 -0.2167 0.2093
vn -0.9407 -0.2441 0.2357
vn -0.9263 -0.2710 0.2617
vn -0.9104 -0.2976 0.2874
vn -0.8931 -0.3236 0.3125
vn -0.8743 -0.3492 0.3372
vn -0.8743 -0.3491 0.3371
vn -0.6061 0.5722 -0.5525
vn -0.6387 0.5535 -0.5345
vn -0.6702 0.5339 -0.5156
vn -0.7006 0.5133 -0.4957
vn -0.7297 0.4919 -0.4750
vn -0.7576 0.4695 -0.4534
vn -0.7841 0.4464 -0.4311
vn -0.8093 0.4226 -0.4081
vn -0.8331 0.3979 -0.3842
vn -0.8554 0.3726 -0.3598
vn -0.8764 0.3465 -0.3346
vn -0.8958 0.3197 -0.3088
vn -0.8958 0.3197 -0.3087
vn -0.9137 0.2923 -0.2823
vn -0.9137 0.2924 -0.2824
vn -0.9299 0.2645 -0.2554
vn -0.9445 0.2363 -0.2281
vn -0.9300 0.2644 -0.2554
vn -0.9445 0.2363 -0.2282
vn -0.9575 0.2074 -0.2003
vn -0.9689 0.1781 -0.1720
vn -0.9783 0.1489 -0.1438
vn -0.9783 0.1490 -0.1438
vn -0.9862 0.1191 -0.1150
vn -0.9923 0.0893 -0.0862
vn -0.9966 0.0592 -0.0572
vn -0.9992 0.0291 -0.0281
vn -1.0000 -0.0012 0.0012
vn -0.9991 -0.0313 0.0302
vn -0.9963 -0.0616 0.0595
vn -0.9918 -0.0917 0.0885
vn -0.9856 -0.1216 0.1174
vn -0.9777 -0.1512 0.1460
vn -0.9856 -0.1215 0.1174
vn -0.9777 -0.1511 0.1460
vn -0.9680 -0.1805 0.1743
vn -0.9566 -0.2096 0.2024
vn -0.9435 -0.2384 0.2302
vn -0.9566 -0.2096 0.2025
vn -0.9435 -0.2384 0.2303
vn -0.9288 -0.2666 0.2575
vn -0.9123 -0.2946 0.2845
vn -0.9287 -0.2667 0.2575
vn -0.9124 -0.2945 0.2843
vn -0.8943 -0.3219 0.3108
vn -0.8747 -0.3486 0.3366
vn -0.8747 -0.3486 0.3367
vn 0.9984 0.0405 -0.0391
vn 0.9953 0.0697 -0.0673
vn 0.9905 0.0987 -0.0953
vn 0.9841 0.1276 -0.1232
vn 0.9762 0.1561 -0.1508
vn 0.9665 0.1846 -0.1783
vn 0.9553 0.2126 -0.2053
vn 0.9553 0.2127 -0.2054
vn 0.9425 0.2404 -0.2322
vn 0.9281 0.2678 -0.2586
vn 0.8949 0.3210 -0.3100
vn 0.8760 0.3470 -0.3351
vn 0.7223 0.4975 -0.4804
vn 0.6916 0.5196 -0.5018
vn 0.6594 0.5408 -0.5223
vn 0.6594 0.5408 -0.5222
vn 0.5555 0.5982 -0.5776
vn 0.5189 0.6149 -0.5938
vn 0.4810 0.6306 -0.6090
vn 0.3624 0.6704 -0.6474
vn 0.2378 0.6987 -0.6747
vn 0.1950 0.7055 -0.6813
vn 0.1089 0.7151 -0.6905
vn 0.0655 0.7178 -0.6932
vn 0.0219 0.7192 -0.6945
vn -0.0609 0.7180 -0.6934
vn -0.1014 0.7156 -0.6911
vn -0.1417 0.7121 -0.6876
vn -0.1418 0.7121 -0.6876
vn -0.1819 0.7073 -0.6831
vn -0.1818 0.7074 -0.6831
vn -0.2215 0.7015 -0.6774
vn -0.2610 0.6944 -0.6706
vn -0.2216 0.7014 -0.6774
vn -0.3000 0.6862 -0.6627
vn -0.3385 0.6769 -0.6536
vn -0.3764 0.6664 -0.6436
vn -0.3765 0.6664 -0.6436
vn -0.4138 0.6549 -0.6324
vn -0.4504 0.6422 -0.6202
vn -0.9985 -0.0399 0.0385
vn -0.9953 -0.0697 0.0673
vn -0.9904 -0.0994 0.0959
vn -0.9839 -0.1287 0.1243
vn -0.9904 -0.0993 0.0959
vn -0.9756 -0.1581 0.1527
vn -0.9656 -0.1870 0.1806
vn -0.9540 -0.2156 0.2082
vn -0.9407 -0.2440 0.2356
vn -0.9258 -0.2719 0.2625
vn 0.7322 0.4900 -0.4731
vn 0.7322 0.4899 -0.4731
vn 0.7042 0.5107 -0.4932
vn 0.6752 0.5306 -0.5124
vn 0.7043 0.5107 -0.4932
vn 0.6451 0.5496 -0.5308
vn 0.6451 0.5497 -0.5308
vn 0.6137 0.5679 -0.5484
vn 0.5816 0.5851 -0.5651
vn 0.5485 0.6015 -0.5808
vn 0.5145 0.6168 -0.5957
vn 0.9998 0.0150 -0.0145
vn 0.9980 0.0454 -0.0438
vn 0.9945 0.0754 -0.0728
vn 0.9892 0.1053 -0.1017
vn 0.9821 0.1354 -0.1307
vn 0.9734 0.1647 -0.1591
vn 0.9629 0.1941 -0.1874
vn 0.9629 0.1940 -0.1874
vn 0.9508 0.2229 -0.2153
vn 0.9369 0.2514 -0.2428
vn 0.9508 0.2230 -0.2153
vn 0.9213 0.2797 -0.2701
vn 0.9043 0.3071 -0.2965
vn 0.9043 0.3072 -0.2966
vn 0.8854 0.3343 -0.3229
vn 0.8653 0.3605 -0.3481
vn 0.8433 0.3866 -0.3734
vn 0.8432 0.3867 -0.3734
vn 0.8202 0.4115 -0.3974
vn 0.8203 0.4115 -0.3973
vn 0.7952 0.4362 -0.4212
vn 0.7691 0.4598 -0.4440
vn 0.7416 0.4826 -0.4660
vn 0.7692 0.4597 -0.4439
vn 0.7127 0.5046 -0.4873
vn 0.7128 0.5045 -0.4872
vn 0.6828 0.5256 -0.5075
vn 0.6829 0.5255 -0.5075
vn 0.6514 0.5458 -0.5271
vn 0.6512 0.5459 -0.5272
vn 0.6189 0.5650 -0.5456
vn 0.5855 0.5832 -0.5631
vn 0.5507 0.6004 -0.5798
vn 0.5855 0.5831 -0.5631
vn 0.5151 0.6166 -0.5954
vn 0.5152 0.6165 -0.5953
vn 0.8660 0.3596 -0.3473
vn 0.9225 -0.2776 0.2681
vn 0.9379 -0.2496 0.2410
vn 0.9515 -0.2213 0.2137
vn 0.9635 -0.1925 0.1859
vn 0.9738 -0.1635 0.1579
vn 0.9824 -0.1342 0.1296
vn 0.9894 -0.1046 0.1011
vn 0.9894 -0.1046 0.1010
vn 0.9946 -0.0748 0.0723
vn 0.9980 -0.0450 0.0434
vn 0.9998 -0.0150 0.0145
vn 0.5717 -0.5902 0.5700
vn 0.6055 -0.5725 0.5528
vn 0.6386 -0.5536 0.5346
vn 0.6056 -0.5724 0.5528
vn 0.6704 -0.5338 0.5155
vn 0.6385 -0.5536 0.5346
vn 0.7010 -0.5130 0.4954
vn 0.7304 -0.4913 0.4745
vn 0.7585 -0.4688 0.4527
vn 0.7852 -0.4454 0.4301
vn 0.8107 -0.4212 0.4067
vn 0.8345 -0.3963 0.3827
vn -0.9932 0.0837 -0.0808
vn -0.9972 0.0537 -0.0519
vn -0.9994 0.0239 -0.0231
vn -1.0000 -0.0058 0.0056
vn -0.9988 -0.0358 0.0346
vn -0.9959 -0.0653 0.0631
vn -0.9912 -0.0951 0.0918
vn -0.9848 -0.1248 0.1206
vn -0.9768 -0.1539 0.1486
vn -0.9848 -0.1249 0.1206
vn -0.9671 -0.1830 0.1767
vn -0.9671 -0.1829 0.1767
vn -0.9558 -0.2115 0.2043
vn -0.9558 -0.2116 0.2043
vn -0.9427 -0.2399 0.2317
vn -0.9280 -0.2680 0.2588
vn -0.9280 -0.2681 0.2589
vn -0.9119 -0.2952 0.2851
vn -0.8939 -0.3224 0.3114
vn -0.8939 -0.3224 0.3113
vn -0.8746 -0.3487 0.3367
vn -0.8747 -0.3487 0.3367
vn 0.3959 -0.6606 0.6379
vn 0.3961 -0.6605 0.6378
vn 0.4338 -0.6481 0.6259
vn 0.4340 -0.6481 0.6258
vn 0.4708 -0.6346 0.6128
vn 0.5071 -0.6200 0.5987
vn 0.4708 -0.6346 0.6129
vn 0.5424 -0.6044 0.5836
vn 0.5424 -0.6043 0.5836
vn 0.5768 -0.5876 0.5675
vn 0.5767 -0.5877 0.5675
vn 0.6100 -0.5700 0.5504
vn 0.6102 -0.5699 0.5503
vn 0.6425 -0.5512 0.5323
vn 0.6738 -0.5316 0.5133
vn 0.6737 -0.5316 0.5133
vn 0.7038 -0.5110 0.4935
vn 0.7327 -0.4895 0.4727
vn 0.7602 -0.4673 0.4513
vn 0.7866 -0.4441 0.4289
vn 0.7866 -0.4442 0.4289
vn 0.8115 -0.4204 0.4060
vn 0.8351 -0.3957 0.3822
vn 0.8572 -0.3704 0.3577
vn -0.9964 -0.0609 0.0588
vn -0.9920 -0.0910 0.0879
vn -0.9920 -0.0910 0.0878
vn -0.9858 -0.1210 0.1168
vn -0.9778 -0.1507 0.1456
vn -0.9681 -0.1802 0.1740
vn -0.9567 -0.2093 0.2022
vn -0.9436 -0.2382 0.2301
vn -0.9288 -0.2665 0.2574
vn -0.9124 -0.2944 0.2843
vn -0.8945 -0.3216 0.3106
vn -0.8944 -0.3217 0.3106
vn -0.1272 0.7135 -0.6890
vn -0.1683 0.7091 -0.6847
vn -0.2094 0.7034 -0.6793
vn -0.1684 0.7091 -0.6847
vn -0.2093 0.7034 -0.6793
vn -0.2499 0.6965 -0.6726
vn -0.2901 0.6884 -0.6648
vn -0.2500 0.6965 -0.6726
vn -0.3298 0.6791 -0.6558
vn -0.3297 0.6791 -0.6558
vn -0.3687 0.6687 -0.6457
vn -0.3688 0.6686 -0.6457
vn -0.4072 0.6570 -0.6345
vn -0.4449 0.6442 -0.6221
vn -0.4818 0.6303 -0.6087
vn -0.4819 0.6303 -0.6087
vn -0.5181 0.6153 -0.5942
vn -0.5183 0.6152 -0.5941
vn -0.5537 0.5990 -0.5785
vn -0.5535 0.5991 -0.5786
vn -0.5879 0.5819 -0.5619
vn -0.5881 0.5818 -0.5618
vn -0.6215 0.5635 -0.5442
vn -0.6538 0.5443 -0.5256
vn -0.6537 0.5444 -0.5257
vn -0.6850 0.5240 -0.5061
vn -0.6852 0.5240 -0.5060
vn -0.7150 0.5029 -0.4857
vn -0.7149 0.5030 -0.4857
vn -0.7440 0.4806 -0.4642
vn -0.7711 0.4580 -0.4423
vn -0.7712 0.4579 -0.4422
vn -0.7972 0.4343 -0.4194
vn -0.8221 0.4096 -0.3955
vn -0.8452 0.3845 -0.3713
vn -0.8667 0.3588 -0.3465
vn -0.8870 0.3321 -0.3207
vn -0.9057 0.3050 -0.2945
vn -0.9056 0.3050 -0.2946
vn -0.9227 0.2773 -0.2678
vn -0.9380 0.2494 -0.2408
vn -0.9227 0.2773 -0.2677
vn -0.9518 0.2207 -0.2132
vn -0.9517 0.2208 -0.2132
vn -0.9639 0.1916 -0.1851
vn -0.9741 0.1626 -0.1570
vn -0.9828 0.1330 -0.1284
vn -0.9897 0.1028 -0.0993
vn -0.9948 0.0733 -0.0708
vn -0.9897 0.1029 -0.0993
vn -0.9982 0.0429 -0.0415
vn -0.9998 0.0126 -0.0122
vn -0.4504 -0.6422 0.6202
vn -0.4138 -0.6549 0.6324
vn -0.3765 -0.6664 0.6436
vn -0.3385 -0.6769 0.6536
vn -0.3764 -0.6664 0.6436
vn -0.3000 -0.6862 0.6627
vn -0.2610 -0.6944 0.6706
vn -0.2216 -0.7014 0.6774
vn -0.2215 -0.7015 0.6774
vn -0.1818 -0.7074 0.6831
vn -0.1819 -0.7073 0.6831
vn -0.1418 -0.7121 0.6876
vn -0.1013 -0.7156 0.6911
vn -0.1014 -0.7156 0.6911
vn -0.0608 -0.7180 0.6934
vn -0.0609 -0.7180 0.6934
vn -0.0204 -0.7192 0.6945
vn -0.0203 -0.7192 0.6945
vn 0.2378 -0.6987 0.6747
vn 0.2798 -0.6906 0.6669
vn 0.3215 -0.6812 0.6578
vn 0.4027 -0.6584 0.6358
vn 0.4810 -0.6306 0.6090
vn 0.5188 -0.6149 0.5938
vn 0.6594 -0.5408 0.5223
vn 0.6594 -0.5408 0.5222
vn 0.7223 -0.4975 0.4804
vn 0.8949 -0.3210 0.3100
vn 0.9123 -0.2946 0.2845
vn 0.9281 -0.2678 0.2586
vn 0.9425 -0.2404 0.2322
vn 0.9553 -0.2127 0.2054
vn 0.9553 -0.2126 0.2053
vn 0.9665 -0.1846 0.1783
vn 0.9762 -0.1561 0.1508
vn 0.9841 -0.1276 0.1232
vn 0.9905 -0.0987 0.0953
vn 0.9984 -0.0405 0.0391
vn -0.9559 0.2112 -0.2040
vn -0.9670 0.1833 -0.1770
vn -0.9764 0.1553 -0.1500
vn -0.9843 0.1270 -0.1226
vn -0.9906 0.0984 -0.0950
vn -0.9906 0.0984 -0.0951
vn -0.9953 0.0697 -0.0673
vn -0.9984 0.0410 -0.0396
vn -0.9999 0.0121 -0.0116
vn -0.9999 0.0121 -0.0117
vn 0.5473 -0.6021 0.5814
vn 0.5815 -0.5852 0.5651
vn 0.6148 -0.5674 0.5479
vn 0.6470 -0.5485 0.5297
vn 0.6780 -0.5287 0.5106
vn 0.7080 -0.5080 0.4906
vn 0.7366 -0.4865 0.4698
vn 0.7079 -0.5081 0.4906
vn 0.7641 -0.4641 0.4482
vn 0.7367 -0.4865 0.4698
vn 0.7902 -0.4409 0.4257
vn 0.7641 -0.4641 0.4481
vn 0.7902 -0.4409 0.4258
vn -0.5480 0.6017 -0.5811
vn -0.5815 0.5852 -0.5651
vn -0.5816 0.5852 -0.5651
vn -0.6141 0.5677 -0.5483
vn -0.6457 0.5493 -0.5305
vn -0.6456 0.5493 -0.5305
vn -0.6760 0.5300 -0.5119
vn -0.6761 0.5300 -0.5118
vn -0.7056 0.5098 -0.4923
vn -0.7337 0.4888 -0.4720
vn -0.7607 0.4669 -0.4509
vn -0.7864 0.4443 -0.4291
vn -0.8108 0.4210 -0.4066
vn -0.8339 0.3970 -0.3833
vn -0.8340 0.3970 -0.3833
vn -0.8558 0.3722 -0.3594
vn -0.8557 0.3722 -0.3594
vn -0.8969 0.3182 -0.3072
vn -0.9320 0.2607 -0.2518
vn -0.9469 0.2312 -0.2233
vn -0.9884 0.1095 -0.1057
vn -0.9941 0.0782 -0.0755
vn -0.9941 0.0782 -0.0756
vn -0.9979 0.0471 -0.0455
vn -0.9998 0.0157 -0.0152
vn -0.9998 -0.0157 0.0152
vn -0.9979 -0.0471 0.0455
vn -0.9941 -0.0782 0.0755
vn -0.9941 -0.0782 0.0756
vn -0.9884 -0.1095 0.1057
vn -0.9469 -0.2312 0.2233
vn -0.9320 -0.2607 0.2518
vn -0.8969 -0.3182 0.3072
vn -0.8558 -0.3722 0.3594
vn -0.8339 -0.3970 0.3833
vn -0.8108 -0.4210 0.4066
vn -0.7864 -0.4443 0.4291
vn -0.7607 -0.4669 0.4509
vn -0.7337 -0.4888 0.4720
vn -0.7056 -0.5098 0.4923
vn -0.6761 -0.5300 0.5118
vn -0.6457 -0.5493 0.5305
vn -0.6456 -0.5493 0.5305
vn -0.6140 -0.5678 0.5483
vn -0.6141 -0.5677 0.5482
vn -0.5816 -0.5852 0.5651
vn -0.5815 -0.5852 0.5651
vn -0.5480 -0.6017 0.5811
vn 0.4512 0.6419 -0.6199
vn 0.4138 0.6549 -0.6324
vn 0.4512 0.6420 -0.6199
vn 0.3757 0.6666 -0.6438
vn 0.3368 0.6773 -0.6541
vn 0.3756 0.6667 -0.6438
vn 0.2976 0.6868 -0.6632
vn 0.3369 0.6773 -0.6541
vn 0.2576 0.6951 -0.6712
vn 0.2174 0.7021 -0.6780
vn 0.1766 0.7080 -0.6837
vn 0.1357 0.7127 -0.6882
vn 0.2237 -0.7011 0.6770
vn 0.2627 -0.6941 0.6703
vn 0.3014 -0.6859 0.6624
vn 0.2626 -0.6941 0.6703
vn 0.3392 -0.6767 0.6535
vn 0.3013 -0.6859 0.6624
vn 0.3393 -0.6767 0.6535
vn 0.3769 -0.6663 0.6434
vn 0.4136 -0.6549 0.6324
vn 0.4498 -0.6425 0.6204
vn 0.4855 -0.6289 0.6073
vn -0.4818 -0.6303 0.6087
vn -0.4444 -0.6444 0.6223
vn -0.4063 -0.6573 0.6347
vn -0.4061 -0.6573 0.6348
vn -0.3678 -0.6689 0.6460
vn -0.3282 -0.6795 0.6562
vn -0.3680 -0.6688 0.6459
vn -0.2884 -0.6888 0.6651
vn -0.2481 -0.6968 0.6729
vn -0.2479 -0.6969 0.6730
vn -0.2068 -0.7038 0.6796
vn -0.2070 -0.7038 0.6796
vn -0.1655 -0.7094 0.6851
vn -0.1243 -0.7138 0.6893
vn -0.1240 -0.7138 0.6893
vn -0.0825 -0.7169 0.6923
vn -0.0823 -0.7169 0.6923
vn -0.0403 -0.7188 0.6941
vn 0.0017 -0.7193 0.6947
vn 0.0016 -0.7193 0.6947
vn 0.0436 -0.7187 0.6940
vn 0.0437 -0.7187 0.6940
vn 0.0856 -0.7167 0.6921
vn 0.0857 -0.7167 0.6921
vn 0.1274 -0.7135 0.6890
vn 0.1686 -0.7090 0.6847
vn 0.2103 -0.7032 0.6791
vn 0.1689 -0.7090 0.6847
vn 0.2104 -0.7032 0.6791
vn 0.2509 -0.6963 0.6724
vn 0.2917 -0.6881 0.6645
vn 0.3313 -0.6787 0.6554
vn 0.2915 -0.6881 0.6645
vn 0.3315 -0.6787 0.6554
vn 0.3707 -0.6681 0.6452
vn 0.4095 -0.6563 0.6337
vn 0.3705 -0.6682 0.6452
vn 0.4097 -0.6562 0.6337
vn 0.4474 -0.6433 0.6212
vn 0.4473 -0.6434 0.6213
vn 0.4845 -0.6293 0.6077
vn -0.7954 -0.4360 0.4210
vn -0.7695 -0.4594 0.4437
vn -0.7421 -0.4821 0.4656
vn -0.7136 -0.5039 0.4866
vn -0.6838 -0.5249 0.5069
vn -0.6527 -0.5450 0.5263
vn -0.6206 -0.5641 0.5447
vn -0.6206 -0.5640 0.5447
vn -0.5874 -0.5822 0.5622
vn -0.5532 -0.5993 0.5787
vn -0.5179 -0.6154 0.5942
vn 0.4248 0.6512 -0.6289
vn 0.3864 0.6635 -0.6407
vn 0.3473 0.6746 -0.6514
vn 0.3074 0.6845 -0.6610
vn 0.2672 0.6932 -0.6694
vn 0.2262 0.7007 -0.6766
vn 0.2671 0.6932 -0.6694
vn 0.1851 0.7069 -0.6827
vn 0.2263 0.7007 -0.6766
vn 0.1436 0.7119 -0.6875
vn 0.1850 0.7069 -0.6827
vn 0.1019 0.7156 -0.6910
vn 0.1438 0.7119 -0.6874
vn 0.0598 0.7181 -0.6934
vn 0.1017 0.7156 -0.6911
vn 0.0177 0.7192 -0.6945
vn 0.0597 0.7181 -0.6934
vn 0.0178 0.7192 -0.6945
vn 0.5972 0.5770 -0.5572
vn 0.5633 0.5944 -0.5740
vn 0.5633 0.5943 -0.5740
vn 0.5286 0.6106 -0.5897
vn 0.4930 0.6258 -0.6044
vn 0.4928 0.6259 -0.6044
vn 0.4565 0.6400 -0.6181
vn 0.4189 0.6532 -0.6308
vn 0.4191 0.6531 -0.6307
vn 0.3813 0.6650 -0.6422
vn 0.3423 0.6759 -0.6527
vn 0.3811 0.6651 -0.6422
vn 0.3032 0.6855 -0.6620
vn 0.3033 0.6855 -0.6619
vn 0.2632 0.6940 -0.6702
vn 0.2231 0.7012 -0.6772
vn 0.1824 0.7073 -0.6830
vn 0.2229 0.7012 -0.6772
vn 0.1415 0.7121 -0.6877
vn 0.1417 0.7121 -0.6877
vn 0.1001 0.7157 -0.6912
vn 0.0592 0.7181 -0.6934
vn 0.0176 0.7192 -0.6946
vn 0.0174 0.7192 -0.6946
vn -0.8557 -0.3723 0.3595
vn -0.8557 -0.3722 0.3595
vn -0.8341 -0.3968 0.3832
vn -0.8110 -0.4208 0.4064
vn -0.8110 -0.4209 0.4064
vn -0.7866 -0.4441 0.4289
vn -0.7609 -0.4668 0.4508
vn -0.7867 -0.4441 0.4288
vn -0.7341 -0.4885 0.4717
vn -0.7060 -0.5095 0.4920
vn -0.6766 -0.5297 0.5115
vn -0.6463 -0.5489 0.5301
vn -0.6148 -0.5673 0.5479
vn -0.6147 -0.5674 0.5479
vn -0.5824 -0.5847 0.5647
vn -0.5825 -0.5847 0.5646
vn -0.5488 -0.6013 0.5807
vn -0.5148 -0.6167 0.5956
vn -0.5146 -0.6168 0.5956
vn -0.8338 -0.3971 0.3835
vn -0.8106 -0.4213 0.4068
vn -0.7860 -0.4447 0.4295
vn -0.7601 -0.4674 0.4514
vn -0.7330 -0.4893 0.4726
vn -0.7045 -0.5105 0.4930
vn -0.7330 -0.4893 0.4725
vn -0.6751 -0.5307 0.5125
vn -0.6444 -0.5501 0.5312
vn -0.6126 -0.5686 0.5491
vn -0.9183 -0.2848 0.2751
vn -0.9183 -0.2848 0.2750
vn -0.9009 -0.3122 0.3015
vn -0.8822 -0.3387 0.3271
vn -0.8619 -0.3648 0.3522
vn -0.8402 -0.3901 0.3767
vn -0.8619 -0.3647 0.3522
vn -0.8171 -0.4147 0.4005
vn -0.7922 -0.4389 0.4239
vn -0.7923 -0.4389 0.4239
vn -0.7662 -0.4623 0.4464
vn -0.7391 -0.4846 0.4679
vn -0.7103 -0.5063 0.4889
vn -0.6806 -0.5270 0.5089
vn -0.6495 -0.5470 0.5282
vn -0.6175 -0.5658 0.5464
vn -0.6496 -0.5469 0.5281
vn -0.6174 -0.5659 0.5465
vn -0.5844 -0.5837 0.5637
vn -0.5501 -0.6007 0.5801
vn -0.5503 -0.6006 0.5800
vn -0.5150 -0.6166 0.5955
vn -0.5150 -0.6166 0.5954
vn 0.2935 0.6877 -0.6641
vn 0.2550 0.6956 -0.6717
vn 0.2158 0.7024 -0.6783
vn 0.1765 0.7081 -0.6838
vn 0.1368 0.7126 -0.6881
vn 0.0971 0.7159 -0.6914
vn 0.0972 0.7159 -0.6914
vn 0.0568 0.7182 -0.6935
vn 0.0168 0.7192 -0.6946
vn 0.0569 0.7182 -0.6935
vn 0.9919 0.0914 -0.0883
vn 0.9857 0.1212 -0.1170
vn 0.9778 0.1506 -0.1454
vn 0.9683 0.1798 -0.1736
vn 0.9570 0.2086 -0.2015
vn 0.9441 0.2372 -0.2291
vn 0.9295 0.2652 -0.2561
vn 0.9133 0.2929 -0.2829
vn 0.8956 0.3200 -0.3090
vn 0.8763 0.3466 -0.3347
vn 0.8554 0.3727 -0.3599
vn 0.8553 0.3727 -0.3599
vn 0.8327 0.3984 -0.3847
vn 0.8327 0.3983 -0.3846
vn 0.8090 0.4228 -0.4083
vn 0.8089 0.4229 -0.4084
vn 0.7833 0.4472 -0.4318
vn 0.7566 0.4704 -0.4543
vn 0.7834 0.4471 -0.4317
vn 0.7564 0.4705 -0.4543
vn 0.7286 0.4927 -0.4758
vn 0.6990 0.5144 -0.4968
vn 0.6991 0.5144 -0.4967
vn 0.6684 0.5351 -0.5167
vn 0.6683 0.5351 -0.5168
vn 0.6364 0.5549 -0.5358
vn 0.6365 0.5548 -0.5357
vn 0.6038 0.5734 -0.5537
vn 0.6037 0.5735 -0.5538
vn 0.5696 0.5913 -0.5710
vn 0.5696 0.5912 -0.5710
vn 0.5347 0.6079 -0.5870
vn 0.5346 0.6079 -0.5871
vn 0.4984 0.6236 -0.6022
vn 0.4618 0.6381 -0.6162
vn 0.4618 0.6380 -0.6161
vn 0.4239 0.6515 -0.6292
vn 0.3857 0.6637 -0.6409
vn 0.3466 0.6747 -0.6516
vn 0.3858 0.6636 -0.6409
vn 0.3068 0.6847 -0.6612
vn 0.3464 0.6748 -0.6517
vn 0.3067 0.6847 -0.6612
vn 0.2667 0.6933 -0.6695
vn 0.2259 0.7007 -0.6767
vn 0.1849 0.7069 -0.6827
vn 0.2261 0.7007 -0.6767
vn 0.1846 0.7070 -0.6827
vn 0.1431 0.7119 -0.6875
vn 0.1016 0.7156 -0.6911
vn 0.0596 0.7181 -0.6934
vn 0.0179 0.7192 -0.6945
vn 0.0203 -0.7192 0.6945
vn 0.0608 -0.7180 0.6934
vn 0.1012 -0.7156 0.6911
vn 0.1412 -0.7121 0.6877
vn 0.1815 -0.7074 0.6831
vn 0.2211 -0.7015 0.6775
vn 0.2603 -0.6945 0.6707
vn 0.2604 -0.6945 0.6707
vn 0.2993 -0.6864 0.6628
vn 0.3377 -0.6771 0.6538
vn 0.3377 -0.6771 0.6539
vn 0.3756 -0.6667 0.6438
vn 0.4128 -0.6552 0.6327
vn 0.4494 -0.6426 0.6205
vn 0.4494 -0.6426 0.6206
vn 0.4853 -0.6290 0.6074
vn 0.0204 -0.7192 0.6945
vn 0.0612 -0.7180 0.6934
vn 0.1019 -0.7156 0.6910
vn 0.1424 -0.7120 0.6876
vn 0.1826 -0.7072 0.6830
vn 0.2226 -0.7013 0.6772
vn 0.2227 -0.7013 0.6772
vn 0.2623 -0.6942 0.6703
vn 0.3014 -0.6859 0.6623
vn 0.3401 -0.6765 0.6533
vn 0.3782 -0.6659 0.6431
vn 0.3783 -0.6659 0.6430
vn -0.1163 -0.7145 0.6899
vn -0.1160 -0.7145 0.6900
vn -0.0748 -0.7173 0.6927
vn -0.0745 -0.7173 0.6927
vn -0.0334 -0.7189 0.6943
vn 0.0082 -0.7193 0.6946
vn 0.0493 -0.7185 0.6938
vn 0.0494 -0.7185 0.6938
vn 0.0912 -0.7163 0.6918
vn 0.1321 -0.7130 0.6886
vn 0.1735 -0.7084 0.6841
vn 0.2139 -0.7027 0.6786
vn 0.2541 -0.6957 0.6718
vn 0.2944 -0.6875 0.6639
vn 0.3337 -0.6781 0.6548
vn 0.3723 -0.6676 0.6447
vn 0.4106 -0.6559 0.6334
vn 0.4107 -0.6559 0.6334
vn 0.4480 -0.6431 0.6211
vn 0.4480 -0.6431 0.6210
vn 0.4848 -0.6292 0.6076
vn -0.6812 0.5267 -0.5086
vn -0.6811 0.5267 -0.5086
vn -0.7099 0.5066 -0.4893
vn -0.7377 0.4856 -0.4690
vn -0.7100 0.5066 -0.4892
vn -0.7642 0.4640 -0.4480
vn -0.7376 0.4857 -0.4690
vn -0.7895 0.4415 -0.4264
vn -0.8134 0.4184 -0.4040
vn -0.8361 0.3946 -0.3810
vn -0.8575 0.3700 -0.3573
vn 0.3858 0.6637 -0.6409
vn 0.3470 0.6746 -0.6515
vn 0.3076 0.6845 -0.6610
vn 0.2678 0.6931 -0.6693
vn 0.2273 0.7005 -0.6765
vn 0.2677 0.6931 -0.6693
vn 0.1865 0.7067 -0.6825
vn 0.1454 0.7117 -0.6873
vn 0.1040 0.7154 -0.6909
vn 0.0625 0.7179 -0.6933
vn 0.0208 0.7192 -0.6945
vn -0.0210 0.7192 -0.6945
vn -0.0630 0.7179 -0.6933
vn -0.1049 0.7154 -0.6908
vn -0.1467 0.7116 -0.6871
vn -0.1880 0.7065 -0.6823
vn -0.1465 0.7116 -0.6872
vn -0.1882 0.7065 -0.6822
vn -0.2289 0.7002 -0.6762
vn -0.2288 0.7003 -0.6762
vn -0.2695 0.6927 -0.6690
vn -0.2698 0.6927 -0.6689
vn -0.3103 0.6838 -0.6604
vn -0.3099 0.6839 -0.6605
vn -0.3495 0.6740 -0.6509
vn -0.3497 0.6739 -0.6508
vn -0.3886 0.6628 -0.6401
vn -0.3887 0.6628 -0.6400
vn -0.4272 0.6504 -0.6281
vn -0.4646 0.6370 -0.6151
vn -0.5012 0.6225 -0.6011
vn -0.5014 0.6224 -0.6010
vn -0.5375 0.6066 -0.5858
vn -0.5374 0.6067 -0.5858
vn -0.5722 0.5899 -0.5697
vn -0.6063 0.5721 -0.5524
vn -0.6390 0.5533 -0.5343
vn -0.6709 0.5334 -0.5151
vn -0.6392 0.5532 -0.5342
vn -0.6708 0.5335 -0.5152
vn -0.7014 0.5127 -0.4951
vn -0.7013 0.5128 -0.4952
vn -0.7308 0.4910 -0.4742
vn -0.7587 0.4686 -0.4525
vn -0.7854 0.4452 -0.4299
vn -0.8107 0.4211 -0.4066
vn -0.7854 0.4452 -0.4300
vn -0.8107 0.4211 -0.4067
vn -0.8347 0.3962 -0.3826
vn -0.8569 0.3708 -0.3580
vn -0.8570 0.3707 -0.3580
vn 0.9998 0.0157 -0.0152
vn 0.9979 0.0470 -0.0454
vn 0.9884 0.1094 -0.1056
vn 0.9808 0.1404 -0.1356
vn 0.9714 0.1709 -0.1651
vn 0.9469 0.2312 -0.2233
vn 0.9320 0.2607 -0.2518
vn 0.8969 0.3182 -0.3072
vn 0.8315 0.3997 -0.3860
vn 0.8314 0.3997 -0.3860
vn 0.8065 0.4253 -0.4107
vn 0.7798 0.4503 -0.4348
vn 0.7223 0.4974 -0.4804
vn 0.5912 0.5801 -0.5602
vn 0.5556 0.5981 -0.5776
vn 0.5187 0.6150 -0.5939
vn 0.4027 0.6584 -0.6359
vn 0.2376 0.6987 -0.6748
vn 0.1522 0.7110 -0.6866
vn -0.1089 0.7151 -0.6905
vn -0.1522 0.7110 -0.6866
vn -0.2376 0.6987 -0.6748
vn -0.3215 0.6812 -0.6578
vn -0.3624 0.6704 -0.6474
vn -0.4027 0.6584 -0.6358
vn -0.4423 0.6452 -0.6230
vn -0.4810 0.6306 -0.6090
vn -0.5187 0.6150 -0.5939
vn -0.5556 0.5981 -0.5776
vn -0.5912 0.5801 -0.5602
vn -0.6594 0.5408 -0.5223
vn -0.7223 0.4974 -0.4804
vn -0.7798 0.4503 -0.4348
vn -0.8065 0.4253 -0.4107
vn -0.8314 0.3997 -0.3860
vn -0.9808 0.1404 -0.1356
vn -0.9884 0.1094 -0.1056
vn -0.9979 -0.0470 0.0454
vn -0.9884 -0.1094 0.1056
vn -0.9808 -0.1404 0.1356
vn -0.8314 -0.3997 0.3860
vn -0.8065 -0.4253 0.4107
vn -0.7223 -0.4974 0.4804
vn -0.7518 -0.4743 0.4580
vn -0.7223 -0.4975 0.4804
vn -0.6260 -0.5610 0.5417
vn -0.5912 -0.5801 0.5602
vn -0.5556 -0.5981 0.5776
vn -0.5187 -0.6150 0.5939
vn -0.4027 -0.6584 0.6358
vn -0.3625 -0.6704 0.6474
vn -0.2798 -0.6906 0.6669
vn -0.2376 -0.6987 0.6748
vn -0.1522 -0.7110 0.6866
vn 0.1522 -0.7110 0.6866
vn 0.3625 -0.6704 0.6474
vn 0.5187 -0.6150 0.5939
vn 0.5556 -0.5981 0.5776
vn 0.5912 -0.5801 0.5602
vn 0.7223 -0.4974 0.4804
vn 0.7518 -0.4743 0.4580
vn 0.8065 -0.4253 0.4107
vn 0.8314 -0.3997 0.3860
vn 0.8969 -0.3182 0.3073
vn 0.9320 -0.2607 0.2518
vn 0.9469 -0.2312 0.2233
vn 0.9808 -0.1404 0.1356
vn 0.9884 -0.1094 0.1056
vn 0.9979 -0.0470 0.0454
vn 0.9998 -0.0157 0.0152
vn 0.0003 0.6951 0.7189
vn -0.0001 0.6949 0.7191
vn 0.0000 0.6943 0.7197
vn 0.0000 0.6944 0.7195
vn -0.0000 0.6954 0.7187
vn -0.0004 0.6944 0.7196
vn -0.0003 0.6945 0.7195
vn 0.0005 0.6948 0.7192
vn 0.0003 0.6949 0.7192
vn -0.0007 0.6943 0.7197
vn 0.0004 0.6948 0.7192
vn -0.0004 0.6945 0.7195
vn 0.0004 0.6949 0.7192
vn -0.0007 0.6949 0.7191
vn 0.0005 0.6944 0.7196
vn -0.0003 0.6949 0.7191
vn 0.0004 0.6944 0.7196
vn -0.0004 0.6949 0.7191
vn 0.0003 0.6944 0.7196
vn 0.0005 0.6947 0.7193
vn 0.0454 0.0470 0.9979
vn 0.1056 0.1094 0.9884
vn 0.1356 0.1404 0.9808
vn 0.1651 0.1709 0.9714
vn 0.2518 0.2607 0.9320
vn 0.3860 0.3997 0.8314
vn 0.4107 0.4253 0.8065
vn 0.4348 0.4503 0.7798
vn 0.4804 0.4974 0.7223
vn 0.5223 0.5408 0.6594
vn 0.5602 0.5801 0.5912
vn 0.6090 0.6306 0.4810
vn 0.6578 0.6812 0.3215
vn 0.6748 0.6987 0.2376
vn 0.6866 0.7110 0.1522
vn 0.6866 0.7110 -0.1522
vn 0.6748 0.6987 -0.2376
vn 0.6090 0.6306 -0.4810
vn 0.5602 0.5801 -0.5912
vn 0.5223 0.5408 -0.6594
vn 0.4804 0.4974 -0.7223
vn 0.4348 0.4503 -0.7798
vn 0.4107 0.4253 -0.8065
vn 0.3860 0.3997 -0.8314
vn 0.2518 0.2607 -0.9320
vn 0.1356 0.1404 -0.9808
vn 0.1056 0.1094 -0.9884
vn 0.0454 0.0470 -0.9979
vn -0.0454 -0.0470 -0.9979
vn -0.1056 -0.1094 -0.9884
vn -0.1356 -0.1404 -0.9808
vn -0.1651 -0.1709 -0.9714
vn -0.3860 -0.3997 -0.8314
vn -0.4804 -0.4975 -0.7223
vn -0.4804 -0.4974 -0.7223
vn -0.5602 -0.5801 -0.5912
vn -0.5939 -0.6150 -0.5187
vn -0.6474 -0.6704 -0.3625
vn -0.6866 -0.7110 -0.1522
vn -0.6866 -0.7110 0.1522
vn -0.6474 -0.6704 0.3625
vn -0.5939 -0.6150 0.5187
vn -0.5602 -0.5801 0.5912
vn -0.4804 -0.4975 0.7223
vn -0.4804 -0.4974 0.7223
vn -0.4107 -0.4253 0.8065
vn -0.3860 -0.3997 0.8314
vn -0.2518 -0.2607 0.9320
vn -0.1651 -0.1709 0.9714
vn -0.1356 -0.1404 0.9808
vn -0.1056 -0.1094 0.9884
vn -0.0454 -0.0470 0.9979
vn 0.7194 -0.6946 -0.0000
vn 0.7193 -0.6947 -0.0000
vn 0.7194 -0.6946 -0.0001
vn 0.7193 -0.6946 -0.0000
vn 0.7193 -0.6947 0.0001
vn 0.7193 -0.6947 -0.0001
vn 0.7193 -0.6946 -0.0001
vn 0.7194 -0.6946 0.0001
vn 0.7193 -0.6946 0.0001
vn -0.1355 -0.1404 -0.9808
vn -0.2518 -0.2608 -0.9320
vn -0.3072 -0.3181 -0.8969
vn -0.3342 -0.3460 -0.8767
vn -0.3859 -0.3997 -0.8315
vn -0.3859 -0.3997 0.8315
vn -0.3072 -0.3181 0.8969
vn -0.3342 -0.3460 0.8767
vn -0.2518 -0.2608 0.9320
vn -0.1355 -0.1404 0.9808
vn 0.1355 0.1404 0.9808
vn 0.2518 0.2608 0.9320
vn 0.3072 0.3181 0.8969
vn 0.6669 0.6906 0.2799
vn 0.6669 0.6906 -0.2799
vn 0.3072 0.3181 -0.8969
vn 0.2518 0.2608 -0.9320
vn 0.1651 0.1710 -0.9714
vn 0.1355 0.1404 -0.9808
vn -0.0454 0.0470 -0.9979
vn -0.1056 0.1094 -0.9884
vn -0.1356 0.1404 -0.9808
vn -0.1651 0.1709 -0.9714
vn -0.2518 0.2607 -0.9320
vn -0.3860 0.3997 -0.8314
vn -0.4107 0.4253 -0.8065
vn -0.4348 0.4503 -0.7798
vn -0.4804 0.4974 -0.7223
vn -0.5223 0.5408 -0.6594
vn -0.5602 0.5801 -0.5912
vn -0.6090 0.6306 -0.4810
vn -0.6359 0.6584 -0.4027
vn -0.6578 0.6812 -0.3215
vn -0.6748 0.6987 -0.2376
vn -0.6866 0.7110 -0.1522
vn -0.6866 0.7110 0.1522
vn -0.6748 0.6987 0.2376
vn -0.6090 0.6306 0.4810
vn -0.5602 0.5801 0.5912
vn -0.5223 0.5408 0.6594
vn -0.4804 0.4974 0.7223
vn -0.4348 0.4503 0.7798
vn -0.4107 0.4253 0.8065
vn -0.3860 0.3997 0.8314
vn -0.2518 0.2607 0.9320
vn -0.1356 0.1404 0.9808
vn -0.1056 0.1094 0.9884
vn -0.0454 0.0470 0.9979
vn 0.0454 -0.0470 0.9979
vn 0.1056 -0.1094 0.9884
vn 0.1356 -0.1404 0.9808
vn 0.3860 -0.3997 0.8314
vn 0.4804 -0.4975 0.7223
vn 0.4804 -0.4974 0.7223
vn 0.5602 -0.5801 0.5912
vn 0.5939 -0.6150 0.5187
vn 0.6230 -0.6452 0.4423
vn 0.6474 -0.6704 0.3625
vn 0.6866 -0.7110 0.1522
vn 0.6866 -0.7110 -0.1522
vn 0.6474 -0.6704 -0.3625
vn 0.5939 -0.6150 -0.5187
vn 0.5602 -0.5801 -0.5912
vn 0.4804 -0.4975 -0.7223
vn 0.4804 -0.4974 -0.7223
vn 0.4107 -0.4253 -0.8065
vn 0.3860 -0.3997 -0.8314
vn 0.2518 -0.2607 -0.9320
vn 0.1651 -0.1709 -0.9714
vn 0.1356 -0.1404 -0.9808
vn 0.1056 -0.1094 -0.9884
vn 0.0454 -0.0470 -0.9979
vn -0.7194 -0.6946 0.0000
vn -0.7193 -0.6947 0.0000
vn -0.7194 -0.6946 0.0001
vn -0.7193 -0.6946 0.0000
vn -0.7193 -0.6947 -0.0001
vn -0.7193 -0.6947 0.0001
vn -0.7193 -0.6946 0.0001
vn -0.7194 -0.6946 -0.0001
vn -0.7193 -0.6946 -0.0001
vn 0.1355 -0.1404 0.9808
vn 0.2518 -0.2608 0.9320
vn 0.3072 -0.3181 0.8969
vn 0.3342 -0.3460 0.8767
vn 0.3859 -0.3997 0.8315
vn 0.3859 -0.3997 -0.8315
vn 0.3072 -0.3181 -0.8969
vn 0.3342 -0.3460 -0.8767
vn 0.2518 -0.2608 -0.9320
vn 0.1355 -0.1404 -0.9808
vn -0.1355 0.1404 -0.9808
vn -0.2518 0.2608 -0.9320
vn -0.3072 0.3181 -0.8969
vn -0.6669 0.6906 -0.2799
vn -0.6669 0.6906 0.2799
vn -0.3072 0.3181 0.8969
vn -0.2518 0.2608 0.9320
vn -0.1355 0.1404 0.9808
usemtl None
s off
f 1//1 2//1 3//1
f 1//1 3//1 4//1
f 2//2 5//2 6//2
f 2//2 6//2 3//2
f 7//3 1//3 4//3
f 7//3 4//3 8//3
f 2//4 1//4 5//4
f 5//4 1//4 7//4
f 9//5 10//5 3//5
f 3//6 11//6 9//6
f 10//6 12//6 3//6
f 3//5 13//5 11//5
f 12//6 14//6 3//6
f 3//6 15//6 13//6
f 14//6 16//6 3//6
f 3//6 17//6 15//6
f 16//5 18//5 3//5
f 3//5 19//5 17//5
f 18//6 20//6 3//6
f 3//7 21//7 19//7
f 20//6 22//6 3//6
f 3//6 23//6 21//6
f 3//5 24//5 23//5
f 22//5 25//5 3//5
f 3//6 26//6 24//6
f 25//8 27//8 3//8
f 3//5 28//5 26//5
f 27//9 29//9 3//9
f 3//6 30//6 28//6
f 29//6 31//6 3//6
f 3//6 32//6 30//6
f 31//6 33//6 3//6
f 3//6 34//6 32//6
f 33//6 35//6 3//6
f 3//5 36//5 34//5
f 35//10 37//10 3//10
f 3//6 38//6 36//6
f 3//6 39//6 38//6
f 37//6 40//6 3//6
f 3//6 41//6 39//6
f 3//5 42//5 41//5
f 3//6 43//6 42//6
f 3//6 44//6 43//6
f 3//5 45//5 44//5
f 3//6 46//6 45//6
f 3//6 47//6 46//6
f 3//5 48//5 47//5
f 3//11 49//11 48//11
f 3//12 50//12 49//12
f 51//6 52//6 53//6
f 54//6 52//6 51//6
f 55//13 52//13 54//13
f 56//14 52//14 55//14
f 57//15 52//15 56//15
f 50//6 52//6 57//6
f 3//6 52//6 50//6
f 52//6 58//6 53//6
f 52//6 59//6 58//6
f 52//6 60//6 59//6
f 52//6 61//6 60//6
f 52//6 62//6 61//6
f 52//6 63//6 62//6
f 52//6 64//6 63//6
f 52//6 65//6 64//6
f 52//6 66//6 65//6
f 52//6 67//6 66//6
f 52//6 68//6 67//6
f 52//6 69//6 68//6
f 52//6 70//6 69//6
f 52//5 71//5 70//5
f 52//6 72//6 71//6
f 52//5 73//5 72//5
f 52//10 74//10 73//10
f 75//5 4//5 76//5
f 77//6 4//6 75//6
f 78//6 4//6 77//6
f 79//6 4//6 78//6
f 80//5 4//5 79//5
f 81//6 4//6 40//6
f 82//10 4//10 81//10
f 83//6 4//6 82//6
f 84//6 4//6 83//6
f 85//6 4//6 84//6
f 86//9 4//9 85//9
f 87//8 4//8 86//8
f 88//5 4//5 87//5
f 89//6 4//6 88//6
f 90//6 4//6 89//6
f 91//5 4//5 90//5
f 92//6 4//6 91//6
f 93//6 4//6 92//6
f 94//6 4//6 93//6
f 95//5 4//5 94//5
f 96//6 4//6 95//6
f 97//5 4//5 96//5
f 98//6 4//6 97//6
f 99//6 4//6 98//6
f 100//5 4//5 99//5
f 101//7 4//7 100//7
f 102//6 4//6 101//6
f 103//5 4//5 102//5
f 76//6 4//6 103//6
f 80//6 104//6 4//6
f 52//5 105//5 74//5
f 104//6 106//6 4//6
f 106//6 107//6 4//6
f 107//5 108//5 4//5
f 108//6 109//6 4//6
f 109//6 110//6 4//6
f 110//5 111//5 4//5
f 111//6 112//6 4//6
f 112//6 113//6 4//6
f 113//5 114//5 4//5
f 114//13 115//13 4//13
f 115//16 116//16 4//16
f 117//6 118//6 116//6
f 119//17 118//17 117//17
f 120//18 118//18 119//18
f 121//11 118//11 120//11
f 122//6 118//6 121//6
f 123//6 118//6 122//6
f 124//6 118//6 123//6
f 125//6 118//6 124//6
f 126//6 118//6 125//6
f 127//6 118//6 126//6
f 128//6 118//6 127//6
f 129//6 118//6 128//6
f 130//6 118//6 129//6
f 131//6 118//6 130//6
f 132//6 118//6 131//6
f 133//6 118//6 132//6
f 134//6 118//6 133//6
f 135//6 118//6 134//6
f 136//6 118//6 135//6
f 137//5 118//5 136//5
f 138//6 118//6 137//6
f 139//5 118//5 138//5
f 140//10 118//10 139//10
f 141//5 118//5 140//5
f 116//6 118//6 4//6
f 4//5 3//5 40//5
f 52//5 118//5 142//5
f 52//6 142//6 143//6
f 52//6 143//6 144//6
f 52//6 144//6 145//6
f 52//6 145//6 146//6
f 52//6 146//6 147//6
f 52//5 147//5 148//5
f 52//5 148//5 105//5
f 142//6 118//6 149//6
f 149//6 118//6 150//6
f 150//6 118//6 151//6
f 151//6 118//6 152//6
f 152//6 118//6 153//6
f 153//5 118//5 154//5
f 154//5 118//5 141//5
f 5//19 7//19 8//19
f 5//19 8//19 6//19
f 155//20 156//20 6//20
f 6//21 157//21 155//21
f 156//21 158//21 6//21
f 6//20 159//20 157//20
f 158//21 160//21 6//21
f 6//21 161//21 159//21
f 160//22 162//22 6//22
f 6//21 163//21 161//21
f 162//20 164//20 6//20
f 6//20 165//20 163//20
f 164//21 166//21 6//21
f 6//20 167//20 165//20
f 166//21 168//21 6//21
f 6//21 169//21 167//21
f 6//20 170//20 169//20
f 168//20 171//20 6//20
f 6//21 172//21 170//21
f 171//21 173//21 6//21
f 6//20 174//20 172//20
f 173//23 175//23 6//23
f 6//21 176//21 174//21
f 175//21 177//21 6//21
f 6//20 178//20 176//20
f 177//24 179//24 6//24
f 6//21 180//21 178//21
f 179//21 181//21 6//21
f 6//20 182//20 180//20
f 181//24 183//24 6//24
f 6//21 184//21 182//21
f 6//21 185//21 184//21
f 183//22 186//22 6//22
f 6//21 187//21 185//21
f 6//20 188//20 187//20
f 6//21 189//21 188//21
f 6//21 190//21 189//21
f 6//20 191//20 190//20
f 6//21 192//21 191//21
f 6//21 193//21 192//21
f 6//20 194//20 193//20
f 6//25 195//25 194//25
f 6//26 196//26 195//26
f 197//21 198//21 199//21
f 200//25 198//25 197//25
f 201//27 198//27 200//27
f 202//28 198//28 201//28
f 203//29 198//29 202//29
f 196//25 198//25 203//25
f 6//21 198//21 196//21
f 198//21 204//21 199//21
f 198//21 205//21 204//21
f 198//21 206//21 205//21
f 198//21 207//21 206//21
f 198//21 208//21 207//21
f 198//21 209//21 208//21
f 198//21 210//21 209//21
f 198//21 211//21 210//21
f 198//21 212//21 211//21
f 198//21 213//21 212//21
f 198//21 214//21 213//21
f 198//21 215//21 214//21
f 198//21 216//21 215//21
f 198//20 217//20 216//20
f 198//21 218//21 217//21
f 198//20 219//20 218//20
f 198//24 220//24 219//24
f 221//20 3//20 222//20
f 223//21 3//21 221//21
f 224//21 3//21 223//21
f 225//21 3//21 224//21
f 226//20 3//20 225//20
f 227//22 3//22 186//22
f 228//24 3//24 227//24
f 229//21 3//21 228//21
f 230//21 3//21 229//21
f 231//21 3//21 230//21
f 232//23 3//23 231//23
f 233//21 3//21 232//21
f 234//20 3//20 233//20
f 235//21 3//21 234//21
f 236//21 3//21 235//21
f 237//20 3//20 236//20
f 238//22 3//22 237//22
f 239//21 3//21 238//21
f 240//21 3//21 239//21
f 241//20 3//20 240//20
f 242//21 3//21 241//21
f 243//20 3//20 242//20
f 244//21 3//21 243//21
f 245//21 3//21 244//21
f 246//21 3//21 245//21
f 247//20 3//20 246//20
f 248//21 3//21 247//21
f 249//20 3//20 248//20
f 222//21 3//21 249//21
f 226//21 250//21 3//21
f 198//20 251//20 220//20
f 250//21 252//21 3//21
f 252//21 253//21 3//21
f 253//20 254//20 3//20
f 254//21 255//21 3//21
f 255//21 256//21 3//21
f 256//20 257//20 3//20
f 257//21 258//21 3//21
f 258//21 259//21 3//21
f 259//20 260//20 3//20
f 260//27 261//27 3//27
f 261//30 262//30 3//30
f 263//27 52//27 262//27
f 264//31 52//31 263//31
f 265//32 52//32 264//32
f 266//25 52//25 265//25
f 267//27 52//27 266//27
f 268//21 52//21 267//21
f 269//21 52//21 268//21
f 270//21 52//21 269//21
f 271//22 52//22 270//22
f 272//21 52//21 271//21
f 273//21 52//21 272//21
f 274//21 52//21 273//21
f 275//21 52//21 274//21
f 276//21 52//21 275//21
f 277//21 52//21 276//21
f 278//21 52//21 277//21
f 279//21 52//21 278//21
f 280//21 52//21 279//21
f 281//21 52//21 280//21
f 282//20 52//20 281//20
f 283//21 52//21 282//21
f 284//20 52//20 283//20
f 285//24 52//24 284//24
f 286//20 52//20 285//20
f 262//21 52//21 3//21
f 3//20 6//20 186//20
f 198//20 52//20 287//20
f 198//21 287//21 288//21
f 198//21 288//21 289//21
f 198//21 289//21 290//21
f 198//21 290//21 291//21
f 198//21 291//21 292//21
f 198//21 292//21 293//21
f 198//20 293//20 251//20
f 287//21 52//21 294//21
f 294//21 52//21 295//21
f 295//21 52//21 296//21
f 296//21 52//21 297//21
f 297//21 52//21 298//21
f 298//22 52//22 299//22
f 299//20 52//20 286//20
f 300//33 301//33 4//33
f 4//34 302//34 300//34
f 301//34 303//34 4//34
f 4//33 304//33 302//33
f 303//34 305//34 4//34
f 4//34 306//34 304//34
f 305//35 307//35 4//35
f 4//34 308//34 306//34
f 307//33 309//33 4//33
f 4//34 310//34 308//34
f 309//34 311//34 4//34
f 4//33 312//33 310//33
f 311//34 313//34 4//34
f 4//34 314//34 312//34
f 4//33 315//33 314//33
f 313//33 316//33 4//33
f 4//34 317//34 315//34
f 316//34 318//34 4//34
f 4//33 319//33 317//33
f 318//36 320//36 4//36
f 4//34 321//34 319//34
f 320//34 322//34 4//34
f 4//34 323//34 321//34
f 322//34 324//34 4//34
f 4//34 325//34 323//34
f 324//34 326//34 4//34
f 4//33 327//33 325//33
f 326//37 328//37 4//37
f 4//34 329//34 327//34
f 4//34 330//34 329//34
f 328//35 331//35 4//35
f 4//34 332//34 330//34
f 4//33 333//33 332//33
f 4//34 334//34 333//34
f 4//34 335//34 334//34
f 4//33 336//33 335//33
f 4//34 337//34 336//34
f 4//34 338//34 337//34
f 4//33 339//33 338//33
f 4//38 340//38 339//38
f 4//39 341//39 340//39
f 342//34 118//34 343//34
f 344//38 118//38 342//38
f 345//40 118//40 344//40
f 346//41 118//41 345//41
f 347//42 118//42 346//42
f 341//38 118//38 347//38
f 4//34 118//34 341//34
f 118//34 348//34 343//34
f 118//34 349//34 348//34
f 118//35 350//35 349//35
f 118//34 351//34 350//34
f 118//34 352//34 351//34
f 118//34 353//34 352//34
f 118//34 354//34 353//34
f 118//34 355//34 354//34
f 118//34 356//34 355//34
f 118//34 357//34 356//34
f 118//34 358//34 357//34
f 118//34 359//34 358//34
f 118//34 360//34 359//34
f 118//33 361//33 360//33
f 118//34 362//34 361//34
f 118//33 363//33 362//33
f 118//37 364//37 363//37
f 365//33 8//33 366//33
f 367//34 8//34 365//34
f 368//35 8//35 367//35
f 369//34 8//34 368//34
f 370//33 8//33 369//33
f 371//35 8//35 331//35
f 372//37 8//37 371//37
f 373//34 8//34 372//34
f 374//37 8//37 373//37
f 375//34 8//34 374//34
f 376//36 8//36 375//36
f 377//34 8//34 376//34
f 378//33 8//33 377//33
f 379//34 8//34 378//34
f 380//34 8//34 379//34
f 381//33 8//33 380//33
f 382//35 8//35 381//35
f 383//34 8//34 382//34
f 384//34 8//34 383//34
f 385//33 8//33 384//33
f 386//34 8//34 385//34
f 387//33 8//33 386//33
f 388//34 8//34 387//34
f 389//34 8//34 388//34
f 390//35 8//35 389//35
f 391//33 8//33 390//33
f 392//34 8//34 391//34
f 393//33 8//33 392//33
f 366//34 8//34 393//34
f 370//34 394//34 8//34
f 118//33 395//33 364//33
f 394//34 396//34 8//34
f 396//34 397//34 8//34
f 397//33 398//33 8//33
f 398//34 399//34 8//34
f 399//34 400//34 8//34
f 400//33 401//33 8//33
f 401//34 402//34 8//34
f 402//34 403//34 8//34
f 403//33 404//33 8//33
f 404//40 405//40 8//40
f 405//43 406//43 8//43
f 407//40 408//40 406//40
f 409//44 408//44 407//44
f 410//45 408//45 409//45
f 411//38 408//38 410//38
f 412//40 408//40 411//40
f 413//34 408//34 412//34
f 414//34 408//34 413//34
f 415//34 408//34 414//34
f 416//35 408//35 415//35
f 417//34 408//34 416//34
f 418//34 408//34 417//34
f 419//34 408//34 418//34
f 420//34 408//34 419//34
f 421//34 408//34 420//34
f 422//34 408//34 421//34
f 423//34 408//34 422//34
f 424//34 408//34 423//34
f 425//34 408//34 424//34
f 426//34 408//34 425//34
f 427//33 408//33 426//33
f 428//34 408//34 427//34
f 429//33 408//33 428//33
f 430//37 408//37 429//37
f 431//33 408//33 430//33
f 406//34 408//34 8//34
f 8//33 4//33 331//33
f 118//33 408//33 432//33
f 118//34 432//34 433//34
f 118//34 433//34 434//34
f 118//34 434//34 435//34
f 118//34 435//34 436//34
f 118//34 436//34 437//34
f 118//34 437//34 438//34
f 118//33 438//33 395//33
f 432//34 408//34 439//34
f 439//34 408//34 440//34
f 440//34 408//34 441//34
f 441//34 408//34 442//34
f 442//34 408//34 443//34
f 443//35 408//35 444//35
f 444//33 408//33 431//33
f 445//46 52//46 198//46
f 446//46 445//46 198//46
f 447//46 52//46 445//46
f 448//46 446//46 198//46
f 449//46 52//46 447//46
f 450//46 448//46 198//46
f 451//46 52//46 449//46
f 452//46 450//46 198//46
f 453//46 52//46 451//46
f 454//46 452//46 198//46
f 455//46 52//46 453//46
f 456//46 454//46 198//46
f 457//46 52//46 455//46
f 458//46 456//46 198//46
f 459//46 52//46 457//46
f 460//46 458//46 198//46
f 461//46 52//46 459//46
f 462//46 460//46 198//46
f 463//46 52//46 461//46
f 464//46 462//46 198//46
f 465//46 52//46 463//46
f 466//46 464//46 198//46
f 467//46 52//46 465//46
f 468//46 466//46 198//46
f 469//46 52//46 467//46
f 470//46 468//46 198//46
f 471//46 52//46 469//46
f 472//46 470//46 198//46
f 473//46 52//46 471//46
f 474//46 472//46 198//46
f 475//46 52//46 473//46
f 476//46 474//46 198//46
f 477//46 52//46 475//46
f 478//46 476//46 198//46
f 479//46 52//46 477//46
f 480//46 478//46 198//46
f 481//46 52//46 479//46
f 482//46 480//46 198//46
f 483//46 52//46 481//46
f 484//46 482//46 198//46
f 485//46 52//46 483//46
f 486//46 484//46 198//46
f 487//46 52//46 485//46
f 488//46 486//46 198//46
f 489//46 52//46 487//46
f 490//46 488//46 198//46
f 491//46 52//46 489//46
f 492//46 490//46 198//46
f 493//46 52//46 491//46
f 494//46 492//46 198//46
f 495//46 52//46 493//46
f 496//46 494//46 198//46
f 497//46 52//46 495//46
f 498//46 496//46 198//46
f 499//46 52//46 497//46
f 500//46 498//46 198//46
f 501//46 52//46 499//46
f 502//46 500//46 198//46
f 503//46 52//46 501//46
f 504//46 502//46 198//46
f 505//46 52//46 503//46
f 506//46 504//46 198//46
f 507//46 52//46 505//46
f 508//46 506//46 198//46
f 509//46 52//46 507//46
f 510//46 508//46 198//46
f 511//46 52//46 509//46
f 512//46 510//46 198//46
f 513//46 52//46 511//46
f 514//46 512//46 198//46
f 515//46 52//46 513//46
f 516//46 514//46 198//46
f 517//46 52//46 515//46
f 118//46 518//46 519//46
f 118//46 520//46 518//46
f 118//46 521//46 520//46
f 118//46 522//46 521//46
f 118//46 523//46 522//46
f 118//46 524//46 523//46
f 118//46 525//46 524//46
f 118//46 526//46 525//46
f 118//46 527//46 526//46
f 118//46 528//46 527//46
f 118//46 529//46 528//46
f 118//46 530//46 529//46
f 118//46 531//46 530//46
f 118//46 532//46 531//46
f 118//46 533//46 532//46
f 118//46 534//46 533//46
f 118//46 535//46 534//46
f 118//46 536//46 535//46
f 118//46 537//46 536//46
f 118//46 538//46 537//46
f 118//46 539//46 538//46
f 118//46 540//46 539//46
f 118//46 541//46 540//46
f 118//46 542//46 541//46
f 118//46 543//46 542//46
f 118//46 544//46 543//46
f 118//46 545//46 544//46
f 118//46 546//46 545//46
f 118//46 547//46 546//46
f 118//46 548//46 547//46
f 118//46 549//46 548//46
f 118//46 550//46 549//46
f 118//46 551//46 550//46
f 118//46 552//46 551//46
f 118//46 553//46 552//46
f 118//46 517//46 553//46
f 118//46 52//46 517//46
f 408//46 554//46 516//46
f 408//46 555//46 554//46
f 408//46 556//46 555//46
f 408//46 557//46 556//46
f 408//46 558//46 557//46
f 408//46 559//46 558//46
f 408//46 560//46 559//46
f 408//46 561//46 560//46
f 408//46 562//46 561//46
f 408//46 563//46 562//46
f 408//46 564//46 563//46
f 408//46 565//46 564//46
f 408//46 566//46 565//46
f 408//46 567//46 566//46
f 408//46 568//46 567//46
f 408//46 569//46 568//46
f 408//46 570//46 569//46
f 408//46 571//46 570//46
f 408//46 572//46 571//46
f 408//46 573//46 572//46
f 408//46 574//46 573//46
f 408//46 575//46 574//46
f 408//46 576//46 575//46
f 408//46 577//46 576//46
f 408//46 578//46 577//46
f 408//46 579//46 578//46
f 408//46 580//46 579//46
f 408//46 581//46 580//46
f 408//46 582//46 581//46
f 408//46 583//46 582//46
f 408//46 584//46 583//46
f 408//46 585//46 584//46
f 408//46 586//46 585//46
f 408//46 587//46 586//46
f 408//46 588//46 587//46
f 408//46 519//46 588//46
f 408//46 118//46 519//46
f 408//46 516//46 198//46
f 143//47 142//47 589//47
f 143//48 589//48 590//48
f 144//49 143//49 590//49
f 144//49 590//49 591//49
f 145//50 144//50 591//50
f 145//51 591//51 592//51
f 146//52 592//52 593//52
f 146//52 145//52 592//52
f 146//53 593//53 594//53
f 147//53 146//53 594//53
f 148//54 594//54 595//54
f 148//54 147//54 594//54
f 105//55 595//55 596//55
f 105//55 148//55 595//55
f 74//56 596//56 597//56
f 74//57 597//57 598//57
f 74//58 105//58 596//58
f 73//57 74//57 598//57
f 72//59 598//59 599//59
f 72//59 73//59 598//59
f 71//60 599//60 600//60
f 71//61 72//61 599//61
f 70//62 600//62 601//62
f 70//63 71//63 600//63
f 69//64 601//64 602//64
f 69//64 70//64 601//64
f 68//65 602//65 603//65
f 68//65 69//65 602//65
f 67//66 603//66 604//66
f 67//67 68//67 603//67
f 66//68 604//68 605//68
f 66//68 67//68 604//68
f 65//69 605//69 606//69
f 65//70 606//70 607//70
f 65//71 66//71 605//71
f 64//70 65//70 607//70
f 63//72 607//72 608//72
f 63//73 608//73 609//73
f 63//72 64//72 607//72
f 62//73 63//73 609//73
f 61//74 609//74 610//74
f 61//75 610//75 611//75
f 61//74 62//74 609//74
f 60//75 61//75 611//75
f 59//76 611//76 612//76
f 59//77 612//77 613//77
f 59//76 60//76 611//76
f 58//77 59//77 613//77
f 53//78 613//78 614//78
f 53//79 58//79 613//79
f 51//80 614//80 615//80
f 51//81 53//81 614//81
f 54//82 615//82 616//82
f 54//83 616//83 617//83
f 54//82 51//82 615//82
f 55//83 54//83 617//83
f 56//84 55//84 617//84
f 56//84 617//84 618//84
f 57//85 56//85 618//85
f 57//85 618//85 619//85
f 50//86 57//86 619//86
f 50//87 619//87 620//87
f 50//88 620//88 621//88
f 49//88 50//88 621//88
f 48//89 49//89 621//89
f 48//89 621//89 622//89
f 48//90 622//90 623//90
f 47//90 48//90 623//90
f 46//91 47//91 623//91
f 46//91 623//91 624//91
f 46//92 624//92 625//92
f 45//92 46//92 625//92
f 44//93 625//93 626//93
f 44//93 45//93 625//93
f 43//94 626//94 627//94
f 43//95 627//95 628//95
f 43//96 44//96 626//96
f 42//95 43//95 628//95
f 41//97 628//97 629//97
f 41//97 42//97 628//97
f 39//98 629//98 630//98
f 39//98 41//98 629//98
f 38//99 630//99 631//99
f 38//100 631//100 632//100
f 38//101 39//101 630//101
f 36//100 38//100 632//100
f 34//102 632//102 633//102
f 34//102 36//102 632//102
f 32//103 633//103 634//103
f 32//104 634//104 635//104
f 32//103 34//103 633//103
f 30//104 32//104 635//104
f 28//105 635//105 636//105
f 28//106 636//106 637//106
f 28//107 30//107 635//107
f 26//108 28//108 637//108
f 24//109 637//109 638//109
f 24//110 26//110 637//110
f 23//111 638//111 639//111
f 23//112 24//112 638//112
f 21//113 639//113 640//113
f 21//113 23//113 639//113
f 19//114 640//114 641//114
f 19//114 21//114 640//114
f 17//115 641//115 642//115
f 17//116 19//116 641//116
f 15//117 17//117 642//117
f 15//117 642//117 643//117
f 13//118 15//118 643//118
f 13//118 643//118 644//118
f 11//119 13//119 644//119
f 11//119 644//119 645//119
f 9//120 11//120 645//120
f 9//121 645//121 646//121
f 9//122 646//122 647//122
f 10//123 9//123 647//123
f 12//124 10//124 647//124
f 12//124 647//124 648//124
f 14//125 12//125 648//125
f 14//125 648//125 649//125
f 16//126 14//126 649//126
f 16//127 649//127 650//127
f 18//128 16//128 650//128
f 18//129 650//129 651//129
f 20//130 18//130 651//130
f 20//131 651//131 652//131
f 22//132 20//132 652//132
f 22//133 652//133 653//133
f 25//134 22//134 653//134
f 25//134 653//134 654//134
f 27//135 25//135 654//135
f 27//135 654//135 655//135
f 29//136 27//136 655//136
f 29//136 655//136 656//136
f 31//137 29//137 656//137
f 31//137 656//137 657//137
f 31//138 657//138 658//138
f 33//138 31//138 658//138
f 35//139 658//139 659//139
f 35//139 33//139 658//139
f 37//140 659//140 660//140
f 37//140 35//140 659//140
f 40//141 660//141 661//141
f 40//142 661//142 662//142
f 40//141 37//141 660//141
f 81//143 662//143 663//143
f 81//142 40//142 662//142
f 82//143 81//143 663//143
f 83//144 663//144 664//144
f 83//144 82//144 663//144
f 84//145 664//145 665//145
f 84//145 83//145 664//145
f 85//146 665//146 666//146
f 85//146 84//146 665//146
f 86//147 666//147 667//147
f 86//147 85//147 666//147
f 87//148 86//148 667//148
f 87//148 667//148 668//148
f 88//149 87//149 668//149
f 88//150 668//150 669//150
f 89//151 88//151 669//151
f 89//152 669//152 670//152
f 90//153 89//153 670//153
f 90//154 670//154 671//154
f 91//155 90//155 671//155
f 91//156 671//156 672//156
f 92//157 91//157 672//157
f 92//158 672//158 673//158
f 93//159 92//159 673//159
f 93//160 673//160 674//160
f 94//161 93//161 674//161
f 94//161 674//161 675//161
f 95//162 94//162 675//162
f 95//163 675//163 676//163
f 96//164 95//164 676//164
f 96//165 676//165 677//165
f 97//166 96//166 677//166
f 97//166 677//166 678//166
f 98//167 97//167 678//167
f 98//167 678//167 679//167
f 99//168 98//168 679//168
f 99//168 679//168 680//168
f 100//169 99//169 680//169
f 100//170 680//170 681//170
f 101//171 100//171 681//171
f 101//171 681//171 682//171
f 102//172 101//172 682//172
f 102//172 682//172 683//172
f 103//173 102//173 683//173
f 103//174 683//174 684//174
f 76//175 103//175 684//175
f 76//176 684//176 685//176
f 75//177 76//177 685//177
f 75//178 685//178 686//178
f 77//179 75//179 686//179
f 77//180 686//180 687//180
f 78//181 77//181 687//181
f 78//181 687//181 688//181
f 79//182 688//182 689//182
f 79//182 78//182 688//182
f 80//183 689//183 690//183
f 80//183 79//183 689//183
f 104//184 690//184 691//184
f 104//184 80//184 690//184
f 106//185 104//185 691//185
f 106//186 691//186 692//186
f 107//187 692//187 693//187
f 107//187 106//187 692//187
f 108//188 693//188 694//188
f 108//188 107//188 693//188
f 109//189 694//189 695//189
f 109//189 108//189 694//189
f 110//190 695//190 696//190
f 110//191 696//191 697//191
f 110//190 109//190 695//190
f 111//191 110//191 697//191
f 112//192 697//192 698//192
f 112//192 111//192 697//192
f 113//193 698//193 699//193
f 113//193 112//193 698//193
f 114//194 699//194 700//194
f 114//194 113//194 699//194
f 115//195 700//195 701//195
f 115//195 114//195 700//195
f 116//196 701//196 702//196
f 116//196 115//196 701//196
f 117//197 702//197 703//197
f 117//198 116//198 702//198
f 119//199 703//199 704//199
f 119//199 117//199 703//199
f 120//200 704//200 705//200
f 120//200 119//200 704//200
f 121//201 705//201 706//201
f 121//201 120//201 705//201
f 122//202 706//202 707//202
f 122//202 121//202 706//202
f 123//203 707//203 708//203
f 123//204 122//204 707//204
f 124//205 708//205 709//205
f 124//206 123//206 708//206
f 125//207 709//207 710//207
f 125//207 124//207 709//207
f 126//208 710//208 711//208
f 126//208 125//208 710//208
f 127//209 711//209 712//209
f 127//209 126//209 711//209
f 128//210 712//210 713//210
f 128//210 127//210 712//210
f 129//211 713//211 714//211
f 129//211 128//211 713//211
f 130//212 714//212 715//212
f 130//212 129//212 714//212
f 131//213 715//213 716//213
f 131//213 130//213 715//213
f 132//214 716//214 717//214
f 132//214 131//214 716//214
f 133//215 132//215 717//215
f 133//216 717//216 718//216
f 134//217 133//217 718//217
f 134//218 718//218 719//218
f 135//219 134//219 719//219
f 135//219 719//219 720//219
f 136//220 135//220 720//220
f 136//220 720//220 721//220
f 137//221 136//221 721//221
f 137//222 721//222 722//222
f 138//223 137//223 722//223
f 138//224 722//224 723//224
f 139//225 138//225 723//225
f 139//225 723//225 724//225
f 140//226 139//226 724//226
f 140//226 724//226 725//226
f 141//227 140//227 725//227
f 141//227 725//227 726//227
f 154//228 141//228 726//228
f 154//228 726//228 727//228
f 153//229 727//229 728//229
f 153//230 154//230 727//230
f 152//231 728//231 729//231
f 152//231 153//231 728//231
f 151//232 729//232 730//232
f 151//232 152//232 729//232
f 150//233 730//233 731//233
f 150//234 151//234 730//234
f 149//235 731//235 732//235
f 149//236 732//236 589//236
f 149//235 150//235 731//235
f 142//237 149//237 589//237
f 733//238 734//238 8//238
f 8//239 735//239 733//239
f 734//239 736//239 8//239
f 8//238 737//238 735//238
f 736//239 738//239 8//239
f 8//239 739//239 737//239
f 738//239 740//239 8//239
f 8//239 741//239 739//239
f 740//238 742//238 8//238
f 8//238 743//238 741//238
f 742//239 744//239 8//239
f 8//239 745//239 743//239
f 744//239 746//239 8//239
f 8//239 747//239 745//239
f 8//238 748//238 747//238
f 746//238 749//238 8//238
f 8//239 750//239 748//239
f 749//240 751//240 8//240
f 8//238 752//238 750//238
f 751//241 753//241 8//241
f 8//239 754//239 752//239
f 753//239 755//239 8//239
f 8//242 756//242 754//242
f 755//239 757//239 8//239
f 8//239 758//239 756//239
f 757//239 759//239 8//239
f 8//238 760//238 758//238
f 759//239 761//239 8//239
f 8//239 762//239 760//239
f 8//239 763//239 762//239
f 761//243 764//243 8//243
f 8//239 765//239 763//239
f 8//238 766//238 765//238
f 8//239 767//239 766//239
f 8//239 768//239 767//239
f 8//238 769//238 768//238
f 8//239 770//239 769//239
f 8//239 771//239 770//239
f 8//238 772//238 771//238
f 8//244 773//244 772//244
f 8//245 774//245 773//245
f 775//239 408//239 776//239
f 777//239 408//239 775//239
f 778//246 408//246 777//246
f 779//247 408//247 778//247
f 780//248 408//248 779//248
f 774//239 408//239 780//239
f 8//239 408//239 774//239
f 408//239 781//239 776//239
f 408//239 782//239 781//239
f 408//239 783//239 782//239
f 408//239 784//239 783//239
f 408//239 785//239 784//239
f 408//239 786//239 785//239
f 408//239 787//239 786//239
f 408//239 788//239 787//239
f 408//239 789//239 788//239
f 408//239 790//239 789//239
f 408//239 791//239 790//239
f 408//239 792//239 791//239
f 408//239 793//239 792//239
f 408//238 794//238 793//238
f 408//239 795//239 794//239
f 408//238 796//238 795//238
f 408//243 797//243 796//243
f 798//238 6//238 799//238
f 800//239 6//239 798//239
f 801//238 6//238 800//238
f 802//239 6//239 801//239
f 803//238 6//238 802//238
f 804//243 6//243 764//243
f 805//239 6//239 804//239
f 806//239 6//239 805//239
f 807//239 6//239 806//239
f 808//239 6//239 807//239
f 809//241 6//241 808//241
f 810//240 6//240 809//240
f 811//238 6//238 810//238
f 812//239 6//239 811//239
f 813//239 6//239 812//239
f 814//238 6//238 813//238
f 815//239 6//239 814//239
f 816//239 6//239 815//239
f 817//239 6//239 816//239
f 818//238 6//238 817//238
f 819//239 6//239 818//239
f 820//238 6//238 819//238
f 821//239 6//239 820//239
f 822//239 6//239 821//239
f 823//238 6//238 822//238
f 824//239 6//239 823//239
f 825//239 6//239 824//239
f 826//238 6//238 825//238
f 799//239 6//239 826//239
f 803//239 827//239 6//239
f 408//238 828//238 797//238
f 827//239 829//239 6//239
f 829//239 830//239 6//239
f 830//238 831//238 6//238
f 831//239 832//239 6//239
f 832//239 833//239 6//239
f 833//238 834//238 6//238
f 834//239 835//239 6//239
f 835//239 836//239 6//239
f 836//238 837//238 6//238
f 837//246 838//246 6//246
f 838//249 839//249 6//249
f 840//239 198//239 839//239
f 841//250 198//250 840//250
f 842//251 198//251 841//251
f 843//244 198//244 842//244
f 844//239 198//239 843//239
f 845//239 198//239 844//239
f 846//239 198//239 845//239
f 847//239 198//239 846//239
f 848//239 198//239 847//239
f 849//239 198//239 848//239
f 850//239 198//239 849//239
f 851//239 198//239 850//239
f 852//239 198//239 851//239
f 853//239 198//239 852//239
f 854//239 198//239 853//239
f 855//239 198//239 854//239
f 856//239 198//239 855//239
f 857//239 198//239 856//239
f 858//239 198//239 857//239
f 859//238 198//238 858//238
f 860//239 198//239 859//239
f 861//238 198//238 860//238
f 862//243 198//243 861//243
f 863//238 198//238 862//238
f 839//239 198//239 6//239
f 6//238 8//238 764//238
f 408//238 198//238 864//238
f 408//239 864//239 865//239
f 408//239 865//239 866//239
f 408//239 866//239 867//239
f 408//239 867//239 868//239
f 408//239 868//239 869//239
f 408//238 869//238 870//238
f 408//238 870//238 828//238
f 864//239 198//239 871//239
f 871//239 198//239 872//239
f 872//239 198//239 873//239
f 873//239 198//239 874//239
f 874//239 198//239 875//239
f 875//238 198//238 876//238
f 876//238 198//238 863//238
f 288//252 287//252 877//252
f 288//253 877//253 878//253
f 289//254 288//254 878//254
f 289//254 878//254 879//254
f 290//255 289//255 879//255
f 290//256 879//256 880//256
f 291//257 880//257 881//257
f 291//257 290//257 880//257
f 291//258 881//258 882//258
f 292//258 291//258 882//258
f 293//259 882//259 883//259
f 293//260 292//260 882//260
f 251//261 883//261 884//261
f 251//261 293//261 883//261
f 220//262 884//262 885//262
f 220//263 885//263 886//263
f 220//262 251//262 884//262
f 219//263 220//263 886//263
f 218//264 886//264 887//264
f 218//264 219//264 886//264
f 217//265 887//265 888//265
f 217//266 218//266 887//266
f 216//267 888//267 889//267
f 216//267 217//267 888//267
f 215//268 889//268 890//268
f 215//268 216//268 889//268
f 214//269 890//269 891//269
f 214//269 215//269 890//269
f 213//270 891//270 892//270
f 213//271 214//271 891//271
f 212//272 892//272 893//272
f 212//273 213//273 892//273
f 211//274 893//274 894//274
f 211//275 894//275 895//275
f 211//276 212//276 893//276
f 210//275 211//275 895//275
f 209//277 895//277 896//277
f 209//278 896//278 897//278
f 209//277 210//277 895//277
f 208//278 209//278 897//278
f 207//279 897//279 898//279
f 207//280 898//280 899//280
f 207//279 208//279 897//279
f 206//280 207//280 899//280
f 205//281 899//281 900//281
f 205//282 900//282 901//282
f 205//281 206//281 899//281
f 204//282 205//282 901//282
f 199//283 901//283 902//283
f 199//284 204//284 901//284
f 197//285 902//285 903//285
f 197//286 199//286 902//286
f 200//287 903//287 904//287
f 200//288 904//288 905//288
f 200//287 197//287 903//287
f 201//288 200//288 905//288
f 202//289 201//289 905//289
f 202//289 905//289 906//289
f 203//290 202//290 906//290
f 203//290 906//290 907//290
f 196//291 203//291 907//291
f 196//292 907//292 908//292
f 196//293 908//293 909//293
f 195//293 196//293 909//293
f 194//294 195//294 909//294
f 194//294 909//294 910//294
f 194//295 910//295 911//295
f 193//295 194//295 911//295
f 192//296 193//296 911//296
f 192//296 911//296 912//296
f 192//297 912//297 913//297
f 191//297 192//297 913//297
f 190//298 913//298 914//298
f 190//298 191//298 913//298
f 189//299 914//299 915//299
f 189//300 915//300 916//300
f 189//299 190//299 914//299
f 188//300 189//300 916//300
f 187//301 916//301 917//301
f 187//301 188//301 916//301
f 185//302 917//302 918//302
f 185//302 187//302 917//302
f 184//303 918//303 919//303
f 184//304 919//304 920//304
f 184//305 185//305 918//305
f 182//304 184//304 920//304
f 180//306 920//306 921//306
f 180//306 182//306 920//306
f 178//307 921//307 922//307
f 178//308 922//308 923//308
f 178//307 180//307 921//307
f 176//308 178//308 923//308
f 174//309 923//309 924//309
f 174//310 924//310 925//310
f 174//311 176//311 923//311
f 172//312 174//312 925//312
f 170//313 925//313 926//313
f 170//314 172//314 925//314
f 169//315 926//315 927//315
f 169//316 170//316 926//316
f 167//317 927//317 928//317
f 167//317 169//317 927//317
f 165//318 928//318 929//318
f 165//318 167//318 928//318
f 163//319 929//319 930//319
f 163//320 165//320 929//320
f 161//321 163//321 930//321
f 161//322 930//322 931//322
f 159//323 161//323 931//323
f 159//323 931//323 932//323
f 157//324 159//324 932//324
f 157//324 932//324 933//324
f 155//325 157//325 933//325
f 155//326 933//326 934//326
f 155//327 934//327 935//327
f 156//328 155//328 935//328
f 158//329 156//329 935//329
f 158//329 935//329 936//329
f 160//330 158//330 936//330
f 160//330 936//330 937//330
f 162//331 160//331 937//331
f 162//332 937//332 938//332
f 164//333 162//333 938//333
f 164//334 938//334 939//334
f 166//335 164//335 939//335
f 166//336 939//336 940//336
f 168//337 166//337 940//337
f 168//338 940//338 941//338
f 171//339 168//339 941//339
f 171//340 941//340 942//340
f 173//341 171//341 942//341
f 173//341 942//341 943//341
f 175//342 173//342 943//342
f 175//342 943//342 944//342
f 177//343 175//343 944//343
f 177//343 944//343 945//343
f 177//344 945//344 946//344
f 179//344 177//344 946//344
f 181//345 946//345 947//345
f 181//345 179//345 946//345
f 183//346 947//346 948//346
f 183//346 181//346 947//346
f 186//347 948//347 949//347
f 186//348 949//348 950//348
f 186//347 183//347 948//347
f 227//349 950//349 951//349
f 227//348 186//348 950//348
f 228//349 227//349 951//349
f 229//350 951//350 952//350
f 229//350 228//350 951//350
f 230//351 952//351 953//351
f 230//351 229//351 952//351
f 231//352 953//352 954//352
f 231//352 230//352 953//352
f 232//353 954//353 955//353
f 232//353 231//353 954//353
f 233//354 232//354 955//354
f 233//354 955//354 956//354
f 234//355 233//355 956//355
f 234//355 956//355 957//355
f 235//356 234//356 957//356
f 235//357 957//357 958//357
f 236//358 235//358 958//358
f 236//359 958//359 959//359
f 237//360 236//360 959//360
f 237//361 959//361 960//361
f 238//362 237//362 960//362
f 238//363 960//363 961//363
f 239//364 238//364 961//364
f 239//364 961//364 962//364
f 240//365 239//365 962//365
f 240//365 962//365 963//365
f 241//366 240//366 963//366
f 241//367 963//367 964//367
f 242//368 241//368 964//368
f 242//369 964//369 965//369
f 243//370 242//370 965//370
f 243//370 965//370 966//370
f 244//371 243//371 966//371
f 244//371 966//371 967//371
f 245//372 244//372 967//372
f 245//372 967//372 968//372
f 246//373 245//373 968//373
f 246//374 968//374 969//374
f 247//375 246//375 969//375
f 247//375 969//375 970//375
f 248//376 247//376 970//376
f 248//376 970//376 971//376
f 249//377 248//377 971//377
f 249//378 971//378 972//378
f 222//379 249//379 972//379
f 222//380 972//380 973//380
f 221//381 222//381 973//381
f 221//382 973//382 974//382
f 223//383 221//383 974//383
f 223//384 974//384 975//384
f 224//385 223//385 975//385
f 224//385 975//385 976//385
f 225//386 976//386 977//386
f 225//386 224//386 976//386
f 226//387 977//387 978//387
f 226//387 225//387 977//387
f 250//388 978//388 979//388
f 250//388 226//388 978//388
f 252//389 250//389 979//389
f 252//390 979//390 980//390
f 253//391 980//391 981//391
f 253//391 252//391 980//391
f 254//392 981//392 982//392
f 254//392 253//392 981//392
f 255//393 982//393 983//393
f 255//393 254//393 982//393
f 256//394 983//394 984//394
f 256//395 984//395 985//395
f 256//394 255//394 983//394
f 257//395 256//395 985//395
f 258//396 985//396 986//396
f 258//396 257//396 985//396
f 259//397 986//397 987//397
f 259//397 258//397 986//397
f 260//398 987//398 988//398
f 260//398 259//398 987//398
f 261//399 988//399 989//399
f 261//399 260//399 988//399
f 262//400 989//400 990//400
f 262//400 261//400 989//400
f 263//401 990//401 991//401
f 263//402 262//402 990//402
f 264//403 991//403 992//403
f 264//403 263//403 991//403
f 265//404 992//404 993//404
f 265//404 264//404 992//404
f 266//405 993//405 994//405
f 266//405 265//405 993//405
f 267//406 994//406 995//406
f 267//406 266//406 994//406
f 268//407 995//407 996//407
f 268//408 267//408 995//408
f 269//409 996//409 997//409
f 269//410 268//410 996//410
f 270//411 997//411 998//411
f 270//411 269//411 997//411
f 271//412 998//412 999//412
f 271//412 270//412 998//412
f 272//413 999//413 1000//413
f 272//413 271//413 999//413
f 273//414 1000//414 1001//414
f 273//414 272//414 1000//414
f 274//415 1001//415 1002//415
f 274//415 273//415 1001//415
f 275//416 1002//416 1003//416
f 275//416 274//416 1002//416
f 276//417 1003//417 1004//417
f 276//417 275//417 1003//417
f 277//418 1004//418 1005//418
f 277//418 276//418 1004//418
f 278//419 277//419 1005//419
f 278//420 1005//420 1006//420
f 279//421 278//421 1006//421
f 279//422 1006//422 1007//422
f 280//423 279//423 1007//423
f 280//423 1007//423 1008//423
f 281//424 280//424 1008//424
f 281//424 1008//424 1009//424
f 282//425 281//425 1009//425
f 282//426 1009//426 1010//426
f 283//427 282//427 1010//427
f 283//428 1010//428 1011//428
f 284//429 283//429 1011//429
f 284//429 1011//429 1012//429
f 285//430 284//430 1012//430
f 285//430 1012//430 1013//430
f 286//431 285//431 1013//431
f 286//431 1013//431 1014//431
f 299//432 286//432 1014//432
f 299//432 1014//432 1015//432
f 298//433 1015//433 1016//433
f 298//434 299//434 1015//434
f 297//435 1016//435 1017//435
f 297//435 298//435 1016//435
f 296//436 1017//436 1018//436
f 296//436 297//436 1017//436
f 295//437 1018//437 1019//437
f 295//438 296//438 1018//438
f 294//439 1019//439 1020//439
f 294//440 1020//440 877//440
f 294//439 295//439 1019//439
f 287//441 294//441 877//441
f 433//442 432//442 1021//442
f 433//443 1021//443 1022//443
f 434//444 433//444 1022//444
f 434//444 1022//444 1023//444
f 435//445 434//445 1023//445
f 435//446 1023//446 1024//446
f 436//447 1024//447 1025//447
f 436//447 435//447 1024//447
f 437//448 436//448 1025//448
f 437//448 1025//448 1026//448
f 438//449 1026//449 1027//449
f 438//450 437//450 1026//450
f 395//451 1027//451 1028//451
f 395//451 438//451 1027//451
f 364//452 1028//452 1029//452
f 364//452 395//452 1028//452
f 363//453 1029//453 1030//453
f 363//453 364//453 1029//453
f 362//454 1030//454 1031//454
f 362//455 1031//455 1032//455
f 362//454 363//454 1030//454
f 361//456 362//456 1032//456
f 361//457 1032//457 1033//457
f 360//458 361//458 1033//458
f 359//459 1033//459 1034//459
f 359//460 1034//460 1035//460
f 359//459 360//459 1033//459
f 358//460 359//460 1035//460
f 357//461 1035//461 1036//461
f 357//462 358//462 1035//462
f 356//463 1036//463 1037//463
f 356//464 1037//464 1038//464
f 356//465 357//465 1036//465
f 355//466 1038//466 1039//466
f 355//464 356//464 1038//464
f 354//466 355//466 1039//466
f 353//467 1039//467 1040//467
f 353//467 354//467 1039//467
f 352//468 1040//468 1041//468
f 352//468 353//468 1040//468
f 351//469 1041//469 1042//469
f 351//470 1042//470 1043//470
f 351//469 352//469 1041//469
f 350//471 1043//471 1044//471
f 350//470 351//470 1043//470
f 349//471 350//471 1044//471
f 348//472 1044//472 1045//472
f 348//473 1045//473 1046//473
f 348//472 349//472 1044//472
f 343//474 348//474 1046//474
f 342//475 1046//475 1047//475
f 342//476 1047//476 1048//476
f 342//477 343//477 1046//477
f 344//476 342//476 1048//476
f 345//478 344//478 1048//478
f 345//478 1048//478 1049//478
f 346//479 345//479 1049//479
f 346//479 1049//479 1050//479
f 347//480 346//480 1050//480
f 347//480 1050//480 1051//480
f 347//481 1051//481 1052//481
f 341//482 347//482 1052//482
f 341//483 1052//483 1053//483
f 340//483 341//483 1053//483
f 339//484 340//484 1053//484
f 339//484 1053//484 1054//484
f 339//485 1054//485 1055//485
f 338//485 339//485 1055//485
f 338//486 1055//486 1056//486
f 337//486 338//486 1056//486
f 336//487 1056//487 1057//487
f 336//487 337//487 1056//487
f 336//488 1057//488 1058//488
f 335//488 336//488 1058//488
f 334//489 335//489 1058//489
f 334//489 1058//489 1059//489
f 334//490 1059//490 1060//490
f 333//490 334//490 1060//490
f 332//491 1060//491 1061//491
f 332//491 333//491 1060//491
f 330//492 1061//492 1062//492
f 330//492 332//492 1061//492
f 329//493 1062//493 1063//493
f 329//494 330//494 1062//494
f 327//495 1063//495 1064//495
f 327//495 329//495 1063//495
f 325//496 1064//496 1065//496
f 325//496 327//496 1064//496
f 323//497 1065//497 1066//497
f 323//498 1066//498 1067//498
f 323//497 325//497 1065//497
f 321//498 323//498 1067//498
f 319//499 1067//499 1068//499
f 319//500 321//500 1067//500
f 317//501 1068//501 1069//501
f 317//502 319//502 1068//502
f 315//503 1069//503 1070//503
f 315//504 317//504 1069//504
f 314//505 1070//505 1071//505
f 314//506 1071//506 1072//506
f 314//507 315//507 1070//507
f 312//506 314//506 1072//506
f 310//508 1072//508 1073//508
f 310//508 312//508 1072//508
f 308//509 1073//509 1074//509
f 308//510 310//510 1073//510
f 306//511 308//511 1074//511
f 306//512 1074//512 1075//512
f 304//513 306//513 1075//513
f 304//513 1075//513 1076//513
f 302//514 304//514 1076//514
f 302//514 1076//514 1077//514
f 300//515 302//515 1077//515
f 300//516 1077//516 1078//516
f 301//517 300//517 1078//517
f 301//518 1078//518 1079//518
f 303//519 301//519 1079//519
f 303//519 1079//519 1080//519
f 305//520 303//520 1080//520
f 305//520 1080//520 1081//520
f 307//521 305//521 1081//521
f 307//522 1081//522 1082//522
f 309//523 307//523 1082//523
f 309//524 1082//524 1083//524
f 311//525 309//525 1083//525
f 311//526 1083//526 1084//526
f 313//527 311//527 1084//527
f 313//528 1084//528 1085//528
f 316//529 313//529 1085//529
f 316//530 1085//530 1086//530
f 318//531 316//531 1086//531
f 318//531 1086//531 1087//531
f 320//532 318//532 1087//532
f 320//532 1087//532 1088//532
f 322//533 320//533 1088//533
f 322//533 1088//533 1089//533
f 322//534 1089//534 1090//534
f 324//534 322//534 1090//534
f 326//535 1090//535 1091//535
f 326//535 324//535 1090//535
f 326//536 1091//536 1092//536
f 328//536 326//536 1092//536
f 331//537 1092//537 1093//537
f 331//537 328//537 1092//537
f 371//538 1093//538 1094//538
f 371//538 331//538 1093//538
f 372//539 1094//539 1095//539
f 372//539 371//539 1094//539
f 373//540 1095//540 1096//540
f 373//540 372//540 1095//540
f 374//541 1096//541 1097//541
f 374//541 373//541 1096//541
f 375//542 1097//542 1098//542
f 375//542 374//542 1097//542
f 376//543 1098//543 1099//543
f 376//543 375//543 1098//543
f 377//544 376//544 1099//544
f 377//544 1099//544 1100//544
f 378//545 377//545 1100//545
f 378//545 1100//545 1101//545
f 379//546 378//546 1101//546
f 379//547 1101//547 1102//547
f 380//548 379//548 1102//548
f 380//549 1102//549 1103//549
f 381//550 380//550 1103//550
f 381//551 1103//551 1104//551
f 382//552 381//552 1104//552
f 382//553 1104//553 1105//553
f 383//554 382//554 1105//554
f 383//554 1105//554 1106//554
f 384//555 383//555 1106//555
f 384//555 1106//555 1107//555
f 385//556 384//556 1107//556
f 385//557 1107//557 1108//557
f 386//558 385//558 1108//558
f 386//559 1108//559 1109//559
f 387//560 386//560 1109//560
f 387//560 1109//560 1110//560
f 388//561 387//561 1110//561
f 388//561 1110//561 1111//561
f 389//562 388//562 1111//562
f 389//562 1111//562 1112//562
f 390//563 389//563 1112//563
f 390//564 1112//564 1113//564
f 391//565 390//565 1113//565
f 391//565 1113//565 1114//565
f 392//566 391//566 1114//566
f 392//566 1114//566 1115//566
f 393//567 392//567 1115//567
f 393//568 1115//568 1116//568
f 366//569 393//569 1116//569
f 366//570 1116//570 1117//570
f 365//571 366//571 1117//571
f 365//572 1117//572 1118//572
f 367//573 365//573 1118//573
f 367//574 1118//574 1119//574
f 368//575 367//575 1119//575
f 368//575 1119//575 1120//575
f 369//576 1120//576 1121//576
f 369//576 368//576 1120//576
f 370//577 1121//577 1122//577
f 370//577 369//577 1121//577
f 394//578 1122//578 1123//578
f 394//578 370//578 1122//578
f 396//579 394//579 1123//579
f 396//580 1123//580 1124//580
f 397//581 1124//581 1125//581
f 397//581 396//581 1124//581
f 398//582 1125//582 1126//582
f 398//583 1126//583 1127//583
f 398//582 397//582 1125//582
f 399//583 398//583 1127//583
f 400//584 1127//584 1128//584
f 400//584 399//584 1127//584
f 401//585 1128//585 1129//585
f 401//585 400//585 1128//585
f 402//586 1129//586 1130//586
f 402//586 401//586 1129//586
f 403//587 1130//587 1131//587
f 403//587 402//587 1130//587
f 404//588 1131//588 1132//588
f 404//588 403//588 1131//588
f 405//589 1132//589 1133//589
f 405//589 404//589 1132//589
f 406//590 1133//590 1134//590
f 406//590 405//590 1133//590
f 407//591 1134//591 1135//591
f 407//592 406//592 1134//592
f 409//593 1135//593 1136//593
f 409//593 407//593 1135//593
f 410//594 1136//594 1137//594
f 410//594 409//594 1136//594
f 411//595 1137//595 1138//595
f 411//595 410//595 1137//595
f 412//596 1138//596 1139//596
f 412//596 411//596 1138//596
f 413//597 1139//597 1140//597
f 413//598 412//598 1139//598
f 414//599 1140//599 1141//599
f 414//600 413//600 1140//600
f 415//601 1141//601 1142//601
f 415//601 414//601 1141//601
f 416//602 1142//602 1143//602
f 416//602 415//602 1142//602
f 417//603 1143//603 1144//603
f 417//603 416//603 1143//603
f 418//604 1144//604 1145//604
f 418//604 417//604 1144//604
f 419//605 1145//605 1146//605
f 419//605 418//605 1145//605
f 420//606 1146//606 1147//606
f 420//606 419//606 1146//606
f 421//607 1147//607 1148//607
f 421//607 420//607 1147//607
f 422//608 1148//608 1149//608
f 422//608 421//608 1148//608
f 423//609 422//609 1149//609
f 423//610 1149//610 1150//610
f 424//611 423//611 1150//611
f 424//612 1150//612 1151//612
f 425//613 424//613 1151//613
f 425//613 1151//613 1152//613
f 426//614 425//614 1152//614
f 426//614 1152//614 1153//614
f 427//615 426//615 1153//615
f 427//616 1153//616 1154//616
f 428//617 427//617 1154//617
f 428//618 1154//618 1155//618
f 429//619 428//619 1155//619
f 429//619 1155//619 1156//619
f 429//620 1156//620 1157//620
f 430//620 429//620 1157//620
f 431//621 430//621 1157//621
f 431//621 1157//621 1158//621
f 444//622 431//622 1158//622
f 444//622 1158//622 1159//622
f 444//623 1159//623 1160//623
f 443//624 444//624 1160//624
f 442//625 1160//625 1161//625
f 442//625 443//625 1160//625
f 441//626 1161//626 1162//626
f 441//626 442//626 1161//626
f 440//627 1162//627 1163//627
f 440//628 441//628 1162//628
f 439//629 1163//629 1164//629
f 439//630 1164//630 1021//630
f 439//629 440//629 1163//629
f 432//631 439//631 1021//631
f 519//632 518//632 1165//632
f 1165//632 518//632 1166//632
f 518//633 520//633 1166//633
f 1166//633 520//633 1167//633
f 520//634 521//634 1167//634
f 1167//634 521//634 1168//634
f 1168//635 522//635 1169//635
f 521//635 522//635 1168//635
f 1169//636 522//636 1170//636
f 522//636 523//636 1170//636
f 1170//637 524//637 1171//637
f 523//637 524//637 1170//637
f 1171//638 525//638 1172//638
f 524//638 525//638 1171//638
f 1172//639 526//639 1173//639
f 1173//640 526//640 1174//640
f 525//639 526//639 1172//639
f 526//640 527//640 1174//640
f 1174//641 528//641 1175//641
f 1175//642 528//642 1176//642
f 527//641 528//641 1174//641
f 528//642 529//642 1176//642
f 1176//643 530//643 1177//643
f 529//643 530//643 1176//643
f 1177//644 531//644 1178//644
f 530//644 531//644 1177//644
f 1178//645 532//645 1179//645
f 531//645 532//645 1178//645
f 1179//646 533//646 1180//646
f 532//646 533//646 1179//646
f 1180//647 534//647 1181//647
f 533//647 534//647 1180//647
f 1181//648 535//648 1182//648
f 1182//649 535//649 1183//649
f 534//648 535//648 1181//648
f 535//649 536//649 1183//649
f 1183//650 537//650 1184//650
f 536//650 537//650 1183//650
f 1184//651 538//651 1185//651
f 537//651 538//651 1184//651
f 1185//652 539//652 1186//652
f 538//652 539//652 1185//652
f 1186//653 540//653 1187//653
f 1187//654 540//654 1188//654
f 539//653 540//653 1186//653
f 540//654 541//654 1188//654
f 1188//655 542//655 1189//655
f 541//655 542//655 1188//655
f 1189//656 543//656 1190//656
f 542//656 543//656 1189//656
f 1190//657 544//657 1191//657
f 543//657 544//657 1190//657
f 1191//658 545//658 1192//658
f 1192//659 545//659 1193//659
f 544//658 545//658 1191//658
f 545//659 546//659 1193//659
f 546//660 547//660 1193//660
f 1193//660 547//660 1194//660
f 547//661 548//661 1194//661
f 1194//661 548//661 1195//661
f 548//662 549//662 1195//662
f 1195//662 549//662 1196//662
f 1196//663 549//663 1197//663
f 549//663 550//663 1197//663
f 550//664 551//664 1197//664
f 1197//664 551//664 1198//664
f 1198//665 551//665 1199//665
f 551//665 552//665 1199//665
f 552//666 553//666 1199//666
f 1199//666 553//666 1200//666
f 1200//667 517//667 1201//667
f 553//667 517//667 1200//667
f 1201//668 517//668 1202//668
f 517//668 515//668 1202//668
f 515//669 513//669 1202//669
f 1202//669 513//669 1203//669
f 1203//670 511//670 1204//670
f 1204//671 511//671 1205//671
f 513//670 511//670 1203//670
f 511//671 509//671 1205//671
f 509//672 507//672 1205//672
f 1205//672 507//672 1206//672
f 1206//673 505//673 1207//673
f 1207//674 505//674 1208//674
f 507//673 505//673 1206//673
f 505//674 503//674 1208//674
f 1208//675 501//675 1209//675
f 1209//676 501//676 1210//676
f 503//675 501//675 1208//675
f 501//676 499//676 1210//676
f 1210//677 497//677 1211//677
f 1211//678 497//678 1212//678
f 499//677 497//677 1210//677
f 1212//679 495//679 1213//679
f 497//678 495//678 1212//678
f 495//679 493//679 1213//679
f 1213//680 491//680 1214//680
f 493//680 491//680 1213//680
f 1214//681 489//681 1215//681
f 491//681 489//681 1214//681
f 1215//682 487//682 1216//682
f 489//682 487//682 1215//682
f 1216//683 485//683 1217//683
f 487//683 485//683 1216//683
f 1217//684 483//684 1218//684
f 485//684 483//684 1217//684
f 483//685 481//685 1218//685
f 1218//685 481//685 1219//685
f 481//686 479//686 1219//686
f 1219//686 479//686 1220//686
f 479//687 477//687 1220//687
f 1220//687 477//687 1221//687
f 477//688 475//688 1221//688
f 1221//688 475//688 1222//688
f 475//689 473//689 1222//689
f 1222//689 473//689 1223//689
f 473//690 471//690 1223//690
f 1223//690 471//690 1224//690
f 471//691 469//691 1224//691
f 1224//691 469//691 1225//691
f 469//692 467//692 1225//692
f 1225//692 467//692 1226//692
f 467//693 465//693 1226//693
f 1226//693 465//693 1227//693
f 465//694 463//694 1227//694
f 1227//694 463//694 1228//694
f 463//695 461//695 1228//695
f 1228//695 461//695 1229//695
f 461//696 459//696 1229//696
f 1229//696 459//696 1230//696
f 459//697 457//697 1230//697
f 1230//697 457//697 1231//697
f 457//698 455//698 1231//698
f 1231//698 455//698 1232//698
f 455//699 453//699 1232//699
f 1232//699 453//699 1233//699
f 453//700 451//700 1233//700
f 1233//700 451//700 1234//700
f 1234//701 449//701 1235//701
f 451//701 449//701 1234//701
f 1235//702 447//702 1236//702
f 449//702 447//702 1235//702
f 1236//703 445//703 1237//703
f 1237//704 445//704 1238//704
f 447//703 445//703 1236//703
f 445//704 446//704 1238//704
f 1238//705 448//705 1239//705
f 446//705 448//705 1238//705
f 1239//706 450//706 1240//706
f 448//706 450//706 1239//706
f 1240//707 452//707 1241//707
f 450//707 452//707 1240//707
f 1241//708 454//708 1242//708
f 452//708 454//708 1241//708
f 1242//709 456//709 1243//709
f 454//709 456//709 1242//709
f 456//710 458//710 1243//710
f 1243//710 458//710 1244//710
f 1244//711 458//711 1245//711
f 458//711 460//711 1245//711
f 1245//712 460//712 1246//712
f 460//712 462//712 1246//712
f 462//713 464//713 1246//713
f 1246//713 464//713 1247//713
f 1247//714 464//714 1248//714
f 464//714 466//714 1248//714
f 466//715 468//715 1248//715
f 1248//715 468//715 1249//715
f 468//716 470//716 1249//716
f 1249//716 470//716 1250//716
f 470//717 472//717 1250//717
f 1250//717 472//717 1251//717
f 472//718 474//718 1251//718
f 1251//718 474//718 1252//718
f 474//719 476//719 1252//719
f 1252//719 476//719 1253//719
f 1253//720 476//720 1254//720
f 476//720 478//720 1254//720
f 478//721 480//721 1254//721
f 1254//721 480//721 1255//721
f 480//722 482//722 1255//722
f 1255//722 482//722 1256//722
f 482//723 484//723 1256//723
f 1256//723 484//723 1257//723
f 484//724 486//724 1257//724
f 1257//724 486//724 1258//724
f 486//725 488//725 1258//725
f 1258//725 488//725 1259//725
f 488//726 490//726 1259//726
f 1259//726 490//726 1260//726
f 490//727 492//727 1260//727
f 1260//727 492//727 1261//727
f 492//728 494//728 1261//728
f 1261//728 494//728 1262//728
f 494//729 496//729 1262//729
f 1262//729 496//729 1263//729
f 496//730 498//730 1263//730
f 1263//730 498//730 1264//730
f 1264//731 500//731 1265//731
f 498//731 500//731 1264//731
f 1265//732 502//732 1266//732
f 500//732 502//732 1265//732
f 1266//733 504//733 1267//733
f 502//733 504//733 1266//733
f 504//734 506//734 1267//734
f 1267//734 506//734 1268//734
f 1268//735 508//735 1269//735
f 506//735 508//735 1268//735
f 1269//736 510//736 1270//736
f 508//736 510//736 1269//736
f 1270//737 512//737 1271//737
f 510//737 512//737 1270//737
f 1271//738 514//738 1272//738
f 512//738 514//738 1271//738
f 1272//739 516//739 1273//739
f 514//739 516//739 1272//739
f 1273//740 554//740 1274//740
f 516//740 554//740 1273//740
f 1274//741 555//741 1275//741
f 554//741 555//741 1274//741
f 1275//742 556//742 1276//742
f 555//742 556//742 1275//742
f 1276//743 557//743 1277//743
f 556//743 557//743 1276//743
f 1277//744 558//744 1278//744
f 557//744 558//744 1277//744
f 1278//745 559//745 1279//745
f 558//745 559//745 1278//745
f 1279//746 560//746 1280//746
f 559//746 560//746 1279//746
f 1280//747 561//747 1281//747
f 560//747 561//747 1280//747
f 1281//748 562//748 1282//748
f 561//748 562//748 1281//748
f 1282//749 563//749 1283//749
f 562//749 563//749 1282//749
f 1283//750 564//750 1284//750
f 563//750 564//750 1283//750
f 1284//751 565//751 1285//751
f 564//751 565//751 1284//751
f 1285//752 566//752 1286//752
f 565//752 566//752 1285//752
f 1286//753 567//753 1287//753
f 566//753 567//753 1286//753
f 1287//754 568//754 1288//754
f 567//754 568//754 1287//754
f 1288//755 569//755 1289//755
f 568//755 569//755 1288//755
f 1289//756 570//756 1290//756
f 569//756 570//756 1289//756
f 1290//757 571//757 1291//757
f 570//757 571//757 1290//757
f 1291//758 572//758 1292//758
f 571//758 572//758 1291//758
f 1292//759 573//759 1293//759
f 572//759 573//759 1292//759
f 573//760 574//760 1293//760
f 1293//760 574//760 1294//760
f 574//761 575//761 1294//761
f 1294//761 575//761 1295//761
f 575//762 576//762 1295//762
f 1295//762 576//762 1296//762
f 576//763 577//763 1296//763
f 1296//763 577//763 1297//763
f 577//764 578//764 1297//764
f 1297//764 578//764 1298//764
f 578//765 579//765 1298//765
f 1298//765 579//765 1299//765
f 579//766 580//766 1299//766
f 1299//766 580//766 1300//766
f 580//767 581//767 1300//767
f 1300//767 581//767 1301//767
f 581//768 582//768 1301//768
f 1301//768 582//768 1302//768
f 582//769 583//769 1302//769
f 1302//769 583//769 1303//769
f 1303//770 584//770 1304//770
f 583//770 584//770 1303//770
f 1304//771 585//771 1305//771
f 584//771 585//771 1304//771
f 1305//772 586//772 1306//772
f 585//772 586//772 1305//772
f 1306//773 587//773 1307//773
f 586//773 587//773 1306//773
f 1307//774 588//774 1308//774
f 587//774 588//774 1307//774
f 588//775 519//775 1308//775
f 1308//775 519//775 1165//775
f 679//6 1309//6 680//6
f 1309//6 1310//6 680//6
f 679//5 1311//5 1309//5
f 678//5 1311//5 679//5
f 1310//6 1312//6 680//6
f 680//6 1312//6 681//6
f 678//6 1313//6 1311//6
f 676//5 1313//5 677//5
f 677//5 1313//5 678//5
f 1312//6 1314//6 681//6
f 681//6 1314//6 682//6
f 676//5 1315//5 1313//5
f 1314//16 1316//16 682//16
f 682//5 1316//5 683//5
f 676//6 1317//6 1315//6
f 675//6 1317//6 676//6
f 1316//6 1318//6 683//6
f 683//6 1318//6 684//6
f 684//6 1318//6 685//6
f 675//6 1319//6 1317//6
f 673//6 1319//6 674//6
f 674//6 1319//6 675//6
f 1318//5 1320//5 685//5
f 673//6 1321//6 1319//6
f 1320//6 1322//6 685//6
f 685//6 1322//6 686//6
f 686//5 1322//5 687//5
f 673//6 1323//6 1321//6
f 672//6 1323//6 673//6
f 1322//7 1324//7 687//7
f 672//5 1325//5 1323//5
f 671//5 1325//5 672//5
f 1324//6 1326//6 687//6
f 687//5 1326//5 688//5
f 671//6 1327//6 1325//6
f 669//6 1327//6 670//6
f 670//6 1327//6 671//6
f 1326//6 1328//6 688//6
f 688//6 1328//6 689//6
f 669//6 1329//6 1327//6
f 689//6 1330//6 690//6
f 1328//6 1330//6 689//6
f 667//6 1331//6 668//6
f 668//5 1331//5 669//5
f 669//13 1331//13 1329//13
f 690//6 1332//6 691//6
f 1330//6 1332//6 690//6
f 667//11 1333//11 1331//11
f 666//11 1333//11 667//11
f 691//7 1334//7 692//7
f 1332//5 1334//5 691//5
f 666//13 1335//13 1333//13
f 692//5 1336//5 693//5
f 1334//6 1336//6 692//6
f 666//7 1337//7 1335//7
f 664//5 1337//5 665//5
f 665//5 1337//5 666//5
f 693//6 1338//6 694//6
f 1336//6 1338//6 693//6
f 664//11 1339//11 1337//11
f 1338//6 1340//6 694//6
f 694//6 1340//6 695//6
f 695//5 1340//5 696//5
f 664//6 1341//6 1339//6
f 663//6 1341//6 664//6
f 1340//6 1342//6 696//6
f 663//13 1343//13 1341//13
f 661//6 1343//6 662//6
f 662//6 1343//6 663//6
f 696//6 1344//6 697//6
f 697//5 1344//5 698//5
f 1342//6 1344//6 696//6
f 661//6 1345//6 1343//6
f 698//6 1346//6 699//6
f 1344//5 1346//5 698//5
f 661//6 1347//6 1345//6
f 659//6 1347//6 660//6
f 660//6 1347//6 661//6
f 1346//6 1348//6 699//6
f 659//11 1349//11 1347//11
f 699//6 1350//6 700//6
f 1348//6 1350//6 699//6
f 659//6 1351//6 1349//6
f 658//6 1351//6 659//6
f 700//5 1352//5 701//5
f 1350//5 1352//5 700//5
f 658//13 1353//13 1351//13
f 657//5 1353//5 658//5
f 701//6 1354//6 702//6
f 1352//6 1354//6 701//6
f 656//5 1355//5 657//5
f 657//5 1355//5 1353//5
f 702//6 1356//6 703//6
f 703//6 1356//6 704//6
f 1354//6 1356//6 702//6
f 655//13 1357//13 656//13
f 656//11 1357//11 1355//11
f 1356//5 1358//5 704//5
f 654//6 1359//6 655//6
f 655//13 1359//13 1357//13
f 704//5 1360//5 705//5
f 1358//6 1360//6 704//6
f 654//11 1361//11 1359//11
f 653//6 1361//6 654//6
f 705//6 1362//6 706//6
f 1360//7 1362//7 705//7
f 653//6 1363//6 1361//6
f 652//6 1363//6 653//6
f 1362//5 1364//5 706//5
f 706//6 1364//6 707//6
f 652//6 1365//6 1363//6
f 651//6 1365//6 652//6
f 1364//7 1366//7 707//7
f 707//6 1366//6 708//6
f 650//5 1367//5 651//5
f 651//12 1367//12 1365//12
f 650//6 649//6 1367//6
f 1366//6 1368//6 708//6
f 708//6 1368//6 709//6
f 649//6 1369//6 1367//6
f 709//6 1370//6 710//6
f 1368//6 1370//6 709//6
f 649//6 1371//6 1369//6
f 648//6 1371//6 649//6
f 648//6 647//6 1371//6
f 710//5 1372//5 711//5
f 1370//6 1372//6 710//6
f 647//6 1373//6 1371//6
f 647//6 646//6 1373//6
f 1372//6 1374//6 711//6
f 711//6 1374//6 712//6
f 646//6 1375//6 1373//6
f 712//6 1376//6 713//6
f 1374//6 1376//6 712//6
f 646//5 1377//5 1375//5
f 645//5 1377//5 646//5
f 713//6 1378//6 714//6
f 1376//5 1378//5 713//5
f 644//6 1379//6 645//6
f 645//11 1379//11 1377//11
f 714//6 1380//6 715//6
f 1378//6 1380//6 714//6
f 644//5 1381//5 1379//5
f 644//5 643//5 1381//5
f 1382//6 716//6 1380//6
f 1380//11 716//11 715//11
f 643//6 642//6 1381//6
f 1381//6 642//6 1383//6
f 1384//12 717//12 1382//12
f 1382//12 717//12 716//12
f 642//6 641//6 1383//6
f 1383//5 641//5 1385//5
f 1386//6 718//6 1384//6
f 1384//6 718//6 717//6
f 1385//6 640//6 1387//6
f 641//5 640//5 1385//5
f 640//12 1388//12 1387//12
f 1389//6 719//6 1386//6
f 1386//6 719//6 718//6
f 640//5 639//5 1388//5
f 1389//12 1390//12 719//12
f 639//6 1391//6 1388//6
f 1390//6 720//6 719//6
f 639//6 638//6 1391//6
f 638//5 1392//5 1391//5
f 1390//6 721//6 720//6
f 1393//11 721//11 1390//11
f 638//6 637//6 1392//6
f 1393//6 722//6 721//6
f 1394//6 722//6 1393//6
f 637//6 636//6 1392//6
f 1392//6 636//6 1395//6
f 1394//6 1396//6 722//6
f 1396//5 723//5 722//5
f 636//5 635//5 1395//5
f 1395//7 635//7 1397//7
f 1396//6 724//6 723//6
f 1398//6 724//6 1396//6
f 635//5 634//5 1397//5
f 1397//6 634//6 1399//6
f 1398//5 725//5 724//5
f 1400//12 725//12 1398//12
f 634//6 633//6 1399//6
f 1399//6 633//6 1401//6
f 1400//6 726//6 725//6
f 1402//6 726//6 1400//6
f 633//6 632//6 1401//6
f 1401//6 632//6 1403//6
f 1402//6 727//6 726//6
f 1404//6 727//6 1402//6
f 632//6 631//6 1403//6
f 1403//6 631//6 1405//6
f 1404//6 728//6 727//6
f 1406//6 728//6 1404//6
f 1407//6 728//6 1406//6
f 631//6 630//6 1405//6
f 1405//5 630//5 1408//5
f 1407//6 729//6 728//6
f 1408//6 629//6 1409//6
f 630//5 629//5 1408//5
f 1407//6 730//6 729//6
f 1410//6 730//6 1407//6
f 1411//6 730//6 1410//6
f 1409//6 628//6 1412//6
f 629//6 628//6 1409//6
f 1411//5 731//5 730//5
f 1412//6 627//6 1413//6
f 628//6 627//6 1412//6
f 1414//6 732//6 1411//6
f 1415//6 732//6 1414//6
f 1411//16 732//16 731//16
f 627//5 626//5 1413//5
f 1413//6 626//6 1416//6
f 1415//13 589//13 732//13
f 626//6 625//6 1416//6
f 1416//6 625//6 1417//6
f 1415//11 590//11 589//11
f 1418//6 590//6 1415//6
f 625//5 624//5 1417//5
f 1417//5 624//5 1419//5
f 1418//13 591//13 590//13
f 1420//5 591//5 1418//5
f 624//6 623//6 1419//6
f 1419//6 623//6 1421//6
f 1420//5 592//5 591//5
f 1422//6 592//6 1420//6
f 623//6 622//6 1421//6
f 1423//5 622//5 1424//5
f 1421//6 622//6 1423//6
f 1422//6 593//6 592//6
f 1425//6 593//6 1422//6
f 622//5 621//5 1424//5
f 1426//6 594//6 1425//6
f 1425//6 594//6 593//6
f 621//6 620//6 1424//6
f 1427//6 620//6 1428//6
f 1424//6 620//6 1427//6
f 1429//6 595//6 1426//6
f 1426//6 595//6 594//6
f 1428//5 619//5 1430//5
f 620//6 619//6 1428//6
f 1431//6 596//6 1429//6
f 1429//7 596//7 595//7
f 1430//6 618//6 1432//6
f 619//6 618//6 1430//6
f 1433//6 597//6 1431//6
f 1431//6 597//6 596//6
f 618//5 617//5 1432//5
f 1433//6 598//6 597//6
f 1434//16 598//16 1433//16
f 1435//6 598//6 1434//6
f 617//6 616//6 1432//6
f 1432//6 616//6 1436//6
f 1435//6 599//6 598//6
f 616//5 615//5 1436//5
f 1437//7 615//7 1438//7
f 1436//5 615//5 1437//5
f 1435//5 600//5 599//5
f 1439//6 600//6 1435//6
f 615//6 614//6 1438//6
f 1438//6 614//6 1440//6
f 614//6 613//6 1440//6
f 1440//6 613//6 1441//6
f 1442//5 601//5 1439//5
f 1439//6 601//6 600//6
f 613//6 612//6 1441//6
f 1442//6 602//6 601//6
f 1443//13 602//13 1442//13
f 1444//14 602//14 1443//14
f 1444//6 603//6 602//6
f 612//5 611//5 1441//5
f 1441//6 611//6 1445//6
f 1444//5 604//5 603//5
f 1446//6 604//6 1444//6
f 611//6 610//6 1445//6
f 1445//6 610//6 1447//6
f 1446//6 605//6 604//6
f 1448//6 605//6 1446//6
f 610//6 609//6 1447//6
f 1447//6 609//6 1449//6
f 1448//16 606//16 605//16
f 1450//16 606//16 1448//16
f 609//5 608//5 1449//5
f 1449//16 608//16 1451//16
f 1450//6 607//6 606//6
f 608//6 607//6 1451//6
f 1452//6 607//6 1450//6
f 1451//13 607//13 1452//13
f 865//776 864//776 1453//776
f 865//777 1453//777 1454//777
f 866//778 865//778 1454//778
f 866//778 1454//778 1455//778
f 867//779 866//779 1455//779
f 867//780 1455//780 1456//780
f 868//781 1456//781 1457//781
f 868//781 867//781 1456//781
f 869//782 868//782 1457//782
f 869//782 1457//782 1458//782
f 870//783 1458//783 1459//783
f 870//783 869//783 1458//783
f 828//784 1459//784 1460//784
f 828//784 870//784 1459//784
f 797//785 1460//785 1461//785
f 797//786 828//786 1460//786
f 796//787 1461//787 1462//787
f 796//787 797//787 1461//787
f 795//788 1462//788 1463//788
f 795//789 1463//789 1464//789
f 795//788 796//788 1462//788
f 794//790 795//790 1464//790
f 794//791 1464//791 1465//791
f 793//791 794//791 1465//791
f 792//792 1465//792 1466//792
f 792//793 1466//793 1467//793
f 792//792 793//792 1465//792
f 791//793 792//793 1467//793
f 790//794 1467//794 1468//794
f 790//795 791//795 1467//795
f 789//796 1468//796 1469//796
f 789//797 1469//797 1470//797
f 789//796 790//796 1468//796
f 788//798 1470//798 1471//798
f 788//797 789//797 1470//797
f 787//798 788//798 1471//798
f 786//799 1471//799 1472//799
f 786//799 787//799 1471//799
f 785//800 1472//800 1473//800
f 785//800 786//800 1472//800
f 784//801 1473//801 1474//801
f 784//802 1474//802 1475//802
f 784//801 785//801 1473//801
f 783//803 1475//803 1476//803
f 783//802 784//802 1475//802
f 782//803 783//803 1476//803
f 781//804 1476//804 1477//804
f 781//805 1477//805 1478//805
f 781//804 782//804 1476//804
f 776//806 781//806 1478//806
f 775//807 1478//807 1479//807
f 775//808 1479//808 1480//808
f 775//809 776//809 1478//809
f 777//808 775//808 1480//808
f 778//810 777//810 1480//810
f 778//810 1480//810 1481//810
f 779//811 778//811 1481//811
f 779//811 1481//811 1482//811
f 780//812 779//812 1482//812
f 780//812 1482//812 1483//812
f 780//813 1483//813 1484//813
f 774//814 780//814 1484//814
f 774//815 1484//815 1485//815
f 773//815 774//815 1485//815
f 772//816 773//816 1485//816
f 772//816 1485//816 1486//816
f 772//817 1486//817 1487//817
f 771//817 772//817 1487//817
f 771//818 1487//818 1488//818
f 770//818 771//818 1488//818
f 769//819 1488//819 1489//819
f 769//819 770//819 1488//819
f 769//820 1489//820 1490//820
f 768//820 769//820 1490//820
f 767//821 768//821 1490//821
f 767//822 1490//822 1491//822
f 767//823 1491//823 1492//823
f 766//823 767//823 1492//823
f 765//824 1492//824 1493//824
f 765//824 766//824 1492//824
f 763//825 1493//825 1494//825
f 763//825 765//825 1493//825
f 762//826 1494//826 1495//826
f 762//827 763//827 1494//827
f 760//828 1495//828 1496//828
f 760//828 762//828 1495//828
f 758//829 1496//829 1497//829
f 758//829 760//829 1496//829
f 756//830 1497//830 1498//830
f 756//831 1498//831 1499//831
f 756//830 758//830 1497//830
f 754//831 756//831 1499//831
f 752//832 1499//832 1500//832
f 752//833 754//833 1499//833
f 750//834 1500//834 1501//834
f 750//835 752//835 1500//835
f 748//836 1501//836 1502//836
f 748//837 750//837 1501//837
f 747//838 1502//838 1503//838
f 747//839 1503//839 1504//839
f 747//840 748//840 1502//840
f 745//839 747//839 1504//839
f 743//841 1504//841 1505//841
f 743//841 745//841 1504//841
f 741//842 1505//842 1506//842
f 741//843 743//843 1505//843
f 739//844 741//844 1506//844
f 739//844 1506//844 1507//844
f 737//845 739//845 1507//845
f 737//845 1507//845 1508//845
f 735//846 737//846 1508//846
f 735//846 1508//846 1509//846
f 733//847 735//847 1509//847
f 733//848 1509//848 1510//848
f 734//849 733//849 1510//849
f 734//850 1510//850 1511//850
f 736//851 734//851 1511//851
f 736//851 1511//851 1512//851
f 738//852 736//852 1512//852
f 738//852 1512//852 1513//852
f 740//853 738//853 1513//853
f 740//854 1513//854 1514//854
f 742//855 740//855 1514//855
f 742//856 1514//856 1515//856
f 744//857 742//857 1515//857
f 744//858 1515//858 1516//858
f 746//859 744//859 1516//859
f 746//860 1516//860 1517//860
f 749//861 746//861 1517//861
f 749//861 1517//861 1518//861
f 751//862 749//862 1518//862
f 751//862 1518//862 1519//862
f 753//863 751//863 1519//863
f 753//863 1519//863 1520//863
f 755//864 753//864 1520//864
f 755//864 1520//864 1521//864
f 755//865 1521//865 1522//865
f 757//865 755//865 1522//865
f 759//866 1522//866 1523//866
f 759//866 757//866 1522//866
f 759//867 1523//867 1524//867
f 761//867 759//867 1524//867
f 764//868 1524//868 1525//868
f 764//868 761//868 1524//868
f 804//869 1525//869 1526//869
f 804//869 764//869 1525//869
f 805//870 1526//870 1527//870
f 805//870 804//870 1526//870
f 806//871 1527//871 1528//871
f 806//871 805//871 1527//871
f 807//872 1528//872 1529//872
f 807//872 806//872 1528//872
f 808//873 1529//873 1530//873
f 808//873 807//873 1529//873
f 809//874 1530//874 1531//874
f 809//874 808//874 1530//874
f 810//875 809//875 1531//875
f 810//875 1531//875 1532//875
f 811//876 810//876 1532//876
f 811//877 1532//877 1533//877
f 812//878 811//878 1533//878
f 812//879 1533//879 1534//879
f 813//880 812//880 1534//880
f 813//881 1534//881 1535//881
f 814//882 813//882 1535//882
f 814//883 1535//883 1536//883
f 815//884 814//884 1536//884
f 815//885 1536//885 1537//885
f 816//886 815//886 1537//886
f 816//886 1537//886 1538//886
f 817//887 816//887 1538//887
f 817//887 1538//887 1539//887
f 818//888 817//888 1539//888
f 818//889 1539//889 1540//889
f 819//890 818//890 1540//890
f 819//891 1540//891 1541//891
f 820//892 819//892 1541//892
f 820//892 1541//892 1542//892
f 821//893 820//893 1542//893
f 821//893 1542//893 1543//893
f 822//894 821//894 1543//894
f 822//894 1543//894 1544//894
f 823//895 822//895 1544//895
f 823//896 1544//896 1545//896
f 824//897 823//897 1545//897
f 824//897 1545//897 1546//897
f 825//898 824//898 1546//898
f 825//898 1546//898 1547//898
f 826//899 825//899 1547//899
f 826//900 1547//900 1548//900
f 799//901 826//901 1548//901
f 799//902 1548//902 1549//902
f 798//903 799//903 1549//903
f 798//904 1549//904 1550//904
f 800//905 798//905 1550//905
f 800//906 1550//906 1551//906
f 801//907 800//907 1551//907
f 801//907 1551//907 1552//907
f 802//908 1552//908 1553//908
f 802//908 801//908 1552//908
f 803//909 1553//909 1554//909
f 803//909 802//909 1553//909
f 827//910 1554//910 1555//910
f 827//910 803//910 1554//910
f 829//911 827//911 1555//911
f 829//912 1555//912 1556//912
f 830//913 1556//913 1557//913
f 830//913 829//913 1556//913
f 831//914 1557//914 1558//914
f 831//915 1558//915 1559//915
f 831//914 830//914 1557//914
f 832//915 831//915 1559//915
f 833//916 1559//916 1560//916
f 833//916 832//916 1559//916
f 834//917 1560//917 1561//917
f 834//917 833//917 1560//917
f 835//918 1561//918 1562//918
f 835//918 834//918 1561//918
f 836//919 1562//919 1563//919
f 836//919 835//919 1562//919
f 837//920 1563//920 1564//920
f 837//920 836//920 1563//920
f 838//921 1564//921 1565//921
f 838//921 837//921 1564//921
f 839//922 1565//922 1566//922
f 839//922 838//922 1565//922
f 840//923 1566//923 1567//923
f 840//924 839//924 1566//924
f 841//925 1567//925 1568//925
f 841//925 840//925 1567//925
f 842//926 1568//926 1569//926
f 842//926 841//926 1568//926
f 843//927 1569//927 1570//927
f 843//927 842//927 1569//927
f 844//928 1570//928 1571//928
f 844//928 843//928 1570//928
f 845//929 1571//929 1572//929
f 845//930 844//930 1571//930
f 846//931 1572//931 1573//931
f 846//932 845//932 1572//932
f 847//933 1573//933 1574//933
f 847//933 846//933 1573//933
f 848//934 1574//934 1575//934
f 848//934 847//934 1574//934
f 849//935 1575//935 1576//935
f 849//935 848//935 1575//935
f 850//936 1576//936 1577//936
f 850//936 849//936 1576//936
f 851//937 1577//937 1578//937
f 851//937 850//937 1577//937
f 852//938 1578//938 1579//938
f 852//938 851//938 1578//938
f 853//939 1579//939 1580//939
f 853//939 852//939 1579//939
f 854//940 1580//940 1581//940
f 854//940 853//940 1580//940
f 855//941 854//941 1581//941
f 855//942 1581//942 1582//942
f 856//943 855//943 1582//943
f 856//944 1582//944 1583//944
f 857//945 856//945 1583//945
f 857//945 1583//945 1584//945
f 858//946 857//946 1584//946
f 858//946 1584//946 1585//946
f 859//947 858//947 1585//947
f 859//947 1585//947 1586//947
f 860//948 859//948 1586//948
f 860//949 1586//949 1587//949
f 861//950 860//950 1587//950
f 861//950 1587//950 1588//950
f 861//951 1588//951 1589//951
f 862//951 861//951 1589//951
f 863//952 862//952 1589//952
f 863//952 1589//952 1590//952
f 876//953 863//953 1590//953
f 876//953 1590//953 1591//953
f 876//954 1591//954 1592//954
f 875//954 876//954 1592//954
f 874//955 1592//955 1593//955
f 874//955 875//955 1592//955
f 873//956 1593//956 1594//956
f 873//956 874//956 1593//956
f 872//957 1594//957 1595//957
f 872//958 873//958 1594//958
f 871//959 1595//959 1596//959
f 871//960 1596//960 1453//960
f 871//959 872//959 1595//959
f 864//961 871//961 1453//961
f 967//21 1597//21 968//21
f 1597//21 1598//21 968//21
f 967//20 1599//20 1597//20
f 966//20 1599//20 967//20
f 1598//21 1600//21 968//21
f 968//21 1600//21 969//21
f 966//21 1601//21 1599//21
f 964//20 1601//20 965//20
f 965//20 1601//20 966//20
f 1600//21 1602//21 969//21
f 969//21 1602//21 970//21
f 964//20 1603//20 1601//20
f 1602//30 1604//30 970//30
f 970//20 1604//20 971//20
f 964//21 1605//21 1603//21
f 963//21 1605//21 964//21
f 1604//21 1606//21 971//21
f 971//21 1606//21 972//21
f 972//21 1606//21 973//21
f 963//21 1607//21 1605//21
f 962//21 1607//21 963//21
f 1606//20 1608//20 973//20
f 962//21 1609//21 1607//21
f 961//21 1609//21 962//21
f 1608//21 1610//21 973//21
f 973//21 1610//21 974//21
f 961//21 1611//21 1609//21
f 960//21 1611//21 961//21
f 1610//20 1612//20 974//20
f 974//20 1612//20 975//20
f 975//20 1612//20 976//20
f 960//20 1613//20 1611//20
f 959//20 1613//20 960//20
f 1612//21 1614//21 976//21
f 959//22 1615//22 1613//22
f 957//21 1615//21 958//21
f 958//21 1615//21 959//21
f 977//21 1616//21 978//21
f 1614//21 1616//21 976//21
f 976//21 1616//21 977//21
f 957//21 1617//21 1615//21
f 1616//21 1618//21 978//21
f 955//21 1619//21 956//21
f 956//20 1619//20 957//20
f 957//27 1619//27 1617//27
f 978//21 1620//21 979//21
f 979//20 1620//20 980//20
f 1618//21 1620//21 978//21
f 955//25 1621//25 1619//25
f 954//21 1621//21 955//21
f 1620//20 1622//20 980//20
f 954//27 1623//27 1621//27
f 953//20 1623//20 954//20
f 980//20 1624//20 981//20
f 1622//21 1624//21 980//21
f 953//20 1625//20 1623//20
f 981//21 1626//21 982//21
f 1624//21 1626//21 981//21
f 952//21 1627//21 953//21
f 953//30 1627//30 1625//30
f 982//21 1628//21 983//21
f 983//20 1628//20 984//20
f 1626//21 1628//21 982//21
f 952//21 1629//21 1627//21
f 950//21 1629//21 951//21
f 951//21 1629//21 952//21
f 1628//21 1630//21 984//21
f 950//27 1631//27 1629//27
f 984//21 1632//21 985//21
f 1630//21 1632//21 984//21
f 950//21 1633//21 1631//21
f 949//21 1633//21 950//21
f 985//20 1634//20 986//20
f 1632//20 1634//20 985//20
f 949//21 1635//21 1633//21
f 947//21 1635//21 948//21
f 948//21 1635//21 949//21
f 986//21 1636//21 987//21
f 1634//21 1636//21 986//21
f 947//25 1637//25 1635//25
f 987//21 1638//21 988//21
f 1636//21 1638//21 987//21
f 947//21 1639//21 1637//21
f 946//21 1639//21 947//21
f 988//20 1640//20 989//20
f 1638//20 1640//20 988//20
f 946//27 1641//27 1639//27
f 945//20 1641//20 946//20
f 989//21 1642//21 990//21
f 1640//21 1642//21 989//21
f 944//20 1643//20 945//20
f 945//20 1643//20 1641//20
f 990//21 1644//21 991//21
f 1642//21 1644//21 990//21
f 944//25 1645//25 1643//25
f 943//21 1645//21 944//21
f 991//21 1646//21 992//21
f 992//20 1646//20 993//20
f 1644//20 1646//20 991//20
f 942//21 1647//21 943//21
f 943//27 1647//27 1645//27
f 1646//21 1648//21 993//21
f 941//21 1649//21 942//21
f 942//25 1649//25 1647//25
f 993//21 1650//21 994//21
f 1648//20 1650//20 993//20
f 941//21 1651//21 1649//21
f 940//21 1651//21 941//21
f 1650//20 1652//20 994//20
f 994//21 1652//21 995//21
f 940//21 1653//21 1651//21
f 939//21 1653//21 940//21
f 1652//21 1654//21 995//21
f 995//21 1654//21 996//21
f 939//20 1655//20 1653//20
f 938//20 1655//20 939//20
f 938//21 937//21 1655//21
f 1654//21 1656//21 996//21
f 996//21 1656//21 997//21
f 937//21 1657//21 1655//21
f 997//21 1658//21 998//21
f 1656//20 1658//20 997//20
f 937//21 1659//21 1657//21
f 936//21 1659//21 937//21
f 936//21 935//21 1659//21
f 998//20 1660//20 999//20
f 1658//21 1660//21 998//21
f 935//21 1661//21 1659//21
f 1660//21 1662//21 999//21
f 999//21 1662//21 1000//21
f 935//21 1663//21 1661//21
f 934//21 1663//21 935//21
f 1000//22 1664//22 1001//22
f 1662//21 1664//21 1000//21
f 934//20 1665//20 1663//20
f 933//20 1665//20 934//20
f 933//20 932//20 1665//20
f 1001//21 1666//21 1002//21
f 1664//20 1666//20 1001//20
f 932//21 1667//21 1665//21
f 1002//21 1668//21 1003//21
f 1666//21 1668//21 1002//21
f 932//20 1669//20 1667//20
f 932//20 931//20 1669//20
f 1668//21 1670//21 1003//21
f 1670//21 1004//21 1003//21
f 931//21 930//21 1669//21
f 1669//21 930//21 1671//21
f 1672//26 1005//26 1670//26
f 1670//26 1005//26 1004//26
f 930//21 929//21 1671//21
f 1671//22 929//22 1673//22
f 1672//21 1674//21 1005//21
f 1674//21 1006//21 1005//21
f 1673//21 928//21 1675//21
f 929//20 928//20 1673//20
f 1674//21 1007//21 1006//21
f 1676//21 1007//21 1674//21
f 928//22 927//22 1675//22
f 1675//26 927//26 1677//26
f 1678//26 1008//26 1676//26
f 1676//21 1008//21 1007//21
f 927//21 926//21 1677//21
f 1677//21 926//21 1679//21
f 1678//21 1009//21 1008//21
f 1680//25 1009//25 1678//25
f 926//21 925//21 1679//21
f 1679//20 925//20 1681//20
f 1680//21 1010//21 1009//21
f 1682//21 1010//21 1680//21
f 925//21 924//21 1681//21
f 1681//21 924//21 1683//21
f 1682//21 1684//21 1010//21
f 924//20 1685//20 1683//20
f 1684//20 1011//20 1010//20
f 1686//21 1011//21 1684//21
f 924//20 923//20 1685//20
f 1685//21 923//21 1687//21
f 1686//21 1012//21 1011//21
f 923//22 922//22 1687//22
f 1687//21 922//21 1688//21
f 1686//20 1013//20 1012//20
f 1689//26 1013//26 1686//26
f 922//21 921//21 1688//21
f 1689//21 1014//21 1013//21
f 1690//21 1014//21 1689//21
f 921//21 920//21 1688//21
f 1688//21 920//21 1691//21
f 1690//21 1015//21 1014//21
f 1692//21 1015//21 1690//21
f 1693//21 1015//21 1692//21
f 920//21 919//21 1691//21
f 1691//21 919//21 1694//21
f 1693//21 1016//21 1015//21
f 1695//21 1016//21 1693//21
f 919//20 918//20 1694//20
f 1694//20 918//20 1696//20
f 1695//21 1017//21 1016//21
f 1697//21 917//21 1698//21
f 1696//21 917//21 1697//21
f 918//20 917//20 1696//20
f 1695//21 1018//21 1017//21
f 1699//21 1018//21 1695//21
f 917//21 916//21 1698//21
f 1699//21 1019//21 1018//21
f 1700//20 1019//20 1699//20
f 1701//20 1019//20 1700//20
f 916//21 915//21 1698//21
f 1698//21 915//21 1702//21
f 1701//25 1020//25 1019//25
f 915//20 914//20 1702//20
f 1702//21 914//21 1703//21
f 1704//21 877//21 1705//21
f 1705//21 877//21 1701//21
f 1701//21 877//21 1020//21
f 914//21 913//21 1703//21
f 1703//21 913//21 1706//21
f 1704//21 878//21 877//21
f 913//20 912//20 1706//20
f 1706//20 912//20 1707//20
f 1704//27 879//27 878//27
f 1708//20 879//20 1704//20
f 1709//20 879//20 1708//20
f 912//21 911//21 1707//21
f 1710//21 911//21 1711//21
f 1707//21 911//21 1710//21
f 1709//21 880//21 879//21
f 911//21 910//21 1711//21
f 1709//21 881//21 880//21
f 1712//21 881//21 1709//21
f 910//20 909//20 1711//20
f 1711//20 909//20 1713//20
f 1714//21 882//21 1712//21
f 1712//21 882//21 881//21
f 909//21 908//21 1713//21
f 1713//21 908//21 1715//21
f 1716//21 883//21 1714//21
f 1717//21 883//21 1716//21
f 1714//21 883//21 882//21
f 1718//20 907//20 1719//20
f 1715//21 907//21 1718//21
f 908//21 907//21 1715//21
f 1717//21 884//21 883//21
f 907//21 906//21 1719//21
f 1717//21 885//21 884//21
f 1720//21 885//21 1717//21
f 906//20 905//20 1719//20
f 1721//20 905//20 1722//20
f 1719//21 905//21 1721//21
f 1720//21 886//21 885//21
f 1723//30 886//30 1720//30
f 905//21 904//21 1722//21
f 1722//20 904//20 1724//20
f 1723//21 887//21 886//21
f 1725//21 887//21 1723//21
f 1726//21 887//21 1725//21
f 904//21 903//21 1724//21
f 1724//21 903//21 1727//21
f 1726//21 888//21 887//21
f 903//21 902//21 1727//21
f 902//21 901//21 1727//21
f 1727//21 901//21 1728//21
f 1726//21 889//21 888//21
f 1729//20 889//20 1726//20
f 901//21 900//21 1728//21
f 1728//21 900//21 1730//21
f 1731//27 890//27 1729//27
f 1732//962 890//962 1731//962
f 1729//21 890//21 889//21
f 1732//21 891//21 890//21
f 900//20 899//20 1730//20
f 1730//21 899//21 1733//21
f 1734//21 892//21 1732//21
f 1732//22 892//22 891//22
f 899//21 898//21 1733//21
f 1735//21 898//21 1736//21
f 1733//21 898//21 1735//21
f 1734//21 893//21 892//21
f 1737//21 893//21 1734//21
f 898//22 897//22 1736//22
f 1737//30 894//30 893//30
f 1738//30 894//30 1737//30
f 897//20 896//20 1736//20
f 1736//30 896//30 1739//30
f 1738//21 895//21 894//21
f 896//21 895//21 1739//21
f 1740//21 895//21 1738//21
f 1739//27 895//27 1740//27
f 1741//34 1742//34 1111//34
f 1111//34 1742//34 1112//34
f 1111//35 1743//35 1741//35
f 1110//33 1743//33 1111//33
f 1742//34 1744//34 1112//34
f 1112//34 1744//34 1113//34
f 1113//33 1744//33 1114//33
f 1110//34 1745//34 1743//34
f 1108//33 1745//33 1109//33
f 1109//33 1745//33 1110//33
f 1744//34 1746//34 1114//34
f 1108//33 1747//33 1745//33
f 1746//43 1748//43 1114//43
f 1114//33 1748//33 1115//33
f 1108//34 1749//34 1747//34
f 1107//34 1749//34 1108//34
f 1748//34 1750//34 1115//34
f 1115//34 1750//34 1116//34
f 1116//34 1750//34 1117//34
f 1107//34 1751//34 1749//34
f 1106//34 1751//34 1107//34
f 1750//33 1752//33 1117//33
f 1106//34 1753//34 1751//34
f 1105//34 1753//34 1106//34
f 1752//34 1754//34 1117//34
f 1117//34 1754//34 1118//34
f 1105//34 1755//34 1753//34
f 1104//34 1755//34 1105//34
f 1118//33 1756//33 1119//33
f 1754//33 1756//33 1118//33
f 1119//33 1756//33 1120//33
f 1104//33 1757//33 1755//33
f 1103//33 1757//33 1104//33
f 1756//34 1758//34 1120//34
f 1103//35 1759//35 1757//35
f 1101//34 1759//34 1102//34
f 1102//34 1759//34 1103//34
f 1121//34 1760//34 1122//34
f 1758//34 1760//34 1120//34
f 1120//34 1760//34 1121//34
f 1101//34 1761//34 1759//34
f 1760//34 1762//34 1122//34
f 1099//34 1763//34 1100//34
f 1100//33 1763//33 1101//33
f 1101//40 1763//40 1761//40
f 1122//34 1764//34 1123//34
f 1123//33 1764//33 1124//33
f 1762//34 1764//34 1122//34
f 1099//38 1765//38 1763//38
f 1098//34 1765//34 1099//34
f 1764//33 1766//33 1124//33
f 1098//40 1767//40 1765//40
f 1097//33 1767//33 1098//33
f 1124//33 1768//33 1125//33
f 1125//34 1768//34 1126//34
f 1766//34 1768//34 1124//34
f 1097//33 1769//33 1767//33
f 1096//33 1769//33 1097//33
f 1768//34 1770//34 1126//34
f 1096//38 1771//38 1769//38
f 1126//34 1772//34 1127//34
f 1127//33 1772//33 1128//33
f 1770//34 1772//34 1126//34
f 1096//34 1773//34 1771//34
f 1095//34 1773//34 1096//34
f 1772//34 1774//34 1128//34
f 1095//40 1775//40 1773//40
f 1093//34 1775//34 1094//34
f 1094//34 1775//34 1095//34
f 1128//34 1776//34 1129//34
f 1774//34 1776//34 1128//34
f 1093//34 1777//34 1775//34
f 1129//33 1778//33 1130//33
f 1776//33 1778//33 1129//33
f 1093//34 1779//34 1777//34
f 1091//34 1779//34 1092//34
f 1092//34 1779//34 1093//34
f 1130//34 1780//34 1131//34
f 1778//34 1780//34 1130//34
f 1091//38 1781//38 1779//38
f 1131//34 1782//34 1132//34
f 1780//34 1782//34 1131//34
f 1091//34 1783//34 1781//34
f 1090//34 1783//34 1091//34
f 1132//33 1784//33 1133//33
f 1133//34 1784//34 1134//34
f 1782//33 1784//33 1132//33
f 1090//40 1785//40 1783//40
f 1089//33 1785//33 1090//33
f 1784//34 1786//34 1134//34
f 1088//33 1787//33 1089//33
f 1089//33 1787//33 1785//33
f 1134//34 1788//34 1135//34
f 1786//34 1788//34 1134//34
f 1087//34 1789//34 1088//34
f 1088//38 1789//38 1787//38
f 1135//34 1790//34 1136//34
f 1788//33 1790//33 1135//33
f 1087//40 1791//40 1789//40
f 1086//34 1791//34 1087//34
f 1136//33 1792//33 1137//33
f 1790//34 1792//34 1136//34
f 1085//34 1793//34 1086//34
f 1086//38 1793//38 1791//38
f 1137//34 1794//34 1138//34
f 1792//33 1794//33 1137//33
f 1085//34 1795//34 1793//34
f 1084//34 1795//34 1085//34
f 1794//33 1796//33 1138//33
f 1138//34 1796//34 1139//34
f 1084//34 1797//34 1795//34
f 1083//34 1797//34 1084//34
f 1796//34 1798//34 1139//34
f 1139//34 1798//34 1140//34
f 1083//33 1799//33 1797//33
f 1082//33 1799//33 1083//33
f 1082//34 1081//34 1799//34
f 1140//34 1800//34 1141//34
f 1798//34 1800//34 1140//34
f 1081//34 1801//34 1799//34
f 1141//34 1802//34 1142//34
f 1800//33 1802//33 1141//33
f 1080//34 1803//34 1081//34
f 1081//34 1803//34 1801//34
f 1080//34 1079//34 1803//34
f 1142//33 1804//33 1143//33
f 1802//34 1804//34 1142//34
f 1079//34 1805//34 1803//34
f 1079//34 1078//34 1805//34
f 1143//34 1806//34 1144//34
f 1804//34 1806//34 1143//34
f 1078//34 1807//34 1805//34
f 1144//35 1808//35 1145//35
f 1806//34 1808//34 1144//34
f 1078//33 1809//33 1807//33
f 1077//33 1809//33 1078//33
f 1145//34 1810//34 1146//34
f 1808//33 1810//33 1145//33
f 1076//34 1811//34 1077//34
f 1077//38 1811//38 1809//38
f 1146//34 1812//34 1147//34
f 1810//34 1812//34 1146//34
f 1076//33 1075//33 1811//33
f 1811//33 1075//33 1813//33
f 1812//34 1814//34 1147//34
f 1814//34 1148//34 1147//34
f 1075//34 1074//34 1813//34
f 1813//34 1074//34 1815//34
f 1816//39 1149//39 1814//39
f 1814//39 1149//39 1148//39
f 1074//34 1073//34 1815//34
f 1815//34 1073//34 1817//34
f 1816//34 1818//34 1149//34
f 1818//34 1150//34 1149//34
f 1817//34 1072//34 1819//34
f 1073//33 1072//33 1817//33
f 1072//39 1820//39 1819//39
f 1818//34 1151//34 1150//34
f 1821//34 1151//34 1818//34
f 1072//33 1071//33 1820//33
f 1071//34 1822//34 1820//34
f 1821//34 1152//34 1151//34
f 1823//39 1152//39 1821//39
f 1071//34 1070//34 1822//34
f 1070//34 1824//34 1822//34
f 1823//34 1153//34 1152//34
f 1825//38 1153//38 1823//38
f 1070//34 1069//34 1824//34
f 1825//34 1154//34 1153//34
f 1826//34 1154//34 1825//34
f 1069//34 1068//34 1824//34
f 1824//34 1068//34 1827//34
f 1826//34 1828//34 1154//34
f 1068//33 1829//33 1827//33
f 1828//33 1155//33 1154//33
f 1830//34 1155//34 1828//34
f 1068//33 1067//33 1829//33
f 1830//34 1156//34 1155//34
f 1067//33 1066//33 1829//33
f 1829//34 1066//34 1831//34
f 1830//33 1157//33 1156//33
f 1832//39 1157//39 1830//39
f 1066//34 1065//34 1831//34
f 1831//34 1065//34 1833//34
f 1832//34 1158//34 1157//34
f 1834//34 1158//34 1832//34
f 1065//34 1064//34 1833//34
f 1833//34 1064//34 1835//34
f 1834//34 1159//34 1158//34
f 1836//34 1159//34 1834//34
f 1837//34 1159//34 1836//34
f 1064//34 1063//34 1835//34
f 1838//33 1063//33 1839//33
f 1835//34 1063//34 1838//34
f 1837//34 1160//34 1159//34
f 1063//35 1062//35 1839//35
f 1840//34 1161//34 1837//34
f 1837//34 1161//34 1160//34
f 1841//34 1061//34 1842//34
f 1839//34 1061//34 1841//34
f 1062//33 1061//33 1839//33
f 1840//34 1162//34 1161//34
f 1843//34 1162//34 1840//34
f 1061//34 1060//34 1842//34
f 1843//34 1163//34 1162//34
f 1844//33 1163//33 1843//33
f 1845//33 1163//33 1844//33
f 1060//34 1059//34 1842//34
f 1842//34 1059//34 1846//34
f 1845//38 1164//38 1163//38
f 1847//34 1164//34 1845//34
f 1059//33 1058//33 1846//33
f 1846//34 1058//34 1848//34
f 1847//34 1021//34 1164//34
f 1058//34 1057//34 1848//34
f 1848//34 1057//34 1849//34
f 1847//34 1022//34 1021//34
f 1850//34 1022//34 1847//34
f 1057//33 1056//33 1849//33
f 1849//33 1056//33 1851//33
f 1850//40 1023//40 1022//40
f 1852//33 1023//33 1850//33
f 1853//33 1023//33 1852//33
f 1056//34 1055//34 1851//34
f 1851//34 1055//34 1854//34
f 1853//34 1024//34 1023//34
f 1055//34 1054//34 1854//34
f 1854//34 1054//34 1855//34
f 1853//34 1025//34 1024//34
f 1856//34 1025//34 1853//34
f 1054//33 1053//33 1855//33
f 1855//33 1053//33 1857//33
f 1858//34 1026//34 1856//34
f 1856//34 1026//34 1025//34
f 1053//34 1052//34 1857//34
f 1857//34 1052//34 1859//34
f 1860//34 1027//34 1858//34
f 1861//34 1027//34 1860//34
f 1858//34 1027//34 1026//34
f 1862//33 1051//33 1863//33
f 1859//34 1051//34 1862//34
f 1052//34 1051//34 1859//34
f 1861//34 1028//34 1027//34
f 1051//34 1050//34 1863//34
f 1861//34 1029//34 1028//34
f 1864//34 1029//34 1861//34
f 1050//33 1049//33 1863//33
f 1865//33 1049//33 1866//33
f 1863//34 1049//34 1865//34
f 1864//34 1030//34 1029//34
f 1867//43 1030//43 1864//43
f 1049//34 1048//34 1866//34
f 1866//33 1048//33 1868//33
f 1869//34 1031//34 1867//34
f 1870//34 1031//34 1869//34
f 1867//34 1031//34 1030//34
f 1048//34 1047//34 1868//34
f 1868//34 1047//34 1871//34
f 1870//34 1032//34 1031//34
f 1047//34 1046//34 1871//34
f 1046//34 1045//34 1871//34
f 1872//33 1045//33 1873//33
f 1871//34 1045//34 1872//34
f 1874//33 1033//33 1870//33
f 1870//34 1033//34 1032//34
f 1045//34 1044//34 1873//34
f 1874//34 1034//34 1033//34
f 1875//40 1034//40 1874//40
f 1876//963 1034//963 1875//963
f 1876//34 1035//34 1034//34
f 1044//33 1043//33 1873//33
f 1873//34 1043//34 1877//34
f 1876//35 1036//35 1035//35
f 1878//34 1036//34 1876//34
f 1043//34 1042//34 1877//34
f 1877//34 1042//34 1879//34
f 1878//34 1037//34 1036//34
f 1880//34 1037//34 1878//34
f 1042//35 1041//35 1879//35
f 1879//34 1041//34 1881//34
f 1880//43 1038//43 1037//43
f 1882//43 1038//43 1880//43
f 1883//34 1038//34 1882//34
f 1041//33 1040//33 1881//33
f 1881//43 1040//43 1884//43
f 1883//34 1039//34 1038//34
f 1040//34 1039//34 1884//34
f 1884//40 1039//40 1883//40
f 1885//46 1255//46 1256//46
f 1885//46 1256//46 1257//46
f 1885//46 1886//46 1255//46
f 1887//46 1254//46 1255//46
f 1887//46 1255//46 1886//46
f 1888//46 1885//46 1257//46
f 1889//46 1254//46 1887//46
f 1889//46 1253//46 1254//46
f 1890//46 1888//46 1257//46
f 1890//46 1257//46 1258//46
f 1891//46 1253//46 1889//46
f 1891//46 1252//46 1253//46
f 1892//46 1890//46 1258//46
f 1892//46 1258//46 1259//46
f 1893//46 1252//46 1891//46
f 1893//46 1251//46 1252//46
f 1894//46 1892//46 1259//46
f 1894//46 1259//46 1260//46
f 1895//46 1251//46 1893//46
f 1895//46 1250//46 1251//46
f 1896//46 1894//46 1260//46
f 1896//46 1260//46 1261//46
f 1897//46 1250//46 1895//46
f 1897//46 1249//46 1250//46
f 1898//46 1896//46 1261//46
f 1898//46 1261//46 1262//46
f 1898//46 1262//46 1263//46
f 1899//46 1249//46 1897//46
f 1899//46 1248//46 1249//46
f 1900//46 1898//46 1263//46
f 1901//46 1248//46 1899//46
f 1901//46 1247//46 1248//46
f 1902//46 1900//46 1263//46
f 1902//46 1263//46 1264//46
f 1903//46 1247//46 1901//46
f 1903//46 1246//46 1247//46
f 1904//46 1265//46 1266//46
f 1904//46 1902//46 1264//46
f 1904//46 1264//46 1265//46
f 1905//46 1245//46 1246//46
f 1905//46 1246//46 1903//46
f 1906//46 1266//46 1267//46
f 1906//46 1904//46 1266//46
f 1907//46 1244//46 1245//46
f 1907//46 1245//46 1905//46
f 1908//46 1906//46 1267//46
f 1909//46 1244//46 1907//46
f 1909//46 1242//46 1243//46
f 1909//46 1243//46 1244//46
f 1910//46 1267//46 1268//46
f 1910//46 1268//46 1269//46
f 1910//46 1908//46 1267//46
f 1911//46 1242//46 1909//46
f 1912//46 1910//46 1269//46
f 1913//46 1242//46 1911//46
f 1913//46 1240//46 1241//46
f 1913//46 1241//46 1242//46
f 1914//46 1269//46 1270//46
f 1914//46 1270//46 1271//46
f 1914//46 1912//46 1269//46
f 1915//46 1240//46 1913//46
f 1916//46 1914//46 1271//46
f 1917//46 1240//46 1915//46
f 1917//46 1239//46 1240//46
f 1918//46 1271//46 1272//46
f 1918//46 1916//46 1271//46
f 1919//46 1239//46 1917//46
f 1919//46 1238//46 1239//46
f 1920//46 1272//46 1273//46
f 1920//46 1273//46 1274//46
f 1920//46 1918//46 1272//46
f 1921//46 1238//46 1919//46
f 1921//46 1237//46 1238//46
f 1922//46 1920//46 1274//46
f 1923//46 1237//46 1921//46
f 1923//46 1235//46 1236//46
f 1923//46 1236//46 1237//46
f 1924//46 1274//46 1275//46
f 1924//46 1922//46 1274//46
f 1925//46 1235//46 1923//46
f 1926//46 1275//46 1276//46
f 1926//46 1924//46 1275//46
f 1927//46 1235//46 1925//46
f 1927//46 1234//46 1235//46
f 1928//46 1276//46 1277//46
f 1928//46 1926//46 1276//46
f 1929//46 1234//46 1927//46
f 1929//46 1233//46 1234//46
f 1930//46 1277//46 1278//46
f 1930//46 1928//46 1277//46
f 1931//46 1233//46 1929//46
f 1931//46 1232//46 1233//46
f 1932//46 1278//46 1279//46
f 1932//46 1930//46 1278//46
f 1933//46 1232//46 1931//46
f 1933//46 1230//46 1231//46
f 1933//46 1231//46 1232//46
f 1934//46 1932//46 1279//46
f 1934//46 1279//46 1280//46
f 1935//46 1230//46 1933//46
f 1936//46 1280//46 1281//46
f 1936//46 1934//46 1280//46
f 1937//46 1228//46 1229//46
f 1937//46 1229//46 1230//46
f 1937//46 1230//46 1935//46
f 1938//46 1281//46 1282//46
f 1938//46 1936//46 1281//46
f 1939//46 1227//46 1228//46
f 1939//46 1228//46 1937//46
f 1940//46 1938//46 1282//46
f 1940//46 1282//46 1283//46
f 1941//46 1227//46 1939//46
f 1942//46 1283//46 1284//46
f 1942//46 1940//46 1283//46
f 1943//46 1227//46 1941//46
f 1943//46 1226//46 1227//46
f 1944//46 1284//46 1285//46
f 1944//46 1942//46 1284//46
f 1945//46 1226//46 1943//46
f 1945//46 1225//46 1226//46
f 1946//46 1285//46 1286//46
f 1946//46 1944//46 1285//46
f 1947//46 1225//46 1945//46
f 1947//46 1224//46 1225//46
f 1948//46 1286//46 1287//46
f 1948//46 1946//46 1286//46
f 1949//46 1224//46 1947//46
f 1949//46 1223//46 1224//46
f 1950//46 1287//46 1288//46
f 1950//46 1948//46 1287//46
f 1951//46 1223//46 1949//46
f 1951//46 1222//46 1223//46
f 1952//46 1950//46 1288//46
f 1952//46 1288//46 1289//46
f 1953//46 1222//46 1951//46
f 1953//46 1221//46 1222//46
f 1954//46 1289//46 1290//46
f 1954//46 1952//46 1289//46
f 1955//46 1220//46 1221//46
f 1955//46 1221//46 1953//46
f 1956//46 1954//46 1290//46
f 1956//46 1290//46 1291//46
f 1219//46 1220//46 1955//46
f 1219//46 1955//46 1957//46
f 1958//46 1956//46 1291//46
f 1292//46 1958//46 1291//46
f 1218//46 1219//46 1957//46
f 1218//46 1957//46 1959//46
f 1293//46 1958//46 1292//46
f 1293//46 1960//46 1958//46
f 1217//46 1218//46 1959//46
f 1217//46 1959//46 1961//46
f 1962//46 1960//46 1293//46
f 1963//46 1217//46 1961//46
f 1294//46 1962//46 1293//46
f 1216//46 1217//46 1963//46
f 1295//46 1964//46 1962//46
f 1295//46 1962//46 1294//46
f 1215//46 1216//46 1963//46
f 1215//46 1963//46 1965//46
f 1966//46 1964//46 1295//46
f 1296//46 1966//46 1295//46
f 1214//46 1215//46 1965//46
f 1214//46 1965//46 1967//46
f 1297//46 1966//46 1296//46
f 1297//46 1968//46 1966//46
f 1213//46 1214//46 1967//46
f 1213//46 1967//46 1969//46
f 1298//46 1968//46 1297//46
f 1298//46 1970//46 1968//46
f 1212//46 1213//46 1969//46
f 1212//46 1969//46 1971//46
f 1299//46 1970//46 1298//46
f 1299//46 1972//46 1970//46
f 1211//46 1212//46 1971//46
f 1211//46 1971//46 1973//46
f 1300//46 1972//46 1299//46
f 1300//46 1974//46 1972//46
f 1210//46 1211//46 1973//46
f 1210//46 1973//46 1975//46
f 1301//46 1974//46 1300//46
f 1301//46 1976//46 1974//46
f 1209//46 1210//46 1975//46
f 1209//46 1975//46 1977//46
f 1302//46 1976//46 1301//46
f 1302//46 1978//46 1976//46
f 1208//46 1209//46 1977//46
f 1208//46 1979//46 1980//46
f 1208//46 1977//46 1979//46
f 1303//46 1978//46 1302//46
f 1303//46 1981//46 1978//46
f 1207//46 1208//46 1980//46
f 1207//46 1980//46 1982//46
f 1304//46 1981//46 1303//46
f 1304//46 1983//46 1981//46
f 1304//46 1984//46 1983//46
f 1206//46 1207//46 1982//46
f 1305//46 1985//46 1984//46
f 1305//46 1984//46 1304//46
f 1205//46 1982//46 1986//46
f 1205//46 1206//46 1982//46
f 1306//46 1985//46 1305//46
f 1204//46 1987//46 1988//46
f 1204//46 1986//46 1987//46
f 1204//46 1205//46 1986//46
f 1307//46 1989//46 1985//46
f 1307//46 1985//46 1306//46
f 1203//46 1204//46 1988//46
f 1308//46 1990//46 1989//46
f 1308//46 1989//46 1307//46
f 1202//46 1203//46 1988//46
f 1202//46 1988//46 1991//46
f 1165//46 1990//46 1308//46
f 1165//46 1992//46 1990//46
f 1201//46 1202//46 1991//46
f 1201//46 1991//46 1993//46
f 1166//46 1992//46 1165//46
f 1166//46 1994//46 1992//46
f 1166//46 1995//46 1994//46
f 1200//46 1201//46 1993//46
f 1200//46 1993//46 1996//46
f 1167//46 1995//46 1166//46
f 1199//46 1200//46 1996//46
f 1199//46 1997//46 1998//46
f 1199//46 1996//46 1997//46
f 1168//46 1995//46 1167//46
f 1168//46 1999//46 1995//46
f 1198//46 1199//46 1998//46
f 1169//46 2000//46 1999//46
f 1169//46 2001//46 2000//46
f 1169//46 1999//46 1168//46
f 1197//46 1198//46 1998//46
f 1197//46 1998//46 2002//46
f 1170//46 2003//46 2001//46
f 1170//46 2001//46 1169//46
f 1196//46 2004//46 2005//46
f 1196//46 2002//46 2004//46
f 1196//46 1197//46 2002//46
f 1171//46 2003//46 1170//46
f 1195//46 1196//46 2005//46
f 1195//46 2005//46 2006//46
f 1172//46 2007//46 2003//46
f 1172//46 2003//46 1171//46
f 1194//46 1195//46 2006//46
f 1173//46 2008//46 2007//46
f 1173//46 2007//46 1172//46
f 1193//46 2009//46 2010//46
f 1193//46 2006//46 2009//46
f 1193//46 1194//46 2006//46
f 1174//46 2008//46 1173//46
f 1174//46 2011//46 2008//46
f 1192//46 1193//46 2010//46
f 1175//46 2012//46 2011//46
f 1175//46 2013//46 2012//46
f 1175//46 2011//46 1174//46
f 1191//46 1192//46 2010//46
f 1191//46 2014//46 2015//46
f 1191//46 2010//46 2014//46
f 1176//46 2013//46 1175//46
f 1190//46 1191//46 2015//46
f 1177//46 2013//46 1176//46
f 1177//46 2016//46 2013//46
f 1177//46 2017//46 2016//46
f 1189//46 1190//46 2015//46
f 1189//46 2018//46 2019//46
f 1189//46 2015//46 2018//46
f 1188//46 1189//46 2019//46
f 1178//46 2017//46 1177//46
f 1187//46 1188//46 2019//46
f 1187//46 2020//46 2021//46
f 1187//46 2019//46 2020//46
f 1179//46 2017//46 1178//46
f 1179//46 2022//46 2017//46
f 1180//46 2022//46 1179//46
f 1180//46 2023//46 2022//46
f 1186//46 1187//46 2021//46
f 1181//46 2023//46 1180//46
f 1181//46 2024//46 2023//46
f 1185//46 1186//46 2021//46
f 1185//46 2021//46 2025//46
f 1182//46 2024//46 1181//46
f 1182//46 2026//46 2024//46
f 1184//46 1185//46 2025//46
f 1184//46 2025//46 2027//46
f 1183//46 2026//46 1182//46
f 1183//46 1184//46 2027//46
f 1183//46 2028//46 2026//46
f 1183//46 2027//46 2028//46
f 2029//964 2030//964 1415//964
f 1415//965 2030//965 1418//965
f 2030//966 2031//966 1418//966
f 1418//967 2031//967 1420//967
f 2031//968 2032//968 1420//968
f 1420//969 2032//969 1422//969
f 2032//970 2033//970 1422//970
f 1422//971 2033//971 1425//971
f 2033//972 2034//972 1425//972
f 1425//973 2034//973 1426//973
f 2034//974 2035//974 1426//974
f 1426//975 2035//975 1429//975
f 2035//976 2036//976 1429//976
f 1429//977 2036//977 1431//977
f 2036//978 2037//978 1431//978
f 1431//979 2037//979 1433//979
f 2037//980 2038//980 1433//980
f 1433//981 2038//981 1434//981
f 2038//982 2039//982 1434//982
f 1434//983 2039//983 1435//983
f 2039//984 2040//984 1435//984
f 1435//985 2040//985 1439//985
f 2040//986 2041//986 1439//986
f 1439//987 2041//987 1442//987
f 1442//988 2042//988 1443//988
f 2041//989 2042//989 1442//989
f 1443//990 2043//990 1444//990
f 2042//991 2043//991 1443//991
f 1444//992 2044//992 1446//992
f 2043//993 2044//993 1444//993
f 1446//994 2045//994 1448//994
f 2044//995 2045//995 1446//995
f 1448//996 2046//996 1450//996
f 2045//997 2046//997 1448//997
f 1450//998 2047//998 1452//998
f 2046//999 2047//999 1450//999
f 1452//1000 2048//1000 1451//1000
f 2047//1001 2048//1001 1452//1001
f 1451//1002 2049//1002 1449//1002
f 2048//1003 2049//1003 1451//1003
f 1449//1004 2050//1004 1447//1004
f 2049//1005 2050//1005 1449//1005
f 1447//1006 2051//1006 1445//1006
f 2050//1007 2051//1007 1447//1007
f 1445//1008 2052//1008 1441//1008
f 2051//1009 2052//1009 1445//1009
f 1441//1010 2053//1010 1440//1010
f 2052//1011 2053//1011 1441//1011
f 1440//1012 2054//1012 1438//1012
f 2053//1013 2054//1013 1440//1013
f 2054//1014 2055//1014 1438//1014
f 1438//1015 2055//1015 1437//1015
f 2055//1016 2056//1016 1437//1016
f 1437//1017 2056//1017 1436//1017
f 2056//1018 2057//1018 1436//1018
f 1436//1019 2057//1019 1432//1019
f 2057//1020 2058//1020 1432//1020
f 1432//1021 2058//1021 1430//1021
f 2058//1022 2059//1022 1430//1022
f 1430//1023 2059//1023 1428//1023
f 2059//1024 2060//1024 1428//1024
f 1428//1025 2060//1025 1427//1025
f 2060//1026 2061//1026 1427//1026
f 1427//1027 2061//1027 1424//1027
f 2061//1028 2062//1028 1424//1028
f 1424//1029 2062//1029 1423//1029
f 2062//1030 2063//1030 1423//1030
f 1423//1031 2063//1031 1421//1031
f 2063//1032 2064//1032 1421//1032
f 1421//1033 2064//1033 1419//1033
f 2064//1034 2065//1034 1419//1034
f 1419//1035 2065//1035 1417//1035
f 2065//1036 2066//1036 1417//1036
f 2066//1037 2067//1037 1417//1037
f 2067//1038 2068//1038 1417//1038
f 1417//1039 2068//1039 1416//1039
f 2068//1040 2069//1040 1416//1040
f 1416//1041 2069//1041 1413//1041
f 2069//1042 2070//1042 1413//1042
f 1413//1043 2070//1043 1412//1043
f 2070//1044 2071//1044 1412//1044
f 1412//1045 2071//1045 1409//1045
f 2071//1046 2072//1046 1409//1046
f 1409//1047 2072//1047 1408//1047
f 2072//1048 2073//1048 1408//1048
f 1408//1049 2073//1049 1405//1049
f 2073//1050 2074//1050 1405//1050
f 1405//1051 2074//1051 1403//1051
f 2074//1052 2075//1052 1403//1052
f 1403//1053 2075//1053 1401//1053
f 1401//1054 2076//1054 1399//1054
f 2075//1055 2076//1055 1401//1055
f 1399//1056 2077//1056 1397//1056
f 2076//1057 2077//1057 1399//1057
f 2077//1058 2078//1058 1397//1058
f 1397//1059 2078//1059 1395//1059
f 1395//1060 2079//1060 1392//1060
f 2078//1061 2079//1061 1395//1061
f 1392//1062 2080//1062 1391//1062
f 2079//1063 2080//1063 1392//1063
f 2080//1064 2081//1064 1391//1064
f 1391//1065 2081//1065 1388//1065
f 2081//1066 2082//1066 1388//1066
f 1388//1067 2082//1067 1387//1067
f 2082//1068 2083//1068 1387//1068
f 1387//1069 2083//1069 1385//1069
f 2083//1070 2084//1070 1385//1070
f 1385//1071 2084//1071 1383//1071
f 2084//1072 2085//1072 1383//1072
f 1383//1073 2085//1073 1381//1073
f 2085//1074 2086//1074 1381//1074
f 1381//1075 2086//1075 1379//1075
f 2086//1076 2087//1076 1379//1076
f 1379//1077 2087//1077 1377//1077
f 2087//1078 2088//1078 1377//1078
f 1377//1079 2088//1079 1375//1079
f 2088//1080 2089//1080 1375//1080
f 1375//1081 2089//1081 1373//1081
f 2089//1082 2090//1082 1373//1082
f 1373//1083 2090//1083 1371//1083
f 2090//1084 2091//1084 1371//1084
f 1371//1085 2091//1085 1369//1085
f 2091//1086 2092//1086 1369//1086
f 1369//1087 2092//1087 1367//1087
f 2092//1088 2093//1088 1367//1088
f 1367//1089 2093//1089 1365//1089
f 2093//1090 2094//1090 1365//1090
f 1365//1091 2094//1091 1363//1091
f 1363//1092 2095//1092 1361//1092
f 2094//1093 2095//1093 1363//1093
f 1361//1094 2096//1094 1359//1094
f 2095//1095 2096//1095 1361//1095
f 1359//1096 2097//1096 1357//1096
f 2096//1097 2097//1097 1359//1097
f 1357//1098 2098//1098 1355//1098
f 2097//1099 2098//1099 1357//1099
f 1355//1100 2099//1100 1353//1100
f 2098//1101 2099//1101 1355//1101
f 1353//1102 2100//1102 1351//1102
f 2099//1103 2100//1103 1353//1103
f 1351//1104 2101//1104 1349//1104
f 2100//1105 2101//1105 1351//1105
f 1349//1106 2102//1106 1347//1106
f 2101//1107 2102//1107 1349//1107
f 1347//1108 2103//1108 1345//1108
f 2102//1109 2103//1109 1347//1109
f 1345//1110 2104//1110 1343//1110
f 2103//1111 2104//1111 1345//1111
f 1343//1112 2105//1112 1341//1112
f 2104//1113 2105//1113 1343//1113
f 1341//1114 2106//1114 1339//1114
f 2105//1115 2106//1115 1341//1115
f 2106//1116 2107//1116 1339//1116
f 1339//1117 2107//1117 1337//1117
f 2107//1118 2108//1118 1337//1118
f 1337//1119 2108//1119 1335//1119
f 2108//1120 2109//1120 1335//1120
f 1335//1121 2109//1121 1333//1121
f 1333//1122 2110//1122 1331//1122
f 2109//1123 2110//1123 1333//1123
f 1331//1124 2111//1124 1329//1124
f 2110//1125 2111//1125 1331//1125
f 1329//1126 2112//1126 1327//1126
f 2111//1127 2112//1127 1329//1127
f 1327//1128 2113//1128 1325//1128
f 2112//1129 2113//1129 1327//1129
f 1325//1130 2114//1130 1323//1130
f 2113//1131 2114//1131 1325//1131
f 1323//1132 2115//1132 1321//1132
f 2114//1133 2115//1133 1323//1133
f 2115//1134 2116//1134 1321//1134
f 2116//1135 2117//1135 1321//1135
f 1321//1136 2118//1136 1319//1136
f 2117//1137 2118//1137 1321//1137
f 1319//1138 2119//1138 1317//1138
f 2118//1139 2119//1139 1319//1139
f 1317//1140 2120//1140 1315//1140
f 2119//1141 2120//1141 1317//1141
f 1315//1142 2121//1142 1313//1142
f 2120//1143 2121//1143 1315//1143
f 1313//1144 2122//1144 1311//1144
f 2121//1145 2122//1145 1313//1145
f 1311//1146 2123//1146 1309//1146
f 2122//1147 2123//1147 1311//1147
f 1309//1148 2124//1148 1310//1148
f 2123//1149 2124//1149 1309//1149
f 1310//1150 2125//1150 1312//1150
f 2124//1151 2125//1151 1310//1151
f 1312//1152 2126//1152 1314//1152
f 2125//1153 2126//1153 1312//1153
f 1314//1154 2127//1154 1316//1154
f 2126//1155 2127//1155 1314//1155
f 1316//1156 2128//1156 1318//1156
f 2127//1157 2128//1157 1316//1157
f 1318//1158 2129//1158 1320//1158
f 2128//1159 2129//1159 1318//1159
f 1320//1160 2130//1160 1322//1160
f 2129//1161 2130//1161 1320//1161
f 1322//1162 2131//1162 1324//1162
f 2130//1163 2131//1163 1322//1163
f 1324//1164 2132//1164 1326//1164
f 2131//1165 2132//1165 1324//1165
f 2132//1166 2133//1166 1326//1166
f 1326//1167 2133//1167 1328//1167
f 2133//1168 2134//1168 1328//1168
f 1328//1169 2134//1169 1330//1169
f 2134//1170 2135//1170 1330//1170
f 1330//1171 2135//1171 1332//1171
f 2135//1172 2136//1172 1332//1172
f 1332//1173 2136//1173 1334//1173
f 2136//1174 2137//1174 1334//1174
f 1334//1175 2137//1175 1336//1175
f 2137//1176 2138//1176 1336//1176
f 1336//1177 2138//1177 1338//1177
f 2138//1178 2139//1178 1338//1178
f 1338//1179 2139//1179 1340//1179
f 2139//1180 2140//1180 1340//1180
f 1340//1181 2140//1181 1342//1181
f 2140//1182 2141//1182 1342//1182
f 1342//1183 2141//1183 1344//1183
f 2141//1184 2142//1184 1344//1184
f 1344//1185 2142//1185 1346//1185
f 2142//1186 2143//1186 1346//1186
f 1346//1187 2143//1187 1348//1187
f 1348//1188 2144//1188 1350//1188
f 2143//1189 2144//1189 1348//1189
f 1350//1190 2145//1190 1352//1190
f 2144//1191 2145//1191 1350//1191
f 1352//1192 2146//1192 1354//1192
f 2145//1193 2146//1193 1352//1193
f 1354//1194 2147//1194 1356//1194
f 2146//1195 2147//1195 1354//1195
f 1356//1196 2148//1196 1358//1196
f 2147//1197 2148//1197 1356//1197
f 1358//1198 2149//1198 1360//1198
f 2148//1199 2149//1199 1358//1199
f 1360//1200 2150//1200 1362//1200
f 2149//1201 2150//1201 1360//1201
f 1362//1202 2151//1202 1364//1202
f 2150//1203 2151//1203 1362//1203
f 1364//1204 2152//1204 1366//1204
f 2151//1205 2152//1205 1364//1205
f 1366//1206 2153//1206 1368//1206
f 2152//1207 2153//1207 1366//1207
f 1368//1208 2154//1208 1370//1208
f 2153//1209 2154//1209 1368//1209
f 1370//1210 2155//1210 1372//1210
f 2154//1211 2155//1211 1370//1211
f 1372//1212 2156//1212 1374//1212
f 2155//1213 2156//1213 1372//1213
f 1374//1214 2157//1214 1376//1214
f 2156//1215 2157//1215 1374//1215
f 2157//1216 2158//1216 1376//1216
f 1376//1217 2158//1217 1378//1217
f 2158//1218 2159//1218 1378//1218
f 1378//1219 2159//1219 1380//1219
f 2159//1220 2160//1220 1380//1220
f 1380//1221 2160//1221 1382//1221
f 2160//1222 2161//1222 1382//1222
f 1382//1223 2161//1223 1384//1223
f 2161//1224 2162//1224 1384//1224
f 1384//1225 2162//1225 1386//1225
f 2162//1226 2163//1226 1386//1226
f 1386//1227 2163//1227 1389//1227
f 2163//1228 2164//1228 1389//1228
f 1389//1229 2164//1229 1390//1229
f 2164//1230 2165//1230 1390//1230
f 1390//1231 2165//1231 1393//1231
f 2165//1232 2166//1232 1393//1232
f 2166//1233 2167//1233 1393//1233
f 2167//1234 2168//1234 1393//1234
f 1393//1235 2168//1235 1394//1235
f 2168//1236 2169//1236 1394//1236
f 1394//1237 2169//1237 1396//1237
f 2169//1238 2170//1238 1396//1238
f 1396//1239 2170//1239 1398//1239
f 2170//1240 2171//1240 1398//1240
f 1398//1241 2171//1241 1400//1241
f 2171//1242 2172//1242 1400//1242
f 1400//1243 2172//1243 1402//1243
f 2172//1244 2173//1244 1402//1244
f 1402//1245 2173//1245 1404//1245
f 2173//1246 2174//1246 1404//1246
f 1404//1247 2174//1247 1406//1247
f 2174//1248 2175//1248 1406//1248
f 1406//1249 2175//1249 1407//1249
f 2175//1250 2176//1250 1407//1250
f 1407//1251 2176//1251 1410//1251
f 2176//1252 2177//1252 1410//1252
f 1410//1253 2177//1253 1411//1253
f 1411//1254 2178//1254 1414//1254
f 2177//1255 2178//1255 1411//1255
f 1414//1256 2179//1256 1415//1256
f 2178//1257 2179//1257 1414//1257
f 2179//1258 2029//1258 1415//1258
f 1543//239 2180//239 1544//239
f 2180//239 2181//239 1544//239
f 1543//238 2182//238 2180//238
f 1542//238 2182//238 1543//238
f 2181//239 2183//239 1544//239
f 1544//239 2183//239 1545//239
f 1542//239 2184//239 2182//239
f 1540//238 2184//238 1541//238
f 1541//238 2184//238 1542//238
f 2183//239 2185//239 1545//239
f 1545//239 2185//239 1546//239
f 1540//238 2186//238 2184//238
f 2185//249 2187//249 1546//249
f 1546//238 2187//238 1547//238
f 1540//239 2188//239 2186//239
f 1539//239 2188//239 1540//239
f 2187//239 2189//239 1547//239
f 1547//239 2189//239 1548//239
f 1548//239 2189//239 1549//239
f 1539//239 2190//239 2188//239
f 1538//239 2190//239 1539//239
f 2189//238 2191//238 1549//238
f 1538//239 2192//239 2190//239
f 1537//239 2192//239 1538//239
f 2191//239 2193//239 1549//239
f 1549//239 2193//239 1550//239
f 1537//239 2194//239 2192//239
f 1536//239 2194//239 1537//239
f 2193//242 2195//242 1550//242
f 1550//238 2195//238 1551//238
f 1551//238 2195//238 1552//238
f 1536//238 2196//238 2194//238
f 1535//238 2196//238 1536//238
f 2195//239 2197//239 1552//239
f 1535//242 2198//242 2196//242
f 1533//239 2198//239 1534//239
f 1534//239 2198//239 1535//239
f 1553//239 2199//239 1554//239
f 2197//239 2199//239 1552//239
f 1552//239 2199//239 1553//239
f 1533//239 2200//239 2198//239
f 2199//239 2201//239 1554//239
f 1531//239 2202//239 1532//239
f 1532//238 2202//238 1533//238
f 1533//246 2202//246 2200//246
f 1554//239 2203//239 1555//239
f 1555//239 2203//239 1556//239
f 2201//239 2203//239 1554//239
f 1531//244 2204//244 2202//244
f 1530//244 2204//244 1531//244
f 2203//238 2205//238 1556//238
f 1530//246 2206//246 2204//246
f 1529//238 2206//238 1530//238
f 1556//238 2207//238 1557//238
f 2205//239 2207//239 1556//239
f 1529//238 2208//238 2206//238
f 1557//239 2209//239 1558//239
f 2207//239 2209//239 1557//239
f 1528//239 2210//239 1529//239
f 1529//249 2210//249 2208//249
f 1558//239 2211//239 1559//239
f 1559//238 2211//238 1560//238
f 2209//239 2211//239 1558//239
f 1528//239 2212//239 2210//239
f 1526//239 2212//239 1527//239
f 1527//239 2212//239 1528//239
f 2211//239 2213//239 1560//239
f 1526//246 2214//246 2212//246
f 1560//239 2215//239 1561//239
f 2213//239 2215//239 1560//239
f 1526//239 2216//239 2214//239
f 1525//239 2216//239 1526//239
f 1561//238 2217//238 1562//238
f 2215//238 2217//238 1561//238
f 1525//239 2218//239 2216//239
f 1523//239 2218//239 1524//239
f 1524//239 2218//239 1525//239
f 1562//239 2219//239 1563//239
f 2217//239 2219//239 1562//239
f 1523//244 2220//244 2218//244
f 1563//239 2221//239 1564//239
f 2219//239 2221//239 1563//239
f 1523//239 2222//239 2220//239
f 1522//239 2222//239 1523//239
f 1564//238 2223//238 1565//238
f 2221//238 2223//238 1564//238
f 1522//246 2224//246 2222//246
f 1521//238 2224//238 1522//238
f 1565//239 2225//239 1566//239
f 2223//239 2225//239 1565//239
f 1520//238 2226//238 1521//238
f 1521//238 2226//238 2224//238
f 1566//239 2227//239 1567//239
f 2225//239 2227//239 1566//239
f 1520//244 2228//244 2226//244
f 1519//246 2228//246 1520//246
f 1567//239 2229//239 1568//239
f 1568//238 2229//238 1569//238
f 2227//238 2229//238 1567//238
f 1518//239 2230//239 1519//239
f 1519//246 2230//246 2228//246
f 2229//239 2231//239 1569//239
f 1517//239 2232//239 1518//239
f 1518//244 2232//244 2230//244
f 1569//239 2233//239 1570//239
f 2231//242 2233//242 1569//242
f 1517//239 2234//239 2232//239
f 1516//239 2234//239 1517//239
f 2233//238 2235//238 1570//238
f 1570//239 2235//239 1571//239
f 1516//239 2236//239 2234//239
f 1515//239 2236//239 1516//239
f 2235//242 2237//242 1571//242
f 1571//239 2237//239 1572//239
f 1515//245 2238//245 2236//245
f 1514//238 2238//238 1515//238
f 1514//239 1513//239 2238//239
f 2237//239 2239//239 1572//239
f 1572//239 2239//239 1573//239
f 1513//239 2240//239 2238//239
f 1573//239 2241//239 1574//239
f 2239//239 2241//239 1573//239
f 1513//239 2242//239 2240//239
f 1512//239 2242//239 1513//239
f 1512//239 1511//239 2242//239
f 1574//238 2243//238 1575//238
f 2241//239 2243//239 1574//239
f 1511//239 2244//239 2242//239
f 2243//239 2245//239 1575//239
f 1575//239 2245//239 1576//239
f 1511//239 2246//239 2244//239
f 1510//239 2246//239 1511//239
f 1576//239 2247//239 1577//239
f 2245//239 2247//239 1576//239
f 1510//238 2248//238 2246//238
f 1509//238 2248//238 1510//238
f 1509//238 1508//238 2248//238
f 1577//239 2249//239 1578//239
f 2247//238 2249//238 1577//238
f 1508//239 2250//239 2248//239
f 1578//239 2251//239 1579//239
f 2249//239 2251//239 1578//239
f 1508//238 2252//238 2250//238
f 1508//238 1507//238 2252//238
f 2251//239 2253//239 1579//239
f 2253//239 1580//239 1579//239
f 1507//239 1506//239 2252//239
f 2252//239 1506//239 2254//239
f 2255//245 1581//245 2253//245
f 2253//245 1581//245 1580//245
f 1506//239 1505//239 2254//239
f 2254//238 1505//238 2256//238
f 2255//239 2257//239 1581//239
f 2257//239 1582//239 1581//239
f 2256//239 1504//239 2258//239
f 1505//238 1504//238 2256//238
f 2257//239 1583//239 1582//239
f 2259//239 1583//239 2257//239
f 1504//238 1503//238 2258//238
f 2258//245 1503//245 2260//245
f 2261//245 1584//245 2259//245
f 2259//239 1584//239 1583//239
f 1503//239 1502//239 2260//239
f 2260//239 1502//239 2262//239
f 2261//239 1585//239 1584//239
f 2263//244 1585//244 2261//244
f 1502//239 1501//239 2262//239
f 2262//238 1501//238 2264//238
f 2263//239 1586//239 1585//239
f 2265//239 1586//239 2263//239
f 1501//239 1500//239 2264//239
f 2264//239 1500//239 2266//239
f 2265//239 2267//239 1586//239
f 1500//242 2268//242 2266//242
f 2267//238 1587//238 1586//238
f 2269//239 1587//239 2267//239
f 1500//238 1499//238 2268//238
f 2268//239 1499//239 2270//239
f 2269//239 1588//239 1587//239
f 1499//242 1498//242 2270//242
f 2270//239 1498//239 2271//239
f 2269//238 1589//238 1588//238
f 2272//245 1589//245 2269//245
f 1498//239 1497//239 2271//239
f 2272//239 1590//239 1589//239
f 2273//239 1590//239 2272//239
f 1497//239 1496//239 2271//239
f 2271//239 1496//239 2274//239
f 2273//239 1591//239 1590//239
f 2275//239 1591//239 2273//239
f 2276//239 1591//239 2275//239
f 1496//239 1495//239 2274//239
f 2274//239 1495//239 2277//239
f 2276//239 1592//239 1591//239
f 2278//239 1592//239 2276//239
f 1495//239 1494//239 2277//239
f 2277//238 1494//238 2279//238
f 2278//239 1593//239 1592//239
f 2280//239 1493//239 2281//239
f 2279//239 1493//239 2280//239
f 1494//238 1493//238 2279//238
f 2278//239 1594//239 1593//239
f 2282//239 1594//239 2278//239
f 1493//239 1492//239 2281//239
f 2282//239 1595//239 1594//239
f 2283//238 1595//238 2282//238
f 2284//238 1595//238 2283//238
f 1492//239 1491//239 2281//239
f 2281//239 1491//239 2285//239
f 2284//244 1596//244 1595//244
f 1491//238 1490//238 2285//238
f 2285//239 1490//239 2286//239
f 2287//239 1453//239 2288//239
f 2288//239 1453//239 2284//239
f 2284//246 1453//246 1596//246
f 1490//239 1489//239 2286//239
f 2286//239 1489//239 2289//239
f 2287//244 1454//244 1453//244
f 1489//238 1488//238 2289//238
f 2289//238 1488//238 2290//238
f 2287//246 1455//246 1454//246
f 2291//238 1455//238 2287//238
f 2292//238 1455//238 2291//238
f 1488//239 1487//239 2290//239
f 2293//239 1487//239 2294//239
f 2290//239 1487//239 2293//239
f 2292//239 1456//239 1455//239
f 1487//239 1486//239 2294//239
f 2292//239 1457//239 1456//239
f 2295//239 1457//239 2292//239
f 1486//238 1485//238 2294//238
f 2294//238 1485//238 2296//238
f 2297//239 1458//239 2295//239
f 2295//239 1458//239 1457//239
f 1485//239 1484//239 2296//239
f 2296//239 1484//239 2298//239
f 2299//239 1459//239 2297//239
f 2300//239 1459//239 2299//239
f 2297//239 1459//239 1458//239
f 2301//238 1483//238 2302//238
f 2298//239 1483//239 2301//239
f 1484//239 1483//239 2298//239
f 2300//239 1460//239 1459//239
f 1483//239 1482//239 2302//239
f 2300//239 1461//239 1460//239
f 2303//239 1461//239 2300//239
f 1482//238 1481//238 2302//238
f 2304//242 1481//242 2305//242
f 2302//239 1481//239 2304//239
f 2303//239 1462//239 1461//239
f 2306//249 1462//249 2303//249
f 1481//239 1480//239 2305//239
f 2305//238 1480//238 2307//238
f 2306//239 1463//239 1462//239
f 2308//239 1463//239 2306//239
f 2309//239 1463//239 2308//239
f 1480//239 1479//239 2307//239
f 2307//242 1479//242 2310//242
f 2309//239 1464//239 1463//239
f 1479//239 1478//239 2310//239
f 1478//239 1477//239 2310//239
f 2310//239 1477//239 2311//239
f 2309//239 1465//239 1464//239
f 2312//238 1465//238 2309//238
f 1477//239 1476//239 2311//239
f 2311//238 1476//238 2313//238
f 2314//246 1466//246 2312//246
f 2315//247 1466//247 2314//247
f 2312//239 1466//239 1465//239
f 2315//239 1467//239 1466//239
f 1476//238 1475//238 2313//238
f 2313//239 1475//239 2316//239
f 2317//239 1468//239 2315//239
f 2315//238 1468//238 1467//238
f 1475//239 1474//239 2316//239
f 2318//239 1474//239 2319//239
f 2316//239 1474//239 2318//239
f 2317//239 1469//239 1468//239
f 2320//239 1469//239 2317//239
f 1474//239 1473//239 2319//239
f 2320//249 1470//249 1469//249
f 2321//249 1470//249 2320//249
f 1473//238 1472//238 2319//238
f 2319//249 1472//249 2322//249
f 2321//239 1471//239 1470//239
f 1472//239 1471//239 2322//239
f 2323//239 1471//239 2321//239
f 2322//246 1471//246 2323//246
f 2324//348 2325//348 1705//348
f 1705//1259 2325//1259 1704//1259
f 2325//349 2326//349 1704//349
f 1704//349 2326//349 1708//349
f 2326//350 2327//350 1708//350
f 1708//1260 2327//1260 1709//1260
f 1709//351 2328//351 1712//351
f 2327//351 2328//351 1709//351
f 2328//352 2329//352 1712//352
f 1712//352 2329//352 1714//352
f 1714//353 2330//353 1716//353
f 2329//353 2330//353 1714//353
f 1716//354 2331//354 1717//354
f 1717//1261 2331//1261 1720//1261
f 2330//354 2331//354 1716//354
f 1720//356 2332//356 1723//356
f 2331//1261 2332//1261 1720//1261
f 2332//356 2333//356 1723//356
f 1723//358 2334//358 1725//358
f 2333//359 2334//359 1723//359
f 1725//1262 2335//1262 1726//1262
f 1726//362 2335//362 1729//362
f 2334//1262 2335//1262 1725//1262
f 2335//362 2336//362 1729//362
f 1729//1263 2337//1263 1731//1263
f 2336//364 2337//364 1729//364
f 1731//1264 2338//1264 1732//1264
f 2337//1264 2338//1264 1731//1264
f 1732//366 2339//366 1734//366
f 1734//369 2339//369 1737//369
f 2338//366 2339//366 1732//366
f 1737//370 2340//370 1738//370
f 2339//1265 2340//1265 1737//1265
f 2340//370 2341//370 1738//370
f 1738//371 2342//371 1740//371
f 1740//372 2342//372 1739//372
f 2341//1266 2342//1266 1738//1266
f 2342//1267 2343//1267 1739//1267
f 1739//373 2344//373 1736//373
f 1736//375 2344//375 1735//375
f 2343//374 2344//374 1739//374
f 2344//1268 2345//1268 1735//1268
f 1735//376 2346//376 1733//376
f 2345//376 2346//376 1735//376
f 1733//377 2347//377 1730//377
f 2346//377 2347//377 1733//377
f 1730//379 2348//379 1728//379
f 1728//382 2348//382 1727//382
f 2347//379 2348//379 1730//379
f 1727//1269 2349//1269 1724//1269
f 2348//382 2349//382 1727//382
f 2349//383 2350//383 1724//383
f 2350//385 2351//385 1724//385
f 1724//385 2351//385 1722//385
f 1722//386 2352//386 1721//386
f 2351//386 2352//386 1722//386
f 2352//1270 2353//1270 1721//1270
f 1721//1270 2353//1270 1719//1270
f 1719//1271 2353//1271 1718//1271
f 2353//1271 2354//1271 1718//1271
f 2354//390 2355//390 1718//390
f 1718//390 2355//390 1715//390
f 1715//391 2355//391 1713//391
f 2355//391 2356//391 1713//391
f 1713//1272 2356//1272 1711//1272
f 2356//1272 2357//1272 1711//1272
f 2357//393 2358//393 1711//393
f 1711//393 2358//393 1710//393
f 1710//1273 2358//1273 1707//1273
f 2358//1273 2359//1273 1707//1273
f 2359//1274 2360//1274 1707//1274
f 1707//1274 2360//1274 1706//1274
f 1706//1275 2360//1275 1703//1275
f 2360//1275 2361//1275 1703//1275
f 1703//1276 2362//1276 1702//1276
f 2361//1276 2362//1276 1703//1276
f 1702//398 2363//398 1698//398
f 2362//398 2363//398 1702//398
f 1698//1277 2364//1277 1697//1277
f 1697//400 2364//400 1696//400
f 2363//1277 2364//1277 1698//1277
f 2364//400 2365//400 1696//400
f 1696//402 2366//402 1694//402
f 1694//1278 2366//1278 1691//1278
f 2365//402 2366//402 1696//402
f 2366//1278 2367//1278 1691//1278
f 1691//404 2368//404 1688//404
f 2367//1279 2368//1279 1691//1279
f 1688//405 2369//405 1687//405
f 2368//405 2369//405 1688//405
f 1687//406 2370//406 1685//406
f 2369//406 2370//406 1687//406
f 1685//407 2371//407 1683//407
f 2370//1280 2371//1280 1685//1280
f 1683//409 2372//409 1681//409
f 2371//409 2372//409 1683//409
f 1681//411 2373//411 1679//411
f 2372//411 2373//411 1681//411
f 1679//412 2374//412 1677//412
f 2373//412 2374//412 1679//412
f 1677//413 2375//413 1675//413
f 1675//1281 2375//1281 1673//1281
f 2374//1282 2375//1282 1677//1282
f 2375//414 2376//414 1673//414
f 2376//1283 2377//1283 1673//1283
f 1673//1283 2377//1283 1671//1283
f 2377//1284 2378//1284 1671//1284
f 1671//1284 2378//1284 1669//1284
f 2378//417 2379//417 1669//417
f 1669//1285 2379//1285 1667//1285
f 2379//1286 2380//1286 1667//1286
f 1667//418 2380//418 1665//418
f 2380//1287 2381//1287 1665//1287
f 1665//420 2381//420 1663//420
f 1663//422 2381//422 1661//422
f 2381//422 2382//422 1661//422
f 2382//1288 2383//1288 1661//1288
f 1661//1288 2383//1288 1659//1288
f 2383//424 2384//424 1659//424
f 1659//424 2384//424 1657//424
f 2384//426 2385//426 1657//426
f 1657//425 2385//425 1655//425
f 2385//427 2386//427 1655//427
f 1655//1289 2386//1289 1653//1289
f 2386//429 2387//429 1653//429
f 1653//1290 2387//1290 1651//1290
f 2387//430 2388//430 1651//430
f 1651//430 2388//430 1649//430
f 2388//1291 2389//1291 1649//1291
f 1649//431 2389//431 1647//431
f 2389//1292 2390//1292 1647//1292
f 1647//1292 2390//1292 1645//1292
f 2390//433 2391//433 1645//433
f 1645//1293 2391//1293 1643//1293
f 2391//435 2392//435 1643//435
f 1643//435 2392//435 1641//435
f 2392//436 2393//436 1641//436
f 1641//436 2393//436 1639//436
f 1639//438 2394//438 1637//438
f 2393//437 2394//437 1639//437
f 1637//439 2394//439 1635//439
f 2394//439 2395//439 1635//439
f 1635//441 2396//441 1633//441
f 2395//441 2396//441 1635//441
f 1633//252 2397//252 1631//252
f 2396//252 2397//252 1633//252
f 1631//254 2398//254 1629//254
f 2397//254 2398//254 1631//254
f 1629//255 2399//255 1627//255
f 2398//256 2399//256 1629//256
f 1627//257 2400//257 1625//257
f 2399//257 2400//257 1627//257
f 1625//258 2401//258 1623//258
f 2400//258 2401//258 1625//258
f 1623//259 2402//259 1621//259
f 2401//1294 2402//1294 1623//1294
f 2402//1295 2403//1295 1621//1295
f 1621//1295 2403//1295 1619//1295
f 2403//1296 2404//1296 1619//1296
f 1619//262 2404//262 1617//262
f 2404//263 2405//263 1617//263
f 1617//263 2405//263 1615//263
f 1615//1297 2405//1297 1613//1297
f 2405//264 2406//264 1613//264
f 2406//266 2407//266 1613//266
f 1613//266 2407//266 1611//266
f 2407//267 2408//267 1611//267
f 1611//1298 2408//1298 1609//1298
f 2408//268 2409//268 1609//268
f 1609//268 2409//268 1607//268
f 2409//1299 2410//1299 1607//1299
f 1607//1299 2410//1299 1605//1299
f 2410//270 2411//270 1605//270
f 1605//270 2411//270 1603//270
f 2411//272 2412//272 1603//272
f 1603//1300 2412//1300 1601//1300
f 2412//276 2413//276 1601//276
f 1601//276 2413//276 1599//276
f 2413//275 2414//275 1599//275
f 1599//275 2414//275 1597//275
f 2414//1301 2415//1301 1597//1301
f 1597//1301 2415//1301 1598//1301
f 2415//1302 2416//1302 1598//1302
f 1598//1302 2416//1302 1600//1302
f 2416//279 2417//279 1600//279
f 1600//1303 2417//1303 1602//1303
f 2417//1304 2418//1304 1602//1304
f 1602//280 2418//280 1604//280
f 1604//281 2418//281 1606//281
f 2418//281 2419//281 1606//281
f 2419//282 2420//282 1606//282
f 1606//282 2420//282 1608//282
f 2420//283 2421//283 1608//283
f 1608//283 2421//283 1610//283
f 2421//285 2422//285 1610//285
f 1610//1305 2422//1305 1612//1305
f 2422//287 2423//287 1612//287
f 1612//287 2423//287 1614//287
f 1614//288 2424//288 1616//288
f 2423//1306 2424//1306 1614//1306
f 1616//289 2425//289 1618//289
f 2424//1307 2425//1307 1616//1307
f 1618//1308 2426//1308 1620//1308
f 2425//1308 2426//1308 1618//1308
f 2426//291 2427//291 1620//291
f 1620//291 2427//291 1622//291
f 1622//293 2428//293 1624//293
f 2427//293 2428//293 1622//293
f 1624//1309 2429//1309 1626//1309
f 2428//1309 2429//1309 1624//1309
f 1626//295 2430//295 1628//295
f 2429//295 2430//295 1626//295
f 1628//1310 2431//1310 1630//1310
f 2430//1310 2431//1310 1628//1310
f 1630//1311 2432//1311 1632//1311
f 2431//1311 2432//1311 1630//1311
f 1632//298 2433//298 1634//298
f 2432//1312 2433//1312 1632//1312
f 1634//1313 2434//1313 1636//1313
f 2433//1313 2434//1313 1634//1313
f 1636//300 2435//300 1638//300
f 2434//300 2435//300 1636//300
f 1638//1314 2436//1314 1640//1314
f 2435//1314 2436//1314 1638//1314
f 1640//302 2437//302 1642//302
f 2436//302 2437//302 1640//302
f 1642//303 2438//303 1644//303
f 2437//303 2438//303 1642//303
f 1644//1315 2439//1315 1646//1315
f 2438//1315 2439//1315 1644//1315
f 1646//1316 2440//1316 1648//1316
f 2439//1316 2440//1316 1646//1316
f 1648//307 2441//307 1650//307
f 2440//307 2441//307 1648//307
f 1650//308 2442//308 1652//308
f 2441//308 2442//308 1650//308
f 1652//1317 2443//1317 1654//1317
f 2442//311 2443//311 1652//311
f 1654//310 2444//310 1656//310
f 2443//310 2444//310 1654//310
f 1656//314 2445//314 1658//314
f 1658//316 2445//316 1660//316
f 2444//314 2445//314 1656//314
f 2445//316 2446//316 1660//316
f 1660//317 2447//317 1662//317
f 2446//317 2447//317 1660//317
f 1662//318 2448//318 1664//318
f 2447//1318 2448//1318 1662//1318
f 1664//319 2449//319 1666//319
f 2448//319 2449//319 1664//319
f 1666//321 2450//321 1668//321
f 2449//322 2450//322 1666//322
f 1668//323 2451//323 1670//323
f 2450//323 2451//323 1668//323
f 1670//324 2452//324 1672//324
f 2451//324 2452//324 1670//324
f 2452//326 2453//326 1672//326
f 1672//1319 2453//1319 1674//1319
f 2453//328 2454//328 1674//328
f 1674//328 2454//328 1676//328
f 2454//329 2455//329 1676//329
f 1676//1320 2455//1320 1678//1320
f 1678//1321 2455//1321 1680//1321
f 2455//330 2456//330 1680//330
f 2456//331 2457//331 1680//331
f 1680//331 2457//331 1682//331
f 2457//334 2458//334 1682//334
f 1682//334 2458//334 1684//334
f 2458//1322 2459//1322 1684//1322
f 1684//335 2459//335 1686//335
f 2459//1323 2460//1323 1686//1323
f 1686//1323 2460//1323 1689//1323
f 2460//1324 2461//1324 1689//1324
f 1689//1324 2461//1324 1690//1324
f 2461//341 2462//341 1690//341
f 1690//341 2462//341 1692//341
f 1692//342 2463//342 1693//342
f 2462//342 2463//342 1692//342
f 1693//343 2464//343 1695//343
f 2463//343 2464//343 1693//343
f 1695//344 2465//344 1699//344
f 2464//344 2465//344 1695//344
f 1699//1325 2466//1325 1700//1325
f 2465//345 2466//345 1699//345
f 1700//346 2467//346 1701//346
f 2466//346 2467//346 1700//346
f 2467//347 2324//347 1701//347
f 1701//1326 2324//1326 1705//1326
f 2468//538 2469//538 1847//538
f 1847//1327 2469//1327 1850//1327
f 2469//539 2470//539 1850//539
f 1850//539 2470//539 1852//539
f 2470//540 2471//540 1852//540
f 1852//1328 2471//1328 1853//1328
f 1853//541 2472//541 1856//541
f 2471//541 2472//541 1853//541
f 2472//542 2473//542 1856//542
f 1856//542 2473//542 1858//542
f 1858//543 2474//543 1860//543
f 2473//543 2474//543 1858//543
f 1860//544 2475//544 1861//544
f 1861//1329 2475//1329 1864//1329
f 2474//544 2475//544 1860//544
f 2475//1329 2476//1329 1864//1329
f 1864//1330 2477//1330 1867//1330
f 2476//546 2477//546 1864//546
f 1867//548 2478//548 1869//548
f 2477//549 2478//549 1867//549
f 1869//1331 2479//1331 1870//1331
f 1870//552 2479//552 1874//552
f 2478//1331 2479//1331 1869//1331
f 2479//552 2480//552 1874//552
f 1874//1332 2481//1332 1875//1332
f 2480//554 2481//554 1874//554
f 1875//1333 2482//1333 1876//1333
f 2481//1333 2482//1333 1875//1333
f 1876//556 2483//556 1878//556
f 1878//559 2483//559 1880//559
f 2482//556 2483//556 1876//556
f 1880//560 2484//560 1882//560
f 2483//1334 2484//1334 1880//1334
f 1882//561 2485//561 1883//561
f 2484//560 2485//560 1882//560
f 2485//561 2486//561 1883//561
f 1883//1335 2487//1335 1884//1335
f 1884//564 2487//564 1881//564
f 2486//1335 2487//1335 1883//1335
f 2487//564 2488//564 1881//564
f 1881//565 2489//565 1879//565
f 1879//566 2489//566 1877//566
f 2488//1336 2489//1336 1881//1336
f 2489//566 2490//566 1877//566
f 1877//567 2491//567 1873//567
f 2490//567 2491//567 1877//567
f 1873//569 2492//569 1872//569
f 1872//572 2492//572 1871//572
f 2491//569 2492//569 1873//569
f 2492//572 2493//572 1871//572
f 1871//1337 2494//1337 1868//1337
f 2493//573 2494//573 1871//573
f 1868//575 2495//575 1866//575
f 1866//576 2495//576 1865//576
f 2494//575 2495//575 1868//575
f 2495//576 2496//576 1865//576
f 2496//1338 2497//1338 1865//1338
f 1865//1338 2497//1338 1863//1338
f 1863//1339 2497//1339 1862//1339
f 2497//1339 2498//1339 1862//1339
f 2498//580 2499//580 1862//580
f 1862//580 2499//580 1859//580
f 1859//581 2499//581 1857//581
f 2499//581 2500//581 1857//581
f 2500//1340 2501//1340 1857//1340
f 1857//1340 2501//1340 1855//1340
f 2501//583 2502//583 1855//583
f 1855//583 2502//583 1854//583
f 1854//1341 2502//1341 1851//1341
f 2502//1341 2503//1341 1851//1341
f 1851//1342 2504//1342 1849//1342
f 2503//1342 2504//1342 1851//1342
f 1849//1343 2504//1343 1848//1343
f 2504//1343 2505//1343 1848//1343
f 2505//1344 2506//1344 1848//1344
f 1848//1344 2506//1344 1846//1344
f 1846//588 2507//588 1842//588
f 1842//1345 2507//1345 1841//1345
f 2506//588 2507//588 1846//588
f 2507//1345 2508//1345 1841//1345
f 2508//590 2509//590 1841//590
f 1841//590 2509//590 1839//590
f 1839//592 2510//592 1838//592
f 2509//592 2510//592 1839//592
f 1838//1346 2511//1346 1835//1346
f 2510//1346 2511//1346 1838//1346
f 1835//594 2512//594 1833//594
f 1833//595 2512//595 1831//595
f 2511//1347 2512//1347 1835//1347
f 2512//595 2513//595 1831//595
f 1831//596 2514//596 1829//596
f 2513//596 2514//596 1831//596
f 1829//597 2515//597 1827//597
f 2514//1348 2515//1348 1829//1348
f 1827//599 2516//599 1824//599
f 2515//599 2516//599 1827//599
f 1824//601 2517//601 1822//601
f 2516//601 2517//601 1824//601
f 1822//602 2518//602 1820//602
f 2517//602 2518//602 1822//602
f 1820//603 2519//603 1819//603
f 2518//1349 2519//1349 1820//1349
f 1819//1350 2520//1350 1817//1350
f 2519//604 2520//604 1819//604
f 1817//1351 2521//1351 1815//1351
f 2520//1351 2521//1351 1817//1351
f 2521//1352 2522//1352 1815//1352
f 1815//1352 2522//1352 1813//1352
f 1813//607 2522//607 1811//607
f 2522//607 2523//607 1811//607
f 2523//1353 2524//1353 1811//1353
f 1811//608 2524//608 1809//608
f 2524//1354 2525//1354 1809//1354
f 1809//610 2525//610 1807//610
f 2525//612 2526//612 1807//612
f 1807//612 2526//612 1805//612
f 2526//1355 2527//1355 1805//1355
f 1805//1355 2527//1355 1803//1355
f 2527//614 2528//614 1803//614
f 1803//614 2528//614 1801//614
f 1801//1356 2528//1356 1799//1356
f 2528//616 2529//616 1799//616
f 2529//617 2530//617 1799//617
f 1799//1357 2530//1357 1797//1357
f 2530//619 2531//619 1797//619
f 1797//1358 2531//1358 1795//1358
f 2531//620 2532//620 1795//620
f 1795//620 2532//620 1793//620
f 2532//1359 2533//1359 1793//1359
f 1793//621 2533//621 1791//621
f 2533//1360 2534//1360 1791//1360
f 1791//1360 2534//1360 1789//1360
f 2534//623 2535//623 1789//623
f 1789//1361 2535//1361 1787//1361
f 2535//625 2536//625 1787//625
f 1787//625 2536//625 1785//625
f 2536//626 2537//626 1785//626
f 1785//626 2537//626 1783//626
f 1783//628 2538//628 1781//628
f 2537//627 2538//627 1783//627
f 1781//629 2539//629 1779//629
f 2538//629 2539//629 1781//629
f 1779//631 2540//631 1777//631
f 2539//631 2540//631 1779//631
f 1777//442 2541//442 1775//442
f 2540//442 2541//442 1777//442
f 1775//444 2542//444 1773//444
f 2541//444 2542//444 1775//444
f 1773//445 2543//445 1771//445
f 2542//446 2543//446 1773//446
f 1771//447 2544//447 1769//447
f 2543//447 2544//447 1771//447
f 1769//448 2545//448 1767//448
f 1767//1362 2545//1362 1765//1362
f 2544//448 2545//448 1769//448
f 2545//449 2546//449 1765//449
f 2546//1363 2547//1363 1765//1363
f 1765//1363 2547//1363 1763//1363
f 2547//1364 2548//1364 1763//1364
f 1763//452 2548//452 1761//452
f 2548//453 2549//453 1761//453
f 1761//453 2549//453 1759//453
f 2549//454 2550//454 1759//454
f 1759//1365 2550//1365 1757//1365
f 2550//1366 2551//1366 1757//1366
f 1757//1366 2551//1366 1755//1366
f 2551//457 2552//457 1755//457
f 1755//1367 2552//1367 1753//1367
f 2552//459 2553//459 1753//459
f 1753//459 2553//459 1751//459
f 2553//1368 2554//1368 1751//1368
f 1751//1368 2554//1368 1749//1368
f 2554//461 2555//461 1749//461
f 1749//461 2555//461 1747//461
f 2555//463 2556//463 1747//463
f 1747//1369 2556//1369 1745//1369
f 2556//464 2557//464 1745//464
f 1745//464 2557//464 1743//464
f 2557//466 2558//466 1743//466
f 1743//466 2558//466 1741//466
f 1741//1370 2558//1370 1742//1370
f 2558//1370 2559//1370 1742//1370
f 2559//1371 2560//1371 1742//1371
f 1742//1371 2560//1371 1744//1371
f 2560//469 2561//469 1744//469
f 1744//1372 2561//1372 1746//1372
f 2561//1373 2562//1373 1746//1373
f 1746//470 2562//470 1748//470
f 2562//471 2563//471 1748//471
f 1748//471 2563//471 1750//471
f 2563//472 2564//472 1750//472
f 1750//472 2564//472 1752//472
f 2564//473 2565//473 1752//473
f 1752//473 2565//473 1754//473
f 2565//475 2566//475 1754//475
f 1754//1374 2566//1374 1756//1374
f 2566//476 2567//476 1756//476
f 1756//476 2567//476 1758//476
f 1758//478 2568//478 1760//478
f 2567//1375 2568//1375 1758//1375
f 1760//479 2569//479 1762//479
f 2568//1376 2569//1376 1760//1376
f 1762//1377 2570//1377 1764//1377
f 2569//1377 2570//1377 1762//1377
f 2570//482 2571//482 1764//482
f 1764//482 2571//482 1766//482
f 1766//483 2572//483 1768//483
f 2571//483 2572//483 1766//483
f 1768//1378 2573//1378 1770//1378
f 2572//1378 2573//1378 1768//1378
f 1770//485 2574//485 1772//485
f 2573//485 2574//485 1770//485
f 1772//1379 2575//1379 1774//1379
f 2574//1379 2575//1379 1772//1379
f 1774//1380 2576//1380 1776//1380
f 2575//1380 2576//1380 1774//1380
f 1776//1381 2577//1381 1778//1381
f 2576//1381 2577//1381 1776//1381
f 1778//1382 2578//1382 1780//1382
f 2577//489 2578//489 1778//489
f 1780//490 2579//490 1782//490
f 2578//490 2579//490 1780//490
f 1782//1383 2580//1383 1784//1383
f 2579//1383 2580//1383 1782//1383
f 1784//492 2581//492 1786//492
f 2580//492 2581//492 1784//492
f 1786//493 2582//493 1788//493
f 2581//493 2582//493 1786//493
f 1788//1384 2583//1384 1790//1384
f 2582//1384 2583//1384 1788//1384
f 1790//1385 2584//1385 1792//1385
f 2583//1385 2584//1385 1790//1385
f 1792//497 2585//497 1794//497
f 2584//497 2585//497 1792//497
f 1794//498 2586//498 1796//498
f 2585//498 2586//498 1794//498
f 1796//1386 2587//1386 1798//1386
f 2586//500 2587//500 1796//500
f 1798//501 2588//501 1800//501
f 2587//501 2588//501 1798//501
f 1800//504 2589//504 1802//504
f 2588//504 2589//504 1800//504
f 1802//507 2590//507 1804//507
f 2589//507 2590//507 1802//507
f 1804//506 2591//506 1806//506
f 2590//506 2591//506 1804//506
f 1806//508 2592//508 1808//508
f 2591//1387 2592//1387 1806//1387
f 1808//509 2593//509 1810//509
f 2592//509 2593//509 1808//509
f 1810//511 2594//511 1812//511
f 2593//512 2594//512 1810//512
f 1812//513 2595//513 1814//513
f 2594//513 2595//513 1812//513
f 1814//514 2596//514 1816//514
f 2595//514 2596//514 1814//514
f 2596//516 2597//516 1816//516
f 1816//1388 2597//1388 1818//1388
f 2597//517 2598//517 1818//517
f 1818//517 2598//517 1821//517
f 2598//519 2599//519 1821//519
f 1821//1389 2599//1389 1823//1389
f 1823//1390 2599//1390 1825//1390
f 2599//520 2600//520 1825//520
f 2600//521 2601//521 1825//521
f 1825//521 2601//521 1826//521
f 2601//524 2602//524 1826//524
f 1826//524 2602//524 1828//524
f 2602//1391 2603//1391 1828//1391
f 1828//525 2603//525 1830//525
f 2603//1392 2604//1392 1830//1392
f 1830//1392 2604//1392 1832//1392
f 2604//1393 2605//1393 1832//1393
f 1832//1393 2605//1393 1834//1393
f 2605//531 2606//531 1834//531
f 1834//531 2606//531 1836//531
f 1836//532 2607//532 1837//532
f 2606//532 2607//532 1836//532
f 1837//533 2608//533 1840//533
f 2607//533 2608//533 1837//533
f 1840//534 2609//534 1843//534
f 2608//534 2609//534 1840//534
f 1843//1394 2610//1394 1844//1394
f 2609//535 2610//535 1843//535
f 1844//536 2611//536 1845//536
f 2610//536 2611//536 1844//536
f 2611//537 2468//537 1845//537
f 1845//1395 2468//1395 1847//1395
f 2612//704 2613//704 1992//704
f 2612//704 1992//704 1994//704
f 2614//705 2612//705 1994//705
f 2614//705 1994//705 1995//705
f 2615//706 2614//706 1995//706
f 2615//706 1995//706 1999//706
f 2616//1396 1999//1396 2000//1396
f 2616//1396 2615//1396 1999//1396
f 2616//708 2000//708 2001//708
f 2617//708 2616//708 2001//708
f 2618//709 2001//709 2003//709
f 2618//709 2617//709 2001//709
f 2619//1397 2003//1397 2007//1397
f 2619//1397 2618//1397 2003//1397
f 2620//711 2007//711 2008//711
f 2620//1398 2008//1398 2011//1398
f 2620//711 2619//711 2007//711
f 2621//1398 2620//1398 2011//1398
f 2622//1399 2011//1399 2012//1399
f 2622//714 2012//714 2013//714
f 2622//1399 2621//1399 2011//1399
f 2623//714 2622//714 2013//714
f 2624//1400 2013//1400 2016//1400
f 2624//715 2623//715 2013//715
f 2625//1401 2016//1401 2017//1401
f 2625//1401 2624//1401 2016//1401
f 2626//717 2017//717 2022//717
f 2626//717 2625//717 2017//717
f 2627//1402 2022//1402 2023//1402
f 2627//1402 2626//1402 2022//1402
f 2628//1403 2023//1403 2024//1403
f 2628//1403 2627//1403 2023//1403
f 2629//720 2024//720 2026//720
f 2629//1404 2026//1404 2028//1404
f 2629//720 2628//720 2024//720
f 2630//1404 2629//1404 2028//1404
f 2631//1405 2028//1405 2027//1405
f 2631//1405 2630//1405 2028//1405
f 2632//723 2027//723 2025//723
f 2632//723 2631//723 2027//723
f 2633//1406 2025//1406 2021//1406
f 2633//1406 2632//1406 2025//1406
f 2634//1407 2021//1407 2020//1407
f 2634//726 2020//726 2019//726
f 2634//1407 2633//1407 2021//1407
f 2635//726 2634//726 2019//726
f 2636//1408 2019//1408 2018//1408
f 2636//1408 2635//1408 2019//1408
f 2637//728 2018//728 2015//728
f 2637//1409 2636//1409 2018//1409
f 2638//729 2015//729 2014//729
f 2638//729 2637//729 2015//729
f 2639//1410 2014//1410 2010//1410
f 2639//1411 2010//1411 2009//1411
f 2639//1410 2638//1410 2014//1410
f 2640//1411 2639//1411 2009//1411
f 2641//732 2640//732 2009//732
f 2641//732 2009//732 2006//732
f 2642//1412 2641//1412 2006//1412
f 2642//1412 2006//1412 2005//1412
f 2643//734 2642//734 2005//734
f 2643//734 2005//734 2004//734
f 2643//735 2004//735 2002//735
f 2644//735 2643//735 2002//735
f 2645//1413 2644//1413 2002//1413
f 2645//1413 2002//1413 1998//1413
f 2645//737 1998//737 1997//737
f 2646//737 2645//737 1997//737
f 2647//738 2646//738 1997//738
f 2647//738 1997//738 1996//738
f 2648//739 1996//739 1993//739
f 2648//739 2647//739 1996//739
f 2648//740 1993//740 1991//740
f 2649//740 2648//740 1991//740
f 2650//741 2649//741 1991//741
f 2650//741 1991//741 1988//741
f 2651//742 1988//742 1987//742
f 2651//1414 1987//1414 1986//1414
f 2651//742 2650//742 1988//742
f 2652//1414 2651//1414 1986//1414
f 2653//744 2652//744 1986//744
f 2653//744 1986//744 1982//744
f 2654//745 1982//745 1980//745
f 2654//1415 1980//1415 1979//1415
f 2654//745 2653//745 1982//745
f 2655//1415 2654//1415 1979//1415
f 2656//747 1979//747 1977//747
f 2656//1416 1977//1416 1975//1416
f 2656//747 2655//747 1979//747
f 2657//1416 2656//1416 1975//1416
f 2658//1417 1975//1417 1973//1417
f 2658//750 1973//750 1971//750
f 2658//1417 2657//1417 1975//1417
f 2659//751 1971//751 1969//751
f 2659//750 2658//750 1971//750
f 2660//1418 2659//1418 1969//1418
f 2661//1419 1969//1419 1967//1419
f 2661//1419 2660//1419 1969//1419
f 2662//753 1967//753 1965//753
f 2662//753 2661//753 1967//753
f 2663//1420 1965//1420 1963//1420
f 2663//1420 2662//1420 1965//1420
f 2664//1421 1963//1421 1961//1421
f 2664//1421 2663//1421 1963//1421
f 2665//756 1961//756 1959//756
f 2665//756 2664//756 1961//756
f 2666//1422 2665//1422 1959//1422
f 2666//1422 1959//1422 1957//1422
f 2667//1423 2666//1423 1957//1423
f 2667//1423 1957//1423 1955//1423
f 2668//759 2667//759 1955//759
f 2668//759 1955//759 1953//759
f 2669//1424 2668//1424 1953//1424
f 2669//1424 1953//1424 1951//1424
f 2670//1425 2669//1425 1951//1425
f 2670//1425 1951//1425 1949//1425
f 2671//762 2670//762 1949//762
f 2671//762 1949//762 1947//762
f 2672//1426 2671//1426 1947//1426
f 2672//1426 1947//1426 1945//1426
f 2673//1427 2672//1427 1945//1427
f 2673//764 1945//764 1943//764
f 2674//765 2673//765 1943//765
f 2674//765 1943//765 1941//765
f 2675//1428 2674//1428 1941//1428
f 2675//1428 1941//1428 1939//1428
f 2676//1429 2675//1429 1939//1429
f 2676//1429 1939//1429 1937//1429
f 2677//768 2676//768 1937//768
f 2677//768 1937//768 1935//768
f 2678//1430 2677//1430 1935//1430
f 2678//1430 1935//1430 1933//1430
f 2679//770 2678//770 1933//770
f 2679//770 1933//770 1931//770
f 2680//771 2679//771 1931//771
f 2680//771 1931//771 1929//771
f 2681//1431 2680//1431 1929//1431
f 2681//1431 1929//1431 1927//1431
f 2682//773 1927//773 1925//773
f 2682//773 2681//773 1927//773
f 2683//774 1925//774 1923//774
f 2683//774 2682//774 1925//774
f 2684//775 1923//775 1921//775
f 2684//632 1921//632 1919//632
f 2684//775 2683//775 1923//775
f 2685//632 2684//632 1919//632
f 2686//633 1919//633 1917//633
f 2686//633 2685//633 1919//633
f 2687//634 1917//634 1915//634
f 2687//634 2686//634 1917//634
f 2688//1432 1915//1432 1913//1432
f 2688//1432 2687//1432 1915//1432
f 2689//636 1913//636 1911//636
f 2689//636 2688//636 1913//636
f 2690//637 1911//637 1909//637
f 2690//637 2689//637 1911//637
f 2691//1433 2690//1433 1909//1433
f 2691//1433 1909//1433 1907//1433
f 2691//639 1907//639 1905//639
f 2692//639 2691//639 1905//639
f 2692//1434 1905//1434 1903//1434
f 2693//1434 2692//1434 1903//1434
f 2694//1435 2693//1435 1903//1435
f 2694//1435 1903//1435 1901//1435
f 2694//642 1901//642 1899//642
f 2695//642 2694//642 1899//642
f 2696//643 2695//643 1899//643
f 2696//1436 1899//1436 1897//1436
f 2697//1437 2696//1437 1897//1437
f 2697//1437 1897//1437 1895//1437
f 2698//645 2697//645 1895//645
f 2698//645 1895//645 1893//645
f 2699//1438 2698//1438 1893//1438
f 2699//1438 1893//1438 1891//1438
f 2700//1439 2699//1439 1891//1439
f 2700//1439 1891//1439 1889//1439
f 2700//648 1889//648 1887//648
f 2701//648 2700//648 1887//648
f 2702//1440 2701//1440 1887//1440
f 2702//1440 1887//1440 1886//1440
f 2703//1441 2702//1441 1886//1441
f 2703//1441 1886//1441 1885//1441
f 2704//651 2703//651 1885//651
f 2704//651 1885//651 1888//651
f 2705//1442 2704//1442 1888//1442
f 2705//1442 1888//1442 1890//1442
f 2706//1443 2705//1443 1890//1443
f 2706//1443 1890//1443 1892//1443
f 2707//654 2706//654 1892//654
f 2707//654 1892//654 1894//654
f 2708//1444 2707//1444 1894//1444
f 2708//1444 1894//1444 1896//1444
f 2709//656 2708//656 1896//656
f 2709//1445 1896//1445 1898//1445
f 2710//657 2709//657 1898//657
f 2710//657 1898//657 1900//657
f 2711//1446 2710//1446 1900//1446
f 2711//1446 1900//1446 1902//1446
f 2712//1447 1902//1447 1904//1447
f 2712//1447 2711//1447 1902//1447
f 2713//660 1904//660 1906//660
f 2713//660 2712//660 1904//660
f 2714//1448 1906//1448 1908//1448
f 2714//1448 2713//1448 1906//1448
f 2715//662 2714//662 1908//662
f 2715//662 1908//662 1910//662
f 2716//663 1910//663 1912//663
f 2716//663 2715//663 1910//663
f 2717//1449 1912//1449 1914//1449
f 2717//1449 2716//1449 1912//1449
f 2718//665 1914//665 1916//665
f 2718//665 2717//665 1914//665
f 2719//666 1916//666 1918//666
f 2719//666 2718//666 1916//666
f 2720//667 1918//667 1920//667
f 2720//667 2719//667 1918//667
f 2721//668 1920//668 1922//668
f 2721//668 2720//668 1920//668
f 2722//669 1922//669 1924//669
f 2722//669 2721//669 1922//669
f 2723//670 1924//670 1926//670
f 2723//670 2722//670 1924//670
f 2724//1450 1926//1450 1928//1450
f 2724//1450 2723//1450 1926//1450
f 2725//672 1928//672 1930//672
f 2725//672 2724//672 1928//672
f 2726//673 1930//673 1932//673
f 2726//673 2725//673 1930//673
f 2727//1451 1932//1451 1934//1451
f 2727//1451 2726//1451 1932//1451
f 2728//675 1934//675 1936//675
f 2728//675 2727//675 1934//675
f 2729//1452 1936//1452 1938//1452
f 2729//1452 2728//1452 1936//1452
f 2730//1453 1938//1453 1940//1453
f 2730//1453 2729//1453 1938//1453
f 2731//678 1940//678 1942//678
f 2731//678 2730//678 1940//678
f 2732//679 1942//679 1944//679
f 2732//1454 2731//1454 1942//1454
f 2733//1455 1944//1455 1946//1455
f 2733//1455 2732//1455 1944//1455
f 2734//681 1946//681 1948//681
f 2734//681 2733//681 1946//681
f 2735//1456 1948//1456 1950//1456
f 2735//1456 2734//1456 1948//1456
f 2736//1457 1950//1457 1952//1457
f 2736//1457 2735//1457 1950//1457
f 2737//684 1952//684 1954//684
f 2737//684 2736//684 1952//684
f 2738//1458 1954//1458 1956//1458
f 2738//1458 2737//1458 1954//1458
f 2739//1459 1956//1459 1958//1459
f 2739//1459 2738//1459 1956//1459
f 2740//687 1958//687 1960//687
f 2740//687 2739//687 1958//687
f 2741//1460 2740//1460 1960//1460
f 2741//1460 1960//1460 1962//1460
f 2742//1461 2741//1461 1962//1461
f 2742//1461 1962//1461 1964//1461
f 2743//690 2742//690 1964//690
f 2743//690 1964//690 1966//690
f 2744//1462 2743//1462 1966//1462
f 2744//1462 1966//1462 1968//1462
f 2745//1463 2744//1463 1968//1463
f 2745//692 1968//692 1970//692
f 2746//693 2745//693 1970//693
f 2746//693 1970//693 1972//693
f 2747//1464 2746//1464 1972//1464
f 2747//1464 1972//1464 1974//1464
f 2748//1465 2747//1465 1974//1465
f 2748//1465 1974//1465 1976//1465
f 2749//696 2748//696 1976//696
f 2749//696 1976//696 1978//696
f 2750//1466 2749//1466 1978//1466
f 2750//1466 1978//1466 1981//1466
f 2751//698 1981//698 1983//698
f 2751//698 2750//698 1981//698
f 2752//699 1983//699 1984//699
f 2752//699 2751//699 1983//699
f 2753//1467 1984//1467 1985//1467
f 2753//1467 2752//1467 1984//1467
f 2754//701 1985//701 1989//701
f 2754//701 2753//701 1985//701
f 2755//702 1989//702 1990//702
f 2755//702 2754//702 1989//702
f 2613//703 2755//703 1990//703
f 2613//703 1990//703 1992//703
f 2169//1468 2168//1468 2756//1468
f 2169//1469 2756//1469 2757//1469
f 2170//1469 2169//1469 2757//1469
f 2170//1470 2757//1470 2758//1470
f 2171//1471 2170//1471 2758//1471
f 2171//1471 2758//1471 2759//1471
f 2172//1470 2171//1470 2759//1470
f 2172//1472 2759//1472 2760//1472
f 2173//1473 2172//1473 2760//1473
f 2173//1474 2760//1474 2761//1474
f 2174//1475 2173//1475 2761//1475
f 2174//1475 2761//1475 2762//1475
f 2175//1475 2174//1475 2762//1475
f 2763//1470 2175//1470 2762//1470
f 2176//1476 2175//1476 2763//1476
f 2764//1477 2176//1477 2763//1477
f 2177//1477 2176//1477 2764//1477
f 2765//1475 2177//1475 2764//1475
f 2178//1478 2177//1478 2765//1478
f 2766//1479 2178//1479 2765//1479
f 2179//1480 2178//1480 2766//1480
f 2767//1470 2179//1470 2766//1470
f 2029//1470 2179//1470 2767//1470
f 2768//1479 2029//1479 2767//1479
f 2030//1476 2029//1476 2768//1476
f 2769//1475 2030//1475 2768//1475
f 2031//1478 2030//1478 2769//1478
f 2770//1475 2031//1475 2769//1475
f 2032//1478 2031//1478 2770//1478
f 2771//1478 2032//1478 2770//1478
f 2033//1477 2032//1477 2771//1477
f 2772//1477 2033//1477 2771//1477
f 2034//1475 2033//1475 2772//1475
f 2773//1475 2034//1475 2772//1475
f 2035//1475 2034//1475 2773//1475
f 2774//1481 2035//1481 2773//1481
f 2036//1481 2035//1481 2774//1481
f 2775//1475 2036//1475 2774//1475
f 2037//1475 2036//1475 2775//1475
f 2776//1475 2037//1475 2775//1475
f 2038//1475 2037//1475 2776//1475
f 2777//1475 2038//1475 2776//1475
f 2039//1468 2038//1468 2777//1468
f 2778//1470 2039//1470 2777//1470
f 2040//1477 2039//1477 2778//1477
f 2779//1481 2040//1481 2778//1481
f 2041//1482 2040//1482 2779//1482
f 2780//1475 2041//1475 2779//1475
f 2042//1475 2041//1475 2780//1475
f 2781//1481 2042//1481 2780//1481
f 2043//1478 2042//1478 2781//1478
f 2782//1478 2043//1478 2781//1478
f 2044//1483 2043//1483 2782//1483
f 2783//1483 2044//1483 2782//1483
f 2045//1481 2044//1481 2783//1481
f 2784//1484 2045//1484 2783//1484
f 2046//1485 2045//1485 2784//1485
f 2785//1475 2046//1475 2784//1475
f 2047//1475 2046//1475 2785//1475
f 2786//1475 2047//1475 2785//1475
f 2048//1481 2047//1481 2786//1481
f 2787//1481 2048//1481 2786//1481
f 2049//1486 2048//1486 2787//1486
f 2788//1486 2049//1486 2787//1486
f 2050//1487 2049//1487 2788//1487
f 2789//1476 2050//1476 2788//1476
f 2051//1475 2050//1475 2789//1475
f 2790//1482 2051//1482 2789//1482
f 2052//1488 2051//1488 2790//1488
f 2791//1489 2052//1489 2790//1489
f 2053//1490 2052//1490 2791//1490
f 2792//1491 2053//1491 2791//1491
f 2054//1490 2053//1490 2792//1490
f 2793//1481 2054//1481 2792//1481
f 2055//1487 2054//1487 2793//1487
f 2794//1487 2055//1487 2793//1487
f 2056//1474 2055//1474 2794//1474
f 2795//1478 2056//1478 2794//1478
f 2057//1475 2056//1475 2795//1475
f 2796//1475 2057//1475 2795//1475
f 2796//1475 2058//1475 2057//1475
f 2797//1475 2058//1475 2796//1475
f 2797//1492 2059//1492 2058//1492
f 2798//1492 2059//1492 2797//1492
f 2798//1474 2060//1474 2059//1474
f 2799//1474 2060//1474 2798//1474
f 2799//1487 2061//1487 2060//1487
f 2800//1487 2061//1487 2799//1487
f 2800//1493 2062//1493 2061//1493
f 2801//1478 2062//1478 2800//1478
f 2801//1482 2063//1482 2062//1482
f 2802//1482 2063//1482 2801//1482
f 2802//1490 2064//1490 2063//1490
f 2803//1490 2064//1490 2802//1490
f 2803//1475 2065//1475 2064//1475
f 2804//5 2805//5 2806//5
f 2806//15 2805//15 2807//15
f 2805//1494 2808//1494 2807//1494
f 2805//6 2809//6 2808//6
f 2810//13 2811//13 2805//13
f 2805//6 2811//6 2809//6
f 2810//6 2812//6 2811//6
f 2810//5 2813//5 2812//5
f 2810//6 2814//6 2813//6
f 2810//10 2815//10 2814//10
f 2816//13 2815//13 2810//13
f 2816//9 2817//9 2815//9
f 2816//10 2818//10 2817//10
f 2816//1495 2819//1495 2818//1495
f 2816//1496 2820//1496 2819//1496
f 2821//6 2820//6 2816//6
f 2821//5 2822//5 2820//5
f 2821//6 2823//6 2822//6
f 2821//5 2824//5 2823//5
f 2825//6 2826//6 2821//6
f 2821//10 2826//10 2824//10
f 2067//10 2827//10 2068//10
f 2825//9 2828//9 2826//9
f 2825//5 2829//5 2828//5
f 2065//6 2830//6 2066//6
f 2066//1497 2830//1497 2067//1497
f 2067//17 2830//17 2827//17
f 2831//6 2832//6 2825//6
f 2825//10 2832//10 2829//10
f 2831//9 2833//9 2832//9
f 2831//6 2834//6 2833//6
f 2835//6 2836//6 2831//6
f 2831//5 2836//5 2834//5
f 2835//5 2837//5 2836//5
f 2835//10 2838//10 2837//10
f 2839//5 2840//5 2835//5
f 2835//5 2840//5 2838//5
f 2839//5 2841//5 2840//5
f 2839//1496 2842//1496 2841//1496
f 2827//6 2843//6 2839//6
f 2839//1495 2843//1495 2842//1495
f 2830//6 2844//6 2827//6
f 2827//5 2844//5 2843//5
f 2845//6 2846//6 2830//6
f 2847//5 2846//5 2845//5
f 2830//6 2846//6 2844//6
f 2848//1496 2849//1496 2847//1496
f 2850//5 2849//5 2848//5
f 2851//6 2849//6 2850//6
f 2852//6 2849//6 2851//6
f 2853//9 2849//9 2852//9
f 2854//6 2849//6 2853//6
f 2847//6 2849//6 2846//6
f 2854//5 2855//5 2849//5
f 2856//5 2855//5 2854//5
f 2857//1498 2855//1498 2856//1498
f 2858//5 2855//5 2857//5
f 2859//5 2855//5 2858//5
f 2860//10 2855//10 2859//10
f 2861//1494 2855//1494 2860//1494
f 2862//1499 2855//1499 2861//1499
f 2862//6 2863//6 2855//6
f 2864//5 2863//5 2862//5
f 2865//6 2863//6 2864//6
f 2866//6 2863//6 2865//6
f 2867//6 2863//6 2866//6
f 2868//5 2863//5 2867//5
f 2869//6 2863//6 2868//6
f 2869//6 2870//6 2863//6
f 2871//16 2870//16 2872//16
f 2872//10 2870//10 2869//10
f 2871//6 2873//6 2870//6
f 2874//6 2873//6 2875//6
f 2875//5 2873//5 2871//5
f 2874//5 2876//5 2873//5
f 2877//6 2876//6 2878//6
f 2878//6 2876//6 2874//6
f 2877//11 2879//11 2876//11
f 2880//5 2879//5 2877//5
f 2880//5 2881//5 2879//5
f 2881//12 2882//12 2879//12
f 2883//1500 2884//1500 2115//1500
f 2883//1482 2115//1482 2114//1482
f 2885//1482 2883//1482 2114//1482
f 2885//1501 2114//1501 2113//1501
f 2886//1500 2885//1500 2113//1500
f 2886//1500 2113//1500 2112//1500
f 2887//1501 2886//1501 2112//1501
f 2887//1468 2112//1468 2111//1468
f 2888//1478 2887//1478 2111//1478
f 2888//1483 2111//1483 2110//1483
f 2889//1470 2888//1470 2110//1470
f 2889//1478 2110//1478 2109//1478
f 2890//1478 2889//1478 2109//1478
f 2890//1483 2109//1483 2108//1483
f 2891//1483 2890//1483 2108//1483
f 2891//1481 2108//1481 2107//1481
f 2892//1472 2891//1472 2107//1472
f 2892//1475 2107//1475 2106//1475
f 2893//1470 2106//1470 2105//1470
f 2893//1482 2892//1482 2106//1482
f 2894//1477 2105//1477 2104//1477
f 2894//1470 2893//1470 2105//1470
f 2895//1477 2104//1477 2103//1477
f 2895//1477 2894//1477 2104//1477
f 2896//1477 2103//1477 2102//1477
f 2896//1477 2895//1477 2103//1477
f 2897//1476 2069//1476 2068//1476
f 2897//1502 2068//1502 2898//1502
f 2899//1479 2102//1479 2101//1479
f 2899//1477 2896//1477 2102//1477
f 2900//1474 2070//1474 2069//1474
f 2900//1474 2069//1474 2897//1474
f 2901//1503 2101//1503 2100//1503
f 2901//1504 2899//1504 2101//1504
f 2902//1474 2071//1474 2070//1474
f 2902//1505 2070//1505 2900//1505
f 2903//1503 2901//1503 2100//1503
f 2903//1485 2100//1485 2099//1485
f 2904//1505 2072//1505 2071//1505
f 2904//1505 2071//1505 2902//1505
f 2905//1475 2099//1475 2098//1475
f 2905//1470 2903//1470 2099//1470
f 2906//1482 2073//1482 2072//1482
f 2906//1505 2072//1505 2904//1505
f 2907//1469 2098//1469 2097//1469
f 2907//1475 2905//1475 2098//1475
f 2908//1478 2074//1478 2073//1478
f 2908//1485 2073//1485 2906//1485
f 2909//1478 2097//1478 2096//1478
f 2909//1477 2907//1477 2097//1477
f 2910//1475 2075//1475 2074//1475
f 2910//1482 2074//1482 2908//1482
f 2911//1478 2909//1478 2096//1478
f 2911//1475 2096//1475 2095//1475
f 2912//1475 2075//1475 2910//1475
f 2912//1506 2076//1506 2075//1506
f 2094//1475 2911//1475 2095//1475
f 2913//1475 2911//1475 2094//1475
f 2914//1507 2076//1507 2912//1507
f 2914//1482 2077//1482 2076//1482
f 2093//1474 2913//1474 2094//1474
f 2915//1469 2913//1469 2093//1469
f 2916//1475 2077//1475 2914//1475
f 2916//1475 2078//1475 2077//1475
f 2092//1469 2915//1469 2093//1469
f 2917//1469 2915//1469 2092//1469
f 2918//1478 2079//1478 2078//1478
f 2918//1478 2078//1478 2916//1478
f 2091//1474 2917//1474 2092//1474
f 2919//1471 2917//1471 2091//1471
f 2920//1508 2080//1508 2079//1508
f 2920//1482 2079//1482 2918//1482
f 2090//1509 2919//1509 2091//1509
f 2921//1474 2919//1474 2090//1474
f 2089//1475 2921//1475 2090//1475
f 2922//1474 2081//1474 2080//1474
f 2922//1510 2080//1510 2920//1510
f 2923//1475 2089//1475 2088//1475
f 2923//1475 2921//1475 2089//1475
f 2924//1511 2082//1511 2081//1511
f 2924//1505 2081//1505 2922//1505
f 2925//1485 2088//1485 2087//1485
f 2925//1485 2923//1485 2088//1485
f 2926//1478 2083//1478 2082//1478
f 2926//1485 2082//1485 2924//1485
f 2927//1474 2087//1474 2086//1474
f 2927//1474 2925//1474 2087//1474
f 2928//1510 2084//1510 2083//1510
f 2928//1475 2083//1475 2926//1475
f 2929//1478 2086//1478 2085//1478
f 2929//1482 2927//1482 2086//1482
f 2930//1474 2085//1474 2084//1474
f 2930//1474 2929//1474 2085//1474
f 2930//1510 2084//1510 2928//1510
f 2931//5 2932//5 2933//5
f 2933//9 2932//9 2934//9
f 2932//1494 2935//1494 2934//1494
f 2935//5 2936//5 2937//5
f 2932//5 2936//5 2935//5
f 2937//18 2938//18 2939//18
f 2939//6 2938//6 2940//6
f 2936//12 2938//12 2937//12
f 2938//6 2941//6 2940//6
f 2940//11 2941//11 2942//11
f 2942//13 2941//13 2943//13
f 2941//16 2944//16 2943//16
f 2945//16 2944//16 2946//16
f 2947//13 2944//13 2945//13
f 2948//16 2944//16 2947//16
f 2949//16 2944//16 2948//16
f 2943//5 2944//5 2949//5
f 2944//6 2950//6 2946//6
f 2951//1512 2950//1512 2952//1512
f 2953//13 2950//13 2951//13
f 2954//16 2950//16 2953//16
f 2946//15 2950//15 2954//15
f 2950//6 2955//6 2952//6
f 2956//6 2955//6 2957//6
f 2958//15 2955//15 2956//15
f 2959//16 2955//16 2958//16
f 2960//1512 2955//1512 2959//1512
f 2952//15 2955//15 2960//15
f 2961//10 2116//10 2115//10
f 2962//13 2963//13 2964//13
f 2965//16 2963//16 2962//16
f 2966//13 2963//13 2965//13
f 2967//1512 2963//1512 2966//1512
f 2957//6 2963//6 2967//6
f 2955//13 2963//13 2957//13
f 2961//5 2117//5 2116//5
f 2117//5 2968//5 2118//5
f 2961//5 2968//5 2117//5
f 2963//16 2969//16 2964//16
f 2970//15 2969//15 2961//15
f 2971//11 2969//11 2970//11
f 2964//5 2969//5 2971//5
f 2969//13 2972//13 2961//13
f 2961//16 2972//16 2968//16
f 2972//6 2973//6 2968//6
f 2968//6 2974//6 2975//6
f 2973//16 2974//16 2968//16
f 2974//6 2976//6 2975//6
f 2976//7 2977//7 2975//7
f 2975//7 2978//7 2979//7
f 2977//16 2978//16 2975//16
f 2978//6 2980//6 2979//6
f 2980//6 2981//6 2979//6
f 2979//11 2982//11 2983//11
f 2981//13 2982//13 2979//13
f 2982//16 2984//16 2983//16
f 2984//13 2985//13 2983//13
f 2983//6 2985//6 2986//6
f 2985//13 2987//13 2986//13
f 2987//5 2988//5 2986//5
f 2988//6 2989//6 2986//6
f 2986//6 2989//6 2990//6
f 2989//13 2991//13 2990//13
f 2991//16 2992//16 2990//16
f 2992//5 2993//5 2990//5
f 2990//5 2994//5 2995//5
f 2993//16 2994//16 2990//16
f 2994//5 2996//5 2995//5
f 2996//15 2997//15 2995//15
f 2997//13 2998//13 2995//13
f 2999//6 3000//6 2998//6
f 2998//6 3000//6 2995//6
f 2999//16 3001//16 3000//16
f 3001//15 3002//15 3000//15
f 3002//1513 3003//1513 3000//1513
f 3004//5 3005//5 3003//5
f 3003//6 3005//6 3000//6
f 3004//1499 3006//1499 3005//1499
f 3006//1513 3007//1513 3005//1513
f 3007//12 3008//12 3005//12
f 3008//1497 3009//1497 3005//1497
f 2160//1514 3010//1514 3011//1514
f 2159//1474 3010//1474 2160//1474
f 2159//1475 3012//1475 3010//1475
f 2161//1515 3011//1515 3013//1515
f 2161//1516 2160//1516 3011//1516
f 2158//1485 3014//1485 3012//1485
f 2158//1485 3012//1485 2159//1485
f 2162//1516 3013//1516 3015//1516
f 2162//1517 2161//1517 3013//1517
f 2157//1510 3016//1510 3014//1510
f 2157//1510 3014//1510 2158//1510
f 2163//1475 3015//1475 3017//1475
f 2163//1518 2162//1518 3015//1518
f 2156//1474 3016//1474 2157//1474
f 3018//1474 3016//1474 2156//1474
f 2164//1471 3017//1471 3019//1471
f 2164//1475 2163//1475 3017//1475
f 2155//1510 3018//1510 2156//1510
f 3020//1474 3018//1474 2155//1474
f 2165//1519 3019//1519 3021//1519
f 2165//1509 2164//1509 3019//1509
f 2154//1485 3020//1485 2155//1485
f 3022//1485 3020//1485 2154//1485
f 2153//1485 3022//1485 2154//1485
f 3023//1485 3022//1485 2153//1485
f 2152//1510 3023//1510 2153//1510
f 3024//1508 3023//1508 2152//1508
f 2151//1510 3024//1510 2152//1510
f 3025//1508 3024//1508 2151//1508
f 2150//1510 3025//1510 2151//1510
f 3026//1508 3025//1508 2150//1508
f 2149//1485 3026//1485 2150//1485
f 3027//1485 3026//1485 2149//1485
f 2148//1505 3027//1505 2149//1505
f 3028//1505 3027//1505 2148//1505
f 2147//1505 3028//1505 2148//1505
f 3029//1474 3028//1474 2147//1474
f 2146//1520 3029//1520 2147//1520
f 3030//1511 3029//1511 2146//1511
f 2145//1520 3030//1520 2146//1520
f 3031//1511 3030//1511 2145//1511
f 2144//1475 3031//1475 2145//1475
f 3032//1475 3031//1475 2144//1475
f 2143//1485 3032//1485 2144//1485
f 3033//1482 3032//1482 2143//1482
f 2142//1521 3033//1521 2143//1521
f 3034//1490 3033//1490 2142//1490
f 2141//1505 3034//1505 2142//1505
f 3035//1474 3034//1474 2141//1474
f 2140//1476 3035//1476 2141//1476
f 3036//1474 3035//1474 2140//1474
f 2139//1475 3036//1475 2140//1475
f 3037//1478 3036//1478 2139//1478
f 2138//1508 3037//1508 2139//1508
f 3038//1508 3037//1508 2138//1508
f 2137//1490 3038//1490 2138//1490
f 3039//1482 3038//1482 2137//1482
f 2136//1522 3039//1522 2137//1522
f 3040//1522 3039//1522 2136//1522
f 2135//1490 3040//1490 2136//1490
f 3041//1490 3040//1490 2135//1490
f 2134//1474 3041//1474 2135//1474
f 2133//1476 3041//1476 2134//1476
f 2133//1523 3042//1523 3041//1523
f 2132//1524 3042//1524 2133//1524
f 2132//1476 3043//1476 3042//1476
f 2131//1476 3043//1476 2132//1476
f 2131//1476 3044//1476 3043//1476
f 2130//1474 3044//1474 2131//1474
f 2130//1474 3045//1474 3044//1474
f 2129//1476 3045//1476 2130//1476
f 2129//1476 3046//1476 3045//1476
f 2128//1482 3047//1482 3046//1482
f 2128//1476 3046//1476 2129//1476
f 2127//1486 3048//1486 3047//1486
f 2127//1482 3047//1482 2128//1482
f 2126//1486 3048//1486 2127//1486
f 2126//1524 3049//1524 3048//1524
f 2125//1482 3050//1482 3049//1482
f 2125//1524 3049//1524 2126//1524
f 2124//1486 3051//1486 3050//1486
f 2124//1481 3050//1481 2125//1481
f 2123//1486 3051//1486 2124//1486
f 3052//1476 3051//1476 2123//1476
f 2122//1476 3052//1476 2123//1476
f 3053//1475 3052//1475 2122//1475
f 2121//1475 3053//1475 2122//1475
f 3054//1483 3053//1483 2121//1483
f 2120//1487 3054//1487 2121//1487
f 3055//1474 3054//1474 2120//1474
f 2119//1478 3055//1478 2120//1478
f 3056//1478 3055//1478 2119//1478
f 2118//1475 3056//1475 2119//1475
f 3057//1475 3056//1475 2118//1475
f 3058//1499 3059//1499 3060//1499
f 3061//6 3062//6 3058//6
f 3058//5 3062//5 3059//5
f 3061//16 3063//16 3062//16
f 3061//16 3064//16 3063//16
f 3065//5 3064//5 3061//5
f 3066//1525 3067//1525 3068//1525
f 3068//1526 3067//1526 3069//1526
f 3069//16 3067//16 3070//16
f 3070//1527 3067//1527 3071//1527
f 3071//1512 3067//1512 3072//1512
f 3065//6 3073//6 3064//6
f 3074//6 3073//6 3065//6
f 3074//6 3075//6 3073//6
f 3072//6 3076//6 3077//6
f 3077//12 3076//12 3078//12
f 3078//6 3076//6 3079//6
f 3079//12 3076//12 3080//12
f 3067//12 3076//12 3072//12
f 3074//5 3081//5 3075//5
f 3082//5 3081//5 3074//5
f 3082//6 3083//6 3081//6
f 3080//11 3084//11 3085//11
f 3085//5 3084//5 3086//5
f 3086//11 3084//11 3087//11
f 3087//7 3084//7 3088//7
f 3076//16 3084//16 3080//16
f 3082//5 3089//5 3083//5
f 3090//10 3089//10 3082//10
f 3090//5 3091//5 3089//5
f 3088//5 3092//5 3093//5
f 3093//5 3092//5 3094//5
f 3094//11 3092//11 3095//11
f 3084//6 3092//6 3088//6
f 3090//6 3096//6 3091//6
f 3090//5 3097//5 3096//5
f 3098//5 3099//5 3090//5
f 3090//5 3099//5 3097//5
f 3092//6 3100//6 3095//6
f 3101//13 3100//13 3102//13
f 3103//17 3100//17 3101//17
f 3095//12 3100//12 3103//12
f 3098//10 3104//10 3099//10
f 3098//6 3105//6 3104//6
f 3106//6 3107//6 3108//6
f 3102//5 3107//5 3106//5
f 3100//6 3107//6 3102//6
f 3098//5 3109//5 3105//5
f 3098//6 3110//6 3109//6
f 3107//5 3111//5 3108//5
f 3112//12 3111//12 3113//12
f 3114//6 3111//6 3112//6
f 3108//6 3111//6 3114//6
f 3098//5 3115//5 3110//5
f 3116//6 3115//6 3098//6
f 3116//6 3117//6 3115//6
f 3116//1496 3118//1496 3117//1496
f 3111//6 3119//6 3113//6
f 3120//5 3119//5 3121//5
f 3122//5 3119//5 3120//5
f 3113//11 3119//11 3122//11
f 3116//12 3123//12 3118//12
f 3116//5 3124//5 3123//5
f 3119//5 3125//5 3121//5
f 3126//11 3125//11 3127//11
f 3121//6 3125//6 3126//6
f 3116//5 3128//5 3124//5
f 3116//6 3129//6 3128//6
f 3130//6 3129//6 3116//6
f 3130//1528 3131//1528 3129//1528
f 3130//1497 3132//1497 3131//1497
f 3130//11 3133//11 3132//11
f 3125//6 3134//6 3127//6
f 3127//5 3134//5 3130//5
f 3130//6 3135//6 3133//6
f 3134//12 3136//12 3130//12
f 3130//7 3136//7 3135//7
f 2168//11 2167//11 3125//11
f 3125//11 2167//11 3134//11
f 2167//13 2166//13 3134//13
f 2166//1499 2165//1499 3134//1499
f 3137//869 3138//869 2288//869
f 2288//1529 3138//1529 2287//1529
f 3138//870 3139//870 2287//870
f 2287//870 3139//870 2291//870
f 3139//871 3140//871 2291//871
f 2291//1530 3140//1530 2292//1530
f 2292//872 3141//872 2295//872
f 3140//872 3141//872 2292//872
f 3141//873 3142//873 2295//873
f 2295//873 3142//873 2297//873
f 2297//1531 3143//1531 2299//1531
f 3142//874 3143//874 2297//874
f 2299//875 3144//875 2300//875
f 2300//877 3144//877 2303//877
f 3143//875 3144//875 2299//875
f 3144//1532 3145//1532 2303//1532
f 2303//1533 3146//1533 2306//1533
f 3145//879 3146//879 2303//879
f 2306//880 3147//880 2308//880
f 3146//881 3147//881 2306//881
f 2308//1534 3148//1534 2309//1534
f 2309//884 3148//884 2312//884
f 3147//1534 3148//1534 2308//1534
f 3148//884 3149//884 2312//884
f 2312//886 3150//886 2314//886
f 3149//886 3150//886 2312//886
f 2314//1535 3151//1535 2315//1535
f 3150//1535 3151//1535 2314//1535
f 2315//888 3152//888 2317//888
f 2317//891 3152//891 2320//891
f 3151//888 3152//888 2315//888
f 2320//892 3153//892 2321//892
f 3152//1536 3153//1536 2320//1536
f 2321//893 3154//893 2323//893
f 3153//892 3154//892 2321//892
f 3154//893 3155//893 2323//893
f 2323//894 3156//894 2322//894
f 2322//895 3156//895 2319//895
f 3155//1537 3156//1537 2323//1537
f 3156//896 3157//896 2319//896
f 2319//897 3158//897 2318//897
f 2318//898 3158//898 2316//898
f 3157//1538 3158//1538 2319//1538
f 3158//898 3159//898 2316//898
f 2316//899 3160//899 2313//899
f 3159//899 3160//899 2316//899
f 2313//901 3161//901 2311//901
f 2311//904 3161//904 2310//904
f 3160//901 3161//901 2313//901
f 3161//904 3162//904 2310//904
f 2310//1539 3163//1539 2307//1539
f 3162//905 3163//905 2310//905
f 2307//907 3164//907 2305//907
f 2305//908 3164//908 2304//908
f 3163//907 3164//907 2307//907
f 3164//908 3165//908 2304//908
f 3165//1540 3166//1540 2304//1540
f 2304//1540 3166//1540 2302//1540
f 2302//1541 3166//1541 2301//1541
f 3166//1541 3167//1541 2301//1541
f 3167//912 3168//912 2301//912
f 2301//912 3168//912 2298//912
f 2298//913 3168//913 2296//913
f 3168//913 3169//913 2296//913
f 3169//1542 3170//1542 2296//1542
f 2296//1542 3170//1542 2294//1542
f 3170//915 3171//915 2294//915
f 2294//915 3171//915 2293//915
f 2293//1543 3171//1543 2290//1543
f 3171//1543 3172//1543 2290//1543
f 2290//1544 3173//1544 2289//1544
f 3172//1544 3173//1544 2290//1544
f 2289//1545 3173//1545 2286//1545
f 3173//1545 3174//1545 2286//1545
f 3174//1546 3175//1546 2286//1546
f 2286//1546 3175//1546 2285//1546
f 2285//920 3176//920 2281//920
f 2281//1547 3176//1547 2280//1547
f 3175//920 3176//920 2285//920
f 3176//1547 3177//1547 2280//1547
f 3177//922 3178//922 2280//922
f 2280//922 3178//922 2279//922
f 2279//924 3179//924 2277//924
f 3178//924 3179//924 2279//924
f 2277//1548 3180//1548 2274//1548
f 3179//1548 3180//1548 2277//1548
f 2274//926 3181//926 2271//926
f 2271//927 3181//927 2270//927
f 3180//1549 3181//1549 2274//1549
f 3181//927 3182//927 2270//927
f 2270//928 3183//928 2268//928
f 3182//928 3183//928 2270//928
f 2268//929 3184//929 2266//929
f 3183//1550 3184//1550 2268//1550
f 2266//931 3185//931 2264//931
f 3184//931 3185//931 2266//931
f 2264//933 3186//933 2262//933
f 3185//933 3186//933 2264//933
f 2262//934 3187//934 2260//934
f 3186//934 3187//934 2262//934
f 2260//935 3188//935 2258//935
f 3187//1551 3188//1551 2260//1551
f 2258//1552 3189//1552 2256//1552
f 3188//936 3189//936 2258//936
f 2256//1553 3190//1553 2254//1553
f 3189//1553 3190//1553 2256//1553
f 3190//1554 3191//1554 2254//1554
f 2254//1554 3191//1554 2252//1554
f 2252//939 3191//939 2250//939
f 3191//939 3192//939 2250//939
f 3192//1555 3193//1555 2250//1555
f 2250//940 3193//940 2248//940
f 3193//1556 3194//1556 2248//1556
f 2248//942 3194//942 2246//942
f 3194//944 3195//944 2246//944
f 2246//944 3195//944 2244//944
f 3195//1557 3196//1557 2244//1557
f 2244//1557 3196//1557 2242//1557
f 3196//946 3197//946 2242//946
f 2242//946 3197//946 2240//946
f 2240//1558 3197//1558 2238//1558
f 3197//947 3198//947 2238//947
f 3198//948 3199//948 2238//948
f 2238//1559 3199//1559 2236//1559
f 3199//950 3200//950 2236//950
f 2236//1560 3200//1560 2234//1560
f 3200//1561 3201//1561 2234//1561
f 2234//951 3201//951 2232//951
f 3201//1562 3202//1562 2232//1562
f 2232//952 3202//952 2230//952
f 3202//1563 3203//1563 2230//1563
f 2230//1563 3203//1563 2228//1563
f 3203//1564 3204//1564 2228//1564
f 2228//1564 3204//1564 2226//1564
f 3204//955 3205//955 2226//955
f 2226//955 3205//955 2224//955
f 3205//956 3206//956 2224//956
f 2224//956 3206//956 2222//956
f 2222//958 3207//958 2220//958
f 3206//957 3207//957 2222//957
f 2220//959 3208//959 2218//959
f 3207//959 3208//959 2220//959
f 2218//961 3209//961 2216//961
f 3208//961 3209//961 2218//961
f 2216//776 3210//776 2214//776
f 3209//776 3210//776 2216//776
f 2214//778 3211//778 2212//778
f 3210//778 3211//778 2214//778
f 2212//779 3212//779 2210//779
f 3211//780 3212//780 2212//780
f 2210//1565 3213//1565 2208//1565
f 3212//781 3213//781 2210//781
f 2208//782 3214//782 2206//782
f 2206//1566 3214//1566 2204//1566
f 3213//782 3214//782 2208//782
f 3214//1566 3215//1566 2204//1566
f 3215//1567 3216//1567 2204//1567
f 2204//1567 3216//1567 2202//1567
f 3216//786 3217//786 2202//786
f 2202//785 3217//785 2200//785
f 3217//787 3218//787 2200//787
f 2200//787 3218//787 2198//787
f 3218//788 3219//788 2198//788
f 2198//1568 3219//1568 2196//1568
f 3219//1569 3220//1569 2196//1569
f 2196//1569 3220//1569 2194//1569
f 3220//791 3221//791 2194//791
f 2194//1570 3221//1570 2192//1570
f 3221//792 3222//792 2192//792
f 2192//792 3222//792 2190//792
f 3222//1571 3223//1571 2190//1571
f 2190//1571 3223//1571 2188//1571
f 3223//794 3224//794 2188//794
f 2188//794 3224//794 2186//794
f 3224//1572 3225//1572 2186//1572
f 2186//796 3225//796 2184//796
f 3225//797 3226//797 2184//797
f 2184//797 3226//797 2182//797
f 3226//798 3227//798 2182//798
f 2182//798 3227//798 2180//798
f 2180//1573 3227//1573 2181//1573
f 3227//1573 3228//1573 2181//1573
f 3228//1574 3229//1574 2181//1574
f 2181//1574 3229//1574 2183//1574
f 3229//801 3230//801 2183//801
f 2183//1575 3230//1575 2185//1575
f 3230//1576 3231//1576 2185//1576
f 2185//802 3231//802 2187//802
f 3231//803 3232//803 2187//803
f 2187//803 3232//803 2189//803
f 3232//804 3233//804 2189//804
f 2189//804 3233//804 2191//804
f 3233//805 3234//805 2191//805
f 2191//805 3234//805 2193//805
f 3234//807 3235//807 2193//807
f 2193//1577 3235//1577 2195//1577
f 3235//808 3236//808 2195//808
f 2195//808 3236//808 2197//808
f 2197//810 3237//810 2199//810
f 3236//810 3237//810 2197//810
f 2199//811 3238//811 2201//811
f 3237//1578 3238//1578 2199//1578
f 2201//1579 3239//1579 2203//1579
f 3238//1579 3239//1579 2201//1579
f 3239//814 3240//814 2203//814
f 2203//814 3240//814 2205//814
f 2205//815 3241//815 2207//815
f 3240//815 3241//815 2205//815
f 2207//1580 3242//1580 2209//1580
f 3241//1580 3242//1580 2207//1580
f 2209//817 3243//817 2211//817
f 3242//817 3243//817 2209//817
f 2211//1581 3244//1581 2213//1581
f 3243//1581 3244//1581 2211//1581
f 2213//1582 3245//1582 2215//1582
f 3244//1582 3245//1582 2213//1582
f 2215//1583 3246//1583 2217//1583
f 3245//1583 3246//1583 2215//1583
f 2217//1584 3247//1584 2219//1584
f 3246//1584 3247//1584 2217//1584
f 2219//823 3248//823 2221//823
f 3247//823 3248//823 2219//823
f 2221//1585 3249//1585 2223//1585
f 3248//1585 3249//1585 2221//1585
f 2223//825 3250//825 2225//825
f 3249//825 3250//825 2223//825
f 2225//826 3251//826 2227//826
f 3250//826 3251//826 2225//826
f 2227//1586 3252//1586 2229//1586
f 3251//1586 3252//1586 2227//1586
f 2229//1587 3253//1587 2231//1587
f 3252//1587 3253//1587 2229//1587
f 2231//830 3254//830 2233//830
f 3253//830 3254//830 2231//830
f 2233//831 3255//831 2235//831
f 3254//831 3255//831 2233//831
f 2235//1588 3256//1588 2237//1588
f 3255//833 3256//833 2235//833
f 2237//834 3257//834 2239//834
f 3256//834 3257//834 2237//834
f 2239//837 3258//837 2241//837
f 3257//837 3258//837 2239//837
f 2241//840 3259//840 2243//840
f 3258//840 3259//840 2241//840
f 2243//839 3260//839 2245//839
f 3259//839 3260//839 2243//839
f 2245//841 3261//841 2247//841
f 3260//1589 3261//1589 2245//1589
f 2247//843 3262//843 2249//843
f 3261//842 3262//842 2247//842
f 2249//844 3263//844 2251//844
f 3262//1590 3263//1590 2249//1590
f 2251//845 3264//845 2253//845
f 3263//845 3264//845 2251//845
f 2253//846 3265//846 2255//846
f 3264//846 3265//846 2253//846
f 3265//848 3266//848 2255//848
f 2255//1591 3266//1591 2257//1591
f 3266//849 3267//849 2257//849
f 2257//849 3267//849 2259//849
f 3267//1592 3268//1592 2259//1592
f 2259//1592 3268//1592 2261//1592
f 2261//852 3268//852 2263//852
f 3268//852 3269//852 2263//852
f 3269//853 3270//853 2263//853
f 2263//853 3270//853 2265//853
f 3270//856 3271//856 2265//856
f 2265//1593 3271//1593 2267//1593
f 3271//1594 3272//1594 2267//1594
f 2267//857 3272//857 2269//857
f 3272//860 3273//860 2269//860
f 2269//1595 3273//1595 2272//1595
f 3273//1596 3274//1596 2272//1596
f 2272//1597 3274//1597 2273//1597
f 3274//862 3275//862 2273//862
f 2273//862 3275//862 2275//862
f 2275//863 3276//863 2276//863
f 3275//863 3276//863 2275//863
f 2276//864 3277//864 2278//864
f 3276//864 3277//864 2276//864
f 2278//865 3278//865 2282//865
f 3277//865 3278//865 2278//865
f 2282//1598 3279//1598 2283//1598
f 3278//866 3279//866 2282//866
f 2283//867 3280//867 2284//867
f 3279//867 3280//867 2283//867
f 3280//868 3137//868 2284//868
f 2284//1599 3137//1599 2288//1599
f 2395//1600 2397//1600 2396//1600
f 2395//21 2398//21 2397//21
f 2393//24 2398//24 2394//24
f 2394//20 2398//20 2395//20
f 2393//1601 2399//1601 2398//1601
f 2392//21 2399//21 2393//21
f 2392//20 2400//20 2399//20
f 2391//24 2400//24 2392//24
f 2391//21 2401//21 2400//21
f 2390//20 2401//20 2391//20
f 2390//21 2402//21 2401//21
f 2390//21 2403//21 2402//21
f 2389//21 2403//21 2390//21
f 2389//21 2404//21 2403//21
f 2388//21 2404//21 2389//21
f 2388//23 2405//23 2404//23
f 2387//23 2405//23 2388//23
f 2387//21 2406//21 2405//21
f 2385//21 2406//21 2386//21
f 2386//21 2406//21 2387//21
f 2385//21 2407//21 2406//21
f 2384//20 2407//20 2385//20
f 2383//21 2408//21 2384//21
f 2384//20 2408//20 2407//20
f 2382//21 2409//21 2383//21
f 2383//21 2409//21 2408//21
f 2382//22 2410//22 2409//22
f 2380//20 2411//20 2381//20
f 2381//21 2411//21 2382//21
f 2382//21 2411//21 2410//21
f 2380//20 2412//20 2411//20
f 2357//21 3281//21 2358//21
f 2358//21 3281//21 2359//21
f 2359//21 3281//21 2360//21
f 2360//20 3281//20 2361//20
f 2361//21 3281//21 2362//21
f 2362//21 3281//21 2363//21
f 2363//21 3281//21 2364//21
f 2329//21 3282//21 2330//21
f 2330//21 3282//21 2331//21
f 2331//21 3282//21 2332//21
f 2332//21 3282//21 2333//21
f 2333//21 3282//21 2334//21
f 2334//21 3282//21 2335//21
f 2335//21 3282//21 2336//21
f 2336//21 3282//21 2337//21
f 2337//21 3282//21 2338//21
f 2338//21 3282//21 2339//21
f 2339//20 3282//20 2340//20
f 2340//21 3282//21 2341//21
f 2341//20 3282//20 2342//20
f 2342//21 3282//21 2343//21
f 2343//20 3282//20 2344//20
f 2344//21 3282//21 2345//21
f 2345//20 3282//20 2346//20
f 2346//21 3282//21 2347//21
f 2347//20 3282//20 2348//20
f 2348//21 3282//21 2349//21
f 2349//21 3282//21 2350//21
f 2350//20 3282//20 2351//20
f 2351//21 3282//21 2352//21
f 2352//20 3282//20 2353//20
f 2353//21 3282//21 2354//21
f 2354//21 3282//21 2355//21
f 2355//20 3282//20 2356//20
f 2356//21 3282//21 2357//21
f 2357//21 3282//21 3281//21
f 2364//20 3283//20 2365//20
f 2365//21 3283//21 2366//21
f 2366//21 3283//21 2367//21
f 2367//21 3283//21 2368//21
f 2368//21 3283//21 2369//21
f 2369//20 3283//20 2370//20
f 2370//21 3283//21 2371//21
f 2371//21 3283//21 2372//21
f 3281//21 3283//21 2364//21
f 2372//21 3283//21 2373//21
f 2373//25 3283//25 2374//25
f 2374//22 3283//22 2375//22
f 2375//21 3283//21 2376//21
f 2376//21 3283//21 2377//21
f 2377//21 3283//21 2378//21
f 2378//21 3283//21 2379//21
f 2379//21 3283//21 2380//21
f 3281//30 3284//30 3283//30
f 2324//21 3284//21 2325//21
f 2325//26 3284//26 2326//26
f 2326//21 3284//21 2327//21
f 2327//21 3284//21 2328//21
f 2328//21 3284//21 2329//21
f 3282//962 3284//962 3281//962
f 3283//21 3284//21 2324//21
f 2329//25 3284//25 3282//25
f 2424//21 3285//21 2425//21
f 2425//21 3285//21 2426//21
f 2426//21 3285//21 2427//21
f 2427//20 3285//20 2428//20
f 2380//21 3285//21 2412//21
f 2324//21 3285//21 3283//21
f 3283//21 3285//21 2380//21
f 2412//21 3285//21 2413//21
f 2413//21 3285//21 2414//21
f 2414//21 3285//21 2415//21
f 2415//21 3285//21 2416//21
f 2416//21 3285//21 2417//21
f 2417//22 3285//22 2418//22
f 2418//27 3285//27 2419//27
f 2419//22 3285//22 2420//22
f 2420//21 3285//21 2421//21
f 2421//21 3285//21 2422//21
f 2422//20 3285//20 2423//20
f 2423//21 3285//21 2424//21
f 2324//21 3286//21 3285//21
f 2463//21 3286//21 2464//21
f 2464//21 3286//21 2465//21
f 2465//21 3286//21 2466//21
f 2466//30 3286//30 2467//30
f 2467//21 3286//21 2324//21
f 2428//21 3287//21 2429//21
f 2429//21 3287//21 2430//21
f 2430//21 3287//21 2431//21
f 2431//20 3287//20 2432//20
f 2432//21 3287//21 2433//21
f 2433//21 3287//21 2434//21
f 2434//21 3287//21 2435//21
f 3286//26 3287//26 3285//26
f 3285//21 3287//21 2428//21
f 2435//21 3288//21 2436//21
f 2436//20 3288//20 2437//20
f 2437//21 3288//21 2438//21
f 2438//21 3288//21 2439//21
f 2439//20 3288//20 2440//20
f 2440//21 3288//21 2441//21
f 2441//20 3288//20 2442//20
f 2442//21 3288//21 2443//21
f 2443//22 3288//22 2444//22
f 2444//22 3288//22 2445//22
f 2445//21 3288//21 2446//21
f 2446//20 3288//20 2447//20
f 2447//21 3288//21 2448//21
f 2448//20 3288//20 2449//20
f 2449//21 3288//21 2450//21
f 2450//20 3288//20 2451//20
f 2451//21 3288//21 2452//21
f 2452//20 3288//20 2453//20
f 2453//21 3288//21 2454//21
f 2454//21 3288//21 2455//21
f 2455//21 3288//21 2456//21
f 2456//21 3288//21 2457//21
f 2457//21 3288//21 2458//21
f 2458//21 3288//21 2459//21
f 2459//21 3288//21 2460//21
f 2460//21 3288//21 2461//21
f 2461//21 3288//21 2462//21
f 2462//21 3288//21 2463//21
f 2463//27 3288//27 3286//27
f 3287//21 3288//21 2435//21
f 3286//26 3288//26 3287//26
f 2539//1602 2541//1602 2540//1602
f 2539//34 2542//34 2541//34
f 2537//37 2542//37 2538//37
f 2538//33 2542//33 2539//33
f 2537//1603 2543//1603 2542//1603
f 2536//34 2543//34 2537//34
f 2536//33 2544//33 2543//33
f 2535//37 2544//37 2536//37
f 2535//34 2545//34 2544//34
f 2534//33 2545//33 2535//33
f 2534//34 2546//34 2545//34
f 2534//34 2547//34 2546//34
f 2533//34 2547//34 2534//34
f 2533//34 2548//34 2547//34
f 2532//34 2548//34 2533//34
f 2532//36 2549//36 2548//36
f 2531//36 2549//36 2532//36
f 2531//34 2550//34 2549//34
f 2529//34 2550//34 2530//34
f 2530//34 2550//34 2531//34
f 2529//34 2551//34 2550//34
f 2528//33 2551//33 2529//33
f 2527//34 2552//34 2528//34
f 2528//33 2552//33 2551//33
f 2526//34 2553//34 2527//34
f 2527//34 2553//34 2552//34
f 2525//34 2554//34 2526//34
f 2526//35 2554//35 2553//35
f 2525//34 2555//34 2554//34
f 2524//33 2555//33 2525//33
f 2524//33 2556//33 2555//33
f 2501//34 3289//34 2502//34
f 2502//34 3289//34 2503//34
f 2503//34 3289//34 2504//34
f 2504//33 3289//33 2505//33
f 2505//34 3289//34 2506//34
f 2506//34 3289//34 2507//34
f 2507//34 3289//34 2508//34
f 2473//34 3290//34 2474//34
f 2474//34 3290//34 2475//34
f 2475//34 3290//34 2476//34
f 2476//34 3290//34 2477//34
f 2477//34 3290//34 2478//34
f 2478//34 3290//34 2479//34
f 2479//34 3290//34 2480//34
f 2480//34 3290//34 2481//34
f 2481//34 3290//34 2482//34
f 2482//34 3290//34 2483//34
f 2483//33 3290//33 2484//33
f 2484//34 3290//34 2485//34
f 2485//33 3290//33 2486//33
f 2486//34 3290//34 2487//34
f 2487//33 3290//33 2488//33
f 2488//34 3290//34 2489//34
f 2489//33 3290//33 2490//33
f 2490//34 3290//34 2491//34
f 2491//35 3290//35 2492//35
f 2492//35 3290//35 2493//35
f 2493//34 3290//34 2494//34
f 2494//33 3290//33 2495//33
f 2495//34 3290//34 2496//34
f 2496//33 3290//33 2497//33
f 2497//34 3290//34 2498//34
f 2498//34 3290//34 2499//34
f 2499//33 3290//33 2500//33
f 2500//34 3290//34 2501//34
f 2501//34 3290//34 3289//34
f 2508//33 3291//33 2509//33
f 2509//34 3291//34 2510//34
f 2510//34 3291//34 2511//34
f 2511//34 3291//34 2512//34
f 2512//34 3291//34 2513//34
f 2513//33 3291//33 2514//33
f 2514//34 3291//34 2515//34
f 3289//34 3291//34 2508//34
f 2515//34 3291//34 2516//34
f 2516//35 3291//35 2517//35
f 2517//38 3291//38 2518//38
f 2518//35 3291//35 2519//35
f 2519//34 3291//34 2520//34
f 2520//34 3291//34 2521//34
f 2521//34 3291//34 2522//34
f 2522//34 3291//34 2523//34
f 2523//34 3291//34 2524//34
f 2524//34 3291//34 2556//34
f 3289//43 3292//43 3291//43
f 2468//34 3292//34 2469//34
f 2469//39 3292//39 2470//39
f 2470//34 3292//34 2471//34
f 2471//34 3292//34 2472//34
f 2472//34 3292//34 2473//34
f 3290//38 3292//38 3289//38
f 3291//34 3292//34 2468//34
f 2473//38 3292//38 3290//38
f 2568//34 3293//34 2569//34
f 2569//34 3293//34 2570//34
f 2570//34 3293//34 2571//34
f 2571//33 3293//33 2572//33
f 2468//34 3293//34 3291//34
f 3291//34 3293//34 2556//34
f 2556//34 3293//34 2557//34
f 2557//34 3293//34 2558//34
f 2558//34 3293//34 2559//34
f 2559//34 3293//34 2560//34
f 2560//34 3293//34 2561//34
f 2561//35 3293//35 2562//35
f 2562//40 3293//40 2563//40
f 2563//34 3293//34 2564//34
f 2564//34 3293//34 2565//34
f 2565//34 3293//34 2566//34
f 2566//33 3293//33 2567//33
f 2567//34 3293//34 2568//34
f 2607//34 3294//34 2608//34
f 2608//34 3294//34 2609//34
f 2609//34 3294//34 2610//34
f 2610//43 3294//43 2611//43
f 2611//34 3294//34 2468//34
f 2468//34 3294//34 3293//34
f 2572//34 3295//34 2573//34
f 2573//34 3295//34 2574//34
f 2574//34 3295//34 2575//34
f 2575//33 3295//33 2576//33
f 2576//34 3295//34 2577//34
f 2577//34 3295//34 2578//34
f 2578//34 3295//34 2579//34
f 3294//39 3295//39 3293//39
f 3293//34 3295//34 2572//34
f 2579//34 3296//34 2580//34
f 2580//33 3296//33 2581//33
f 2581//34 3296//34 2582//34
f 2582//34 3296//34 2583//34
f 2583//33 3296//33 2584//33
f 2584//34 3296//34 2585//34
f 2585//33 3296//33 2586//33
f 2586//34 3296//34 2587//34
f 2587//34 3296//34 2588//34
f 2588//33 3296//33 2589//33
f 2589//34 3296//34 2590//34
f 2590//33 3296//33 2591//33
f 2591//34 3296//34 2592//34
f 2592//33 3296//33 2593//33
f 2593//34 3296//34 2594//34
f 2594//33 3296//33 2595//33
f 2595//34 3296//34 2596//34
f 2596//33 3296//33 2597//33
f 2597//34 3296//34 2598//34
f 2598//34 3296//34 2599//34
f 2599//34 3296//34 2600//34
f 2600//34 3296//34 2601//34
f 2601//34 3296//34 2602//34
f 2602//34 3296//34 2603//34
f 2603//34 3296//34 2604//34
f 2604//34 3296//34 2605//34
f 2605//34 3296//34 2606//34
f 2606//34 3296//34 2607//34
f 3294//39 3296//39 3295//39
f 3295//34 3296//34 2579//34
f 2607//40 3296//40 3294//40
f 2680//46 2681//46 2682//46
f 2680//46 2682//46 2683//46
f 2689//46 2684//46 2685//46
f 2689//46 2685//46 2686//46
f 2689//46 2686//46 2687//46
f 2689//1604 2687//1604 2688//1604
f 2678//46 2680//46 2683//46
f 2678//1604 2679//1604 2680//1604
f 2678//46 2683//46 2684//46
f 2692//46 2689//46 2690//46
f 2692//46 2690//46 2691//46
f 2676//46 2678//46 2684//46
f 2676//46 2684//46 2689//46
f 2676//46 2677//46 2678//46
f 2674//1604 2675//1604 2676//1604
f 2695//46 2689//46 2692//46
f 2695//46 2692//46 2693//46
f 2695//1604 2693//1604 2694//1604
f 2673//1605 2674//1605 2676//1605
f 2698//1604 2695//1604 2696//1604
f 2698//1606 2696//1606 2697//1606
f 2698//46 2689//46 2695//46
f 2670//1607 2671//1607 2672//1607
f 2668//1605 2670//1605 2672//1605
f 2668//46 2669//46 2670//46
f 2668//1604 2672//1604 2673//1604
f 2701//46 2699//46 2700//46
f 2702//1608 2699//1608 2701//1608
f 2702//46 2698//46 2699//46
f 2666//1606 2667//1606 2668//1606
f 2664//1604 2666//1604 2668//1604
f 2664//46 2668//46 2673//46
f 2664//46 2665//46 2666//46
f 2664//46 2673//46 2676//46
f 2706//1605 2702//1605 2703//1605
f 2706//46 2703//46 2704//46
f 2706//1607 2704//1607 2705//1607
f 2661//46 2662//46 2663//46
f 2708//1606 2706//1606 2707//1606
f 2660//1609 2661//1609 2663//1609
f 2659//1608 2660//1608 2663//1608
f 2659//46 2663//46 2664//46
f 2711//46 2708//46 2709//46
f 2711//1607 2709//1607 2710//1607
f 2657//1606 2658//1606 2659//1606
f 2712//46 2708//46 2711//46
f 2656//1609 2657//1609 2659//1609
f 2713//46 2702//46 2706//46
f 2713//46 2698//46 2702//46
f 2713//46 2706//46 2708//46
f 2713//1605 2708//1605 2712//1605
f 2655//1608 2656//1608 2659//1608
f 2654//46 2655//46 2659//46
f 2715//46 2713//46 2714//46
f 2653//46 2654//46 2659//46
f 2716//46 2713//46 2715//46
f 2651//1610 2652//1610 2653//1610
f 2651//46 2653//46 2659//46
f 2718//46 2716//46 2717//46
f 2718//46 2698//46 2713//46
f 2718//1605 2713//1605 2716//1605
f 2718//46 2689//46 2698//46
f 2648//1610 2649//1610 2650//1610
f 2647//1608 2650//1608 2651//1608
f 2647//46 2651//46 2659//46
f 2647//46 2648//46 2650//46
f 2645//1610 2646//1610 2647//1610
f 2724//1605 2718//1605 2719//1605
f 2724//46 2719//46 2720//46
f 2724//1609 2720//1609 2721//1609
f 2724//1608 2721//1608 2722//1608
f 2724//46 2722//46 2723//46
f 2726//46 2724//46 2725//46
f 2726//46 2689//46 2718//46
f 2726//46 2718//46 2724//46
f 2641//46 2642//46 2643//46
f 2641//1608 2643//1608 2644//1608
f 2728//1610 2726//1610 2727//1610
f 2639//1604 2641//1604 2644//1604
f 2639//46 2640//46 2641//46
f 2639//46 2644//46 2645//46
f 2637//1611 2638//1611 2639//1611
f 2732//46 2728//46 2729//46
f 2732//1609 2729//1609 2730//1609
f 2732//1606 2730//1606 2731//1606
f 2636//46 2637//46 2639//46
f 2636//46 2639//46 2645//46
f 2733//46 2689//46 2726//46
f 2733//1605 2728//1605 2732//1605
f 2733//46 2726//46 2728//46
f 2733//46 2664//46 2676//46
f 2733//46 2676//46 2689//46
f 2633//46 2634//46 2635//46
f 2633//1604 2635//1604 2636//1604
f 2633//46 2636//46 2645//46
f 2736//1608 2733//1608 2734//1608
f 2736//1607 2734//1607 2735//1607
f 2630//46 2631//46 2632//46
f 2739//1609 2736//1609 2737//1609
f 2739//1606 2737//1606 2738//1606
f 2739//46 2664//46 2733//46
f 2739//46 2659//46 2664//46
f 2739//46 2733//46 2736//46
f 2628//1606 2629//1606 2630//1606
f 2627//1609 2628//1609 2630//1609
f 2626//46 2632//46 2633//46
f 2626//46 2630//46 2632//46
f 2626//46 2627//46 2630//46
f 2744//1606 2742//1606 2743//1606
f 2745//46 2739//46 2740//46
f 2745//46 2740//46 2741//46
f 2745//1605 2741//1605 2742//1605
f 2745//46 2659//46 2739//46
f 2745//1609 2742//1609 2744//1609
f 2623//1607 2624//1607 2625//1607
f 2622//46 2625//46 2626//46
f 2622//46 2626//46 2633//46
f 2622//46 2623//46 2625//46
f 2621//46 2622//46 2633//46
f 2748//1604 2745//1604 2746//1604
f 2748//1605 2746//1605 2747//1605
f 2620//46 2621//46 2633//46
f 2749//46 2647//46 2659//46
f 2749//46 2659//46 2745//46
f 2749//46 2745//46 2748//46
f 2749//46 2645//46 2647//46
f 2617//46 2620//46 2633//46
f 2617//1604 2618//1604 2619//1604
f 2617//46 2619//46 2620//46
f 2752//46 2749//46 2750//46
f 2752//46 2750//46 2751//46
f 2754//46 2752//46 2753//46
f 2614//46 2615//46 2616//46
f 2614//46 2616//46 2617//46
f 2614//46 2617//46 2633//46
f 2612//46 2614//46 2633//46
f 2613//46 2645//46 2749//46
f 2613//46 2749//46 2752//46
f 2613//46 2612//46 2633//46
f 2613//46 2752//46 2754//46
f 2613//46 2633//46 2645//46
f 2613//46 2754//46 2755//46
f 2830//1612 2065//1612 3297//1612
f 3297//1612 2065//1612 3298//1612
f 2065//1612 2803//1612 3298//1612
f 2803//1613 3299//1613 3300//1613
f 2803//1614 2802//1614 3299//1614
f 2802//1615 3301//1615 3299//1615
f 3300//1616 3302//1616 2803//1616
f 3302//1616 3298//1616 2803//1616
f 2802//1617 2801//1617 3301//1617
f 2801//1618 3303//1618 3301//1618
f 3302//1619 3304//1619 3298//1619
f 3304//1620 3305//1620 3298//1620
f 2801//1621 2800//1621 3303//1621
f 2800//1622 3306//1622 3303//1622
f 3304//1623 3307//1623 3305//1623
f 3307//1624 3308//1624 3305//1624
f 2800//1625 2799//1625 3306//1625
f 2799//1626 3309//1626 3306//1626
f 3307//1627 3310//1627 3308//1627
f 3310//1628 3311//1628 3308//1628
f 2799//1629 2798//1629 3309//1629
f 2798//1630 3312//1630 3309//1630
f 3310//1631 3313//1631 3311//1631
f 3313//1632 3314//1632 3311//1632
f 2798//1633 2797//1633 3312//1633
f 2797//1634 3315//1634 3312//1634
f 3313//1635 3316//1635 3314//1635
f 3316//1636 3317//1636 3314//1636
f 2797//1637 2796//1637 3315//1637
f 2796//1638 3318//1638 3315//1638
f 3316//1639 3319//1639 3317//1639
f 3319//1640 3320//1640 3317//1640
f 2796//1641 2795//1641 3318//1641
f 2795//1642 3321//1642 3318//1642
f 3319//1643 3322//1643 3320//1643
f 3322//1644 3323//1644 3320//1644
f 2795//1645 2794//1645 3321//1645
f 2794//1646 3324//1646 3321//1646
f 3322//1647 3325//1647 3323//1647
f 3325//1648 3326//1648 3323//1648
f 2794//1649 2793//1649 3324//1649
f 2793//1650 3327//1650 3324//1650
f 3325//1651 3328//1651 3326//1651
f 3328//1652 3329//1652 3326//1652
f 2793//1653 2792//1653 3327//1653
f 2792//1654 3330//1654 3327//1654
f 3328//1655 3331//1655 3329//1655
f 3331//1656 3332//1656 3329//1656
f 2792//1657 2791//1657 3330//1657
f 2791//1658 3333//1658 3330//1658
f 3331//1659 3334//1659 3332//1659
f 3334//1660 3335//1660 3332//1660
f 2791//1661 2790//1661 3333//1661
f 2790//1662 3336//1662 3333//1662
f 3334//1663 3337//1663 3335//1663
f 3337//1664 3338//1664 3335//1664
f 2790//1665 2789//1665 3336//1665
f 2789//1666 3339//1666 3336//1666
f 3337//1667 3340//1667 3338//1667
f 3340//1668 3341//1668 3338//1668
f 2789//1669 2788//1669 3339//1669
f 2788//1670 3342//1670 3339//1670
f 3340//1671 3343//1671 3341//1671
f 3343//1672 3344//1672 3341//1672
f 2788//1673 2787//1673 3342//1673
f 2787//1674 3345//1674 3342//1674
f 3343//1675 3346//1675 3344//1675
f 3346//1676 3347//1676 3344//1676
f 2787//1677 2786//1677 3345//1677
f 2786//1678 3348//1678 3345//1678
f 3346//1679 3349//1679 3347//1679
f 3349//1680 3350//1680 3347//1680
f 2786//1681 2785//1681 3348//1681
f 2785//1682 3351//1682 3348//1682
f 3349//1683 3352//1683 3350//1683
f 3352//1684 3353//1684 3350//1684
f 2785//1685 2784//1685 3351//1685
f 2784//1686 3354//1686 3351//1686
f 3352//1687 3355//1687 3353//1687
f 3355//1688 3356//1688 3353//1688
f 2784//1689 2783//1689 3354//1689
f 2783//1690 3357//1690 3354//1690
f 3355//1691 3358//1691 3356//1691
f 3358//1692 3359//1692 3356//1692
f 2783//1693 2782//1693 3357//1693
f 2782//1694 3360//1694 3357//1694
f 3358//1695 3361//1695 3359//1695
f 3361//1696 3362//1696 3359//1696
f 2782//1697 2781//1697 3360//1697
f 2781//1698 3363//1698 3360//1698
f 3361//1699 3364//1699 3362//1699
f 3364//1700 3365//1700 3362//1700
f 2781//1701 2780//1701 3363//1701
f 2780//1702 3366//1702 3363//1702
f 3364//1703 3367//1703 3365//1703
f 3367//1704 3368//1704 3365//1704
f 2780//1705 2779//1705 3366//1705
f 2779//1706 3369//1706 3366//1706
f 3367//1707 3370//1707 3368//1707
f 3370//1708 3371//1708 3368//1708
f 2779//1709 2778//1709 3369//1709
f 2778//1710 3372//1710 3369//1710
f 3370//1711 3373//1711 3371//1711
f 3373//1712 3374//1712 3371//1712
f 2778//1713 2777//1713 3372//1713
f 2777//1714 3375//1714 3372//1714
f 3373//1715 3376//1715 3374//1715
f 3376//1716 3377//1716 3374//1716
f 2777//1717 2776//1717 3375//1717
f 2776//1718 3378//1718 3375//1718
f 3376//1719 3379//1719 3377//1719
f 3379//1720 3380//1720 3377//1720
f 2776//1721 2775//1721 3378//1721
f 2775//1722 3381//1722 3378//1722
f 3379//1723 3382//1723 3380//1723
f 3382//1724 3383//1724 3380//1724
f 2775//1725 2774//1725 3381//1725
f 2774//1726 3384//1726 3381//1726
f 3382//1727 3385//1727 3383//1727
f 3385//1728 3386//1728 3383//1728
f 2774//1729 2773//1729 3384//1729
f 2773//1730 3387//1730 3384//1730
f 3385//1731 3388//1731 3386//1731
f 3388//1732 3389//1732 3386//1732
f 2773//1733 2772//1733 3387//1733
f 2772//1734 3390//1734 3387//1734
f 3388//1735 3391//1735 3389//1735
f 3391//1736 3392//1736 3389//1736
f 2772//1737 2771//1737 3390//1737
f 2771//1738 3393//1738 3390//1738
f 3391//1739 3394//1739 3392//1739
f 3394//1740 3395//1740 3392//1740
f 2771//1741 2770//1741 3393//1741
f 2770//1742 3396//1742 3393//1742
f 3394//1743 3397//1743 3395//1743
f 3397//1744 3398//1744 3395//1744
f 2770//1745 2769//1745 3396//1745
f 2769//1746 3399//1746 3396//1746
f 3397//1747 3400//1747 3398//1747
f 3400//1748 3401//1748 3398//1748
f 2769//1749 2768//1749 3399//1749
f 2768//1750 3402//1750 3399//1750
f 3400//1751 3403//1751 3401//1751
f 3403//1752 3404//1752 3401//1752
f 2768//1753 2767//1753 3402//1753
f 2767//1754 3405//1754 3402//1754
f 3403//1755 3406//1755 3404//1755
f 3406//1756 3407//1756 3404//1756
f 2767//1757 2766//1757 3405//1757
f 2766//1758 3408//1758 3405//1758
f 3406//1759 3409//1759 3407//1759
f 3409//1760 3410//1760 3407//1760
f 2766//1761 2765//1761 3408//1761
f 2765//1762 3411//1762 3408//1762
f 3409//1763 3412//1763 3410//1763
f 3412//1764 3413//1764 3410//1764
f 2765//1765 2764//1765 3411//1765
f 2764//1766 3414//1766 3411//1766
f 3412//1767 3415//1767 3413//1767
f 3415//1768 3416//1768 3413//1768
f 2764//1769 2763//1769 3414//1769
f 2763//1770 3417//1770 3414//1770
f 3415//1771 3418//1771 3416//1771
f 3418//1772 3419//1772 3416//1772
f 2763//1773 2762//1773 3417//1773
f 2762//1774 3420//1774 3417//1774
f 3418//1775 3421//1775 3419//1775
f 3421//1776 3422//1776 3419//1776
f 2762//1777 2761//1777 3420//1777
f 2761//1778 3423//1778 3420//1778
f 3421//1779 3424//1779 3422//1779
f 3424//1780 3425//1780 3422//1780
f 2761//1781 2760//1781 3423//1781
f 2760//1782 3426//1782 3423//1782
f 3424//1783 3427//1783 3425//1783
f 3427//1784 3428//1784 3425//1784
f 2760//1785 2759//1785 3426//1785
f 2759//1786 3429//1786 3426//1786
f 3427//1787 3430//1787 3428//1787
f 3430//1788 3431//1788 3428//1788
f 2759//1789 2758//1789 3429//1789
f 2758//1790 3432//1790 3429//1790
f 3430//1791 3433//1791 3431//1791
f 3433//1792 3434//1792 3431//1792
f 2758//1793 2757//1793 3432//1793
f 2757//1794 3435//1794 3432//1794
f 3433//1795 3436//1795 3434//1795
f 3436//1796 3437//1796 3434//1796
f 2757//1797 2756//1797 3435//1797
f 2756//1798 3438//1798 3435//1798
f 3436//1799 3439//1799 3437//1799
f 3439//1800 3440//1800 3437//1800
f 2756//1801 3021//1801 3438//1801
f 3021//1802 3441//1802 3438//1802
f 3439//1803 3442//1803 3440//1803
f 3442//1804 3443//1804 3440//1804
f 3021//1805 3019//1805 3441//1805
f 3019//1806 3444//1806 3441//1806
f 3442//1807 3445//1807 3443//1807
f 2756//1808 3445//1808 3021//1808
f 3443//1809 3445//1809 2756//1809
f 3445//1810 3446//1810 3021//1810
f 3019//1811 3017//1811 3444//1811
f 3017//1812 3447//1812 3444//1812
f 3445//1813 3448//1813 3446//1813
f 3448//1814 3449//1814 3446//1814
f 3017//1815 3015//1815 3447//1815
f 3015//1816 3450//1816 3447//1816
f 3448//1817 3451//1817 3449//1817
f 3451//1818 3452//1818 3449//1818
f 3015//1819 3013//1819 3450//1819
f 3013//1820 3453//1820 3450//1820
f 3451//1821 3454//1821 3452//1821
f 3454//1822 3455//1822 3452//1822
f 3013//1823 3011//1823 3453//1823
f 3011//1824 3456//1824 3453//1824
f 3454//1825 3457//1825 3455//1825
f 3457//1826 3458//1826 3455//1826
f 3011//1827 3010//1827 3456//1827
f 3010//1828 3459//1828 3456//1828
f 3457//1829 3460//1829 3458//1829
f 3460//1830 3461//1830 3458//1830
f 3010//1831 3012//1831 3459//1831
f 3012//1832 3462//1832 3459//1832
f 3460//1833 3463//1833 3461//1833
f 3463//1834 3464//1834 3461//1834
f 3012//1835 3014//1835 3462//1835
f 3014//1836 3465//1836 3462//1836
f 3463//1837 3466//1837 3464//1837
f 3466//1838 3467//1838 3464//1838
f 3014//1839 3016//1839 3465//1839
f 3016//1840 3468//1840 3465//1840
f 3466//1841 3469//1841 3467//1841
f 3469//1842 3470//1842 3467//1842
f 3016//1843 3018//1843 3468//1843
f 3018//1844 3471//1844 3468//1844
f 3469//1845 3472//1845 3470//1845
f 3472//1846 3473//1846 3470//1846
f 3018//1847 3020//1847 3471//1847
f 3020//1848 3474//1848 3471//1848
f 3472//1849 3475//1849 3473//1849
f 3475//1850 3476//1850 3473//1850
f 3020//1851 3022//1851 3474//1851
f 3022//1852 3477//1852 3474//1852
f 3475//1853 3478//1853 3476//1853
f 3478//1854 3479//1854 3476//1854
f 3022//1855 3023//1855 3477//1855
f 3023//1856 3480//1856 3477//1856
f 3478//1857 3481//1857 3479//1857
f 3481//1858 3482//1858 3479//1858
f 3023//1859 3024//1859 3480//1859
f 3024//1860 3483//1860 3480//1860
f 3481//1861 3484//1861 3482//1861
f 3484//1862 3485//1862 3482//1862
f 3024//1863 3025//1863 3483//1863
f 3025//1864 3486//1864 3483//1864
f 3484//1865 3487//1865 3485//1865
f 3487//1866 3488//1866 3485//1866
f 3025//1867 3026//1867 3486//1867
f 3026//1868 3489//1868 3486//1868
f 3487//1869 3490//1869 3488//1869
f 3490//1870 3491//1870 3488//1870
f 3026//1871 3027//1871 3489//1871
f 3027//1872 3492//1872 3489//1872
f 3490//1873 3493//1873 3491//1873
f 3493//1874 3494//1874 3491//1874
f 3027//1875 3028//1875 3492//1875
f 3028//1876 3495//1876 3492//1876
f 3493//1877 3496//1877 3494//1877
f 3496//1878 3497//1878 3494//1878
f 3028//1879 3029//1879 3495//1879
f 3029//1880 3498//1880 3495//1880
f 3496//1881 3499//1881 3497//1881
f 3499//1882 3500//1882 3497//1882
f 3029//1883 3030//1883 3498//1883
f 3030//1884 3501//1884 3498//1884
f 3499//1885 3502//1885 3500//1885
f 3502//1886 3503//1886 3500//1886
f 3030//1887 3031//1887 3501//1887
f 3031//1888 3504//1888 3501//1888
f 3502//1889 3505//1889 3503//1889
f 3505//1890 3506//1890 3503//1890
f 3031//1891 3032//1891 3504//1891
f 3032//1892 3507//1892 3504//1892
f 3505//1893 3508//1893 3506//1893
f 3508//1894 3509//1894 3506//1894
f 3032//1895 3033//1895 3507//1895
f 3033//1896 3510//1896 3507//1896
f 3508//1897 3511//1897 3509//1897
f 3511//1898 3512//1898 3509//1898
f 3033//1899 3034//1899 3510//1899
f 3034//1900 3513//1900 3510//1900
f 3511//1901 3514//1901 3512//1901
f 3514//1902 3515//1902 3512//1902
f 3034//1903 3035//1903 3513//1903
f 3035//1904 3516//1904 3513//1904
f 3514//1905 3517//1905 3515//1905
f 3517//1906 3518//1906 3515//1906
f 3035//1907 3036//1907 3516//1907
f 3036//1908 3519//1908 3516//1908
f 3517//1909 3520//1909 3518//1909
f 3520//1910 3521//1910 3518//1910
f 3036//1911 3037//1911 3519//1911
f 3037//1912 3522//1912 3519//1912
f 3520//1913 3523//1913 3521//1913
f 3523//1914 3524//1914 3521//1914
f 3037//1915 3038//1915 3522//1915
f 3038//1916 3525//1916 3522//1916
f 3523//1917 3526//1917 3524//1917
f 3526//1918 3527//1918 3524//1918
f 3038//1919 3039//1919 3525//1919
f 3039//1920 3528//1920 3525//1920
f 3526//1921 3529//1921 3527//1921
f 3529//1922 3530//1922 3527//1922
f 3039//1923 3040//1923 3528//1923
f 3040//1924 3531//1924 3528//1924
f 3529//1925 3532//1925 3530//1925
f 3532//1926 3533//1926 3530//1926
f 3040//1927 3041//1927 3531//1927
f 3041//1928 3534//1928 3531//1928
f 3532//1929 3535//1929 3533//1929
f 3535//1930 3536//1930 3533//1930
f 3041//1931 3042//1931 3534//1931
f 3042//1932 3537//1932 3534//1932
f 3535//1933 3538//1933 3536//1933
f 3538//1934 3539//1934 3536//1934
f 3042//1935 3043//1935 3537//1935
f 3043//1936 3540//1936 3537//1936
f 3538//1937 3541//1937 3539//1937
f 3541//1938 3542//1938 3539//1938
f 3043//1939 3044//1939 3540//1939
f 3044//1940 3543//1940 3540//1940
f 3541//1941 3544//1941 3542//1941
f 3544//1942 3545//1942 3542//1942
f 3044//1943 3045//1943 3543//1943
f 3045//1944 3546//1944 3543//1944
f 3544//1945 3547//1945 3545//1945
f 3547//1946 3548//1946 3545//1946
f 3045//1947 3046//1947 3546//1947
f 3046//1948 3549//1948 3546//1948
f 3547//1949 3550//1949 3548//1949
f 3550//1950 3551//1950 3548//1950
f 3046//1951 3047//1951 3549//1951
f 3047//1952 3552//1952 3549//1952
f 3550//1953 3553//1953 3551//1953
f 3553//1954 3554//1954 3551//1954
f 3047//1955 3048//1955 3552//1955
f 3048//1956 3555//1956 3552//1956
f 3553//1957 3556//1957 3554//1957
f 3556//1958 3557//1958 3554//1958
f 3048//1959 3049//1959 3555//1959
f 3049//1960 3558//1960 3555//1960
f 3556//1961 3559//1961 3557//1961
f 3559//1962 3560//1962 3557//1962
f 3049//1963 3050//1963 3558//1963
f 3050//1964 3561//1964 3558//1964
f 3559//1965 3562//1965 3560//1965
f 3562//1966 3563//1966 3560//1966
f 3050//1967 3051//1967 3561//1967
f 3051//1968 3564//1968 3561//1968
f 3562//1969 3565//1969 3563//1969
f 3565//1970 3566//1970 3563//1970
f 3051//1971 3052//1971 3564//1971
f 3052//1972 3567//1972 3564//1972
f 3565//1973 3568//1973 3566//1973
f 3568//1974 3569//1974 3566//1974
f 3052//1975 3053//1975 3567//1975
f 3053//1976 3570//1976 3567//1976
f 3568//1977 3571//1977 3569//1977
f 3571//1978 3572//1978 3569//1978
f 3053//1979 3054//1979 3570//1979
f 3054//1980 3573//1980 3570//1980
f 3571//1981 3574//1981 3572//1981
f 3574//1982 3575//1982 3572//1982
f 3054//1983 3055//1983 3573//1983
f 3055//1984 3576//1984 3573//1984
f 3574//1985 3577//1985 3575//1985
f 3577//1986 3578//1986 3575//1986
f 3055//1987 3056//1987 3576//1987
f 3056//1988 3579//1988 3576//1988
f 3577//1989 3580//1989 3578//1989
f 3580//1990 3581//1990 3578//1990
f 3056//1991 3057//1991 3579//1991
f 3057//1992 3582//1992 3579//1992
f 3580//1993 3583//1993 3581//1993
f 3583//1994 3584//1994 3581//1994
f 3057//1995 2884//1995 3582//1995
f 2884//1996 3585//1996 3582//1996
f 3583//1997 3586//1997 3584//1997
f 3586//1998 3587//1998 3584//1998
f 2884//1999 2883//1999 3585//1999
f 2883//2000 3588//2000 3585//2000
f 3057//2001 3589//2001 2884//2001
f 3586//2002 3589//2002 3587//2002
f 3587//2003 3589//2003 3057//2003
f 3589//2004 3590//2004 2884//2004
f 2883//2005 2885//2005 3588//2005
f 2885//2006 3591//2006 3588//2006
f 3589//2007 3592//2007 3590//2007
f 3592//2008 3593//2008 3590//2008
f 2885//2009 2886//2009 3591//2009
f 2886//2010 3594//2010 3591//2010
f 3592//2011 3595//2011 3593//2011
f 3595//2012 3596//2012 3593//2012
f 2886//2013 2887//2013 3594//2013
f 2887//2014 3597//2014 3594//2014
f 3595//2015 3598//2015 3596//2015
f 3598//2016 3599//2016 3596//2016
f 2887//2017 2888//2017 3597//2017
f 2888//2018 3600//2018 3597//2018
f 3598//2019 3601//2019 3599//2019
f 3601//2020 3602//2020 3599//2020
f 2888//2021 2889//2021 3600//2021
f 2889//2022 3603//2022 3600//2022
f 3601//2023 3604//2023 3602//2023
f 3604//2024 3605//2024 3602//2024
f 2889//2025 2890//2025 3603//2025
f 2890//2026 3606//2026 3603//2026
f 3604//2027 3607//2027 3605//2027
f 3607//2028 3608//2028 3605//2028
f 2890//2029 2891//2029 3606//2029
f 2891//2030 3609//2030 3606//2030
f 3607//2031 3610//2031 3608//2031
f 3610//2032 3611//2032 3608//2032
f 2891//2033 2892//2033 3609//2033
f 2892//2034 3612//2034 3609//2034
f 3610//2035 3613//2035 3611//2035
f 3613//2036 3614//2036 3611//2036
f 2892//2037 2893//2037 3612//2037
f 2893//2038 3615//2038 3612//2038
f 3613//2039 3616//2039 3614//2039
f 3616//2040 3617//2040 3614//2040
f 2893//2041 2894//2041 3615//2041
f 2894//2042 3618//2042 3615//2042
f 3616//2043 3619//2043 3617//2043
f 3619//2044 3620//2044 3617//2044
f 2894//2045 2895//2045 3618//2045
f 2895//2046 3621//2046 3618//2046
f 3619//2047 3622//2047 3620//2047
f 3622//2048 3623//2048 3620//2048
f 2895//2049 2896//2049 3621//2049
f 2896//2050 3624//2050 3621//2050
f 3622//2051 3625//2051 3623//2051
f 3625//2052 3626//2052 3623//2052
f 2896//2053 2899//2053 3624//2053
f 2899//2054 3627//2054 3624//2054
f 3625//2055 3628//2055 3626//2055
f 3628//2056 3629//2056 3626//2056
f 2899//2057 2901//2057 3627//2057
f 2901//2058 3630//2058 3627//2058
f 3628//2059 3631//2059 3629//2059
f 3631//2060 3632//2060 3629//2060
f 2901//2061 2903//2061 3630//2061
f 2903//2062 3633//2062 3630//2062
f 3631//2063 3634//2063 3632//2063
f 3634//2064 3635//2064 3632//2064
f 2903//2065 2905//2065 3633//2065
f 2905//2066 3636//2066 3633//2066
f 3634//2067 3637//2067 3635//2067
f 3637//2068 3638//2068 3635//2068
f 2905//2069 2907//2069 3636//2069
f 2907//2070 3639//2070 3636//2070
f 3637//2071 3640//2071 3638//2071
f 3640//2072 3641//2072 3638//2072
f 2907//2073 2909//2073 3639//2073
f 2909//2074 3642//2074 3639//2074
f 3640//2075 3643//2075 3641//2075
f 3643//2076 3644//2076 3641//2076
f 2909//2077 2911//2077 3642//2077
f 2911//2078 3645//2078 3642//2078
f 3643//2079 3646//2079 3644//2079
f 3646//2080 3647//2080 3644//2080
f 2911//2081 2913//2081 3645//2081
f 2913//2082 3648//2082 3645//2082
f 3646//2083 3649//2083 3647//2083
f 3649//2084 3650//2084 3647//2084
f 2913//2085 2915//2085 3648//2085
f 2915//2086 3651//2086 3648//2086
f 3649//2087 3652//2087 3650//2087
f 3652//2088 3653//2088 3650//2088
f 2915//2089 2917//2089 3651//2089
f 2917//2090 3654//2090 3651//2090
f 3652//2091 3655//2091 3653//2091
f 3655//2092 3656//2092 3653//2092
f 2917//2093 2919//2093 3654//2093
f 2919//2094 3657//2094 3654//2094
f 3655//2095 3658//2095 3656//2095
f 3658//2096 3659//2096 3656//2096
f 2919//2097 2921//2097 3657//2097
f 2921//2098 3660//2098 3657//2098
f 3658//2099 3661//2099 3659//2099
f 3661//2100 3662//2100 3659//2100
f 2921//2101 2923//2101 3660//2101
f 2923//2102 3663//2102 3660//2102
f 3661//2103 3664//2103 3662//2103
f 3664//2104 3665//2104 3662//2104
f 2923//2105 2925//2105 3663//2105
f 2925//2106 3666//2106 3663//2106
f 3664//2107 3667//2107 3665//2107
f 3667//2108 3668//2108 3665//2108
f 2925//2109 2927//2109 3666//2109
f 2927//2110 3669//2110 3666//2110
f 3667//2111 3670//2111 3668//2111
f 3670//2112 3671//2112 3668//2112
f 2927//2113 2929//2113 3669//2113
f 2929//2114 3672//2114 3669//2114
f 3670//2115 3673//2115 3671//2115
f 3673//2116 3674//2116 3671//2116
f 2929//2117 2930//2117 3672//2117
f 2930//2118 3675//2118 3672//2118
f 3673//2119 3676//2119 3674//2119
f 3676//2120 3677//2120 3674//2120
f 2930//2121 2928//2121 3675//2121
f 2928//2122 3678//2122 3675//2122
f 3676//2123 3679//2123 3677//2123
f 3679//2124 3680//2124 3677//2124
f 2928//2125 2926//2125 3678//2125
f 2926//2126 3681//2126 3678//2126
f 3679//2127 3682//2127 3680//2127
f 3682//2128 3683//2128 3680//2128
f 2926//2129 2924//2129 3681//2129
f 2924//2130 3684//2130 3681//2130
f 3682//2131 3685//2131 3683//2131
f 3685//2132 3686//2132 3683//2132
f 2924//2133 2922//2133 3684//2133
f 2922//2134 3687//2134 3684//2134
f 3685//2135 3688//2135 3686//2135
f 3688//2136 3689//2136 3686//2136
f 2922//2137 2920//2137 3687//2137
f 2920//2138 3690//2138 3687//2138
f 3688//2139 3691//2139 3689//2139
f 3691//2140 3692//2140 3689//2140
f 2920//2141 2918//2141 3690//2141
f 2918//2142 3693//2142 3690//2142
f 3691//2143 3694//2143 3692//2143
f 3694//2144 3695//2144 3692//2144
f 2918//2145 2916//2145 3693//2145
f 2916//2146 3696//2146 3693//2146
f 3694//2147 3697//2147 3695//2147
f 3697//2148 3698//2148 3695//2148
f 2916//2149 2914//2149 3696//2149
f 2914//2150 3699//2150 3696//2150
f 3697//2151 3700//2151 3698//2151
f 3700//2152 3701//2152 3698//2152
f 2914//2153 2912//2153 3699//2153
f 2912//2154 3702//2154 3699//2154
f 3700//2155 3703//2155 3701//2155
f 3703//2156 3704//2156 3701//2156
f 2912//2157 2910//2157 3702//2157
f 2910//2158 3705//2158 3702//2158
f 3703//2159 3706//2159 3704//2159
f 3706//2160 3707//2160 3704//2160
f 2910//2161 2908//2161 3705//2161
f 2908//2162 3708//2162 3705//2162
f 3706//2163 3709//2163 3707//2163
f 3709//2164 3710//2164 3707//2164
f 2908//2165 2906//2165 3708//2165
f 2906//2166 3711//2166 3708//2166
f 3709//2167 3712//2167 3710//2167
f 3712//2168 3713//2168 3710//2168
f 2906//2169 2904//2169 3711//2169
f 2904//2170 3714//2170 3711//2170
f 3712//2171 3715//2171 3713//2171
f 3715//2172 3716//2172 3713//2172
f 2904//2173 2902//2173 3714//2173
f 2902//2174 3717//2174 3714//2174
f 3715//2175 3718//2175 3716//2175
f 3718//2176 3719//2176 3716//2176
f 2902//2177 2900//2177 3717//2177
f 2900//2178 3720//2178 3717//2178
f 3718//2179 3721//2179 3719//2179
f 3721//2180 3722//2180 3719//2180
f 2900//2181 2897//2181 3720//2181
f 2897//2182 3723//2182 3720//2182
f 3721//2183 3724//2183 3722//2183
f 3724//2184 3725//2184 3722//2184
f 2897//2185 2898//2185 3723//2185
f 2898//2186 3300//2186 3723//2186
f 3724//2187 3726//2187 3725//2187
f 3726//2188 3727//2188 3725//2188
f 3726//2189 3728//2189 3727//2189
f 3728//2190 3729//2190 3727//2190
f 2898//2191 3302//2191 3300//2191
f 3728//2192 3302//2192 3729//2192
f 3729//2191 3302//2191 2898//2191
f 2756//2193 2168//2193 3443//2193
f 3443//2194 2168//2194 3730//2194
f 2168//2195 3125//2195 3730//2195
f 2845//2196 2830//2196 3297//2196
f 2845//2196 3297//2196 3731//2196
f 2847//2197 3731//2197 3732//2197
f 2847//2198 2845//2198 3731//2198
f 2848//2199 3732//2199 3733//2199
f 2848//2199 2847//2199 3732//2199
f 2850//2200 3733//2200 3734//2200
f 2850//2200 2848//2200 3733//2200
f 2851//2201 3734//2201 3735//2201
f 2851//2202 2850//2202 3734//2202
f 2852//2203 3735//2203 3736//2203
f 2852//2204 2851//2204 3735//2204
f 2853//2205 3736//2205 3737//2205
f 2853//2206 2852//2206 3736//2206
f 2854//2207 3737//2207 3738//2207
f 2854//2207 2853//2207 3737//2207
f 2856//2208 3738//2208 3739//2208
f 2856//2208 2854//2208 3738//2208
f 2857//2209 3739//2209 3740//2209
f 2857//2210 2856//2210 3739//2210
f 2858//2211 3740//2211 3741//2211
f 2858//2211 2857//2211 3740//2211
f 2859//2212 3741//2212 3742//2212
f 2859//2213 2858//2213 3741//2213
f 2860//2214 2859//2214 3742//2214
f 2860//2214 3742//2214 3743//2214
f 2861//2215 2860//2215 3743//2215
f 2861//2216 3743//2216 3744//2216
f 2862//2217 2861//2217 3744//2217
f 2862//2218 3744//2218 3745//2218
f 2862//2219 3745//2219 3746//2219
f 2864//2219 2862//2219 3746//2219
f 2865//2220 2864//2220 3746//2220
f 2865//2221 3746//2221 3747//2221
f 2866//2222 2865//2222 3747//2222
f 2866//2223 3747//2223 3748//2223
f 2867//2224 2866//2224 3748//2224
f 2867//2224 3748//2224 3749//2224
f 2868//2225 2867//2225 3749//2225
f 2868//2225 3749//2225 3750//2225
f 2868//2226 3750//2226 3751//2226
f 2869//2226 2868//2226 3751//2226
f 2872//2227 2869//2227 3751//2227
f 2872//2227 3751//2227 3752//2227
f 2882//2228 2881//2228 3753//2228
f 3753//2229 2881//2229 3754//2229
f 3754//2230 2880//2230 3755//2230
f 2881//2230 2880//2230 3754//2230
f 3755//2231 2877//2231 3756//2231
f 3756//2232 2877//2232 3757//2232
f 2880//2231 2877//2231 3755//2231
f 3757//2233 2878//2233 3758//2233
f 2877//2234 2878//2234 3757//2234
f 2878//2233 2874//2233 3758//2233
f 3758//2235 2875//2235 3759//2235
f 2874//2236 2875//2236 3758//2236
f 3759//2237 2871//2237 3760//2237
f 3760//2238 2871//2238 3752//2238
f 2875//2237 2871//2237 3759//2237
f 2871//2239 2872//2239 3752//2239
f 2843//2240 2844//2240 3761//2240
f 3761//2240 2844//2240 3762//2240
f 3762//2241 2846//2241 3763//2241
f 3763//2242 2846//2242 3764//2242
f 2844//2243 2846//2243 3762//2243
f 2846//2244 2849//2244 3764//2244
f 3764//2245 2855//2245 3765//2245
f 3765//2246 2855//2246 3766//2246
f 2849//2245 2855//2245 3764//2245
f 2855//2246 2863//2246 3766//2246
f 3766//2247 2870//2247 3767//2247
f 3767//2248 2870//2248 3768//2248
f 2863//2247 2870//2247 3766//2247
f 2870//2248 2873//2248 3768//2248
f 3768//2249 2876//2249 3769//2249
f 3769//2250 2876//2250 3770//2250
f 2873//2249 2876//2249 3768//2249
f 3770//2251 2879//2251 3753//2251
f 2876//2250 2879//2250 3770//2250
f 2879//2251 2882//2251 3753//2251
f 2842//2252 2843//2252 3761//2252
f 2842//2252 3761//2252 3771//2252
f 2841//2253 3771//2253 3772//2253
f 2841//2253 2842//2253 3771//2253
f 2840//2254 3772//2254 3773//2254
f 2840//2255 2841//2255 3772//2255
f 2838//2256 3773//2256 3774//2256
f 2838//2256 2840//2256 3773//2256
f 2837//2257 3774//2257 3775//2257
f 2837//2258 2838//2258 3774//2258
f 2836//2259 3775//2259 3776//2259
f 2836//2260 3776//2260 3777//2260
f 2836//2261 2837//2261 3775//2261
f 2834//2260 2836//2260 3777//2260
f 2833//2262 3777//2262 3778//2262
f 2833//2263 2834//2263 3777//2263
f 2832//2264 3778//2264 3779//2264
f 2832//2265 2833//2265 3778//2265
f 2829//2266 3779//2266 3780//2266
f 2829//2267 2832//2267 3779//2267
f 2828//2268 3780//2268 3781//2268
f 2828//2269 2829//2269 3780//2269
f 2826//2270 3781//2270 3782//2270
f 2826//2270 2828//2270 3781//2270
f 2824//2271 3782//2271 3783//2271
f 2824//2272 2826//2272 3782//2272
f 2804//2273 2806//2273 3784//2273
f 3784//2273 2806//2273 3785//2273
f 3785//2274 2807//2274 3786//2274
f 2806//2274 2807//2274 3785//2274
f 3786//2275 2808//2275 3787//2275
f 3787//2276 2808//2276 3788//2276
f 2807//2275 2808//2275 3786//2275
f 3788//2277 2809//2277 3789//2277
f 2808//2276 2809//2276 3788//2276
f 2809//2277 2811//2277 3789//2277
f 3789//2278 2812//2278 3790//2278
f 2811//2279 2812//2279 3789//2279
f 3790//2280 2813//2280 3791//2280
f 2812//2280 2813//2280 3790//2280
f 3791//2281 2814//2281 3792//2281
f 3792//2282 2814//2282 3793//2282
f 2813//2283 2814//2283 3791//2283
f 2814//2282 2815//2282 3793//2282
f 3793//2284 2817//2284 3794//2284
f 2815//2285 2817//2285 3793//2285
f 3794//2286 2818//2286 3795//2286
f 2817//2287 2818//2287 3794//2287
f 3795//2288 2819//2288 3796//2288
f 3796//2289 2819//2289 3797//2289
f 2818//2288 2819//2288 3795//2288
f 2819//2290 2820//2290 3797//2290
f 3797//2291 2822//2291 3798//2291
f 2820//2291 2822//2291 3797//2291
f 3798//2292 2823//2292 3799//2292
f 2822//2292 2823//2292 3798//2292
f 3799//2293 2824//2293 3783//2293
f 2823//2294 2824//2294 3799//2294
f 2804//2295 3784//2295 3800//2295
f 2805//2296 3800//2296 3801//2296
f 2805//2295 2804//2295 3800//2295
f 2810//2297 3801//2297 3802//2297
f 2810//2296 2805//2296 3801//2296
f 2816//2298 3802//2298 3803//2298
f 2816//2297 2810//2297 3802//2297
f 2821//2299 3803//2299 3804//2299
f 2821//2298 2816//2298 3803//2298
f 2825//2300 3804//2300 3805//2300
f 2825//2299 2821//2299 3804//2299
f 2831//2301 3805//2301 3806//2301
f 2831//2300 2825//2300 3805//2300
f 2835//2302 3806//2302 3807//2302
f 2835//2301 2831//2301 3806//2301
f 2839//2303 3807//2303 3808//2303
f 2839//2302 2835//2302 3807//2302
f 2827//2303 2839//2303 3808//2303
f 2898//2304 2068//2304 3729//2304
f 3729//2304 2068//2304 3808//2304
f 2068//2304 2827//2304 3808//2304
f 2961//2305 2115//2305 3809//2305
f 3809//2306 2115//2306 3590//2306
f 2115//2307 2884//2307 3590//2307
f 2970//2308 2961//2308 3809//2308
f 2970//2308 3809//2308 3810//2308
f 2971//2309 3810//2309 3811//2309
f 2971//2310 2970//2310 3810//2310
f 2964//2311 3811//2311 3812//2311
f 2964//2312 2971//2312 3811//2312
f 2962//2313 3812//2313 3813//2313
f 2962//2313 2964//2313 3812//2313
f 2965//2314 3813//2314 3814//2314
f 2965//2315 2962//2315 3813//2315
f 2966//2316 3814//2316 3815//2316
f 2966//2316 2965//2316 3814//2316
f 2967//2317 3815//2317 3816//2317
f 2967//2318 2966//2318 3815//2318
f 2957//2319 3816//2319 3817//2319
f 2957//2320 3817//2320 3818//2320
f 2957//2319 2967//2319 3816//2319
f 2956//2320 2957//2320 3818//2320
f 2958//2321 3818//2321 3819//2321
f 2958//2322 2956//2322 3818//2322
f 2959//2323 3819//2323 3820//2323
f 2959//2324 2958//2324 3819//2324
f 2960//2325 3820//2325 3821//2325
f 2960//2326 2959//2326 3820//2326
f 2952//2327 2960//2327 3821//2327
f 2952//2327 3821//2327 3822//2327
f 2951//2328 2952//2328 3822//2328
f 2951//2329 3822//2329 3823//2329
f 2953//2330 2951//2330 3823//2330
f 2953//2331 3823//2331 3824//2331
f 2954//2332 2953//2332 3824//2332
f 2954//2333 3824//2333 3825//2333
f 2946//2334 2954//2334 3825//2334
f 2946//2335 3825//2335 3826//2335
f 2945//2336 2946//2336 3826//2336
f 2945//2337 3826//2337 3827//2337
f 2945//2338 3827//2338 3828//2338
f 2947//2339 2945//2339 3828//2339
f 2948//2340 2947//2340 3828//2340
f 2948//2340 3828//2340 3829//2340
f 2948//2341 3829//2341 3830//2341
f 2949//2341 2948//2341 3830//2341
f 2943//2342 2949//2342 3830//2342
f 2943//2342 3830//2342 3831//2342
f 2931//2343 2933//2343 3832//2343
f 3832//2344 2933//2344 3833//2344
f 3833//2345 2934//2345 3834//2345
f 3834//2346 2934//2346 3835//2346
f 2933//2347 2934//2347 3833//2347
f 3835//2348 2935//2348 3836//2348
f 2934//2349 2935//2349 3835//2349
f 2935//2350 2937//2350 3836//2350
f 3836//2351 2939//2351 3837//2351
f 2937//2351 2939//2351 3836//2351
f 3837//2352 2940//2352 3838//2352
f 2939//2352 2940//2352 3837//2352
f 3838//2353 2942//2353 3839//2353
f 3839//2354 2942//2354 3831//2354
f 2940//2353 2942//2353 3838//2353
f 2942//2354 2943//2354 3831//2354
f 2972//2355 2969//2355 3840//2355
f 3840//2355 2969//2355 3841//2355
f 3841//2356 2963//2356 3842//2356
f 2969//2356 2963//2356 3841//2356
f 3842//2357 2955//2357 3843//2357
f 3843//2358 2955//2358 3844//2358
f 2963//2359 2955//2359 3842//2359
f 2955//2358 2950//2358 3844//2358
f 3844//2360 2944//2360 3845//2360
f 2950//2360 2944//2360 3844//2360
f 3845//2361 2941//2361 3846//2361
f 2944//2362 2941//2362 3845//2362
f 3846//2363 2938//2363 3847//2363
f 2941//2363 2938//2363 3846//2363
f 3847//2364 2936//2364 3848//2364
f 3848//2365 2936//2365 3849//2365
f 2938//2364 2936//2364 3847//2364
f 2936//2366 2932//2366 3849//2366
f 3849//2367 2931//2367 3832//2367
f 2932//2367 2931//2367 3849//2367
f 2973//2368 2972//2368 3840//2368
f 2973//2368 3840//2368 3850//2368
f 2974//2369 3850//2369 3851//2369
f 2974//2370 2973//2370 3850//2370
f 2976//2371 3851//2371 3852//2371
f 2976//2371 2974//2371 3851//2371
f 2977//2372 3852//2372 3853//2372
f 2977//2373 2976//2373 3852//2373
f 2978//2374 3853//2374 3854//2374
f 2978//2375 2977//2375 3853//2375
f 2980//2376 3854//2376 3855//2376
f 2980//2377 3855//2377 3856//2377
f 2980//2376 2978//2376 3854//2376
f 2981//2378 2980//2378 3856//2378
f 2982//2379 3856//2379 3857//2379
f 2982//2379 2981//2379 3856//2379
f 2984//2380 3857//2380 3858//2380
f 2984//2380 2982//2380 3857//2380
f 2985//2381 3858//2381 3859//2381
f 2985//2382 2984//2382 3858//2382
f 2987//2383 3859//2383 3860//2383
f 2987//2384 2985//2384 3859//2384
f 2988//2385 3860//2385 3861//2385
f 2988//2385 2987//2385 3860//2385
f 2989//2386 3861//2386 3862//2386
f 2989//2387 2988//2387 3861//2387
f 3009//2388 3008//2388 3863//2388
f 3863//2388 3008//2388 3864//2388
f 3864//2389 3007//2389 3865//2389
f 3008//2390 3007//2390 3864//2390
f 3865//2391 3006//2391 3866//2391
f 3866//2392 3006//2392 3867//2392
f 3007//2393 3006//2393 3865//2393
f 3867//2394 3004//2394 3868//2394
f 3006//2395 3004//2395 3867//2395
f 3004//2396 3003//2396 3868//2396
f 3868//2397 3002//2397 3869//2397
f 3003//2398 3002//2398 3868//2398
f 3869//2399 3001//2399 3870//2399
f 3002//2400 3001//2400 3869//2400
f 3870//2401 2999//2401 3871//2401
f 3871//2402 2999//2402 3872//2402
f 3001//2403 2999//2403 3870//2403
f 2999//2404 2998//2404 3872//2404
f 3872//2405 2997//2405 3873//2405
f 2998//2406 2997//2406 3872//2406
f 3873//2407 2996//2407 3874//2407
f 2997//2408 2996//2408 3873//2408
f 3874//2409 2994//2409 3875//2409
f 3875//2410 2994//2410 3876//2410
f 2996//2409 2994//2409 3874//2409
f 2994//2411 2993//2411 3876//2411
f 3876//2412 2992//2412 3877//2412
f 2993//2412 2992//2412 3876//2412
f 3877//2413 2991//2413 3878//2413
f 2992//2413 2991//2413 3877//2413
f 3878//2414 2989//2414 3862//2414
f 2991//2415 2989//2415 3878//2415
f 3009//2416 3863//2416 3879//2416
f 3005//2417 3879//2417 3880//2417
f 3005//2416 3009//2416 3879//2416
f 3000//2418 3880//2418 3881//2418
f 3000//2417 3005//2417 3880//2417
f 2995//2419 3881//2419 3882//2419
f 2995//2418 3000//2418 3881//2418
f 2990//2420 3882//2420 3883//2420
f 2990//2419 2995//2419 3882//2419
f 2986//2421 3883//2421 3884//2421
f 2986//2420 2990//2420 3883//2420
f 2983//2422 3884//2422 3885//2422
f 2983//2423 2986//2423 3884//2423
f 2979//2424 3885//2424 3886//2424
f 2979//2422 2983//2422 3885//2422
f 2975//2425 3886//2425 3887//2425
f 2975//2426 2979//2426 3886//2426
f 2968//2427 2975//2427 3887//2427
f 3057//2428 2118//2428 3587//2428
f 3587//2428 2118//2428 3887//2428
f 2118//2429 2968//2429 3887//2429
f 3134//2430 2165//2430 3888//2430
f 3888//2430 2165//2430 3446//2430
f 2165//2430 3021//2430 3446//2430
f 3134//2431 3888//2431 3889//2431
f 3136//2432 3889//2432 3890//2432
f 3136//2433 3134//2433 3889//2433
f 3135//2434 3890//2434 3891//2434
f 3135//2432 3136//2432 3890//2432
f 3133//2435 3891//2435 3892//2435
f 3133//2434 3135//2434 3891//2434
f 3132//2436 3892//2436 3893//2436
f 3132//2435 3133//2435 3892//2435
f 3131//2437 3893//2437 3894//2437
f 3131//2436 3132//2436 3893//2436
f 3129//2438 3894//2438 3895//2438
f 3129//2439 3131//2439 3894//2439
f 3128//2440 3895//2440 3896//2440
f 3128//2441 3129//2441 3895//2441
f 3124//2442 3896//2442 3897//2442
f 3124//2443 3128//2443 3896//2443
f 3123//2444 3897//2444 3898//2444
f 3123//2442 3124//2442 3897//2442
f 3118//2445 3898//2445 3899//2445
f 3118//2444 3123//2444 3898//2444
f 3117//2446 3899//2446 3900//2446
f 3117//2445 3118//2445 3899//2445
f 3115//2447 3900//2447 3901//2447
f 3115//2446 3117//2446 3900//2446
f 3110//2448 3115//2448 3901//2448
f 3110//2449 3901//2449 3902//2449
f 3109//2450 3110//2450 3902//2450
f 3109//2451 3902//2451 3903//2451
f 3105//2452 3109//2452 3903//2452
f 3105//2453 3903//2453 3904//2453
f 3104//2453 3105//2453 3904//2453
f 3104//2454 3904//2454 3905//2454
f 3099//2454 3104//2454 3905//2454
f 3099//2455 3905//2455 3906//2455
f 3097//2456 3099//2456 3906//2456
f 3097//2457 3906//2457 3907//2457
f 3096//2457 3097//2457 3907//2457
f 3096//2458 3907//2458 3908//2458
f 3091//2458 3096//2458 3908//2458
f 3091//2459 3908//2459 3909//2459
f 3089//2460 3091//2460 3909//2460
f 3089//2461 3909//2461 3910//2461
f 3083//2461 3089//2461 3910//2461
f 3060//2462 3059//2462 3911//2462
f 3911//2462 3059//2462 3912//2462
f 3912//2463 3062//2463 3913//2463
f 3913//2464 3062//2464 3914//2464
f 3059//2463 3062//2463 3912//2463
f 3914//2465 3063//2465 3915//2465
f 3062//2464 3063//2464 3914//2464
f 3063//2465 3064//2465 3915//2465
f 3915//2466 3073//2466 3916//2466
f 3064//2466 3073//2466 3915//2466
f 3916//2467 3075//2467 3917//2467
f 3073//2467 3075//2467 3916//2467
f 3917//2468 3081//2468 3918//2468
f 3918//2469 3081//2469 3910//2469
f 3075//2468 3081//2468 3917//2468
f 3081//2470 3083//2470 3910//2470
f 3127//2471 3130//2471 3919//2471
f 3919//2472 3130//2472 3920//2472
f 3920//2473 3116//2473 3921//2473
f 3130//2473 3116//2473 3920//2473
f 3921//2474 3098//2474 3922//2474
f 3922//2475 3098//2475 3923//2475
f 3116//2474 3098//2474 3921//2474
f 3098//2475 3090//2475 3923//2475
f 3923//2476 3082//2476 3924//2476
f 3090//2476 3082//2476 3923//2476
f 3924//2477 3074//2477 3925//2477
f 3082//2478 3074//2478 3924//2478
f 3925//2479 3065//2479 3926//2479
f 3074//2479 3065//2479 3925//2479
f 3926//2480 3061//2480 3927//2480
f 3927//2481 3061//2481 3928//2481
f 3065//2480 3061//2480 3926//2480
f 3061//2481 3058//2481 3928//2481
f 3928//2482 3060//2482 3911//2482
f 3058//2483 3060//2483 3928//2483
f 3126//2484 3127//2484 3919//2484
f 3126//2484 3919//2484 3929//2484
f 3121//2485 3929//2485 3930//2485
f 3121//2485 3126//2485 3929//2485
f 3120//2486 3930//2486 3931//2486
f 3120//2487 3121//2487 3930//2487
f 3122//2488 3931//2488 3932//2488
f 3122//2489 3120//2489 3931//2489
f 3113//2490 3932//2490 3933//2490
f 3113//2490 3122//2490 3932//2490
f 3112//2491 3933//2491 3934//2491
f 3112//2492 3934//2492 3935//2492
f 3112//2491 3113//2491 3933//2491
f 3114//2492 3112//2492 3935//2492
f 3108//2493 3935//2493 3936//2493
f 3108//2494 3114//2494 3935//2494
f 3106//2495 3936//2495 3937//2495
f 3106//2495 3108//2495 3936//2495
f 3102//2496 3937//2496 3938//2496
f 3102//2497 3106//2497 3937//2497
f 3101//2498 3938//2498 3939//2498
f 3101//2499 3102//2499 3938//2499
f 3103//2500 3939//2500 3940//2500
f 3103//2501 3101//2501 3939//2501
f 3095//2502 3940//2502 3941//2502
f 3095//2502 3103//2502 3940//2502
f 3066//2503 3068//2503 3942//2503
f 3942//2504 3068//2504 3943//2504
f 3943//2505 3069//2505 3944//2505
f 3068//2506 3069//2506 3943//2506
f 3944//2507 3070//2507 3945//2507
f 3945//2508 3070//2508 3946//2508
f 3069//2507 3070//2507 3944//2507
f 3946//2509 3071//2509 3947//2509
f 3070//2508 3071//2508 3946//2508
f 3071//2509 3072//2509 3947//2509
f 3947//2510 3077//2510 3948//2510
f 3072//2511 3077//2511 3947//2511
f 3948//2512 3078//2512 3949//2512
f 3077//2513 3078//2513 3948//2513
f 3949//2514 3079//2514 3950//2514
f 3950//2515 3079//2515 3951//2515
f 3078//2514 3079//2514 3949//2514
f 3079//2515 3080//2515 3951//2515
f 3951//2516 3085//2516 3952//2516
f 3080//2517 3085//2517 3951//2517
f 3952//2518 3086//2518 3953//2518
f 3085//2518 3086//2518 3952//2518
f 3953//2519 3087//2519 3954//2519
f 3954//2520 3087//2520 3955//2520
f 3086//2519 3087//2519 3953//2519
f 3087//2521 3088//2521 3955//2521
f 3955//2522 3093//2522 3956//2522
f 3088//2522 3093//2522 3955//2522
f 3956//2523 3094//2523 3957//2523
f 3093//2523 3094//2523 3956//2523
f 3957//2524 3095//2524 3941//2524
f 3094//2525 3095//2525 3957//2525
f 3067//2526 3066//2526 3942//2526
f 3067//2526 3942//2526 3958//2526
f 3076//2527 3958//2527 3959//2527
f 3076//2527 3067//2527 3958//2527
f 3084//2528 3959//2528 3960//2528
f 3084//2528 3076//2528 3959//2528
f 3092//2529 3960//2529 3961//2529
f 3092//2529 3084//2529 3960//2529
f 3100//2530 3961//2530 3962//2530
f 3100//2531 3092//2531 3961//2531
f 3107//2532 3962//2532 3963//2532
f 3107//2533 3100//2533 3962//2533
f 3111//2534 3963//2534 3964//2534
f 3111//2534 3107//2534 3963//2534
f 3119//2535 3964//2535 3965//2535
f 3119//2535 3111//2535 3964//2535
f 3125//2536 3965//2536 3730//2536
f 3125//2536 3119//2536 3965//2536
f 3208//2537 3210//2537 3209//2537
f 3208//238 3211//238 3210//238
f 3206//2538 3211//2538 3207//2538
f 3207//238 3211//238 3208//238
f 3206//2539 3212//2539 3211//2539
f 3205//239 3212//239 3206//239
f 3205//239 3213//239 3212//239
f 3204//243 3213//243 3205//243
f 3204//243 3214//243 3213//243
f 3203//238 3214//238 3204//238
f 3203//238 3215//238 3214//238
f 3203//239 3216//239 3215//239
f 3202//239 3216//239 3203//239
f 3202//239 3217//239 3216//239
f 3201//239 3217//239 3202//239
f 3201//241 3218//241 3217//241
f 3200//241 3218//241 3201//241
f 3200//239 3219//239 3218//239
f 3198//239 3219//239 3199//239
f 3199//239 3219//239 3200//239
f 3198//239 3220//239 3219//239
f 3197//238 3220//238 3198//238
f 3196//239 3221//239 3197//239
f 3197//238 3221//238 3220//238
f 3195//239 3222//239 3196//239
f 3196//239 3222//239 3221//239
f 3194//239 3223//239 3195//239
f 3195//239 3223//239 3222//239
f 3194//239 3224//239 3223//239
f 3193//238 3224//238 3194//238
f 3193//238 3225//238 3224//238
f 3170//239 3966//239 3171//239
f 3171//242 3966//242 3172//242
f 3172//239 3966//239 3173//239
f 3173//238 3966//238 3174//238
f 3174//239 3966//239 3175//239
f 3175//239 3966//239 3176//239
f 3176//239 3966//239 3177//239
f 3142//239 3967//239 3143//239
f 3143//239 3967//239 3144//239
f 3144//239 3967//239 3145//239
f 3145//239 3967//239 3146//239
f 3146//239 3967//239 3147//239
f 3147//239 3967//239 3148//239
f 3148//239 3967//239 3149//239
f 3149//239 3967//239 3150//239
f 3150//239 3967//239 3151//239
f 3151//239 3967//239 3152//239
f 3152//242 3967//242 3153//242
f 3153//246 3967//246 3154//246
f 3154//238 3967//238 3155//238
f 3155//239 3967//239 3156//239
f 3156//238 3967//238 3157//238
f 3157//239 3967//239 3158//239
f 3158//238 3967//238 3159//238
f 3159//239 3967//239 3160//239
f 3160//238 3967//238 3161//238
f 3161//239 3967//239 3162//239
f 3162//239 3967//239 3163//239
f 3163//238 3967//238 3164//238
f 3164//239 3967//239 3165//239
f 3165//238 3967//238 3166//238
f 3166//239 3967//239 3167//239
f 3167//239 3967//239 3168//239
f 3168//238 3967//238 3169//238
f 3169//239 3967//239 3170//239
f 3170//239 3967//239 3966//239
f 3177//238 3968//238 3178//238
f 3178//239 3968//239 3179//239
f 3179//239 3968//239 3180//239
f 3180//239 3968//239 3181//239
f 3181//239 3968//239 3182//239
f 3182//238 3968//238 3183//238
f 3183//239 3968//239 3184//239
f 3966//239 3968//239 3177//239
f 3184//239 3968//239 3185//239
f 3185//239 3968//239 3186//239
f 3186//244 3968//244 3187//244
f 3187//239 3968//239 3188//239
f 3188//239 3968//239 3189//239
f 3189//239 3968//239 3190//239
f 3190//239 3968//239 3191//239
f 3191//239 3968//239 3192//239
f 3192//239 3968//239 3193//239
f 3193//239 3968//239 3225//239
f 3966//249 3969//249 3968//249
f 3137//239 3969//239 3138//239
f 3138//245 3969//245 3139//245
f 3139//239 3969//239 3140//239
f 3140//239 3969//239 3141//239
f 3141//239 3969//239 3142//239
f 3967//244 3969//244 3966//244
f 3968//239 3969//239 3137//239
f 3142//244 3969//244 3967//244
f 3237//239 3970//239 3238//239
f 3238//239 3970//239 3239//239
f 3239//239 3970//239 3240//239
f 3240//238 3970//238 3241//238
f 3137//239 3970//239 3968//239
f 3968//239 3970//239 3225//239
f 3225//239 3970//239 3226//239
f 3226//239 3970//239 3227//239
f 3227//239 3970//239 3228//239
f 3228//239 3970//239 3229//239
f 3229//239 3970//239 3230//239
f 3230//239 3970//239 3231//239
f 3231//246 3970//246 3232//246
f 3232//239 3970//239 3233//239
f 3233//239 3970//239 3234//239
f 3234//239 3970//239 3235//239
f 3235//238 3970//238 3236//238
f 3236//239 3970//239 3237//239
f 3276//239 3971//239 3277//239
f 3277//239 3971//239 3278//239
f 3278//239 3971//239 3279//239
f 3279//249 3971//249 3280//249
f 3280//239 3971//239 3137//239
f 3137//239 3971//239 3970//239
f 3241//239 3972//239 3242//239
f 3242//239 3972//239 3243//239
f 3243//239 3972//239 3244//239
f 3244//238 3972//238 3245//238
f 3245//239 3972//239 3246//239
f 3246//242 3972//242 3247//242
f 3247//239 3972//239 3248//239
f 3971//245 3972//245 3970//245
f 3970//239 3972//239 3241//239
f 3248//239 3973//239 3249//239
f 3249//238 3973//238 3250//238
f 3250//239 3973//239 3251//239
f 3251//239 3973//239 3252//239
f 3252//238 3973//238 3253//238
f 3253//239 3973//239 3254//239
f 3254//238 3973//238 3255//238
f 3255//239 3973//239 3256//239
f 3256//239 3973//239 3257//239
f 3257//238 3973//238 3258//238
f 3258//239 3973//239 3259//239
f 3259//238 3973//238 3260//238
f 3260//239 3973//239 3261//239
f 3261//238 3973//238 3262//238
f 3262//239 3973//239 3263//239
f 3263//238 3973//238 3264//238
f 3264//244 3973//244 3265//244
f 3265//242 3973//242 3266//242
f 3266//239 3973//239 3267//239
f 3267//239 3973//239 3268//239
f 3268//239 3973//239 3269//239
f 3269//239 3973//239 3270//239
f 3270//239 3973//239 3271//239
f 3271//239 3973//239 3272//239
f 3272//239 3973//239 3273//239
f 3273//239 3973//239 3274//239
f 3274//239 3973//239 3275//239
f 3275//239 3973//239 3276//239
f 3971//246 3973//246 3972//246
f 3972//239 3973//239 3248//239
f 3276//246 3973//246 3971//246
f 3974//6 3353//6 3356//6
f 3975//11 3350//11 3353//11
f 3975//6 3353//6 3974//6
f 3976//5 3974//5 3356//5
f 3976//6 3356//6 3359//6
f 3977//6 3347//6 3350//6
f 3977//11 3350//11 3975//11
f 3978//6 3359//6 3362//6
f 3978//5 3976//5 3359//5
f 3979//5 3347//5 3977//5
f 3979//5 3344//5 3347//5
f 3980//6 3978//6 3362//6
f 3980//6 3362//6 3365//6
f 3981//11 3341//11 3344//11
f 3982//5 3365//5 3368//5
f 3982//6 3980//6 3365//6
f 3983//6 3368//6 3371//6
f 3983//5 3982//5 3368//5
f 3984//5 3341//5 3981//5
f 3984//6 3985//6 3341//6
f 3986//2540 3341//2540 3985//2540
f 3987//2541 3984//2541 3981//2541
f 3988//2542 3341//2542 3986//2542
f 3988//11 3338//11 3341//11
f 3989//2543 3987//2543 3981//2543
f 3990//1527 3338//1527 3988//1527
f 3991//1494 3989//1494 3981//1494
f 3991//13 3981//13 3992//13
f 3993//9 3338//9 3990//9
f 3994//11 3991//11 3992//11
f 3994//2544 3992//2544 3995//2544
f 3996//2545 3338//2545 3993//2545
f 3997//6 3994//6 3995//6
f 3997//16 3995//16 3998//16
f 3999//6 3983//6 3371//6
f 3999//5 3371//5 3374//5
f 4000//16 3338//16 3996//16
f 4000//5 3335//5 3338//5
f 4001//13 3997//13 3998//13
f 4001//13 3998//13 4002//13
f 4003//17 3999//17 3374//17
f 4004//6 4001//6 4002//6
f 4004//11 4002//11 4005//11
f 4006//11 4003//11 3374//11
f 4007//2546 4005//2546 4008//2546
f 4007//6 4004//6 4005//6
f 4009//2542 4006//2542 3374//2542
f 4010//6 3335//6 4000//6
f 4010//7 3332//7 3335//7
f 4011//15 4008//15 4012//15
f 4011//12 4007//12 4008//12
f 4013//2547 4009//2547 3374//2547
f 4013//6 3374//6 3377//6
f 4014//6 4012//6 4015//6
f 4014//11 4011//11 4012//11
f 4016//6 4013//6 3377//6
f 4017//1512 4015//1512 4018//1512
f 4017//13 4014//13 4015//13
f 4019//6 3329//6 3332//6
f 4019//6 3332//6 4010//6
f 4020//6 4016//6 3377//6
f 4021//6 4018//6 4022//6
f 4021//16 4017//16 4018//16
f 4023//6 3377//6 3380//6
f 4023//6 4020//6 3377//6
f 4024//6 4023//6 3380//6
f 4025//2545 4022//2545 4026//2545
f 4025//13 4021//13 4022//13
f 4027//6 4023//6 4024//6
f 4028//6 3329//6 4019//6
f 4028//5 3326//5 3329//5
f 4029//10 4026//10 4030//10
f 4029//11 4025//11 4026//11
f 4031//12 4027//12 4024//12
f 4032//11 4030//11 4033//11
f 4032//1499 4029//1499 4030//1499
f 4034//6 4031//6 4024//6
f 4034//5 4024//5 4035//5
f 4036//16 4033//16 4037//16
f 4036//13 4032//13 4033//13
f 4038//5 3326//5 4028//5
f 4038//13 3323//13 3326//13
f 4039//1512 4034//1512 4035//1512
f 4039//11 4035//11 4040//11
f 4041//16 4037//16 4042//16
f 4041//1512 4036//1512 4037//1512
f 4043//6 4039//6 4040//6
f 4043//1499 4040//1499 4044//1499
f 4045//6 4046//6 3383//6
f 4045//6 3383//6 3386//6
f 4047//12 4042//12 4048//12
f 4047//12 4041//12 4042//12
f 4049//2548 4043//2548 4044//2548
f 4049//16 4044//16 4050//16
f 4051//13 3323//13 4038//13
f 4051//13 3320//13 3323//13
f 4052//16 4049//16 4050//16
f 4052//6 4050//6 4053//6
f 4054//5 4048//5 4055//5
f 4054//5 4047//5 4048//5
f 4056//6 4045//6 3386//6
f 4056//5 3386//5 3389//5
f 4057//5 4053//5 4058//5
f 4057//2549 4052//2549 4053//2549
f 4059//5 3317//5 3320//5
f 4059//18 3320//18 4051//18
f 4060//13 4055//13 4061//13
f 4060//7 4054//7 4055//7
f 4062//6 4058//6 4063//6
f 4062//2550 4057//2550 4058//2550
f 4064//16 4056//16 3389//16
f 4064//6 3389//6 3392//6
f 4065//10 4061//10 4066//10
f 4065//11 4060//11 4061//11
f 4067//16 4063//16 4068//16
f 4067//15 4062//15 4063//15
f 4069//6 3314//6 3317//6
f 4069//6 3317//6 4059//6
f 4070//2549 4068//2549 4071//2549
f 4070//12 4067//12 4068//12
f 4072//2551 4066//2551 4073//2551
f 4072//10 4065//10 4066//10
f 4074//16 4070//16 4071//16
f 4074//16 4071//16 4075//16
f 4076//6 3392//6 3395//6
f 4076//6 4064//6 3392//6
f 4077//13 4073//13 4078//13
f 4077//1494 4072//1494 4073//1494
f 4079//16 4074//16 4075//16
f 4079//16 4075//16 4080//16
f 4081//6 3314//6 4069//6
f 4081//5 3311//5 3314//5
f 4082//6 4077//6 4078//6
f 4082//11 4078//11 4083//11
f 4084//1495 4080//1495 4085//1495
f 4084//1495 4079//1495 4080//1495
f 4086//6 4083//6 4087//6
f 4086//6 4082//6 4083//6
f 4088//6 4076//6 3395//6
f 4088//6 3395//6 3398//6
f 4089//11 4090//11 4091//11
f 4089//13 4087//13 4090//13
f 4089//13 4086//13 4087//13
f 4092//2550 4084//2550 4085//2550
f 4092//15 4085//15 4093//15
f 4094//5 3311//5 4081//5
f 4094//5 3308//5 3311//5
f 4095//16 4093//16 4096//16
f 4095//2552 4092//2552 4093//2552
f 4097//6 4088//6 3398//6
f 4097//6 3398//6 3401//6
f 4098//13 4099//13 4100//13
f 4101//5 4098//5 4100//5
f 4101//5 4100//5 4102//5
f 4103//11 4096//11 4104//11
f 4103//1512 4095//1512 4096//1512
f 4105//5 4106//5 4099//5
f 4105//13 4099//13 4098//13
f 4107//13 4101//13 4102//13
f 4107//12 4102//12 4108//12
f 3746//6 4109//6 4110//6
f 3745//2540 4111//2540 4109//2540
f 3745//5 4109//5 3746//5
f 3747//12 4110//12 4112//12
f 3747//2545 3746//2545 4110//2545
f 3744//16 4113//16 4111//16
f 3744//5 4111//5 3745//5
f 3748//10 4112//10 4114//10
f 3748//1494 3747//1494 4112//1494
f 4115//6 4106//6 4105//6
f 4115//6 4116//6 4106//6
f 4117//5 4107//5 4108//5
f 4117//12 4108//12 4118//12
f 3743//11 4113//11 3744//11
f 3743//1499 4119//1499 4113//1499
f 3749//6 4114//6 4120//6
f 3749//10 3748//10 4114//10
f 3742//1499 4119//1499 3743//1499
f 3742//1512 4121//1512 4119//1512
f 3750//16 4120//16 4122//16
f 3750//11 3749//11 4120//11
f 4123//6 4116//6 4115//6
f 4123//6 4124//6 4116//6
f 3741//11 4125//11 4121//11
f 3741//17 4121//17 3742//17
f 4126//5 4117//5 4118//5
f 3751//6 4122//6 4127//6
f 3751//6 3750//6 4122//6
f 3740//16 4125//16 3741//16
f 3740//1499 4128//1499 4125//1499
f 3752//12 4127//12 4129//12
f 3752//13 3751//13 4127//13
f 4130//11 4103//11 4104//11
f 4130//6 4104//6 4131//6
f 3305//6 3308//6 4132//6
f 4133//6 4124//6 4123//6
f 4133//5 4134//5 4124//5
f 4135//5 4091//5 4136//5
f 4135//5 4089//5 4091//5
f 4135//6 4126//6 4089//6
f 3739//9 4137//9 4128//9
f 3739//12 4128//12 3740//12
f 3760//16 3752//16 4129//16
f 3760//16 4129//16 4138//16
f 3738//10 4139//10 4137//10
f 3738//10 4137//10 3739//10
f 4140//6 4134//6 4133//6
f 4140//6 4141//6 4134//6
f 4142//6 4136//6 4143//6
f 4142//5 4135//5 4136//5
f 3759//6 3760//6 4138//6
f 3759//10 4138//10 4144//10
f 3737//12 4139//12 3738//12
f 3737//1494 4132//1494 4139//1494
f 3758//6 3759//6 4144//6
f 3758//16 4144//16 4145//16
f 4146//11 4097//11 3401//11
f 4146//6 3401//6 3404//6
f 3757//6 3758//6 4145//6
f 3757//5 4145//5 4147//5
f 3736//16 4132//16 3737//16
f 4148//5 4141//5 4140//5
f 4148//5 4149//5 4141//5
f 3756//5 3757//5 4147//5
f 3756//5 4147//5 4150//5
f 3753//6 4151//6 4152//6
f 3753//11 4153//11 4151//11
f 3755//5 3756//5 4150//5
f 3755//6 4150//6 4154//6
f 3754//16 4153//16 3753//16
f 3754//13 3755//13 4154//13
f 3754//1499 4154//1499 4153//1499
f 4155//13 4130//13 4131//13
f 4155//16 4131//16 4156//16
f 3735//6 3305//6 4132//6
f 3735//13 4132//13 3736//13
f 4157//6 4158//6 4159//6
f 3734//11 3305//11 3735//11
f 4160//6 4149//6 4148//6
f 4160//6 4161//6 4149//6
f 4160//5 4162//5 4161//5
f 3733//9 3305//9 3734//9
f 4163//5 4159//5 4164//5
f 4163//6 4157//6 4159//6
f 4165//16 4155//16 4156//16
f 4165//6 4156//6 4166//6
f 4167//6 3753//6 4152//6
f 4167//6 4162//6 4160//6
f 4167//16 4152//16 4162//16
f 3732//11 3298//11 3305//11
f 3732//1499 3305//1499 3733//1499
f 4168//6 3404//6 3407//6
f 4168//6 4146//6 3404//6
f 3731//2553 3298//2553 3732//2553
f 4169//5 4163//5 4164//5
f 4170//6 3753//6 4167//6
f 3297//6 3298//6 3731//6
f 4171//6 4165//6 4166//6
f 4171//13 4166//13 4172//13
f 4173//13 4164//13 4174//13
f 4173//12 4169//12 4164//12
f 4175//12 3769//12 3770//12
f 4175//5 3770//5 4170//5
f 4176//6 4168//6 3407//6
f 4176//6 3407//6 3410//6
f 4177//16 4172//16 4178//16
f 4177//13 4171//13 4172//13
f 4179//5 4174//5 4180//5
f 4179//5 4173//5 4174//5
f 4181//12 4176//12 3410//12
f 4182//5 3768//5 3769//5
f 4182//6 3769//6 4175//6
f 4183//5 4179//5 4180//5
f 4183//6 4180//6 4184//6
f 4185//11 4181//11 3410//11
f 4186//5 4177//5 4178//5
f 4186//12 4178//12 4187//12
f 4188//6 3767//6 3768//6
f 4188//6 3768//6 4182//6
f 4189//13 4185//13 3410//13
f 3413//6 4189//6 3410//6
f 4190//6 4184//6 4191//6
f 4190//6 4183//6 4184//6
f 4192//11 4186//11 4187//11
f 4192//5 4187//5 4193//5
f 4194//2554 4189//2554 3413//2554
f 3727//6 3729//6 3808//6
f 4195//6 3766//6 3767//6
f 4195//5 3767//5 4188//5
f 4196//9 4194//9 3413//9
f 4197//5 4190//5 4191//5
f 4197//5 4191//5 4198//5
f 4199//5 4192//5 4193//5
f 4199//12 4193//12 4200//12
f 3807//18 3727//18 3808//18
f 4201//1512 4196//1512 3413//1512
f 4202//6 3765//6 3766//6
f 4202//6 3766//6 4195//6
f 4203//1512 4201//1512 3413//1512
f 4203//5 3413//5 3416//5
f 4204//6 4199//6 4200//6
f 4204//6 4200//6 4205//6
f 4206//5 4197//5 4198//5
f 4206//5 4198//5 4207//5
f 3725//12 3727//12 3807//12
f 4208//12 4204//12 4205//12
f 3942//13 4209//13 4203//13
f 3942//12 4203//12 3416//12
f 4210//16 3764//16 3765//16
f 4210//6 3765//6 4202//6
f 4211//12 4209//12 3942//12
f 3806//6 3725//6 3807//6
f 4212//5 4206//5 4207//5
f 4213//6 3942//6 3943//6
f 4213//11 4211//11 3942//11
f 4214//13 3763//13 3764//13
f 4214//16 3764//16 4210//16
f 4215//2549 4213//2549 3943//2549
f 4215//16 3943//16 3944//16
f 3722//6 3725//6 3806//6
f 4216//6 4212//6 4204//6
f 4216//13 4204//13 4208//13
f 4216//11 4208//11 4217//11
f 4218//16 3944//16 3945//16
f 4218//16 4215//16 3944//16
f 3805//5 3722//5 3806//5
f 4219//13 3945//13 3946//13
f 4219//2555 4218//2555 3945//2555
f 4220//6 3762//6 3763//6
f 4220//13 3763//13 4214//13
f 4221//7 4216//7 4217//7
f 4221//12 4222//12 4223//12
f 4221//16 4217//16 4222//16
f 3422//6 3958//6 3419//6
f 4224//6 3946//6 3947//6
f 4224//6 4219//6 3946//6
f 4225//2552 3947//2552 3948//2552
f 4225//13 4224//13 3947//13
f 3959//5 3958//5 3422//5
f 4226//6 4221//6 4223//6
f 4226//13 4223//13 4227//13
f 4228//5 3761//5 3762//5
f 4228//6 3762//6 4220//6
f 4228//5 3771//5 3761//5
f 4229//6 4226//6 4227//6
f 3804//13 3722//13 3805//13
f 3804//6 3719//6 3722//6
f 4230//11 3948//11 3949//11
f 4230//15 4225//15 3948//15
f 4231//17 4230//17 3949//17
f 3950//6 4231//6 3949//6
f 3425//5 3959//5 3422//5
f 4232//5 4226//5 4229//5
f 4233//11 3772//11 3771//11
f 4233//6 3773//6 3772//6
f 4233//11 3771//11 4228//11
f 4234//6 4232//6 4229//6
f 4235//2549 4231//2549 3950//2549
f 3951//12 4235//12 3950//12
f 3960//6 3959//6 3425//6
f 3803//6 3716//6 3719//6
f 3803//6 3719//6 3804//6
f 4236//6 4235//6 3951//6
f 3952//11 4236//11 3951//11
f 4237//12 3775//12 3774//12
f 4237//13 3776//13 3775//13
f 4238//5 3774//5 3773//5
f 4238//5 4237//5 3774//5
f 4238//5 3773//5 4233//5
f 4239//5 4232//5 4234//5
f 4240//12 4239//12 4234//12
f 4241//12 4236//12 3952//12
f 3953//16 4241//16 3952//16
f 4242//12 3777//12 3776//12
f 4242//13 3776//13 4237//13
f 3428//6 3960//6 3425//6
f 4243//17 4241//17 3953//17
f 3954//11 4243//11 3953//11
f 4244//5 3778//5 3777//5
f 4244//6 3777//6 4242//6
f 3961//12 3960//12 3428//12
f 4245//11 4243//11 3954//11
f 4246//17 3779//17 3778//17
f 4246//11 3778//11 4244//11
f 4247//11 4239//11 4240//11
f 4248//5 4237//5 4238//5
f 3955//6 4245//6 3954//6
f 3802//16 3713//16 3716//16
f 3802//6 3716//6 3803//6
f 4249//10 4247//10 4240//10
f 4250//10 3780//10 3779//10
f 4250//16 3779//16 4246//16
f 4251//6 4245//6 3955//6
f 3956//13 4251//13 3955//13
f 4252//12 3781//12 3780//12
f 4252//2549 3780//2549 4250//2549
f 4253//12 3782//12 3781//12
f 4253//12 3781//12 4252//12
f 4254//2549 4251//2549 3956//2549
f 3431//5 3961//5 3428//5
f 3957//5 4254//5 3956//5
f 4255//16 3783//16 3782//16
f 4255//10 3782//10 4253//10
f 4256//8 4247//8 4249//8
f 4257//6 4258//6 4259//6
f 4257//6 4259//6 4248//6
f 4260//6 4256//6 4249//6
f 4261//11 4254//11 3957//11
f 4262//1512 3783//1512 4255//1512
f 4262//10 3799//10 3783//10
f 3962//6 3961//6 3431//6
f 4263//5 3799//5 4262//5
f 4263//13 3798//13 3799//13
f 3941//15 4261//15 3957//15
f 4264//1495 3798//1495 4263//1495
f 4264//2556 3797//2556 3798//2556
f 3801//16 3713//16 3802//16
f 3801//6 3710//6 3713//6
f 4265//1499 3797//1499 4264//1499
f 4265//10 3796//10 3797//10
f 4266//2549 3796//2549 4265//2549
f 4266//9 3795//9 3796//9
f 4267//15 4261//15 3941//15
f 4268//6 3795//6 4266//6
f 4268//16 3794//16 3795//16
f 3940//13 4267//13 3941//13
f 4269//12 4256//12 4260//12
f 4270//5 4271//5 4258//5
f 4270//5 4258//5 4257//5
f 4272//6 3794//6 4268//6
f 4272//6 3793//6 3794//6
f 4273//5 4269//5 4260//5
f 3434//6 3962//6 3431//6
f 4274//11 3793//11 4272//11
f 4274//10 3792//10 3793//10
f 4275//13 4267//13 3940//13
f 4276//1495 3792//1495 4274//1495
f 4276//13 3791//13 3792//13
f 3939//6 4275//6 3940//6
f 3963//5 3962//5 3434//5
f 4277//15 3791//15 4276//15
f 4277//2557 3790//2557 3791//2557
f 3800//5 3710//5 3801//5
f 3800//16 3707//16 3710//16
f 4278//5 3790//5 4277//5
f 4278//10 3789//10 3790//10
f 4279//6 4271//6 4270//6
f 4279//6 4280//6 4271//6
f 4281//6 4269//6 4273//6
f 4282//6 4275//6 3939//6
f 4283//11 4281//11 4273//11
f 3938//11 4282//11 3939//11
f 4284//15 3789//15 4278//15
f 4284//15 3788//15 3789//15
f 4285//1499 3788//1499 4284//1499
f 4285//9 3787//9 3788//9
f 4286//16 4282//16 3938//16
f 4287//1496 3786//1496 3787//1496
f 4287//11 3787//11 4285//11
f 3937//2549 4286//2549 3938//2549
f 3964//6 3963//6 3434//6
f 3964//16 3434//16 3437//16
f 4288//6 3785//6 3786//6
f 4288//6 3786//6 4287//6
f 4289//16 4281//16 4283//16
f 4290//5 4291//5 4280//5
f 4290//6 4280//6 4279//6
f 4292//7 4289//7 4283//7
f 4293//6 3785//6 4288//6
f 4293//5 3784//5 3785//5
f 4294//13 4286//13 3937//13
f 3936//15 4294//15 3937//15
f 4295//5 3784//5 4293//5
f 4296//6 3784//6 4295//6
f 4297//2552 4294//2552 3936//2552
f 3935//11 4297//11 3936//11
f 4298//12 4289//12 4292//12
f 4299//11 4300//11 4291//11
f 4299//6 4291//6 4290//6
f 4301//5 4298//5 4292//5
f 4302//5 3704//5 3784//5
f 4302//2540 3784//2540 4296//2540
f 3965//5 3964//5 3437//5
f 3965//13 3437//13 3440//13
f 3701//6 3704//6 4302//6
f 4303//13 3701//13 4302//13
f 4304//11 4297//11 3935//11
f 3934//11 4304//11 3935//11
f 4305//13 3701//13 4303//13
f 4306//5 4298//5 4301//5
f 4307//5 4308//5 4300//5
f 4307//7 4300//7 4299//7
f 4309//5 4304//5 3934//5
f 4310//13 3701//13 4305//13
f 3933//12 4309//12 3934//12
f 4311//13 3701//13 4310//13
f 3730//13 3965//13 3440//13
f 3730//16 3440//16 3443//16
f 3698//5 3701//5 4311//5
f 3932//6 4309//6 3933//6
f 4312//5 3698//5 4311//5
f 4313//5 3698//5 4312//5
f 4314//6 4306//6 4309//6
f 4314//11 4309//11 3932//11
f 4315//11 4316//11 4308//11
f 4315//16 4308//16 4307//16
f 3931//5 4314//5 3932//5
f 4317//6 3698//6 4313//6
f 3695//6 3698//6 4317//6
f 4318//6 3931//6 3930//6
f 4318//6 4314//6 3931//6
f 4319//5 4320//5 4316//5
f 4319//6 4316//6 4315//6
f 3929//6 4318//6 3930//6
f 3889//2549 3888//2549 3446//2549
f 4321//6 3695//6 4317//6
f 3890//5 3889//5 3446//5
f 4322//16 4323//16 4320//16
f 4322//16 4320//16 4319//16
f 4324//6 4318//6 3929//6
f 4324//17 3929//17 3919//17
f 3692//12 3695//12 4321//12
f 3449//5 3890//5 3446//5
f 3449//6 3891//6 3890//6
f 4325//17 4323//17 4322//17
f 3892//1496 3891//1496 3449//1496
f 3920//5 4324//5 3919//5
f 4326//6 3692//6 4321//6
f 3893//2558 3892//2558 3449//2558
f 4327//5 4328//5 4325//5
f 4327//5 4325//5 4322//5
f 4329//5 4324//5 3920//5
f 4330//6 4328//6 4327//6
f 4331//6 3893//6 3449//6
f 4331//5 3894//5 3893//5
f 3689//5 3692//5 4326//5
f 3895//1496 3894//1496 4331//1496
f 3452//11 4331//11 3449//11
f 3921//5 4329//5 3920//5
f 4332//13 3895//13 4331//13
f 4333//5 4334//5 4330//5
f 4333//6 4330//6 4327//6
f 3896//13 3895//13 4332//13
f 4335//6 4329//6 3921//6
f 4336//5 3689//5 4326//5
f 4337//6 3896//6 4332//6
f 3897//12 3896//12 4337//12
f 4338//17 3897//17 4337//17
f 4339//1499 4340//1499 4334//1499
f 4339//6 4334//6 4333//6
f 3898//1494 3897//1494 4338//1494
f 3922//6 4335//6 3921//6
f 4341//1497 4340//1497 4339//1497
f 4342//6 4339//6 4333//6
f 3686//5 3689//5 4336//5
f 4343//2540 3898//2540 4338//2540
f 3455//6 4344//6 3452//6
f 3899//17 3898//17 4343//17
f 4345//1512 4341//1512 4339//1512
f 4346//6 4335//6 3922//6
f 4347//2559 3899//2559 4343//2559
f 4348//17 4341//17 4345//17
f 3900//2549 3899//2549 4347//2549
f 4349//5 3686//5 4336//5
f 4350//5 4348//5 4345//5
f 4351//6 3900//6 4347//6
f 3901//10 3900//10 4351//10
f 4352//6 4348//6 4350//6
f 3923//13 4346//13 3922//13
f 4353//6 4354//6 4342//6
f 4355//2549 3901//2549 4351//2549
f 3902//1497 3901//1497 4355//1497
f 4356//6 4344//6 3455//6
f 4357//5 4352//5 4350//5
f 4358//13 4346//13 3923//13
f 4359//6 4352//6 4357//6
f 3683//5 3686//5 4349//5
f 4360//11 3902//11 4355//11
f 3903//1496 3902//1496 4360//1496
f 3458//5 4356//5 3455//5
f 4361//5 4359//5 4357//5
f 4362//13 3903//13 4360//13
f 3904//12 3903//12 4362//12
f 4363//5 3683//5 4349//5
f 4364//12 4354//12 4353//12
f 4365//5 4359//5 4361//5
f 3924//6 4358//6 3923//6
f 4366//7 4364//7 4353//7
f 4367//1496 3904//1496 4362//1496
f 3905//5 3904//5 4367//5
f 4368//11 4365//11 4361//11
f 4369//1496 4365//1496 4368//1496
f 4370//5 3905//5 4367//5
f 4370//10 3906//10 3905//10
f 4371//5 4358//5 3924//5
f 4372//6 4356//6 3458//6
f 4373//13 4369//13 4368//13
f 4374//6 3907//6 3906//6
f 4374//6 3906//6 4370//6
f 4375//12 4369//12 4373//12
f 3680//6 3683//6 4363//6
f 4376//6 4364//6 4366//6
f 3461//6 4372//6 3458//6
f 4377//11 3908//11 3907//11
f 4377//11 3907//11 4374//11
f 4378//11 4376//11 4366//11
f 3925//5 4371//5 3924//5
f 4379//12 4375//12 4373//12
f 4380//6 3680//6 4363//6
f 4381//12 4375//12 4379//12
f 4382//2549 3909//2549 3908//2549
f 4382//1497 3908//1497 4377//1497
f 4383//5 4371//5 3925//5
f 4384//6 4385//6 4381//6
f 4384//11 4381//11 4379//11
f 4386//6 3909//6 4382//6
f 4386//12 3910//12 3909//12
f 4387//13 4388//13 4385//13
f 4387//1497 4385//1497 4384//1497
f 4389//11 3910//11 4386//11
f 4390//6 4372//6 3461//6
f 3918//16 3910//16 4389//16
f 4391//16 4376//16 4378//16
f 4392//1497 4393//1497 4388//1497
f 4392//15 4388//15 4387//15
f 4394//12 4391//12 4378//12
f 3926//11 4383//11 3925//11
f 4395//16 3918//16 4389//16
f 3677//6 3680//6 4380//6
f 4396//5 4393//5 4392//5
f 4396//1499 4397//1499 4393//1499
f 3464//6 4390//6 3461//6
f 3917//11 3918//11 4395//11
f 4398//5 3677//5 4380//5
f 4399//10 4397//10 4396//10
f 4400//11 4383//11 3926//11
f 4401//1495 4397//1495 4399//1495
f 4402//12 3917//12 4395//12
f 3916//12 3917//12 4402//12
f 4403//5 4401//5 4399//5
f 4404//11 4401//11 4403//11
f 4405//6 4391//6 4394//6
f 4405//6 4394//6 4406//6
f 4407//2560 3916//2560 4402//2560
f 3927//6 4400//6 3926//6
f 4408//11 4404//11 4403//11
f 4409//6 4390//6 3464//6
f 4410//5 4404//5 4408//5
f 3915//1513 3916//1513 4407//1513
f 4411//5 4410//5 4408//5
f 4412//10 4410//10 4411//10
f 4413//1495 3915//1495 4407//1495
f 3674//5 3677//5 4398//5
f 4414//6 4400//6 3927//6
f 3467//6 4409//6 3464//6
f 3914//6 3915//6 4413//6
f 4415//16 3674//16 4398//16
f 4416//1496 4412//1496 4411//1496
f 4417//5 4412//5 4416//5
f 4418//10 3914//10 4413//10
f 4419//12 4417//12 4416//12
f 4420//12 4405//12 4406//12
f 4420//5 4406//5 4421//5
f 3928//6 4414//6 3927//6
f 4422//10 4417//10 4419//10
f 3913//7 3914//7 4418//7
f 4423//2549 4422//2549 4419//2549
f 4424//5 4409//5 3467//5
f 4425//2549 3913//2549 4418//2549
f 4426//2549 4422//2549 4423//2549
f 4427//6 4414//6 3928//6
f 3912//15 3913//15 4425//15
f 4428//1528 4426//1528 4423//1528
f 4429//16 4426//16 4428//16
f 4430//15 3912//15 4425//15
f 3671//16 3674//16 4415//16
f 4431//5 3671//5 4415//5
f 4432//16 4429//16 4428//16
f 3470//5 4424//5 3467//5
f 4433//6 4420//6 4421//6
f 4433//16 4421//16 4434//16
f 3911//2549 3912//2549 4430//2549
f 4435//17 4429//17 4432//17
f 4436//12 4435//12 4432//12
f 4437//11 3911//11 4430//11
f 4438//12 4435//12 4436//12
f 4439//6 4424//6 3470//6
f 4440//6 4438//6 4436//6
f 4441//13 4427//13 3911//13
f 4442//6 4438//6 4440//6
f 4443//6 4441//6 3911//6
f 4443//16 3911//16 4437//16
f 4444//5 4433//5 4434//5
f 4445//6 4442//6 4440//6
f 4446//6 4433//6 4444//6
f 4447//6 4442//6 4445//6
f 4448//6 4447//6 4445//6
f 3473//6 4439//6 3470//6
f 4449//6 4441//6 4443//6
f 4450//12 4447//12 4448//12
f 4451//6 4441//6 4449//6
f 4452//6 4446//6 4444//6
f 4453//12 4451//12 4449//12
f 4454//5 4439//5 3473//5
f 4455//12 3668//12 4447//12
f 4455//12 4447//12 4450//12
f 4456//6 4446//6 4452//6
f 4457//6 4451//6 4453//6
f 3665//13 3668//13 4455//13
f 3665//11 4455//11 4458//11
f 4459//6 3665//6 4458//6
f 3476//5 4454//5 3473//5
f 4460//5 4451//5 4457//5
f 4461//6 4460//6 4457//6
f 4462//5 3665//5 4459//5
f 4463//5 4454//5 3476//5
f 4464//6 4460//6 4461//6
f 4465//13 4464//13 4461//13
f 3662//6 3665//6 4462//6
f 3662//6 4466//6 4467//6
f 3662//11 4462//11 4466//11
f 3479//16 4463//16 3476//16
f 4468//18 3662//18 4467//18
f 4469//6 4470//6 4471//6
f 4472//2561 3662//2561 4468//2561
f 4473//16 4463//16 3479//16
f 4474//6 4469//6 4471//6
f 4475//13 4464//13 4465//13
f 4476//13 4475//13 4465//13
f 4477//12 4469//12 4474//12
f 3659//5 3662//5 4472//5
f 3482//5 4473//5 3479//5
f 3482//6 4478//6 4473//6
f 3482//10 4479//10 4478//10
f 4480//1497 4479//1497 3482//1497
f 4481//6 4475//6 4476//6
f 4482//5 3659//5 4472//5
f 4483//2560 4480//2560 3482//2560
f 4484//5 4477//5 4474//5
f 4484//1498 4485//1498 4477//1498
f 4484//16 4474//16 4486//16
f 4487//6 4481//6 4476//6
f 4488//13 4485//13 4484//13
f 4489//6 4488//6 4484//6
f 4490//12 4481//12 4487//12
f 3656//6 3659//6 4482//6
f 4491//5 4486//5 4492//5
f 3485//13 4483//13 3482//13
f 3485//9 4493//9 4483//9
f 3485//10 4494//10 4493//10
f 3485//13 4495//13 4494//13
f 4496//13 4488//13 4489//13
f 4497//6 4490//6 4487//6
f 4498//13 4496//13 4489//13
f 4499//6 3656//6 4482//6
f 4500//1499 4496//1499 4498//1499
f 4501//6 4490//6 4497//6
f 4502//1499 4500//1499 4498//1499
f 4503//5 4504//5 4495//5
f 4503//2546 4505//2546 4504//2546
f 4503//1528 4506//1528 4505//1528
f 4503//13 4495//13 3485//13
f 4507//6 4492//6 4508//6
f 4507//6 4491//6 4492//6
f 4509//6 4501//6 4497//6
f 4510//5 4511//5 4506//5
f 4510//5 4506//5 4503//5
f 4512//2549 4500//2549 4502//2549
f 3653//6 3656//6 4499//6
f 3488//6 4503//6 3485//6
f 4513//11 4512//11 4502//11
f 4514//6 3653//6 4499//6
f 4515//6 4511//6 4510//6
f 4515//11 4516//11 4511//11
f 4517//5 4501//5 4509//5
f 4518//1495 4516//1495 4515//1495
f 4518//13 4519//13 4516//13
f 4520//17 4512//17 4513//17
f 4521//13 4508//13 4522//13
f 4521//6 4507//6 4508//6
f 4523//13 4520//13 4513//13
f 4524//13 4525//13 4519//13
f 4524//13 4519//13 4518//13
f 4526//12 4517//12 4509//12
f 4527//6 4525//6 4524//6
f 4527//5 4528//5 4525//5
f 4529//12 4520//12 4523//12
f 4530//6 4517//6 4526//6
f 4531//6 4528//6 4527//6
f 4531//5 4532//5 4528//5
f 4533//16 4529//16 4523//16
f 3650//6 3653//6 4514//6
f 3491//11 4534//11 3488//11
f 4535//5 3650//5 4514//5
f 4536//5 4532//5 4531//5
f 4536//6 4537//6 4532//6
f 4538//11 4521//11 4522//11
f 4538//11 4522//11 4539//11
f 4540//6 4537//6 4536//6
f 4540//10 4541//10 4537//10
f 4542//16 4529//16 4533//16
f 4543//6 4530//6 4526//6
f 4544//16 4542//16 4533//16
f 4545//16 4546//16 4541//16
f 4545//10 4541//10 4540//10
f 4547//12 4530//12 4543//12
f 4548//2562 4546//2562 4545//2562
f 4548//13 4549//13 4546//13
f 4550//6 4534//6 3491//6
f 4551//10 4549//10 4548//10
f 4551//1494 4552//1494 4549//1494
f 4553//5 4542//5 4544//5
f 4554//2546 4552//2546 4551//2546
f 4554//10 4555//10 4552//10
f 4556//5 4553//5 4544//5
f 4557//5 4539//5 4558//5
f 4557//12 4538//12 4539//12
f 4559//1499 4555//1499 4554//1499
f 4559//16 4560//16 4555//16
f 3647//5 3650//5 4535//5
f 4561//6 3647//6 4535//6
f 4562//12 4547//12 4543//12
f 4563//6 4553//6 4556//6
f 3494//6 4550//6 3491//6
f 4564//16 4560//16 4559//16
f 4564//13 4565//13 4560//13
f 4566//11 4563//11 4556//11
f 4567//1495 4565//1495 4564//1495
f 4567//2557 4568//2557 4565//2557
f 4569//6 4547//6 4562//6
f 4570//5 4568//5 4567//5
f 4570//13 4571//13 4568//13
f 4572//5 4563//5 4566//5
f 4573//12 4571//12 4570//12
f 4573//15 4574//15 4571//15
f 4575//2549 4572//2549 4566//2549
f 4576//5 4550//5 3494//5
f 4577//2549 4574//2549 4573//2549
f 4577//1495 4578//1495 4574//1495
f 4579//16 4558//16 4580//16
f 4579//16 4557//16 4558//16
f 4581//13 4572//13 4575//13
f 4582//6 4583//6 4578//6
f 4582//6 4578//6 4577//6
f 4584//6 4581//6 4575//6
f 4585//13 4569//13 4562//13
f 4586//5 4587//5 4583//5
f 4586//5 4583//5 4582//5
f 4588//13 4569//13 4585//13
f 4589//6 4581//6 4584//6
f 4590//11 4589//11 4584//11
f 3644//6 4561//6 4591//6
f 3644//6 3647//6 4561//6
f 3497//5 4576//5 3494//5
f 4592//6 4587//6 4586//6
f 4592//11 4593//11 4587//11
f 4594//6 4589//6 4590//6
f 4595//17 4594//17 4590//17
f 4596//16 4579//16 4580//16
f 4596//2563 4580//2563 4597//2563
f 4598//1527 4593//1527 4592//1527
f 4598//13 4599//13 4593//13
f 4600//6 4576//6 3497//6
f 4601//12 4588//12 4602//12
f 4603//5 4594//5 4595//5
f 4604//15 4599//15 4598//15
f 4604//12 4602//12 4599//12
f 4605//5 4603//5 4595//5
f 4606//6 4602//6 4604//6
f 4607//17 4603//17 4605//17
f 4608//15 4607//15 4605//15
f 4609//1499 4596//1499 4597//1499
f 4609//16 4597//16 4610//16
f 3641//13 4591//13 4611//13
f 3641//6 3644//6 4591//6
f 3500//13 4600//13 3497//13
f 4612//16 4602//16 4606//16
f 4612//6 4601//6 4602//6
f 4613//2552 4607//2552 4608//2552
f 4614//6 4613//6 4608//6
f 4615//13 4600//13 3500//13
f 4616//5 4617//5 4601//5
f 4616//5 4601//5 4612//5
f 4618//13 4614//13 4619//13
f 4618//13 4613//13 4614//13
f 4620//5 4609//5 4610//5
f 4620//6 4610//6 4621//6
f 4622//7 4617//7 4616//7
f 4623//6 4619//6 4624//6
f 4623//15 4618//15 4619//15
f 3638//16 4611//16 4625//16
f 3638//6 3641//6 4611//6
f 3503//6 4615//6 3500//6
f 4626//17 4624//17 4627//17
f 4626//6 4623//6 4624//6
f 4628//13 4621//13 4629//13
f 4628//6 4620//6 4621//6
f 4630//6 4615//6 3503//6
f 4631//2564 4627//2564 4632//2564
f 4631//1512 4626//1512 4627//1512
f 4633//1499 4628//1499 4629//1499
f 4633//11 4629//11 4634//11
f 4635//1496 4632//1496 4636//1496
f 4635//1499 4631//1499 4632//1499
f 4637//12 4633//12 4634//12
f 3635//5 4625//5 4638//5
f 3635//5 3638//5 4625//5
f 4639//6 4636//6 4640//6
f 4639//6 4635//6 4636//6
f 3506//5 4630//5 3503//5
f 4641//18 4630//18 3506//18
f 4642//16 4640//16 4643//16
f 4642//2549 4639//2549 4640//2549
f 4644//16 4637//16 4634//16
f 4644//13 4634//13 4645//13
f 4646//11 4647//11 4648//11
f 4646//6 4648//6 4649//6
f 4650//15 4643//15 4651//15
f 4650//1513 4642//1513 4643//1513
f 4652//13 4644//13 4645//13
f 4653//1496 4650//1496 4651//1496
f 3632//5 3635//5 4638//5
f 3832//6 4652//6 4645//6
f 3832//6 4645//6 4654//6
f 4655//5 4656//5 4647//5
f 4655//5 4657//5 4656//5
f 4655//16 4647//16 4646//16
f 3509//6 4641//6 3506//6
f 4658//12 4650//12 4653//12
f 4659//6 4641//6 3509//6
f 4660//10 4652//10 3832//10
f 3849//6 4654//6 4661//6
f 4662//11 4663//11 4657//11
f 4662//11 4657//11 4655//11
f 4664//10 4660//10 3832//10
f 4664//11 3832//11 3833//11
f 3629//12 4665//12 4666//12
f 3629//11 4667//11 4665//11
f 3629//6 4658//6 4667//6
f 3629//13 4650//13 4658//13
f 3629//5 3632//5 4650//5
f 3512//6 4659//6 3509//6
f 3512//6 4668//6 4659//6
f 4669//5 4664//5 3833//5
f 4669//5 3833//5 3834//5
f 3848//11 3849//11 4661//11
f 3848//6 4661//6 4670//6
f 4671//11 4672//11 4663//11
f 4671//11 4663//11 4662//11
f 4673//12 4669//12 3834//12
f 4673//12 3834//12 3835//12
f 3847//16 4670//16 4674//16
f 3847//13 3848//13 4670//13
f 4675//5 4676//5 4672//5
f 4675//5 4672//5 4671//5
f 3626//13 4677//13 4678//13
f 3626//13 4666//13 4677//13
f 3626//6 3629//6 4666//6
f 3626//12 4679//12 4680//12
f 3626//11 4678//11 4679//11
f 3515//12 4681//12 4668//12
f 3515//5 4668//5 3512//5
f 4682//11 3835//11 3836//11
f 4682//17 4673//17 3835//17
f 3846//5 3847//5 4674//5
f 3846//13 4674//13 4683//13
f 4684//6 4685//6 4676//6
f 4684//6 4676//6 4675//6
f 4686//5 3836//5 3837//5
f 4686//12 4682//12 3836//12
f 3845//6 3846//6 4683//6
f 3845//16 4683//16 4687//16
f 4688//6 4689//6 4685//6
f 4688//6 4685//6 4684//6
f 3623//6 4680//6 4690//6
f 3623//6 3626//6 4680//6
f 3518//1499 4691//1499 4681//1499
f 3518//1494 4692//1494 4691//1494
f 3518//10 4693//10 4692//10
f 3518//2556 4694//2556 4693//2556
f 3518//6 4681//6 3515//6
f 3844//12 3845//12 4687//12
f 3844//5 4687//5 4695//5
f 4696//13 3837//13 3838//13
f 4696//1512 4686//1512 3837//1512
f 4697//12 4698//12 4689//12
f 4697//5 4689//5 4688//5
f 3843//5 4695//5 4699//5
f 3843//5 3844//5 4695//5
f 4700//6 4701//6 4698//6
f 4702//16 3838//16 3839//16
f 4702//6 4696//6 3838//6
f 3620//13 3623//13 4690//13
f 3620//5 4690//5 4703//5
f 3842//5 3843//5 4699//5
f 3842//5 4699//5 4704//5
f 3521//6 4694//6 3518//6
f 3521//5 4705//5 4694//5
f 3521//6 4706//6 4705//6
f 3521//5 4707//5 4706//5
f 4708//1496 4700//1496 4709//1496
f 4710//10 4708//10 4709//10
f 4710//7 4709//7 4711//7
f 4712//1494 4700//1494 4708//1494
f 4713//5 4711//5 4714//5
f 4713//5 4710//5 4711//5
f 4715//2549 4700//2549 4712//2549
f 4715//7 4701//7 4700//7
f 4716//5 4714//5 4717//5
f 4716//13 4713//13 4714//13
f 4718//2552 4719//2552 4707//2552
f 4718//5 4720//5 4719//5
f 4718//13 4721//13 4720//13
f 4722//5 4723//5 4701//5
f 4722//5 4701//5 4715//5
f 4724//2556 4717//2556 4725//2556
f 4724//12 4716//12 4717//12
f 4726//13 3839//13 3831//13
f 4726//6 4702//6 3839//6
f 3841//6 4704//6 4727//6
f 3841//11 3842//11 4704//11
f 4728//6 4723//6 4722//6
f 4729//10 4725//10 4730//10
f 4729//1494 4724//1494 4725//1494
f 4731//12 4721//12 4718//12
f 4731//9 4732//9 4721//9
f 4733//16 4723//16 4728//16
f 4733//13 4734//13 4723//13
f 4735//6 4730//6 4736//6
f 4735//10 4729//10 4730//10
f 4737//1496 4738//1496 4732//1496
f 4737//1496 4732//1496 4731//1496
f 4739//16 4740//16 4738//16
f 4739//5 4738//5 4737//5
f 4741//12 4734//12 4733//12
f 3840//13 3841//13 4727//13
f 4742//5 4736//5 4743//5
f 4742//13 4735//13 4736//13
f 4744//13 4726//13 3831//13
f 4744//6 3831//6 3830//6
f 4745//17 4746//17 4740//17
f 4745//1496 4740//1496 4739//1496
f 4747//1495 4743//1495 4748//1495
f 4747//13 4742//13 4743//13
f 3850//5 4727//5 4749//5
f 3850//5 3840//5 4727//5
f 4750//2565 4751//2565 4746//2565
f 4750//1528 4746//1528 4745//1528
f 4752//1494 4747//1494 4748//1494
f 4752//6 4748//6 4753//6
f 4754//6 4755//6 4751//6
f 4754//16 4751//16 4750//16
f 4756//11 4752//11 4753//11
f 4756//11 4753//11 4757//11
f 3617//6 3620//6 4703//6
f 3617//7 4703//7 4758//7
f 4759//12 4734//12 4741//12
f 4759//5 4760//5 4734//5
f 4761//6 4755//6 4754//6
f 4761//6 4762//6 4755//6
f 4763//2545 4756//2545 4757//2545
f 4763//13 4757//13 4764//13
f 4765//1494 4766//1494 4762//1494
f 4765//5 4762//5 4761//5
f 4767//1527 4763//1527 4764//1527
f 4767//10 4764//10 4768//10
f 3524//5 4718//5 4707//5
f 3524//5 4707//5 3521//5
f 4769//16 4766//16 4765//16
f 4769//1494 4770//1494 4766//1494
f 4771//10 4770//10 4769//10
f 4771//11 4767//11 4768//11
f 4771//1496 4768//1496 4770//1496
f 3851//16 3850//16 4749//16
f 4772//6 4744//6 3830//6
f 4772//6 3830//6 3829//6
f 4773//6 4774//6 4760//6
f 4773//13 4760//13 4759//13
f 3852//13 3851//13 4749//13
f 3852//6 4749//6 4775//6
f 4776//6 4775//6 4777//6
f 4778//6 4774//6 4773//6
f 4778//6 4779//6 4774//6
f 4780//11 3829//11 3828//11
f 4780//11 4772//11 3829//11
f 4781//6 4777//6 4782//6
f 4783//6 4779//6 4778//6
f 4783//11 4784//11 4779//11
f 3853//6 4775//6 4776//6
f 3853//6 3852//6 4775//6
f 4785//11 4781//11 4782//11
f 4785//16 4782//16 4786//16
f 4787//11 4784//11 4783//11
f 4787//6 4788//6 4784//6
f 4789//13 4786//13 4790//13
f 4789//13 4785//13 4786//13
f 4791//5 4790//5 4788//5
f 4791//5 4788//5 4787//5
f 4791//6 4789//6 4790//6
f 3854//12 3853//12 4776//12
f 4792//2566 3828//2566 3827//2566
f 4792//12 4780//12 3828//12
f 3614//6 4758//6 4793//6
f 3614//5 3617//5 4758//5
f 4794//6 4795//6 3527//6
f 3855//13 4776//13 4796//13
f 3855//5 3854//5 4776//5
f 4797//13 4792//13 3827//13
f 4797//11 3827//11 3826//11
f 3856//11 4796//11 4798//11
f 3856//16 3855//16 4796//16
f 4799//6 3826//6 3825//6
f 4799//11 4797//11 3826//11
f 3857//13 3856//13 4798//13
f 3857//6 4798//6 4800//6
f 3611//5 4793//5 4801//5
f 3611//6 3614//6 4793//6
f 3530//12 4794//12 3527//12
f 3530//12 4802//12 4794//12
f 4803//1512 3825//1512 3824//1512
f 4803//12 4799//12 3825//12
f 3858//10 4800//10 4804//10
f 3858//14 3857//14 4800//14
f 4805//2549 3824//2549 3823//2549
f 4805//16 4803//16 3824//16
f 3859//10 4804//10 4806//10
f 3859//10 3858//10 4804//10
f 4807//2550 3823//2550 3822//2550
f 4807//6 4805//6 3823//6
f 3608//6 4801//6 4808//6
f 3608//5 3611//5 4801//5
f 3533//6 4802//6 3530//6
f 3533//6 4809//6 4802//6
f 3860//1512 4806//1512 4810//1512
f 3860//1499 3859//1499 4806//1499
f 4811//5 4807//5 3822//5
f 4811//15 3822//15 3821//15
f 4812//13 3821//13 3820//13
f 4812//13 4811//13 3821//13
f 3861//5 4810//5 4813//5
f 3861//5 3860//5 4810//5
f 3605//6 3608//6 4808//6
f 3605//6 4808//6 4814//6
f 3536//6 4809//6 3533//6
f 3536//16 4815//16 4809//16
f 4816//2550 3820//2550 3819//2550
f 4816//10 4812//10 3820//10
f 3862//9 4813//9 4817//9
f 3862//12 3861//12 4813//12
f 4818//15 3819//15 3818//15
f 4818//16 4816//16 3819//16
f 3878//12 4817//12 4819//12
f 3878//1494 3862//1494 4817//1494
f 4820//5 3818//5 3817//5
f 4820//13 4818//13 3818//13
f 3602//6 4814//6 4821//6
f 3602//6 3605//6 4814//6
f 3539//11 4815//11 3536//11
f 3539//11 4822//11 4815//11
f 3877//16 3878//16 4819//16
f 3877//6 4819//6 4823//6
f 4824//2549 4820//2549 3817//2549
f 4824//1495 3817//1495 3816//1495
f 3876//11 3877//11 4823//11
f 3876//17 4823//17 4825//17
f 4826//2549 3815//2549 3814//2549
f 4826//14 3816//14 3815//14
f 4826//2550 4824//2550 3816//2550
f 3875//15 3876//15 4825//15
f 3875//13 4825//13 4827//13
f 3599//6 4821//6 4828//6
f 3599//6 3602//6 4821//6
f 3542//6 4822//6 3539//6
f 3542//6 4829//6 4822//6
f 3874//1499 4827//1499 4830//1499
f 3874//11 3875//11 4827//11
f 3873//11 4830//11 4831//11
f 3873//1496 3874//1496 4830//1496
f 3596//6 3599//6 4828//6
f 3545//5 4829//5 3542//5
f 3545//12 4832//12 4829//12
f 3872//16 4831//16 4833//16
f 3872//6 3873//6 4831//6
f 3871//12 4833//12 4834//12
f 3871//12 3872//12 4833//12
f 3870//13 4834//13 4835//13
f 3870//13 3871//13 4834//13
f 3593//12 4826//12 3814//12
f 3593//2549 3812//2549 3811//2549
f 3593//2549 3813//2549 3812//2549
f 3593//1494 3814//1494 3813//1494
f 3593//12 3596//12 4826//12
f 3869//1494 4835//1494 4836//1494
f 3869//6 3870//6 4835//6
f 3548//18 4837//18 4832//18
f 3548//5 4832//5 3545//5
f 3868//9 4836//9 4838//9
f 3868//2556 3869//2556 4836//2556
f 3867//12 3868//12 4838//12
f 3867//12 4838//12 4839//12
f 3866//9 3867//9 4839//9
f 3866//13 4839//13 4840//13
f 3590//15 3810//15 3809//15
f 3590//2546 3811//2546 3810//2546
f 3590//6 3593//6 3811//6
f 3865//16 3866//16 4840//16
f 3865//6 4840//6 4841//6
f 3551//16 4842//16 4837//16
f 3551//13 4837//13 3548//13
f 3864//11 4841//11 4843//11
f 3864//11 3865//11 4841//11
f 3863//17 4844//17 4845//17
f 3863//15 4846//15 4844//15
f 3863//6 4843//6 4846//6
f 3863//13 3864//13 4843//13
f 3554//11 4842//11 3551//11
f 3554//13 4847//13 4842//13
f 3554//6 4848//6 4847//6
f 3554//16 4849//16 4848//16
f 3557//2552 4850//2552 4849//2552
f 3557//1494 4851//1494 4850//1494
f 3557//13 4852//13 4851//13
f 3557//9 4845//9 4852//9
f 3557//16 4849//16 3554//16
f 3584//6 3587//6 3887//6
f 3584//6 3887//6 3886//6
f 3560//6 4845//6 3557//6
f 3560//6 3863//6 4845//6
f 3581//6 3584//6 3886//6
f 3581//10 3886//10 3885//10
f 3578//6 3884//6 3883//6
f 3578//5 3885//5 3884//5
f 3578//1496 3581//1496 3885//1496
f 3566//16 3879//16 3563//16
f 3566//12 3880//12 3879//12
f 3575//11 3578//11 3883//11
f 3575//6 3883//6 3882//6
f 3569//12 3881//12 3880//12
f 3569//12 3880//12 3566//12
f 3572//12 3882//12 3881//12
f 3572//12 3881//12 3569//12
f 3572//12 3575//12 3882//12
f 3879//6 3863//6 3560//6
f 3879//6 3560//6 3563//6
f 3849//6 3832//6 4654//6
f 3800//16 3784//16 3704//16
f 3800//16 3704//16 3707//16
f 3770//6 3753//6 4170//6
f 3958//16 3942//16 3416//16
f 3958//6 3416//6 3419//6
f 3928//12 3911//12 4427//12
f 4301//5 4309//5 4306//5
f 4046//6 4024//6 3383//6
f 3383//11 4024//11 3380//11
f 4118//12 4089//12 4126//12
f 4094//5 4132//5 3308//5
f 4585//6 4602//6 4588//6
f 4344//11 4331//11 3452//11
f 4259//6 4237//6 4248//6
f 4431//6 4447//6 3671//6
f 3671//6 4447//6 3668//6
f 4697//6 4700//6 4698//6
f 4534//7 4503//7 3488//7
f 4207//6 4204//6 4212//6
f 3979//6 3981//6 3344//6
f 4354//6 4339//6 4342//6
f 4638//5 4650//5 3632//5
f 4781//6 4776//6 4777//6
f 4795//6 4718//6 3527//6
f 3527//6 4718//6 3524//6
f 4491//16 4484//16 4486//16
f 4828//5 4826//5 3596//5
f 3564//1485 3567//1485 4853//1485
f 4853//1475 3567//1475 4854//1475
f 4853//1475 3561//1475 3564//1475
f 4855//1475 3561//1475 4853//1475
f 3567//1475 3570//1475 4854//1475
f 4854//1475 3570//1475 4856//1475
f 4856//1475 3570//1475 4857//1475
f 4855//1475 3558//1475 3561//1475
f 4858//1475 3558//1475 4859//1475
f 4859//1485 3558//1485 4855//1485
f 3570//1475 3573//1475 4857//1475
f 4858//1478 3555//1478 3558//1478
f 3573//1478 3576//1478 4857//1478
f 4857//1475 3576//1475 4860//1475
f 4858//1475 3552//1475 3555//1475
f 4861//1475 3552//1475 4862//1475
f 4862//1475 3552//1475 4858//1475
f 3576//1478 3579//1478 4860//1478
f 4860//1475 3579//1475 4863//1475
f 4863//1475 3579//1475 4864//1475
f 4861//1502 3549//1502 3552//1502
f 4865//1475 3549//1475 4861//1475
f 3579//1475 3582//1475 4864//1475
f 4865//1475 3546//1475 3549//1475
f 3582//1475 3585//1475 4864//1475
f 4864//1475 3585//1475 4866//1475
f 4866//1475 3585//1475 4867//1475
f 4865//1475 3543//1475 3546//1475
f 4868//1475 3543//1475 4865//1475
f 3585//1475 3588//1475 4867//1475
f 4867//1475 3588//1475 4869//1475
f 4868//1502 3540//1502 3543//1502
f 4870//1475 3540//1475 4871//1475
f 4871//1475 3540//1475 4868//1475
f 3588//1475 3591//1475 4869//1475
f 4870//1475 3537//1475 3540//1475
f 3591//1485 3594//1485 4869//1485
f 4869//1475 3594//1475 4872//1475
f 4870//1475 3534//1475 3537//1475
f 4873//1478 3534//1478 4870//1478
f 4872//1475 3597//1475 4874//1475
f 3594//1475 3597//1475 4872//1475
f 4875//1478 3531//1478 4876//1478
f 4876//1475 3531//1475 4873//1475
f 4873//1478 3531//1478 3534//1478
f 4874//1475 3600//1475 4877//1475
f 3597//1475 3600//1475 4874//1475
f 4875//1475 3528//1475 3531//1475
f 4877//1478 3603//1478 4878//1478
f 3600//1475 3603//1475 4877//1475
f 4879//1475 3525//1475 4880//1475
f 4880//1475 3525//1475 4875//1475
f 4875//1475 3525//1475 3528//1475
f 4878//1475 3606//1475 4881//1475
f 3603//1485 3606//1485 4878//1485
f 4879//1478 3522//1478 3525//1478
f 4881//1478 3609//1478 4882//1478
f 4882//1493 3609//1493 4883//1493
f 3606//1474 3609//1474 4881//1474
f 4879//1475 3519//1475 3522//1475
f 4884//1478 3519//1478 4879//1478
f 3609//1475 3612//1475 4883//1475
f 4884//1475 3516//1475 3519//1475
f 4885//1475 3516//1475 4884//1475
f 4883//1482 3615//1482 4886//1482
f 3612//1482 3615//1482 4883//1482
f 4885//1475 3513//1475 3516//1475
f 4887//1475 3513//1475 4888//1475
f 4888//1475 3513//1475 4885//1475
f 4886//1475 3618//1475 4889//1475
f 3615//1475 3618//1475 4886//1475
f 4887//1502 3510//1502 3513//1502
f 4889//1475 3621//1475 4890//1475
f 3618//1475 3621//1475 4889//1475
f 4887//1502 3507//1502 3510//1502
f 4891//1475 3507//1475 4887//1475
f 4890//1474 3624//1474 4892//1474
f 3621//1474 3624//1474 4890//1474
f 4891//1475 3504//1475 3507//1475
f 4893//1478 3504//1478 4891//1478
f 3624//1475 3627//1475 4892//1475
f 4892//1521 3627//1521 4894//1521
f 4893//1475 3501//1475 3504//1475
f 4895//1475 3501//1475 4893//1475
f 4894//1475 3630//1475 4896//1475
f 3627//1482 3630//1482 4894//1482
f 4895//1475 3498//1475 3501//1475
f 4897//1478 3498//1478 4895//1478
f 4896//1475 3633//1475 4898//1475
f 3630//1474 3633//1474 4896//1474
f 4899//1475 3495//1475 4897//1475
f 4897//1478 3495//1478 3498//1478
f 4898//1475 3636//1475 4900//1475
f 4900//1475 3636//1475 4901//1475
f 3633//1475 3636//1475 4898//1475
f 4899//1475 3492//1475 3495//1475
f 4902//1478 3492//1478 4899//1478
f 4901//1475 3639//1475 4903//1475
f 3636//1475 3639//1475 4901//1475
f 4904//1478 3489//1478 4902//1478
f 4902//1475 3489//1475 3492//1475
f 3639//1475 3642//1475 4903//1475
f 4905//1475 3486//1475 4904//1475
f 4904//1478 3486//1478 3489//1478
f 3642//1475 4906//1475 4903//1475
f 4905//1478 4907//1478 3486//1478
f 3642//1476 3645//1476 4906//1476
f 4907//1475 3483//1475 3486//1475
f 4906//1475 3648//1475 4908//1475
f 3645//1475 3648//1475 4906//1475
f 4907//1475 3480//1475 3483//1475
f 4909//1475 3480//1475 4907//1475
f 3648//1475 3651//1475 4908//1475
f 4908//1475 3651//1475 4910//1475
f 4911//1475 3477//1475 4909//1475
f 4909//1475 3477//1475 3480//1475
f 3651//1475 3654//1475 4910//1475
f 4910//1475 3654//1475 4912//1475
f 4911//1475 3474//1475 3477//1475
f 4913//1478 3474//1478 4911//1478
f 4913//1475 4914//1475 3474//1475
f 4912//1475 3657//1475 4915//1475
f 3654//1475 3657//1475 4912//1475
f 4914//1475 3471//1475 3474//1475
f 4915//1475 3660//1475 4916//1475
f 3657//1474 3660//1474 4915//1474
f 4914//1478 3468//1478 3471//1478
f 4917//1475 3468//1475 4914//1475
f 3660//1475 4918//1475 4916//1475
f 3660//1478 3663//1478 4918//1478
f 4917//1475 3465//1475 3468//1475
f 4919//1475 3465//1475 4917//1475
f 4919//1475 4920//1475 3465//1475
f 3663//1475 3666//1475 4918//1475
f 4918//1475 3666//1475 4921//1475
f 4920//1475 3462//1475 3465//1475
f 3666//1475 3669//1475 4921//1475
f 4921//1475 3669//1475 4922//1475
f 4923//1478 3459//1478 4920//1478
f 4920//1475 3459//1475 3462//1475
f 4922//1478 3672//1478 4924//1478
f 3669//1476 3672//1476 4922//1476
f 4923//1475 4925//1475 3459//1475
f 3459//1475 4925//1475 3456//1475
f 3672//1475 4926//1475 4924//1475
f 3675//1475 4926//1475 3672//1475
f 4925//1475 4927//1475 3456//1475
f 3456//1476 4927//1476 3453//1476
f 3675//1475 3678//1475 4926//1475
f 4927//1475 3450//1475 3453//1475
f 3678//1476 4928//1476 4926//1476
f 4927//1502 4929//1502 3450//1502
f 3678//1475 3681//1475 4928//1475
f 3681//1475 4930//1475 4928//1475
f 3450//1475 4931//1475 3447//1475
f 4929//1475 4931//1475 3450//1475
f 3681//1478 4932//1478 4930//1478
f 3684//1475 4932//1475 3681//1475
f 4931//1475 4933//1475 3447//1475
f 3447//1478 4933//1478 3444//1478
f 3684//1475 4934//1475 4932//1475
f 3687//1478 4934//1478 3684//1478
f 4933//1475 4935//1475 3444//1475
f 3444//1474 4935//1474 3441//1474
f 3687//1475 3690//1475 4934//1475
f 3690//1475 4936//1475 4934//1475
f 4935//1475 4937//1475 3441//1475
f 3441//1475 4937//1475 3438//1475
f 3690//1475 3693//1475 4936//1475
f 3693//1475 4938//1475 4936//1475
f 4937//1475 4939//1475 3438//1475
f 3438//1475 4939//1475 3435//1475
f 4939//1475 3432//1475 3435//1475
f 3693//1502 4940//1502 4938//1502
f 3696//1475 4940//1475 3693//1475
f 4939//1475 4941//1475 3432//1475
f 3696//1475 4942//1475 4940//1475
f 3699//1475 4942//1475 3696//1475
f 4941//1475 4943//1475 3432//1475
f 3432//1475 4943//1475 3429//1475
f 3699//1478 4944//1478 4942//1478
f 3702//1475 4944//1475 3699//1475
f 4943//1478 4945//1478 3429//1478
f 3429//1493 4945//1493 3426//1493
f 3702//1475 4946//1475 4944//1475
f 3705//1478 4946//1478 3702//1478
f 4945//1475 4947//1475 3426//1475
f 3426//1475 4947//1475 3423//1475
f 3705//1478 4948//1478 4946//1478
f 3708//1475 4948//1475 3705//1475
f 4947//1475 4949//1475 3423//1475
f 3423//1475 4949//1475 3420//1475
f 3708//1475 4950//1475 4948//1475
f 3711//1475 4950//1475 3708//1475
f 4949//1475 4951//1475 3420//1475
f 3420//1475 4951//1475 3417//1475
f 3711//1475 4952//1475 4950//1475
f 3714//1478 4952//1478 3711//1478
f 3417//1474 4953//1474 3414//1474
f 4951//1475 4953//1475 3417//1475
f 3717//1475 4954//1475 3714//1475
f 3720//1475 4954//1475 3717//1475
f 3714//1478 4954//1478 4952//1478
f 3411//1478 4955//1478 3408//1478
f 3414//1521 4955//1521 3411//1521
f 4953//1475 4955//1475 3414//1475
f 3720//1475 4956//1475 4954//1475
f 4955//1478 4957//1478 3408//1478
f 3720//1475 4958//1475 4956//1475
f 3723//1475 4958//1475 3720//1475
f 4957//1502 4959//1502 3408//1502
f 3405//1475 4959//1475 3402//1475
f 3408//1474 4959//1474 3405//1474
f 3723//1475 4960//1475 4958//1475
f 3300//1502 4960//1502 3723//1502
f 4959//1475 4961//1475 3402//1475
f 3402//1475 4961//1475 3399//1475
f 3300//1475 4962//1475 4960//1475
f 3299//1478 4962//1478 3300//1478
f 4961//1475 4963//1475 3399//1475
f 3299//1478 4964//1478 4962//1478
f 3301//1475 4964//1475 3299//1475
f 4963//1475 4965//1475 3399//1475
f 3399//1485 4965//1485 3396//1485
f 3301//1475 4966//1475 4964//1475
f 3303//1475 4966//1475 3301//1475
f 4965//1502 4967//1502 3396//1502
f 3396//1478 4967//1478 3393//1478
f 3303//1478 4968//1478 4966//1478
f 3306//1475 4968//1475 3303//1475
f 4967//1478 4969//1478 3393//1478
f 3393//1474 4969//1474 3390//1474
f 3306//1475 4970//1475 4968//1475
f 3309//1478 4970//1478 3306//1478
f 3312//1475 4970//1475 3309//1475
f 4969//1475 4971//1475 3390//1475
f 3387//1475 4971//1475 3384//1475
f 3390//1485 4971//1485 3387//1485
f 3312//1478 4972//1478 4970//1478
f 4971//1475 4973//1475 3384//1475
f 3315//1475 4974//1475 3312//1475
f 3312//1478 4974//1478 4972//1478
f 3384//1475 4975//1475 3381//1475
f 4973//1475 4975//1475 3384//1475
f 3318//1478 4976//1478 3315//1478
f 3315//1475 4976//1475 4974//1475
f 4975//1475 4977//1475 3381//1475
f 3381//1475 4977//1475 3378//1475
f 3318//1478 4978//1478 4976//1478
f 3321//1475 4978//1475 3318//1475
f 3324//1475 4978//1475 3321//1475
f 4977//1475 4979//1475 3378//1475
f 3375//1475 4979//1475 3372//1475
f 3378//1485 4979//1485 3375//1485
f 3324//1475 4980//1475 4978//1475
f 4979//1475 4981//1475 3372//1475
f 3324//1475 4982//1475 4980//1475
f 3327//1475 4982//1475 3324//1475
f 3369//1475 4983//1475 3366//1475
f 3372//1475 4983//1475 3369//1475
f 4981//1475 4983//1475 3372//1475
f 4983//1475 4984//1475 3366//1475
f 3330//1475 4985//1475 3327//1475
f 3327//1478 4985//1478 4982//1478
f 4984//1475 4986//1475 3366//1475
f 3366//1475 4986//1475 3363//1475
f 3333//1475 4987//1475 3330//1475
f 3330//1475 4987//1475 4985//1475
f 4986//1475 4988//1475 3363//1475
f 3360//1478 4988//1478 3357//1478
f 3363//1478 4988//1478 3360//1478
f 3333//1502 4989//1502 4987//1502
f 3336//1502 4989//1502 3333//1502
f 3336//1475 4990//1475 4989//1475
f 3339//1475 4990//1475 3336//1475
f 3342//1478 4990//1478 3339//1478
f 4988//1475 4991//1475 3357//1475
f 3342//1475 4992//1475 4990//1475
f 4991//1478 4993//1478 3357//1478
f 3357//1475 4993//1475 3354//1475
f 3342//1485 4994//1485 4992//1485
f 3345//1474 4994//1474 3342//1474
f 4993//1502 4995//1502 3354//1502
f 3354//1475 4995//1475 3351//1475
f 3345//1475 4996//1475 4994//1475
f 4995//1475 4996//1475 3351//1475
f 3348//1502 4996//1502 3345//1502
f 3351//1478 4996//1478 3348//1478
f 3574//6 3571//6 4997//6
f 3574//5 4997//5 4998//5
f 3568//6 4997//6 3571//6
f 3568//6 4999//6 4997//6
f 3577//5 3574//5 4998//5
f 3577//6 4998//6 5000//6
f 3577//6 5000//6 5001//6
f 3565//6 4999//6 3568//6
f 3565//6 5002//6 5003//6
f 3565//6 5003//6 4999//6
f 3580//6 3577//6 5001//6
f 3562//5 5002//5 3565//5
f 3583//6 3580//6 5001//6
f 3583//6 5001//6 5004//6
f 3559//6 5002//6 3562//6
f 3559//6 5005//6 5006//6
f 3559//6 5006//6 5002//6
f 3586//5 3583//5 5004//5
f 3586//6 5004//6 5007//6
f 3586//6 5007//6 5008//6
f 3556//5 5005//5 3559//5
f 3556//5 5009//5 5005//5
f 3589//6 3586//6 5008//6
f 3553//6 5009//6 3556//6
f 3592//6 3589//6 5008//6
f 3592//5 5008//5 5010//5
f 3592//7 5010//7 5011//7
f 3550//6 5009//6 3553//6
f 3550//6 5012//6 5009//6
f 3595//16 3592//16 5011//16
f 3595//6 5011//6 5013//6
f 3547//6 5012//6 3550//6
f 3547//6 5014//6 5015//6
f 3547//6 5015//6 5012//6
f 3598//6 3595//6 5013//6
f 3544//6 5014//6 3547//6
f 3601//6 3598//6 5013//6
f 3601//6 5013//6 5016//6
f 3541//6 5014//6 3544//6
f 3541//6 5017//6 5014//6
f 3604//6 5016//6 5018//6
f 3604//6 3601//6 5016//6
f 3538//6 5019//6 5020//6
f 3538//6 5020//6 5017//6
f 3538//6 5017//6 3541//6
f 3607//6 5018//6 5021//6
f 3607//6 3604//6 5018//6
f 3535//6 5019//6 3538//6
f 3610//6 5021//6 5022//6
f 3610//6 3607//6 5021//6
f 3532//6 5023//6 5024//6
f 3532//5 5024//5 5019//5
f 3532//5 5019//5 3535//5
f 3613//6 5022//6 5025//6
f 3613//16 3610//16 5022//16
f 3529//6 5023//6 3532//6
f 3616//5 5025//5 5026//5
f 3616//5 5026//5 5027//5
f 3616//13 3613//13 5025//13
f 3526//5 5023//5 3529//5
f 3526//6 5028//6 5023//6
f 3619//5 3616//5 5027//5
f 3523//6 5028//6 3526//6
f 3523//6 5029//6 5028//6
f 3622//6 5027//6 5030//6
f 3622//16 3619//16 5027//16
f 3520//6 5029//6 3523//6
f 3520//6 5031//6 5032//6
f 3520//5 5032//5 5029//5
f 3625//6 5030//6 5033//6
f 3625//6 3622//6 5030//6
f 3517//6 5031//6 3520//6
f 3628//6 5033//6 5034//6
f 3628//6 3625//6 5033//6
f 3514//6 5031//6 3517//6
f 3514//6 5035//6 5031//6
f 3631//7 5034//7 5036//7
f 3631//13 3628//13 5034//13
f 3511//6 5035//6 3514//6
f 3511//6 5037//6 5035//6
f 3634//5 3631//5 5036//5
f 3634//5 5036//5 5038//5
f 3508//5 5037//5 3511//5
f 3508//6 5039//6 5037//6
f 3637//6 5038//6 5040//6
f 3637//11 3634//11 5038//11
f 3505//6 5039//6 3508//6
f 3505//5 5041//5 5039//5
f 3640//7 5040//7 5042//7
f 3640//13 3637//13 5040//13
f 3502//6 5043//6 5041//6
f 3502//6 5041//6 3505//6
f 3643//6 5042//6 5044//6
f 3643//6 5044//6 5045//6
f 3643//6 3640//6 5042//6
f 3499//6 5043//6 3502//6
f 3499//6 5046//6 5043//6
f 3646//6 5045//6 5047//6
f 3646//6 3643//6 5045//6
f 3496//5 5048//5 5046//5
f 3496//5 5046//5 3499//5
f 3649//6 3646//6 5047//6
f 3493//6 5049//6 5048//6
f 3493//5 5048//5 3496//5
f 5050//6 3649//6 5047//6
f 5051//6 5049//6 3493//6
f 3652//6 3649//6 5050//6
f 3490//6 5051//6 3493//6
f 3655//6 5050//6 5052//6
f 3655//6 3652//6 5050//6
f 3487//6 5051//6 3490//6
f 3487//5 5053//5 5051//5
f 3658//12 3655//12 5052//12
f 3658//7 5052//7 5054//7
f 3484//6 5055//6 5053//6
f 3484//6 5053//6 3487//6
f 3661//6 3658//6 5054//6
f 3661//12 5054//12 5056//12
f 3481//6 5055//6 3484//6
f 3481//6 5057//6 5055//6
f 5058//5 5057//5 3481//5
f 3664//6 5056//6 5059//6
f 3664//6 3661//6 5056//6
f 3478//5 5058//5 3481//5
f 3667//6 5059//6 5060//6
f 3667//13 3664//13 5059//13
f 3475//6 5058//6 3478//6
f 3475//6 5061//6 5058//6
f 5062//6 3667//6 5060//6
f 3670//6 3667//6 5062//6
f 3472//6 5061//6 3475//6
f 3472//6 5063//6 5061//6
f 5064//6 5063//6 3472//6
f 3673//6 3670//6 5062//6
f 3673//6 5062//6 5065//6
f 3469//6 5064//6 3472//6
f 3676//5 3673//5 5065//5
f 3676//6 5065//6 5066//6
f 3466//5 5067//5 5064//5
f 3466//6 5064//6 3469//6
f 3679//12 5066//12 5068//12
f 3679//7 3676//7 5066//7
f 5069//6 5067//6 3466//6
f 5069//6 3466//6 3463//6
f 5070//6 3679//6 5068//6
f 5070//6 3682//6 3679//6
f 5071//6 5069//6 3463//6
f 5071//12 3463//12 3460//12
f 3685//6 3682//6 5070//6
f 3457//6 5071//6 3460//6
f 5072//6 3685//6 5070//6
f 5073//5 5071//5 3457//5
f 3688//5 3685//5 5072//5
f 5074//6 3688//6 5072//6
f 5075//6 3457//6 3454//6
f 5075//6 5073//6 3457//6
f 5076//7 3688//7 5074//7
f 5076//6 3691//6 3688//6
f 5077//7 5075//7 3454//7
f 5077//6 3454//6 3451//6
f 5078//6 3691//6 5076//6
f 5078//5 3694//5 3691//5
f 5079//5 5077//5 3451//5
f 5079//5 3451//5 3448//5
f 3697//6 3694//6 5078//6
f 5080//5 3697//5 5078//5
f 5081//6 5079//6 3448//6
f 5081//6 3448//6 3445//6
f 3700//6 3697//6 5080//6
f 5082//6 3700//6 5080//6
f 5083//7 5081//7 3445//7
f 5083//7 3445//7 3442//7
f 3439//6 5083//6 3442//6
f 5084//6 3700//6 5082//6
f 5084//5 3703//5 3700//5
f 5085//6 5083//6 3439//6
f 5086//6 3703//6 5084//6
f 5086//6 3706//6 3703//6
f 5087//6 5085//6 3439//6
f 5087//6 3439//6 3436//6
f 5088//6 3706//6 5086//6
f 5088//5 3709//5 3706//5
f 5089//6 5087//6 3436//6
f 5089//6 3436//6 3433//6
f 5090//6 3709//6 5088//6
f 5090//6 3712//6 3709//6
f 5091//6 5089//6 3433//6
f 5091//6 3433//6 3430//6
f 5092//6 3712//6 5090//6
f 5092//6 3715//6 3712//6
f 5093//6 5091//6 3430//6
f 5093//6 3430//6 3427//6
f 5094//5 3715//5 5092//5
f 5094//7 3718//7 3715//7
f 5095//6 5093//6 3427//6
f 5095//6 3427//6 3424//6
f 5096//6 3718//6 5094//6
f 5096//6 3721//6 3718//6
f 5097//11 3424//11 3421//11
f 5097//6 5095//6 3424//6
f 5098//5 3724//5 3721//5
f 5098//6 3726//6 3724//6
f 5098//6 3721//6 5096//6
f 5099//6 3418//6 3415//6
f 5099//6 3421//6 3418//6
f 5099//7 5097//7 3421//7
f 5100//6 3726//6 5098//6
f 5101//6 5099//6 3415//6
f 5102//5 3726//5 5100//5
f 5102//6 3728//6 3726//6
f 5103//13 5101//13 3415//13
f 5103//11 3412//11 3409//11
f 5103//13 3415//13 3412//13
f 5104//7 3728//7 5102//7
f 5104//6 3302//6 3728//6
f 5105//11 5103//11 3409//11
f 5105//13 3409//13 3406//13
f 5106//6 3302//6 5104//6
f 5106//6 3304//6 3302//6
f 5107//13 5105//13 3406//13
f 5108//6 3304//6 5106//6
f 5108//6 3307//6 3304//6
f 5109//11 5107//11 3406//11
f 5109//11 3406//11 3403//11
f 5110//6 3307//6 5108//6
f 5110//5 3310//5 3307//5
f 5111//6 5109//6 3403//6
f 5111//6 3403//6 3400//6
f 5112//5 3310//5 5110//5
f 5112//6 3313//6 3310//6
f 5113//6 5111//6 3400//6
f 5113//5 3400//5 3397//5
f 5114//6 3313//6 5112//6
f 5114//6 3316//6 3313//6
f 5114//6 3319//6 3316//6
f 5115//5 5113//5 3397//5
f 5115//6 3394//6 3391//6
f 5115//13 3397//13 3394//13
f 5116//6 3319//6 5114//6
f 5117//6 5115//6 3391//6
f 5118//5 3322//5 3319//5
f 5118//5 3319//5 5116//5
f 5119//6 3391//6 3388//6
f 5119//6 5117//6 3391//6
f 5120//5 3325//5 3322//5
f 5120//6 3322//6 5118//6
f 5121//6 5119//6 3388//6
f 5121//6 3388//6 3385//6
f 5122//6 3325//6 5120//6
f 5122//6 3328//6 3325//6
f 5122//6 3331//6 3328//6
f 5123//6 5121//6 3385//6
f 5123//6 3382//6 3379//6
f 5123//6 3385//6 3382//6
f 5124//5 3331//5 5122//5
f 5125//6 5123//6 3379//6
f 5126//6 3331//6 5124//6
f 5126//6 3334//6 3331//6
f 5127//7 3376//7 3373//7
f 5127//6 3379//6 3376//6
f 5127//6 5125//6 3379//6
f 5128//7 5127//7 3373//7
f 5129//6 3337//6 3334//6
f 5129//6 3334//6 5126//6
f 5130//5 5128//5 3373//5
f 5130//6 3373//6 3370//6
f 5131//5 3340//5 3337//5
f 5131//5 3337//5 5129//5
f 5132//6 5130//6 3370//6
f 5132//6 3367//6 3364//6
f 5132//5 3370//5 3367//5
f 5133//6 3340//6 5131//6
f 5133//6 3343//6 3340//6
f 5134//6 3343//6 5133//6
f 5134//6 3346//6 3343//6
f 5134//6 3349//6 3346//6
f 5135//5 5132//5 3364//5
f 5136//6 3349//6 5134//6
f 5137//6 5135//6 3364//6
f 5137//5 3364//5 3361//5
f 5138//5 3349//5 5136//5
f 5138//6 3352//6 3349//6
f 5139//5 5137//5 3361//5
f 5139//6 3361//6 3358//6
f 5140//6 3352//6 5138//6
f 5140//6 5139//6 3358//6
f 5140//6 3355//6 3352//6
f 5140//5 3358//5 3355//5
f 5141//2567 5142//2567 4227//2567
f 5141//2567 4227//2567 4223//2567
f 5143//2568 4223//2568 4222//2568
f 5143//2568 5141//2568 4223//2568
f 5144//2569 4222//2569 4217//2569
f 5144//2569 5143//2569 4222//2569
f 5145//2570 4217//2570 4208//2570
f 5145//2571 5144//2571 4217//2571
f 5146//2572 4208//2572 4205//2572
f 5146//2573 5145//2573 4208//2573
f 5147//2574 4205//2574 4200//2574
f 5147//2575 4200//2575 4193//2575
f 5147//2574 5146//2574 4205//2574
f 5148//2576 5147//2576 4193//2576
f 5149//2577 4193//2577 4187//2577
f 5149//2578 5148//2578 4193//2578
f 5150//2579 4187//2579 4178//2579
f 5150//2580 5149//2580 4187//2580
f 5151//2581 4178//2581 4172//2581
f 5151//2582 5150//2582 4178//2582
f 5152//2583 4172//2583 4166//2583
f 5152//2584 5151//2584 4172//2584
f 5153//2585 4166//2585 4156//2585
f 5153//2586 5152//2586 4166//2586
f 5154//2587 4156//2587 4131//2587
f 5154//2587 5153//2587 4156//2587
f 5142//2588 5155//2588 4227//2588
f 4227//2588 5155//2588 4229//2588
f 4229//2589 5156//2589 4234//2589
f 5155//2589 5156//2589 4229//2589
f 4234//2590 5157//2590 4240//2590
f 4240//2591 5157//2591 4249//2591
f 5156//2592 5157//2592 4234//2592
f 5157//2591 5158//2591 4249//2591
f 4249//2593 5159//2593 4260//2593
f 5158//2593 5159//2593 4249//2593
f 4260//2594 5160//2594 4273//2594
f 5159//2595 5160//2595 4260//2595
f 4273//2596 5161//2596 4283//2596
f 5160//2596 5161//2596 4273//2596
f 4283//2349 5162//2349 4292//2349
f 4292//2597 5162//2597 4301//2597
f 5161//2349 5162//2349 4283//2349
f 5162//2597 5163//2597 4301//2597
f 4301//2598 5164//2598 4309//2598
f 5163//2598 5164//2598 4301//2598
f 5165//2599 5166//2599 4024//2599
f 4024//2600 5166//2600 4035//2600
f 4035//2601 5167//2601 4040//2601
f 5166//2602 5167//2602 4035//2602
f 4040//2603 5168//2603 4044//2603
f 4044//2604 5168//2604 4050//2604
f 5167//2603 5168//2603 4040//2603
f 4050//2605 5169//2605 4053//2605
f 5168//2604 5169//2604 4050//2604
f 5169//2605 5170//2605 4053//2605
f 4053//2606 5171//2606 4058//2606
f 5170//2606 5171//2606 4053//2606
f 4058//2607 5172//2607 4063//2607
f 5171//2607 5172//2607 4058//2607
f 4063//2608 5173//2608 4068//2608
f 4068//2609 5173//2609 4071//2609
f 5172//2610 5173//2610 4063//2610
f 5173//2611 5174//2611 4071//2611
f 4071//2612 5175//2612 4075//2612
f 5174//2613 5175//2613 4071//2613
f 4075//2614 5176//2614 4080//2614
f 5175//2614 5176//2614 4075//2614
f 4080//2615 5177//2615 4085//2615
f 4085//2616 5177//2616 4093//2616
f 5176//2615 5177//2615 4080//2615
f 5177//2616 5178//2616 4093//2616
f 4093//2617 5179//2617 4096//2617
f 5178//2617 5179//2617 4093//2617
f 4096//2618 5180//2618 4104//2618
f 5179//2619 5180//2619 4096//2619
f 4104//2620 5154//2620 4131//2620
f 5180//2620 5154//2620 4104//2620
f 5164//2621 5181//2621 4309//2621
f 4309//2622 5181//2622 4304//2622
f 4304//2623 5182//2623 4297//2623
f 4297//2624 5182//2624 4294//2624
f 5181//2625 5182//2625 4304//2625
f 4294//2626 5183//2626 4286//2626
f 5182//2627 5183//2627 4294//2627
f 5183//2626 5184//2626 4286//2626
f 4286//2628 5185//2628 4282//2628
f 5184//2628 5185//2628 4286//2628
f 4282//2629 5186//2629 4275//2629
f 5185//2629 5186//2629 4282//2629
f 4275//2630 5187//2630 4267//2630
f 4267//2631 5187//2631 4261//2631
f 5186//2630 5187//2630 4275//2630
f 5187//2631 5188//2631 4261//2631
f 5189//2632 5165//2632 4024//2632
f 5189//2633 4024//2633 4046//2633
f 5190//2634 4046//2634 4045//2634
f 5190//2635 4045//2635 4056//2635
f 5190//2636 5189//2636 4046//2636
f 5191//2637 5190//2637 4056//2637
f 5192//2638 4056//2638 4064//2638
f 5192//2639 4064//2639 4076//2639
f 5192//2640 5191//2640 4056//2640
f 5193//2639 5192//2639 4076//2639
f 5194//2641 4076//2641 4088//2641
f 5194//2641 5193//2641 4076//2641
f 5195//2642 4088//2642 4097//2642
f 5195//2642 5194//2642 4088//2642
f 5196//2643 4097//2643 4146//2643
f 5196//2644 4146//2644 4168//2644
f 5196//2643 5195//2643 4097//2643
f 5197//2645 4168//2645 4176//2645
f 5197//2644 5196//2644 4168//2644
f 5198//2645 5197//2645 4176//2645
f 5199//2646 5198//2646 4176//2646
f 5199//2646 4176//2646 4181//2646
f 5199//2647 4181//2647 4185//2647
f 5200//2647 5199//2647 4185//2647
f 5201//2648 4185//2648 4189//2648
f 5201//2649 5200//2649 4185//2649
f 5202//2650 4189//2650 4194//2650
f 5202//2651 4194//2651 4196//2651
f 5202//2652 5201//2652 4189//2652
f 5203//2651 5202//2651 4196//2651
f 5204//2653 4196//2653 4201//2653
f 5204//2654 5203//2654 4196//2654
f 5205//2655 4201//2655 4203//2655
f 5205//2656 5204//2656 4201//2656
f 5206//2657 4203//2657 4209//2657
f 5206//2657 5205//2657 4203//2657
f 5207//2658 4209//2658 4211//2658
f 5207//2659 5206//2659 4209//2659
f 5208//2660 4211//2660 4213//2660
f 5208//2661 5207//2661 4211//2661
f 5209//2662 5208//2662 4213//2662
f 5209//2663 4213//2663 4215//2663
f 5209//2664 4215//2664 4218//2664
f 5210//2664 5209//2664 4218//2664
f 5211//2665 5210//2665 4218//2665
f 5211//2666 4218//2666 4219//2666
f 5212//2667 5211//2667 4219//2667
f 5212//2668 4219//2668 4224//2668
f 5213//2669 4224//2669 4225//2669
f 5213//2669 5212//2669 4224//2669
f 5214//2670 4225//2670 4230//2670
f 5214//2671 4230//2671 4231//2671
f 5214//2433 5213//2433 4225//2433
f 5215//2672 4231//2672 4235//2672
f 5215//2673 5214//2673 4231//2673
f 5216//2674 5215//2674 4235//2674
f 5217//2675 5216//2675 4235//2675
f 5217//2676 4235//2676 4236//2676
f 5218//2677 4236//2677 4241//2677
f 5218//2678 4241//2678 4243//2678
f 5218//2677 5217//2677 4236//2677
f 5219//2678 5218//2678 4243//2678
f 5220//2679 4243//2679 4245//2679
f 5220//2680 4245//2680 4251//2680
f 5220//2681 5219//2681 4243//2681
f 5221//2680 5220//2680 4251//2680
f 5222//2682 4251//2682 4254//2682
f 5222//2683 5221//2683 4251//2683
f 5188//2684 4254//2684 4261//2684
f 5188//2685 5222//2685 4254//2685
f 5223//2686 5224//2686 4141//2686
f 5223//2687 4141//2687 4149//2687
f 5225//2688 4149//2688 4161//2688
f 5225//2688 5223//2688 4149//2688
f 5226//2689 4161//2689 4162//2689
f 5226//2690 5225//2690 4161//2690
f 5227//2691 4162//2691 4152//2691
f 5227//2692 4152//2692 4151//2692
f 5227//2691 5226//2691 4162//2691
f 5228//2692 5227//2692 4151//2692
f 5229//2693 4151//2693 4153//2693
f 5229//2694 4153//2694 4154//2694
f 5229//2695 5228//2695 4151//2695
f 5230//2694 5229//2694 4154//2694
f 5231//2696 4154//2696 4150//2696
f 5231//2696 5230//2696 4154//2696
f 5232//2697 4150//2697 4147//2697
f 5232//2697 5231//2697 4150//2697
f 5233//2698 4147//2698 4145//2698
f 5233//2699 5232//2699 4147//2699
f 5234//2700 4145//2700 4144//2700
f 5234//2701 5233//2701 4145//2701
f 5235//2702 4144//2702 4138//2702
f 5235//2702 5234//2702 4144//2702
f 5236//2703 4138//2703 4129//2703
f 5236//2704 5235//2704 4138//2704
f 5224//2705 5237//2705 4141//2705
f 4141//2705 5237//2705 4134//2705
f 4134//2706 5238//2706 4124//2706
f 5237//2706 5238//2706 4134//2706
f 4124//2707 5239//2707 4116//2707
f 4116//2708 5239//2708 4106//2708
f 5238//2707 5239//2707 4124//2707
f 5239//2708 5240//2708 4106//2708
f 4106//2709 5241//2709 4099//2709
f 5240//2709 5241//2709 4106//2709
f 4099//2710 5242//2710 4100//2710
f 5241//2710 5242//2710 4099//2710
f 4100//2711 5243//2711 4102//2711
f 5242//2711 5243//2711 4100//2711
f 4102//2712 5244//2712 4108//2712
f 4108//2713 5244//2713 4118//2713
f 5243//2714 5244//2714 4102//2714
f 5244//2713 5245//2713 4118//2713
f 4118//2715 5246//2715 4089//2715
f 5245//2715 5246//2715 4118//2715
f 5247//2716 5248//2716 4132//2716
f 4132//2717 5248//2717 4139//2717
f 4139//2718 5249//2718 4137//2718
f 5248//2718 5249//2718 4139//2718
f 4137//2719 5250//2719 4128//2719
f 4128//2720 5250//2720 4125//2720
f 5249//2719 5250//2719 4137//2719
f 4125//2721 5251//2721 4121//2721
f 5250//2722 5251//2722 4125//2722
f 5251//2721 5252//2721 4121//2721
f 4121//2723 5253//2723 4119//2723
f 5252//2723 5253//2723 4121//2723
f 4119//2724 5254//2724 4113//2724
f 5253//2724 5254//2724 4119//2724
f 4113//2725 5255//2725 4111//2725
f 4111//2726 5255//2726 4109//2726
f 5254//2725 5255//2725 4113//2725
f 5255//2726 5256//2726 4109//2726
f 4109//2727 5257//2727 4110//2727
f 5256//2727 5257//2727 4109//2727
f 4110//2728 5258//2728 4112//2728
f 5257//2728 5258//2728 4110//2728
f 4112//2729 5259//2729 4114//2729
f 4114//2730 5259//2730 4120//2730
f 5258//2731 5259//2731 4112//2731
f 5259//2732 5260//2732 4120//2732
f 4120//2733 5261//2733 4122//2733
f 5260//2733 5261//2733 4120//2733
f 4122//2734 5262//2734 4127//2734
f 5261//2735 5262//2735 4122//2735
f 4127//2736 5236//2736 4129//2736
f 5262//2736 5236//2736 4127//2736
f 5246//2737 5263//2737 4089//2737
f 4089//2737 5263//2737 4086//2737
f 4086//2738 5264//2738 4082//2738
f 4082//2739 5264//2739 4077//2739
f 5263//2738 5264//2738 4086//2738
f 5264//2739 5265//2739 4077//2739
f 4077//2740 5266//2740 4072//2740
f 5265//2741 5266//2741 4077//2741
f 4072//2742 5267//2742 4065//2742
f 5266//2743 5267//2743 4072//2743
f 4065//2744 5268//2744 4060//2744
f 5267//2744 5268//2744 4065//2744
f 4060//2745 5269//2745 4054//2745
f 4054//2746 5269//2746 4047//2746
f 5268//2745 5269//2745 4060//2745
f 5269//2746 5270//2746 4047//2746
f 5271//2747 5247//2747 4132//2747
f 5271//2747 4132//2747 4094//2747
f 5272//2748 4094//2748 4081//2748
f 5272//2749 4081//2749 4069//2749
f 5272//2748 5271//2748 4094//2748
f 5273//2749 5272//2749 4069//2749
f 5274//2750 4069//2750 4059//2750
f 5274//2751 4059//2751 4051//2751
f 5274//2750 5273//2750 4069//2750
f 5275//2751 5274//2751 4051//2751
f 5276//2752 4051//2752 4038//2752
f 5276//2752 5275//2752 4051//2752
f 5277//2753 4038//2753 4028//2753
f 5277//2753 5276//2753 4038//2753
f 5278//2754 4028//2754 4019//2754
f 5278//2755 4019//2755 4010//2755
f 5278//2754 5277//2754 4028//2754
f 5279//2756 4010//2756 4000//2756
f 5279//2755 5278//2755 4010//2755
f 5280//2756 5279//2756 4000//2756
f 5281//2757 5280//2757 4000//2757
f 5281//2757 4000//2757 3996//2757
f 5281//2758 3996//2758 3993//2758
f 5282//2759 5281//2759 3993//2759
f 5283//2760 3993//2760 3990//2760
f 5283//2760 5282//2760 3993//2760
f 5284//2761 3990//2761 3988//2761
f 5284//2762 3988//2762 3986//2762
f 5284//2761 5283//2761 3990//2761
f 5285//2762 5284//2762 3986//2762
f 5286//2763 3986//2763 3985//2763
f 5286//2764 5285//2764 3986//2764
f 5287//2765 3985//2765 3984//2765
f 5287//2765 5286//2765 3985//2765
f 5288//2766 3984//2766 3987//2766
f 5288//2766 5287//2766 3984//2766
f 5289//2767 3987//2767 3989//2767
f 5289//2768 5288//2768 3987//2768
f 5290//2769 3989//2769 3991//2769
f 5290//2770 5289//2770 3989//2770
f 5291//2771 5290//2771 3991//2771
f 5291//2772 3991//2772 3994//2772
f 5291//2773 3994//2773 3997//2773
f 5292//2773 5291//2773 3997//2773
f 5293//2774 5292//2774 3997//2774
f 5293//2774 3997//2774 4001//2774
f 5294//2775 5293//2775 4001//2775
f 5294//2776 4001//2776 4004//2776
f 5295//2777 4004//2777 4007//2777
f 5295//2778 5294//2778 4004//2778
f 5296//2779 4007//2779 4011//2779
f 5296//2780 4011//2780 4014//2780
f 5296//2781 5295//2781 4007//2781
f 5297//2782 4014//2782 4017//2782
f 5297//2783 5296//2783 4014//2783
f 5298//2782 5297//2782 4017//2782
f 5299//2784 5298//2784 4017//2784
f 5299//2785 4017//2785 4021//2785
f 5300//2786 4021//2786 4025//2786
f 5300//2787 4025//2787 4029//2787
f 5300//2788 5299//2788 4021//2788
f 5301//2789 5300//2789 4029//2789
f 5302//2790 4029//2790 4032//2790
f 5302//2791 4032//2791 4036//2791
f 5302//2790 5301//2790 4029//2790
f 5303//2792 5302//2792 4036//2792
f 5304//2793 4036//2793 4041//2793
f 5304//2794 5303//2794 4036//2794
f 5270//2795 4041//2795 4047//2795
f 5270//2795 5304//2795 4041//2795
f 5305//2796 5306//2796 4461//2796
f 5305//2796 4461//2796 4457//2796
f 5307//2797 4457//2797 4453//2797
f 5307//2798 5305//2798 4457//2798
f 5308//2799 4453//2799 4449//2799
f 5308//2799 5307//2799 4453//2799
f 5309//2800 4449//2800 4443//2800
f 5309//2800 5308//2800 4449//2800
f 5310//2801 4443//2801 4437//2801
f 5310//2802 5309//2802 4443//2802
f 5311//2803 4437//2803 4430//2803
f 5311//2804 4430//2804 4425//2804
f 5311//2803 5310//2803 4437//2803
f 5312//2804 5311//2804 4425//2804
f 5313//2805 4425//2805 4418//2805
f 5313//2806 5312//2806 4425//2806
f 5314//2807 4418//2807 4413//2807
f 5314//2807 5313//2807 4418//2807
f 5315//2808 4413//2808 4407//2808
f 5315//2808 5314//2808 4413//2808
f 5316//2809 4407//2809 4402//2809
f 5316//2809 5315//2809 4407//2809
f 5317//2810 4402//2810 4395//2810
f 5317//2810 5316//2810 4402//2810
f 5318//2811 4395//2811 4389//2811
f 5318//2811 5317//2811 4395//2811
f 5306//2812 5319//2812 4461//2812
f 4461//2812 5319//2812 4465//2812
f 4465//2813 5320//2813 4476//2813
f 5319//2814 5320//2814 4465//2814
f 4476//2815 5321//2815 4487//2815
f 4487//2816 5321//2816 4497//2816
f 5320//2817 5321//2817 4476//2817
f 5321//2818 5322//2818 4497//2818
f 4497//2819 5323//2819 4509//2819
f 5322//2819 5323//2819 4497//2819
f 4509//2820 5324//2820 4526//2820
f 5323//2820 5324//2820 4509//2820
f 4526//2821 5325//2821 4543//2821
f 5324//2821 5325//2821 4526//2821
f 4543//2822 5326//2822 4562//2822
f 4562//2823 5326//2823 4585//2823
f 5325//2822 5326//2822 4543//2822
f 5326//2823 5327//2823 4585//2823
f 4585//2824 5328//2824 4602//2824
f 5327//2824 5328//2824 4585//2824
f 5329//2825 5330//2825 4331//2825
f 4331//2825 5330//2825 4332//2825
f 4332//2826 5331//2826 4337//2826
f 5330//2826 5331//2826 4332//2826
f 4337//2827 5332//2827 4338//2827
f 4338//2828 5332//2828 4343//2828
f 5331//2827 5332//2827 4337//2827
f 4343//2829 5333//2829 4347//2829
f 5332//2828 5333//2828 4343//2828
f 5333//2830 5334//2830 4347//2830
f 4347//2831 5335//2831 4351//2831
f 5334//2832 5335//2832 4347//2832
f 4351//2833 5336//2833 4355//2833
f 5335//2834 5336//2834 4351//2834
f 4355//2835 5337//2835 4360//2835
f 4360//2836 5337//2836 4362//2836
f 5336//2837 5337//2837 4355//2837
f 5337//2838 5338//2838 4362//2838
f 4362//2839 5339//2839 4367//2839
f 5338//2839 5339//2839 4362//2839
f 4367//2840 5340//2840 4370//2840
f 5339//2840 5340//2840 4367//2840
f 4370//2841 5341//2841 4374//2841
f 4374//2842 5341//2842 4377//2842
f 5340//2841 5341//2841 4370//2841
f 5341//2842 5342//2842 4377//2842
f 4377//2843 5343//2843 4382//2843
f 5342//2843 5343//2843 4377//2843
f 4382//2844 5344//2844 4386//2844
f 5343//2844 5344//2844 4382//2844
f 4386//2845 5318//2845 4389//2845
f 5344//2845 5318//2845 4386//2845
f 5328//2846 5345//2846 4602//2846
f 4602//2847 5345//2847 4599//2847
f 4599//2848 5346//2848 4593//2848
f 4593//2849 5346//2849 4587//2849
f 5345//2848 5346//2848 4599//2848
f 4587//2850 5347//2850 4583//2850
f 5346//2849 5347//2849 4587//2849
f 5347//2850 5348//2850 4583//2850
f 4583//2851 5349//2851 4578//2851
f 5348//2851 5349//2851 4583//2851
f 4578//2852 5350//2852 4574//2852
f 5349//2852 5350//2852 4578//2852
f 4574//2853 5351//2853 4571//2853
f 4571//2272 5351//2272 4568//2272
f 5350//2853 5351//2853 4574//2853
f 5351//2272 5352//2272 4568//2272
f 5353//2854 5329//2854 4331//2854
f 5353//2854 4331//2854 4344//2854
f 5354//2855 4344//2855 4356//2855
f 5354//2856 4356//2856 4372//2856
f 5354//2855 5353//2855 4344//2855
f 5355//2856 5354//2856 4372//2856
f 5356//2857 4372//2857 4390//2857
f 5356//2858 4390//2858 4409//2858
f 5356//2857 5355//2857 4372//2857
f 5357//2858 5356//2858 4409//2858
f 5358//2859 4409//2859 4424//2859
f 5358//2859 5357//2859 4409//2859
f 5359//2860 4424//2860 4439//2860
f 5359//2860 5358//2860 4424//2860
f 5360//2861 4439//2861 4454//2861
f 5360//2862 4454//2862 4463//2862
f 5360//2861 5359//2861 4439//2861
f 5361//2863 4463//2863 4473//2863
f 5361//2862 5360//2862 4463//2862
f 5362//2863 5361//2863 4473//2863
f 5363//2864 5362//2864 4473//2864
f 5363//2865 4473//2865 4478//2865
f 5363//2866 4478//2866 4479//2866
f 5364//2867 5363//2867 4479//2867
f 5365//2868 4479//2868 4480//2868
f 5365//2869 5364//2869 4479//2869
f 5366//2870 4480//2870 4483//2870
f 5366//2871 4483//2871 4493//2871
f 5366//2872 5365//2872 4480//2872
f 5367//2873 5366//2873 4493//2873
f 5368//2874 4493//2874 4494//2874
f 5368//2875 5367//2875 4493//2875
f 5369//2876 4494//2876 4495//2876
f 5369//2876 5368//2876 4494//2876
f 5370//2877 4495//2877 4504//2877
f 5370//2878 5369//2878 4495//2878
f 5371//2879 4504//2879 4505//2879
f 5371//2879 5370//2879 4504//2879
f 5372//2880 4505//2880 4506//2880
f 5372//2880 5371//2880 4505//2880
f 5373//2881 5372//2881 4506//2881
f 5373//2881 4506//2881 4511//2881
f 5373//2882 4511//2882 4516//2882
f 5374//2882 5373//2882 4516//2882
f 5375//2883 5374//2883 4516//2883
f 5375//2883 4516//2883 4519//2883
f 5376//2884 5375//2884 4519//2884
f 5376//2884 4519//2884 4525//2884
f 5377//2885 4525//2885 4528//2885
f 5377//2885 5376//2885 4525//2885
f 5378//2886 4528//2886 4532//2886
f 5378//2887 4532//2887 4537//2887
f 5378//2886 5377//2886 4528//2886
f 5379//2888 4537//2888 4541//2888
f 5379//2889 5378//2889 4537//2889
f 5380//2888 5379//2888 4541//2888
f 5381//2890 5380//2890 4541//2890
f 5381//2890 4541//2890 4546//2890
f 5382//2891 4546//2891 4549//2891
f 5382//2892 4549//2892 4552//2892
f 5382//2893 5381//2893 4546//2893
f 5383//2894 5382//2894 4552//2894
f 5384//2895 4552//2895 4555//2895
f 5384//2896 4555//2896 4560//2896
f 5384//2897 5383//2897 4552//2897
f 5385//2898 5384//2898 4560//2898
f 5386//2899 4560//2899 4565//2899
f 5386//2900 5385//2900 4560//2900
f 5352//2901 4565//2901 4568//2901
f 5352//2901 5386//2901 4565//2901
f 5387//2902 5388//2902 4323//2902
f 5387//2903 4323//2903 4325//2903
f 5389//2904 4325//2904 4328//2904
f 5389//2905 5387//2905 4325//2905
f 5390//2906 4328//2906 4330//2906
f 5390//2907 5389//2907 4328//2907
f 5391//2908 4330//2908 4334//2908
f 5391//2909 4334//2909 4340//2909
f 5391//2908 5390//2908 4330//2908
f 5392//2910 5391//2910 4340//2910
f 5393//2911 4340//2911 4341//2911
f 5393//2912 4341//2912 4348//2912
f 5393//2911 5392//2911 4340//2911
f 5394//2912 5393//2912 4348//2912
f 5395//2913 4348//2913 4352//2913
f 5395//2913 5394//2913 4348//2913
f 5396//2914 4352//2914 4359//2914
f 5396//2914 5395//2914 4352//2914
f 5397//2915 4359//2915 4365//2915
f 5397//2915 5396//2915 4359//2915
f 5398//2916 4365//2916 4369//2916
f 5398//2916 5397//2916 4365//2916
f 5399//2917 4369//2917 4375//2917
f 5399//2917 5398//2917 4369//2917
f 5400//2918 4375//2918 4381//2918
f 5400//2918 5399//2918 4375//2918
f 5388//2903 5401//2903 4323//2903
f 4323//2903 5401//2903 4320//2903
f 4320//2919 5402//2919 4316//2919
f 5401//2920 5402//2920 4320//2920
f 4316//2921 5403//2921 4308//2921
f 4308//2922 5403//2922 4300//2922
f 5402//2923 5403//2923 4316//2923
f 5403//2924 5404//2924 4300//2924
f 4300//2925 5405//2925 4291//2925
f 5404//2925 5405//2925 4300//2925
f 4291//2926 5406//2926 4280//2926
f 5405//2926 5406//2926 4291//2926
f 4280//2927 5407//2927 4271//2927
f 5406//2927 5407//2927 4280//2927
f 4271//2928 5408//2928 4258//2928
f 4258//2929 5408//2929 4259//2929
f 5407//2928 5408//2928 4271//2928
f 5408//2929 5409//2929 4259//2929
f 4259//2930 5410//2930 4237//2930
f 5409//2930 5410//2930 4259//2930
f 5411//2931 5412//2931 4447//2931
f 4447//2932 5412//2932 4442//2932
f 4442//2933 5413//2933 4438//2933
f 5412//2933 5413//2933 4442//2933
f 4438//2934 5414//2934 4435//2934
f 4435//2935 5414//2935 4429//2935
f 5413//2934 5414//2934 4438//2934
f 5414//2935 5415//2935 4429//2935
f 4429//2936 5416//2936 4426//2936
f 5415//2937 5416//2937 4429//2937
f 4426//2938 5417//2938 4422//2938
f 5416//2939 5417//2939 4426//2939
f 4422//2940 5418//2940 4417//2940
f 4417//2941 5418//2941 4412//2941
f 5417//2942 5418//2942 4422//2942
f 5418//2941 5419//2941 4412//2941
f 4412//2943 5420//2943 4410//2943
f 5419//2944 5420//2944 4412//2944
f 4410//2945 5421//2945 4404//2945
f 5420//2945 5421//2945 4410//2945
f 4404//2946 5422//2946 4401//2946
f 4401//2947 5422//2947 4397//2947
f 5421//2946 5422//2946 4404//2946
f 5422//2947 5423//2947 4397//2947
f 4397//2948 5424//2948 4393//2948
f 5423//2948 5424//2948 4397//2948
f 4393//2949 5425//2949 4388//2949
f 5424//2949 5425//2949 4393//2949
f 4388//2950 5426//2950 4385//2950
f 5425//2950 5426//2950 4388//2950
f 4385//2951 5400//2951 4381//2951
f 5426//2951 5400//2951 4385//2951
f 5410//2952 5427//2952 4237//2952
f 4237//2953 5427//2953 4242//2953
f 4242//2954 5428//2954 4244//2954
f 4244//2955 5428//2955 4246//2955
f 5427//2954 5428//2954 4242//2954
f 4246//2956 5429//2956 4250//2956
f 5428//2955 5429//2955 4246//2955
f 5429//2956 5430//2956 4250//2956
f 4250//2957 5431//2957 4252//2957
f 5430//2957 5431//2957 4250//2957
f 4252//2958 5432//2958 4253//2958
f 5431//2958 5432//2958 4252//2958
f 4253//2959 5433//2959 4255//2959
f 4255//2960 5433//2960 4262//2960
f 5432//2959 5433//2959 4253//2959
f 5433//2961 5434//2961 4262//2961
f 5435//2962 5411//2962 4447//2962
f 5435//2962 4447//2962 4431//2962
f 5436//2963 4431//2963 4415//2963
f 5436//2964 4415//2964 4398//2964
f 5436//2963 5435//2963 4431//2963
f 5437//2964 5436//2964 4398//2964
f 5438//2965 4398//2965 4380//2965
f 5438//2965 5437//2965 4398//2965
f 5439//2966 4380//2966 4363//2966
f 5439//2966 5438//2966 4380//2966
f 5440//2967 4363//2967 4349//2967
f 5440//2967 5439//2967 4363//2967
f 5441//2968 4349//2968 4336//2968
f 5441//2968 5440//2968 4349//2968
f 5442//2969 4336//2969 4326//2969
f 5442//2970 4326//2970 4321//2970
f 5442//2969 5441//2969 4336//2969
f 5443//2971 4321//2971 4317//2971
f 5443//2970 5442//2970 4321//2970
f 5444//2971 5443//2971 4317//2971
f 5445//2972 5444//2972 4317//2972
f 5445//2972 4317//2972 4313//2972
f 5445//2973 4313//2973 4312//2973
f 5446//2974 5445//2974 4312//2974
f 5447//2975 4312//2975 4311//2975
f 5447//2976 5446//2976 4312//2976
f 5448//2977 4311//2977 4310//2977
f 5448//2978 4310//2978 4305//2978
f 5448//2979 5447//2979 4311//2979
f 5449//2980 5448//2980 4305//2980
f 5450//2981 4305//2981 4303//2981
f 5450//2981 5449//2981 4305//2981
f 5451//2982 4303//2982 4302//2982
f 5451//2982 5450//2982 4303//2982
f 5452//2983 4302//2983 4296//2983
f 5452//2984 5451//2984 4302//2984
f 5453//2985 4296//2985 4295//2985
f 5453//2985 5452//2985 4296//2985
f 5454//2986 4295//2986 4293//2986
f 5454//2986 5453//2986 4295//2986
f 5455//2987 5454//2987 4293//2987
f 5455//2987 4293//2987 4288//2987
f 5455//2988 4288//2988 4287//2988
f 5456//2988 5455//2988 4287//2988
f 5457//2989 5456//2989 4287//2989
f 5457//2989 4287//2989 4285//2989
f 5458//2990 5457//2990 4285//2990
f 5458//2990 4285//2990 4284//2990
f 5459//2991 4284//2991 4278//2991
f 5459//2991 5458//2991 4284//2991
f 5460//2992 4278//2992 4277//2992
f 5460//2993 4277//2993 4276//2993
f 5460//2992 5459//2992 4278//2992
f 5461//2994 4276//2994 4274//2994
f 5461//2995 5460//2995 4276//2995
f 5462//2996 5461//2996 4274//2996
f 5463//2997 5462//2997 4274//2997
f 5463//2997 4274//2997 4272//2997
f 5464//2998 4272//2998 4268//2998
f 5464//2999 4268//2999 4266//2999
f 5464//3000 5463//3000 4272//3000
f 5465//3001 5464//3001 4266//3001
f 5466//3002 4266//3002 4265//3002
f 5466//3003 4265//3003 4264//3003
f 5466//3004 5465//3004 4266//3004
f 5467//3005 5466//3005 4264//3005
f 5468//3006 4264//3006 4263//3006
f 5468//3006 5467//3006 4264//3006
f 5434//3007 4263//3007 4262//3007
f 5434//3008 5468//3008 4263//3008
f 5469//3009 4648//3009 4647//3009
f 5470//3009 5469//3009 4647//3009
f 5470//3010 4647//3010 4656//3010
f 5471//3010 5470//3010 4656//3010
f 5471//3011 4656//3011 4657//3011
f 5472//3011 5471//3011 4657//3011
f 5472//3012 4657//3012 4663//3012
f 5473//3012 5472//3012 4663//3012
f 5473//3013 4663//3013 4672//3013
f 5474//3013 5473//3013 4672//3013
f 5474//3014 4672//3014 4676//3014
f 5475//3014 5474//3014 4676//3014
f 5475//3015 4676//3015 4685//3015
f 5476//3016 5475//3016 4685//3016
f 5476//3017 4685//3017 4689//3017
f 5477//3017 5476//3017 4689//3017
f 5477//3018 4689//3018 4698//3018
f 5478//3018 5477//3018 4698//3018
f 5478//2898 4698//2898 4701//2898
f 5479//2898 5478//2898 4701//2898
f 5479//3019 4701//3019 4723//3019
f 5480//3019 5479//3019 4723//3019
f 5480//3020 4723//3020 4734//3020
f 5481//3020 5480//3020 4734//3020
f 5482//175 5481//175 4734//175
f 5482//175 4734//175 4760//175
f 5483//173 5482//173 4760//173
f 5483//173 4760//173 4774//173
f 5484//172 5483//172 4774//172
f 5484//172 4774//172 4779//172
f 5485//171 5484//171 4779//171
f 5485//171 4779//171 4784//171
f 5485//169 4784//169 4788//169
f 5486//169 5485//169 4788//169
f 5487//3021 5486//3021 4788//3021
f 5487//3021 4788//3021 4790//3021
f 5487//3022 4790//3022 4786//3022
f 5488//167 5487//167 4786//167
f 5489//3023 4786//3023 4782//3023
f 5489//165 4782//165 4777//165
f 5489//3024 5488//3024 4786//3024
f 5490//165 5489//165 4777//165
f 5491//162 4777//162 4775//162
f 5491//161 4775//161 4749//161
f 5491//163 5490//163 4777//163
f 5492//3025 5491//3025 4749//3025
f 5493//160 4749//160 4727//160
f 5493//3026 5492//3026 4749//3026
f 5494//3027 4727//3027 4704//3027
f 5494//156 4704//156 4699//156
f 5494//157 5493//157 4727//157
f 5495//156 5494//156 4699//156
f 5496//154 5495//154 4699//154
f 5496//153 4699//153 4695//153
f 5497//152 5496//152 4695//152
f 5497//3028 4695//3028 4687//3028
f 5497//150 4687//150 4683//150
f 5498//150 5497//150 4683//150
f 5499//148 5498//148 4683//148
f 5499//148 4683//148 4674//148
f 5500//3029 5499//3029 4674//3029
f 5500//147 4674//147 4670//147
f 5501//3030 5500//3030 4670//3030
f 5501//146 4670//146 4661//146
f 5501//145 4661//145 4654//145
f 5502//145 5501//145 4654//145
f 5503//3031 5502//3031 4654//3031
f 5503//144 4654//144 4645//144
f 5503//3032 4645//3032 4634//3032
f 5504//143 5503//143 4634//143
f 5505//2567 4629//2567 4621//2567
f 5505//3033 5504//3033 4634//3033
f 5505//142 4634//142 4629//142
f 5506//2588 5505//2588 4621//2588
f 5507//3034 4621//3034 4610//3034
f 5507//2568 5506//2568 4621//2568
f 5508//3035 4610//3035 4597//3035
f 5508//3035 5507//3035 4610//3035
f 5509//3036 4597//3036 4580//3036
f 5509//3037 5508//3037 4597//3037
f 5510//3038 4580//3038 4558//3038
f 5510//3039 5509//3039 4580//3039
f 5511//3040 4558//3040 4539//3040
f 5511//3041 4539//3041 4522//3041
f 5511//3042 5510//3042 4558//3042
f 5512//3043 4522//3043 4508//3043
f 5512//3041 5511//3041 4522//3041
f 5513//3043 5512//3043 4508//3043
f 5514//3044 4508//3044 4492//3044
f 5514//3044 5513//3044 4508//3044
f 5515//3045 4492//3045 4486//3045
f 5515//3046 5514//3046 4492//3046
f 5516//3047 4486//3047 4474//3047
f 5516//3048 4474//3048 4471//3048
f 5516//3047 5515//3047 4486//3047
f 5517//3048 5516//3048 4471//3048
f 5469//2304 5518//2304 4648//2304
f 4648//2304 5518//2304 4649//2304
f 4649//3049 5518//3049 4646//3049
f 4646//3050 5519//3050 4655//3050
f 5518//3049 5519//3049 4646//3049
f 4655//3051 5520//3051 4662//3051
f 5519//3050 5520//3050 4655//3050
f 4662//3052 5521//3052 4671//3052
f 5520//3053 5521//3053 4662//3053
f 4671//3054 5522//3054 4675//3054
f 5521//3052 5522//3052 4671//3052
f 4675//3055 5523//3055 4684//3055
f 5522//3054 5523//3054 4675//3054
f 4684//3056 5524//3056 4688//3056
f 5523//3055 5524//3055 4684//3055
f 4688//3057 5525//3057 4697//3057
f 5524//3056 5525//3056 4688//3056
f 4697//3058 5526//3058 4700//3058
f 5525//3057 5526//3057 4697//3057
f 5526//3058 5527//3058 4700//3058
f 5527//3059 5528//3059 4700//3059
f 4700//3060 5528//3060 4709//3060
f 4709//3061 5529//3061 4711//3061
f 4711//3062 5529//3062 4714//3062
f 5528//3063 5529//3063 4709//3063
f 4714//3064 5530//3064 4717//3064
f 5529//3062 5530//3062 4714//3062
f 5530//3065 5531//3065 4717//3065
f 4717//3066 5532//3066 4725//3066
f 5531//3066 5532//3066 4717//3066
f 4725//3067 5533//3067 4730//3067
f 5532//3067 5533//3067 4725//3067
f 4730//3068 5534//3068 4736//3068
f 4736//2703 5534//2703 4743//2703
f 5533//3068 5534//3068 4730//3068
f 5534//3069 5535//3069 4743//3069
f 5536//3070 5537//3070 4681//3070
f 5536//3070 4681//3070 4691//3070
f 5538//3071 4691//3071 4692//3071
f 5538//3071 5536//3071 4691//3071
f 5539//3072 4692//3072 4693//3072
f 5539//3072 5538//3072 4692//3072
f 5540//3073 4693//3073 4694//3073
f 5540//3074 4694//3074 4705//3074
f 5540//3073 5539//3073 4693//3073
f 5541//3074 5540//3074 4705//3074
f 5542//3075 4705//3075 4706//3075
f 5542//3076 4706//3076 4707//3076
f 5542//3075 5541//3075 4705//3075
f 5543//3077 5542//3077 4707//3077
f 5544//3078 4707//3078 4719//3078
f 5544//3079 4719//3079 4720//3079
f 5544//3080 5543//3080 4707//3080
f 5545//3079 5544//3079 4720//3079
f 5546//3081 4720//3081 4721//3081
f 5546//3081 5545//3081 4720//3081
f 5547//3082 5546//3082 4721//3082
f 5547//3083 4721//3083 4732//3083
f 5548//3084 5547//3084 4732//3084
f 5548//3084 4732//3084 4738//3084
f 5548//3085 4738//3085 4740//3085
f 5549//3085 5548//3085 4740//3085
f 5550//3086 5549//3086 4740//3086
f 5550//3087 4740//3087 4746//3087
f 5551//3088 5550//3088 4746//3088
f 5551//3089 4746//3089 4751//3089
f 5552//3090 4751//3090 4755//3090
f 5552//3090 5551//3090 4751//3090
f 5553//3091 4755//3091 4762//3091
f 5553//3092 4762//3092 4766//3092
f 5553//3093 5552//3093 4755//3093
f 5554//3092 5553//3092 4766//3092
f 5555//3094 5554//3094 4766//3094
f 5555//3095 4766//3095 4770//3095
f 5555//3096 4770//3096 4768//3096
f 5556//3097 5555//3097 4768//3097
f 5557//3098 4768//3098 4764//3098
f 5557//3099 5556//3099 4768//3099
f 5558//3100 4764//3100 4757//3100
f 5558//3101 4757//3101 4753//3101
f 5558//3100 5557//3100 4764//3100
f 5559//3102 4753//3102 4748//3102
f 5559//3103 5558//3103 4753//3103
f 5560//3102 5559//3102 4748//3102
f 5535//3104 4748//3104 4743//3104
f 5535//3105 5560//3105 4748//3105
f 5561//3106 5517//3106 4470//3106
f 4470//3106 5517//3106 4471//3106
f 5562//3107 5563//3107 4503//3107
f 5562//3107 4503//3107 4534//3107
f 5564//3108 4534//3108 4550//3108
f 5564//3109 4550//3109 4576//3109
f 5564//3108 5562//3108 4534//3108
f 5565//3109 5564//3109 4576//3109
f 5566//3110 4576//3110 4600//3110
f 5566//3111 4600//3111 4615//3111
f 5566//3110 5565//3110 4576//3110
f 5567//3111 5566//3111 4615//3111
f 5568//3112 4615//3112 4630//3112
f 5568//3112 5567//3112 4615//3112
f 5569//3113 4630//3113 4641//3113
f 5569//3114 5568//3114 4630//3114
f 5570//3115 4641//3115 4659//3115
f 5570//3116 4659//3116 4668//3116
f 5570//3115 5569//3115 4641//3115
f 5571//3117 4668//3117 4681//3117
f 5571//3116 5570//3116 4668//3116
f 5537//3117 5571//3117 4681//3117
f 5561//3118 4470//3118 4469//3118
f 5572//3119 4469//3119 4477//3119
f 5572//3118 5561//3118 4469//3118
f 5573//3120 4477//3120 4485//3120
f 5573//3121 5572//3121 4477//3121
f 5574//3122 4485//3122 4488//3122
f 5574//3123 5573//3123 4485//3123
f 5575//3124 4488//3124 4496//3124
f 5575//3122 5574//3122 4488//3122
f 5576//3125 4496//3125 4500//3125
f 5576//3124 5575//3124 4496//3124
f 5577//3126 4500//3126 4512//3126
f 5577//3125 5576//3125 4500//3125
f 5578//3127 4512//3127 4520//3127
f 5578//3126 5577//3126 4512//3126
f 5579//3128 4520//3128 4529//3128
f 5579//3127 5578//3127 4520//3127
f 5580//3129 4529//3129 4542//3129
f 5580//3128 5579//3128 4529//3128
f 5581//2685 4542//2685 4553//2685
f 5581//3129 5580//3129 4542//3129
f 5582//2684 5581//2684 4553//2684
f 5563//3130 5583//3130 4503//3130
f 4503//3130 5583//3130 4510//3130
f 4510//3131 5584//3131 4515//3131
f 5583//3131 5584//3131 4510//3131
f 4515//3132 5585//3132 4518//3132
f 4518//3133 5585//3133 4524//3133
f 5584//3132 5585//3132 4515//3132
f 4524//3134 5586//3134 4527//3134
f 5585//3133 5586//3133 4524//3133
f 5586//3134 5587//3134 4527//3134
f 4527//3135 5588//3135 4531//3135
f 5587//3135 5588//3135 4527//3135
f 4531//3136 5589//3136 4536//3136
f 5588//3136 5589//3136 4531//3136
f 4536//3137 5590//3137 4540//3137
f 4540//3138 5590//3138 4545//3138
f 5589//3139 5590//3139 4536//3139
f 5590//3138 5591//3138 4545//3138
f 4545//3140 5592//3140 4548//3140
f 5591//3141 5592//3141 4545//3141
f 4548//3142 5593//3142 4551//3142
f 5592//3143 5593//3143 4548//3143
f 4551//3144 5594//3144 4554//3144
f 4554//3145 5594//3145 4559//3145
f 5593//3144 5594//3144 4551//3144
f 5594//3146 5595//3146 4559//3146
f 4559//3147 5596//3147 4564//3147
f 5595//3147 5596//3147 4559//3147
f 4564//3148 5597//3148 4567//3148
f 5596//3149 5597//3149 4564//3149
f 4567//3150 5598//3150 4570//3150
f 5597//3151 5598//3151 4567//3151
f 5599//3152 5600//3152 4650//3152
f 4650//3153 5600//3153 4642//3153
f 4642//3154 5601//3154 4639//3154
f 5600//3155 5601//3155 4642//3155
f 4639//3156 5602//3156 4635//3156
f 4635//3157 5602//3157 4631//3157
f 5601//3158 5602//3158 4639//3158
f 4631//3159 5603//3159 4626//3159
f 5602//3157 5603//3157 4631//3157
f 5603//3160 5604//3160 4626//3160
f 4626//3161 5605//3161 4623//3161
f 5604//3162 5605//3162 4626//3162
f 4623//3163 5606//3163 4618//3163
f 5605//3164 5606//3164 4623//3164
f 4618//3165 5607//3165 4613//3165
f 4613//3166 5607//3166 4607//3166
f 5606//3165 5607//3165 4618//3165
f 5607//3167 5608//3167 4607//3167
f 4607//3168 5609//3168 4603//3168
f 5608//3168 5609//3168 4607//3168
f 4603//3169 5610//3169 4594//3169
f 5609//3169 5610//3169 4603//3169
f 4594//3170 5611//3170 4589//3170
f 4589//3171 5611//3171 4581//3171
f 5610//3170 5611//3170 4594//3170
f 5611//3172 5612//3172 4581//3172
f 4581//3173 5613//3173 4572//3173
f 5612//3173 5613//3173 4581//3173
f 4572//3174 5614//3174 4563//3174
f 5613//3174 5614//3174 4572//3174
f 4563//3175 5582//3175 4553//3175
f 5614//3175 5582//3175 4563//3175
f 5615//3176 5616//3176 4622//3176
f 5615//3176 4622//3176 4616//3176
f 5617//3177 4616//3177 4612//3177
f 5617//3178 5615//3178 4616//3178
f 5618//3179 4612//3179 4606//3179
f 5618//3179 5617//3179 4612//3179
f 5619//3180 4606//3180 4604//3180
f 5619//3180 5618//3180 4606//3180
f 5620//3181 4604//3181 4598//3181
f 5620//3181 5619//3181 4604//3181
f 5621//3182 4598//3182 4592//3182
f 5621//3182 5620//3182 4598//3182
f 5622//3183 4592//3183 4586//3183
f 5622//3183 5621//3183 4592//3183
f 5623//3184 4586//3184 4582//3184
f 5623//3184 5622//3184 4586//3184
f 5624//3185 4582//3185 4577//3185
f 5624//3185 5623//3185 4582//3185
f 5625//3186 4577//3186 4573//3186
f 5625//3007 4573//3007 4570//3007
f 5625//3187 5624//3187 4577//3187
f 5598//3007 5625//3007 4570//3007
f 5626//3188 5599//3188 4650//3188
f 5626//3188 4650//3188 4638//3188
f 5627//3189 4638//3189 4625//3189
f 5627//3190 4625//3190 4611//3190
f 5627//3191 5626//3191 4638//3191
f 5628//3192 5627//3192 4611//3192
f 5629//3193 4611//3193 4591//3193
f 5629//3194 4591//3194 4561//3194
f 5629//3195 5628//3195 4611//3195
f 5630//3194 5629//3194 4561//3194
f 5631//3196 4561//3196 4535//3196
f 5631//3197 5630//3197 4561//3197
f 5632//3198 4535//3198 4514//3198
f 5632//3199 5631//3199 4535//3199
f 5633//3200 4514//3200 4499//3200
f 5633//3201 4499//3201 4482//3201
f 5633//3200 5632//3200 4514//3200
f 5634//3202 4482//3202 4472//3202
f 5634//3201 5633//3201 4482//3201
f 5635//3203 5634//3203 4472//3203
f 5616//1612 5636//1612 4622//1612
f 4622//1612 5636//1612 4617//1612
f 5637//3204 5635//3204 4472//3204
f 5637//3205 4472//3205 4468//3205
f 5637//3206 4468//3206 4467//3206
f 5638//3207 5637//3207 4467//3207
f 5639//3208 4467//3208 4466//3208
f 5639//3209 5638//3209 4467//3209
f 5640//3210 4466//3210 4462//3210
f 5640//3211 4462//3211 4459//3211
f 5640//3210 5639//3210 4466//3210
f 5641//3212 5640//3212 4459//3212
f 5642//3213 4459//3213 4458//3213
f 5642//3214 5641//3214 4459//3214
f 5643//3215 4458//3215 4455//3215
f 5643//3216 5642//3216 4458//3216
f 5644//3217 4455//3217 4450//3217
f 5644//3217 5643//3217 4455//3217
f 5645//3218 4450//3218 4448//3218
f 5645//3219 5644//3219 4450//3219
f 5646//3220 4448//3220 4445//3220
f 5646//3220 5645//3220 4448//3220
f 5647//3221 5646//3221 4445//3221
f 5647//3221 4445//3221 4440//3221
f 5647//3222 4440//3222 4436//3222
f 5648//3222 5647//3222 4436//3222
f 5649//3223 5648//3223 4436//3223
f 5649//3223 4436//3223 4432//3223
f 5650//3224 5649//3224 4432//3224
f 5650//3224 4432//3224 4428//3224
f 5651//3225 4428//3225 4423//3225
f 5651//3226 5650//3226 4428//3226
f 5652//3227 4423//3227 4419//3227
f 5652//3228 4419//3228 4416//3228
f 5652//3229 5651//3229 4423//3229
f 5653//3230 4416//3230 4411//3230
f 5653//3228 5652//3228 4416//3228
f 5654//3231 5653//3231 4411//3231
f 5655//3232 5654//3232 4411//3232
f 5655//3232 4411//3232 4408//3232
f 5656//3233 4408//3233 4403//3233
f 5656//3234 4403//3234 4399//3234
f 5656//3233 5655//3233 4408//3233
f 5657//3234 5656//3234 4399//3234
f 5658//3235 4399//3235 4396//3235
f 5658//3236 4396//3236 4392//3236
f 5658//3237 5657//3237 4399//3237
f 5659//3236 5658//3236 4392//3236
f 5660//3238 4392//3238 4387//3238
f 5660//3238 5659//3238 4392//3238
f 5661//3239 4387//3239 4384//3239
f 5661//3239 5660//3239 4387//3239
f 5662//3240 5663//3240 4157//3240
f 5662//3240 4157//3240 4163//3240
f 5662//3241 4163//3241 4169//3241
f 5664//3241 5662//3241 4169//3241
f 5665//3242 4169//3242 4173//3242
f 5665//3243 4173//3243 4179//3243
f 5665//3244 5664//3244 4169//3244
f 5666//3243 5665//3243 4179//3243
f 5667//3245 4179//3245 4183//3245
f 5667//3245 5666//3245 4179//3245
f 5668//3246 4183//3246 4190//3246
f 5668//3246 5667//3246 4183//3246
f 5669//3247 4190//3247 4197//3247
f 5669//3248 5668//3248 4190//3248
f 5670//3249 4197//3249 4206//3249
f 5670//3250 5669//3250 4197//3250
f 5671//3251 4206//3251 4212//3251
f 5671//2410 5670//2410 4206//2410
f 5672//3252 4212//3252 4216//3252
f 5672//3253 5671//3253 4212//3253
f 5673//3254 4216//3254 4221//3254
f 5673//3255 5672//3255 4216//3255
f 5674//3256 4221//3256 4226//3256
f 5674//3257 5673//3257 4221//3257
f 5675//236 4226//236 4232//236
f 5675//237 5674//237 4226//237
f 5676//235 4232//235 4239//235
f 5676//235 5675//235 4232//235
f 5677//233 4239//233 4247//233
f 5677//232 4247//232 4256//232
f 5677//233 5676//233 4239//233
f 5678//232 5677//232 4256//232
f 5679//231 4256//231 4269//231
f 5679//231 5678//231 4256//231
f 5680//3258 4269//3258 4281//3258
f 5680//3259 4281//3259 4289//3259
f 5680//230 5679//230 4269//230
f 5681//3259 5680//3259 4289//3259
f 5682//3260 4289//3260 4298//3260
f 5682//3260 5681//3260 4289//3260
f 5683//226 4298//226 4306//226
f 5683//226 5682//226 4298//226
f 5684//3261 4306//3261 4314//3261
f 5684//225 5683//225 4306//225
f 5685//223 4314//223 4318//223
f 5685//222 4318//222 4324//222
f 5685//223 5684//223 4314//223
f 5686//3262 5685//3262 4324//3262
f 5687//3263 4324//3263 4329//3263
f 5687//219 4329//219 4335//219
f 5687//220 5686//220 4324//220
f 5688//219 5687//219 4335//219
f 5688//218 4335//218 4346//218
f 5689//217 5688//217 4346//217
f 5690//215 5689//215 4346//215
f 5690//215 4346//215 4358//215
f 5691//3264 5690//3264 4358//3264
f 5691//3265 4358//3265 4371//3265
f 5691//213 4371//213 4383//213
f 5692//213 5691//213 4383//213
f 5693//3266 5692//3266 4383//3266
f 5693//3266 4383//3266 4400//3266
f 5694//211 5693//211 4400//211
f 5694//211 4400//211 4414//211
f 5694//210 4414//210 4427//210
f 5695//210 5694//210 4427//210
f 5696//209 4427//209 4441//209
f 5696//209 5695//209 4427//209
f 5696//208 4441//208 4451//208
f 5697//208 5696//208 4451//208
f 5698//207 4451//207 4460//207
f 5698//2902 4460//2902 4464//2902
f 5698//207 5697//207 4451//207
f 5699//2902 5698//2902 4464//2902
f 5700//3267 4464//3267 4475//3267
f 5700//3267 5699//3267 4464//3267
f 5701//3268 4475//3268 4481//3268
f 5701//3268 5700//3268 4475//3268
f 5702//3269 4481//3269 4490//3269
f 5702//3269 5701//3269 4481//3269
f 5703//3270 4490//3270 4501//3270
f 5703//3270 5702//3270 4490//3270
f 5704//3271 4501//3271 4517//3271
f 5704//3272 5703//3272 4501//3272
f 5705//3273 4517//3273 4530//3273
f 5705//3273 5704//3273 4517//3273
f 5706//3274 4530//3274 4547//3274
f 5706//3274 5705//3274 4530//3274
f 5707//3275 4547//3275 4569//3275
f 5707//3275 5706//3275 4547//3275
f 5708//3276 4569//3276 4588//3276
f 5708//3276 5707//3276 4569//3276
f 5709//2467 4588//2467 4601//2467
f 5709//2467 5708//2467 4588//2467
f 5636//3277 4601//3277 4617//3277
f 5636//3277 5709//3277 4601//3277
f 5710//3278 5711//3278 4339//3278
f 4339//3278 5711//3278 4345//3278
f 4345//3279 5712//3279 4350//3279
f 4350//3280 5712//3280 4357//3280
f 5711//3279 5712//3279 4345//3279
f 4357//3281 5713//3281 4361//3281
f 5712//3280 5713//3280 4357//3280
f 5713//3281 5714//3281 4361//3281
f 4361//3282 5715//3282 4368//3282
f 5714//3283 5715//3283 4361//3283
f 4368//3284 5716//3284 4373//3284
f 5715//3284 5716//3284 4368//3284
f 4373//3285 5717//3285 4379//3285
f 4379//3286 5717//3286 4384//3286
f 5716//3285 5717//3285 4373//3285
f 5717//3287 5661//3287 4384//3287
f 4456//3288 5718//3288 4446//3288
f 4446//3289 5719//3289 4433//3289
f 5718//3288 5719//3288 4446//3288
f 4433//3290 5720//3290 4420//3290
f 5719//3289 5720//3289 4433//3289
f 4420//3291 5721//3291 4405//3291
f 5720//3290 5721//3290 4420//3290
f 4405//3292 5722//3292 4391//3292
f 5721//3291 5722//3291 4405//3291
f 4391//3293 5723//3293 4376//3293
f 5722//3292 5723//3292 4391//3292
f 4376//3294 5724//3294 4364//3294
f 5723//3295 5724//3295 4376//3295
f 4364//3296 5725//3296 4354//3296
f 5724//3297 5725//3297 4364//3297
f 4354//3298 5726//3298 4339//3298
f 5725//3299 5726//3299 4354//3299
f 5726//3300 5710//3300 4339//3300
f 5727//2194 5718//2194 4452//2194
f 4452//2194 5718//2194 4456//2194
f 5727//3301 4452//3301 4444//3301
f 5728//3301 5727//3301 4444//3301
f 5728//3302 4444//3302 4434//3302
f 5729//3303 5728//3303 4434//3303
f 5729//3304 4434//3304 4421//3304
f 5730//3304 5729//3304 4421//3304
f 5730//3305 4421//3305 4406//3305
f 5731//3306 5730//3306 4406//3306
f 5731//3307 4406//3307 4394//3307
f 5732//3308 5731//3308 4394//3308
f 5732//3309 4394//3309 4378//3309
f 5733//3309 5732//3309 4378//3309
f 5733//3310 4378//3310 4366//3310
f 5734//3310 5733//3310 4366//3310
f 5734//3311 4366//3311 4353//3311
f 5735//3311 5734//3311 4353//3311
f 5735//3312 4353//3312 4342//3312
f 5736//3312 5735//3312 4342//3312
f 5736//3313 4342//3313 4333//3313
f 5737//3313 5736//3313 4333//3313
f 5737//3314 4333//3314 4327//3314
f 5738//3315 5737//3315 4327//3315
f 5738//3316 4327//3316 4322//3316
f 5739//3317 5738//3317 4322//3317
f 5740//106 5739//106 4322//106
f 5740//106 4322//106 4319//106
f 5741//3318 5740//3318 4319//3318
f 5741//3318 4319//3318 4315//3318
f 5742//104 5741//104 4315//104
f 5742//104 4315//104 4307//104
f 5743//3319 5742//3319 4307//3319
f 5743//3319 4307//3319 4299//3319
f 5743//3320 4299//3320 4290//3320
f 5744//3320 5743//3320 4290//3320
f 5745//100 5744//100 4290//100
f 5745//100 4290//100 4279//100
f 5745//99 4279//99 4270//99
f 5746//99 5745//99 4270//99
f 5747//98 4270//98 4257//98
f 5747//3321 4257//3321 4248//3321
f 5747//98 5746//98 4270//98
f 5748//3321 5747//3321 4248//3321
f 5749//3322 4248//3322 4238//3322
f 5749//3323 5748//3323 4248//3323
f 5750//3324 4238//3324 4233//3324
f 5750//3325 4233//3325 4228//3325
f 5750//3324 5749//3324 4238//3324
f 5751//3325 5750//3325 4228//3325
f 5752//3326 4228//3326 4220//3326
f 5752//3326 5751//3326 4228//3326
f 5753//3327 5752//3327 4220//3327
f 5753//3327 4220//3327 4214//3327
f 5754//3328 5753//3328 4214//3328
f 5754//3329 4214//3329 4210//3329
f 5755//3330 5754//3330 4210//3330
f 5755//3330 4210//3330 4202//3330
f 5756//88 5755//88 4202//88
f 5756//88 4202//88 4195//88
f 5756//86 4195//86 4188//86
f 5757//86 5756//86 4188//86
f 5758//85 5757//85 4188//85
f 5758//85 4188//85 4182//85
f 5759//3331 5758//3331 4182//3331
f 5759//3331 4182//3331 4175//3331
f 5759//3332 4175//3332 4170//3332
f 5760//3332 5759//3332 4170//3332
f 5761//82 5760//82 4170//82
f 5761//82 4170//82 4167//82
f 5762//3333 5761//3333 4167//3333
f 5762//3333 4167//3333 4160//3333
f 5762//78 4160//78 4148//78
f 5763//78 5762//78 4148//78
f 5764//3334 4148//3334 4140//3334
f 5764//3334 5763//3334 4148//3334
f 5765//3335 4140//3335 4133//3335
f 5765//3335 5764//3335 4140//3335
f 5766//3336 4133//3336 4123//3336
f 5766//3336 5765//3336 4133//3336
f 5767//3337 4123//3337 4115//3337
f 5767//3337 5766//3337 4123//3337
f 5768//3338 4115//3338 4105//3338
f 5768//3338 5767//3338 4115//3338
f 5769//3339 4105//3339 4098//3339
f 5769//3339 5768//3339 4105//3339
f 5770//3340 4098//3340 4101//3340
f 5770//3340 5769//3340 4098//3340
f 5771//3341 4101//3341 4107//3341
f 5771//3341 5770//3341 4101//3341
f 5772//3342 4107//3342 4117//3342
f 5772//3343 5771//3343 4107//3343
f 5773//3344 4117//3344 4126//3344
f 5773//3345 5772//3345 4117//3345
f 5774//3346 4126//3346 4135//3346
f 5774//3347 5773//3347 4126//3347
f 5775//3348 4135//3348 4142//3348
f 5775//3348 5774//3348 4135//3348
f 4157//2429 5663//2429 4158//2429
f 5663//2429 5776//2429 4158//2429
f 4158//3349 5776//3349 4159//3349
f 4159//3350 5777//3350 4164//3350
f 5776//3351 5777//3351 4159//3351
f 4164//3352 5778//3352 4174//3352
f 5777//3350 5778//3350 4164//3350
f 4174//3353 5779//3353 4180//3353
f 5778//3354 5779//3354 4174//3354
f 4180//3355 5780//3355 4184//3355
f 5779//3356 5780//3356 4180//3356
f 4184//3357 5781//3357 4191//3357
f 5780//3355 5781//3355 4184//3355
f 4191//3358 5782//3358 4198//3358
f 5781//3357 5782//3357 4191//3357
f 4198//3359 5783//3359 4207//3359
f 5782//3358 5783//3358 4198//3358
f 4207//3360 5784//3360 4204//3360
f 5783//3359 5784//3359 4207//3359
f 5784//3360 5785//3360 4204//3360
f 5785//3361 5786//3361 4204//3361
f 4204//3361 5786//3361 4199//3361
f 4199//3362 5787//3362 4192//3362
f 4192//3363 5787//3363 4186//3363
f 5786//3364 5787//3364 4199//3364
f 4186//3365 5788//3365 4177//3365
f 5787//3366 5788//3366 4186//3366
f 5788//3367 5789//3367 4177//3367
f 4177//3368 5790//3368 4171//3368
f 5789//3368 5790//3368 4177//3368
f 4171//3369 5791//3369 4165//3369
f 5790//3369 5791//3369 4171//3369
f 4165//3370 5792//3370 4155//3370
f 4155//3371 5792//3371 4130//3371
f 5791//3370 5792//3370 4165//3370
f 5792//3371 5793//3371 4130//3371
f 5794//3372 5795//3372 3999//3372
f 5794//3372 3999//3372 4003//3372
f 5794//3373 4003//3373 4006//3373
f 5796//3373 5794//3373 4006//3373
f 5797//3374 4006//3374 4009//3374
f 5797//3375 5796//3375 4006//3375
f 5798//3376 4009//3376 4013//3376
f 5798//3377 4013//3377 4016//3377
f 5798//3378 5797//3378 4009//3378
f 5799//3377 5798//3377 4016//3377
f 5800//3379 4016//3379 4020//3379
f 5800//3379 5799//3379 4016//3379
f 5801//3380 4020//3380 4023//3380
f 5801//3381 5800//3381 4020//3381
f 5802//3382 4023//3382 4027//3382
f 5802//3383 5801//3383 4023//3383
f 5803//3384 4027//3384 4031//3384
f 5803//3384 5802//3384 4027//3384
f 5804//3385 4031//3385 4034//3385
f 5804//3386 5803//3386 4031//3386
f 5805//3387 5804//3387 4034//3387
f 5805//3388 4034//3388 4039//3388
f 5805//3389 4039//3389 4043//3389
f 5806//3389 5805//3389 4043//3389
f 5807//3390 5806//3390 4043//3390
f 5807//3391 4043//3391 4049//3391
f 5808//3392 5807//3392 4049//3392
f 5808//3393 4049//3393 4052//3393
f 5809//3394 4052//3394 4057//3394
f 5809//3395 5808//3395 4052//3395
f 5810//3396 4057//3396 4062//3396
f 5810//3397 4062//3397 4067//3397
f 5810//3396 5809//3396 4057//3396
f 5811//3398 4067//3398 4070//3398
f 5811//3399 5810//3399 4067//3399
f 5812//3400 5811//3400 4070//3400
f 5813//3401 5812//3401 4070//3401
f 5813//3401 4070//3401 4074//3401
f 5814//3402 4074//3402 4079//3402
f 5814//3403 4079//3403 4084//3403
f 5814//3404 5813//3404 4074//3404
f 5815//3405 5814//3405 4084//3405
f 5816//3406 4084//3406 4092//3406
f 5816//3407 4092//3407 4095//3407
f 5816//3408 5815//3408 4084//3408
f 5817//3409 5816//3409 4095//3409
f 5818//3410 4095//3410 4103//3410
f 5818//3411 5817//3411 4095//3411
f 5793//3412 4103//3412 4130//3412
f 5793//3412 5818//3412 4103//3412
f 4143//2306 5819//2306 4142//2306
f 5819//2306 5775//2306 4142//2306
f 5820//3413 5821//3413 3981//3413
f 5820//3413 3981//3413 3979//3413
f 5822//3414 3979//3414 3977//3414
f 5822//3415 3977//3415 3975//3415
f 5822//3414 5820//3414 3979//3414
f 5823//3415 5822//3415 3975//3415
f 5824//3416 3975//3416 3974//3416
f 5824//3417 3974//3417 3976//3417
f 5824//3416 5823//3416 3975//3416
f 5825//3417 5824//3417 3976//3417
f 5826//3418 3976//3418 3978//3418
f 5826//3418 5825//3418 3976//3418
f 5827//3419 3978//3419 3980//3419
f 5827//3420 5826//3420 3978//3420
f 5828//3421 3980//3421 3982//3421
f 5828//3422 3982//3422 3983//3422
f 5828//3421 5827//3421 3980//3421
f 5829//3423 3983//3423 3999//3423
f 5829//3422 5828//3422 3983//3422
f 5795//3423 5829//3423 3999//3423
f 5830//3424 5819//3424 4143//3424
f 5830//3424 4143//3424 4136//3424
f 5830//3425 4136//3425 4091//3425
f 5831//3426 4091//3426 4090//3426
f 5831//3425 5830//3425 4091//3425
f 5832//3427 4090//3427 4087//3427
f 5832//3426 5831//3426 4090//3426
f 5833//3428 4087//3428 4083//3428
f 5833//3427 5832//3427 4087//3427
f 5834//3429 4083//3429 4078//3429
f 5834//3430 5833//3430 4083//3430
f 5835//3431 4078//3431 4073//3431
f 5835//3432 5834//3432 4078//3432
f 5836//3433 4073//3433 4066//3433
f 5836//3434 5835//3434 4073//3434
f 5837//3435 4066//3435 4061//3435
f 5837//3436 5836//3436 4066//3436
f 5838//3437 4061//3437 4055//3437
f 5838//3438 5837//3438 4061//3438
f 5839//3439 4055//3439 4048//3439
f 5839//3440 5838//3440 4055//3440
f 5840//3441 5839//3441 4048//3441
f 5821//3442 5841//3442 3981//3442
f 3981//3442 5841//3442 3992//3442
f 3992//3443 5842//3443 3995//3443
f 5841//3444 5842//3444 3992//3444
f 3995//3445 5843//3445 3998//3445
f 3998//3446 5843//3446 4002//3446
f 5842//3445 5843//3445 3995//3445
f 5843//3447 5844//3447 4002//3447
f 4002//3448 5845//3448 4005//3448
f 5844//3448 5845//3448 4002//3448
f 4005//3449 5846//3449 4008//3449
f 5845//3450 5846//3450 4005//3450
f 4008//3451 5847//3451 4012//3451
f 4012//3452 5847//3452 4015//3452
f 5846//3453 5847//3453 4008//3453
f 5847//3452 5848//3452 4015//3452
f 4015//3454 5849//3454 4018//3454
f 5848//3455 5849//3455 4015//3455
f 4018//3456 5850//3456 4022//3456
f 5849//3456 5850//3456 4018//3456
f 4022//3457 5851//3457 4026//3457
f 4026//3458 5851//3458 4030//3458
f 5850//3459 5851//3459 4022//3459
f 5851//3458 5852//3458 4030//3458
f 4030//3460 5853//3460 4033//3460
f 5852//3461 5853//3461 4030//3461
f 4033//3462 5854//3462 4037//3462
f 5853//3462 5854//3462 4033//3462
f 4037//3463 5855//3463 4042//3463
f 5854//3463 5855//3463 4037//3463
f 4042//3464 5840//3464 4048//3464
f 5855//3465 5840//3465 4042//3465
f 5856//3466 5857//3466 4741//3466
f 5856//3467 4741//3467 4733//3467
f 5858//3468 4733//3468 4728//3468
f 5858//3468 5856//3468 4733//3468
f 5859//3469 4728//3469 4722//3469
f 5859//3470 5858//3470 4728//3470
f 5860//3471 4722//3471 4715//3471
f 5860//3472 4715//3472 4712//3472
f 5860//3473 5859//3473 4722//3473
f 5861//3472 5860//3472 4712//3472
f 5862//3474 4712//3474 4708//3474
f 5862//3475 4708//3475 4710//3475
f 5862//3474 5861//3474 4712//3474
f 5863//3475 5862//3475 4710//3475
f 5864//3476 4710//3476 4713//3476
f 5864//3476 5863//3476 4710//3476
f 5865//3477 4713//3477 4716//3477
f 5865//3477 5864//3477 4713//3477
f 5866//3478 4716//3478 4724//3478
f 5866//3479 5865//3479 4716//3479
f 5867//3480 4724//3480 4729//3480
f 5867//3481 5866//3481 4724//3481
f 5868//3482 4729//3482 4735//3482
f 5868//3482 5867//3482 4729//3482
f 5869//3483 4735//3483 4742//3483
f 5869//3484 5868//3484 4735//3484
f 5857//3466 5870//3466 4741//3466
f 4741//3466 5870//3466 4759//3466
f 4759//3485 5871//3485 4773//3485
f 4773//3486 5871//3486 4778//3486
f 5870//3485 5871//3485 4759//3485
f 5871//3486 5872//3486 4778//3486
f 4778//3487 5873//3487 4783//3487
f 4783//3488 5873//3488 4787//3488
f 5872//3487 5873//3487 4778//3487
f 5873//3488 5874//3488 4787//3488
f 4787//3489 5875//3489 4791//3489
f 4791//3490 5875//3490 4789//3490
f 5874//3491 5875//3491 4787//3491
f 5875//3490 5876//3490 4789//3490
f 4789//3492 5877//3492 4785//3492
f 4785//3493 5877//3493 4781//3493
f 5876//3492 5877//3492 4789//3492
f 4781//3494 5878//3494 4776//3494
f 5877//3493 5878//3493 4781//3493
f 5878//3494 5879//3494 4776//3494
f 5880//3495 5881//3495 4718//3495
f 4718//3496 5881//3496 4731//3496
f 4731//3497 5882//3497 4737//3497
f 5881//3497 5882//3497 4731//3497
f 4737//3498 5883//3498 4739//3498
f 4739//3499 5883//3499 4745//3499
f 5882//3498 5883//3498 4737//3498
f 4745//3500 5884//3500 4750//3500
f 5883//3501 5884//3501 4745//3501
f 5884//3500 5885//3500 4750//3500
f 4750//3502 5886//3502 4754//3502
f 5885//3502 5886//3502 4750//3502
f 4754//3503 5887//3503 4761//3503
f 5886//3504 5887//3504 4754//3504
f 4761//3505 5888//3505 4765//3505
f 4765//3506 5888//3506 4769//3506
f 5887//3505 5888//3505 4761//3505
f 5888//3506 5889//3506 4769//3506
f 4769//3507 5890//3507 4771//3507
f 5889//3507 5890//3507 4769//3507
f 4771//3508 5891//3508 4767//3508
f 5890//3508 5891//3508 4771//3508
f 4767//3509 5892//3509 4763//3509
f 4763//3510 5892//3510 4756//3510
f 5891//3511 5892//3511 4767//3511
f 5892//3512 5893//3512 4756//3512
f 4756//3513 5894//3513 4752//3513
f 5893//3513 5894//3513 4756//3513
f 4752//3514 5895//3514 4747//3514
f 5894//3515 5895//3515 4752//3515
f 4747//3516 5869//3516 4742//3516
f 5895//3517 5869//3517 4747//3517
f 5879//3518 5896//3518 4776//3518
f 4776//3518 5896//3518 4796//3518
f 4796//3519 5897//3519 4798//3519
f 4798//3520 5897//3520 4800//3520
f 5896//3519 5897//3519 4796//3519
f 5897//3520 5898//3520 4800//3520
f 4800//3359 5899//3359 4804//3359
f 5898//3521 5899//3521 4800//3521
f 4804//3522 5900//3522 4806//3522
f 5899//3522 5900//3522 4804//3522
f 4806//3523 5901//3523 4810//3523
f 5900//3524 5901//3524 4806//3524
f 4810//3525 5902//3525 4813//3525
f 4813//3526 5902//3526 4817//3526
f 5901//3527 5902//3527 4810//3527
f 5902//3526 5903//3526 4817//3526
f 5904//3528 5880//3528 4718//3528
f 5904//3528 4718//3528 4795//3528
f 5905//3529 4795//3529 4794//3529
f 5905//3530 4794//3530 4802//3530
f 5905//3529 5904//3529 4795//3529
f 5906//3530 5905//3530 4802//3530
f 5907//3531 4802//3531 4809//3531
f 5907//3532 4809//3532 4815//3532
f 5907//3531 5906//3531 4802//3531
f 5908//3532 5907//3532 4815//3532
f 5909//3533 4815//3533 4822//3533
f 5909//3533 5908//3533 4815//3533
f 5910//3534 4822//3534 4829//3534
f 5910//3534 5909//3534 4822//3534
f 5911//3535 4829//3535 4832//3535
f 5911//3536 4832//3536 4837//3536
f 5911//3535 5910//3535 4829//3535
f 5912//3537 4837//3537 4842//3537
f 5912//3536 5911//3536 4837//3536
f 5913//3537 5912//3537 4842//3537
f 5914//3538 5913//3538 4842//3538
f 5914//3539 4842//3539 4847//3539
f 5914//3540 4847//3540 4848//3540
f 5915//3541 5914//3541 4848//3541
f 5916//3542 4848//3542 4849//3542
f 5916//3543 5915//3543 4848//3543
f 5917//3544 4849//3544 4850//3544
f 5917//3545 4850//3545 4851//3545
f 5917//3546 5916//3546 4849//3546
f 5918//3547 5917//3547 4851//3547
f 5919//3548 4851//3548 4852//3548
f 5919//3548 5918//3548 4851//3548
f 5920//3549 4852//3549 4845//3549
f 5920//3550 5919//3550 4852//3550
f 5921//3551 4845//3551 4844//3551
f 5921//3552 5920//3552 4845//3552
f 5922//3553 4844//3553 4846//3553
f 5922//3554 5921//3554 4844//3554
f 5923//3555 4846//3555 4843//3555
f 5923//3556 5922//3556 4846//3556
f 5924//3557 5923//3557 4843//3557
f 5924//3558 4843//3558 4841//3558
f 5924//3559 4841//3559 4840//3559
f 5925//3560 5924//3560 4840//3560
f 5926//3561 5925//3561 4840//3561
f 5926//3561 4840//3561 4839//3561
f 5927//3562 5926//3562 4839//3562
f 5927//3563 4839//3563 4838//3563
f 5928//3564 4838//3564 4836//3564
f 5928//3564 5927//3564 4838//3564
f 5929//3565 4836//3565 4835//3565
f 5929//3566 4835//3566 4834//3566
f 5929//3567 5928//3567 4836//3567
f 5930//3568 4834//3568 4833//3568
f 5930//3569 5929//3569 4834//3569
f 5931//3570 5930//3570 4833//3570
f 5932//3571 5931//3571 4833//3571
f 5932//3571 4833//3571 4831//3571
f 5933//3572 4831//3572 4830//3572
f 5933//3573 4830//3573 4827//3573
f 5933//3574 5932//3574 4831//3574
f 5934//3575 5933//3575 4827//3575
f 5935//3576 4827//3576 4825//3576
f 5935//3577 4825//3577 4823//3577
f 5935//3576 5934//3576 4827//3576
f 5936//3577 5935//3577 4823//3577
f 5937//3578 4823//3578 4819//3578
f 5937//3578 5936//3578 4823//3578
f 5903//3579 4819//3579 4817//3579
f 5903//3579 5937//3579 4819//3579
f 5938//3580 5939//3580 4628//3580
f 5938//3580 4628//3580 4633//3580
f 5940//3581 4633//3581 4637//3581
f 5940//3581 5938//3581 4633//3581
f 5941//3582 4637//3582 4644//3582
f 5941//3582 5940//3582 4637//3582
f 5942//3583 4644//3583 4652//3583
f 5942//3583 5941//3583 4644//3583
f 5943//3584 4652//3584 4660//3584
f 5943//3584 5942//3584 4652//3584
f 5944//3585 4660//3585 4664//3585
f 5944//3586 4664//3586 4669//3586
f 5944//3585 5943//3585 4660//3585
f 5945//3587 5944//3587 4669//3587
f 5946//3588 4669//3588 4673//3588
f 5946//3588 5945//3588 4669//3588
f 5947//3589 4673//3589 4682//3589
f 5947//3590 5946//3590 4673//3590
f 5948//3591 4682//3591 4686//3591
f 5948//3591 5947//3591 4682//3591
f 5949//3592 4686//3592 4696//3592
f 5949//3592 5948//3592 4686//3592
f 5950//3593 4696//3593 4702//3593
f 5950//3594 5949//3594 4696//3594
f 5951//3595 4702//3595 4726//3595
f 5951//3595 5950//3595 4702//3595
f 5939//3596 5952//3596 4628//3596
f 4628//3596 5952//3596 4620//3596
f 4620//3597 5953//3597 4609//3597
f 5952//3597 5953//3597 4620//3597
f 4609//3598 5954//3598 4596//3598
f 4596//3599 5954//3599 4579//3599
f 5953//3598 5954//3598 4609//3598
f 5954//3599 5955//3599 4579//3599
f 4579//3600 5956//3600 4557//3600
f 5955//3600 5956//3600 4579//3600
f 4557//3601 5957//3601 4538//3601
f 5956//3602 5957//3602 4557//3602
f 4538//3603 5958//3603 4521//3603
f 5957//3603 5958//3603 4538//3603
f 4521//3604 5959//3604 4507//3604
f 4507//3605 5959//3605 4491//3605
f 5958//3363 5959//3363 4521//3363
f 5959//3605 5960//3605 4491//3605
f 4491//3606 5961//3606 4484//3606
f 5960//3607 5961//3607 4491//3607
f 5962//3608 5963//3608 4826//3608
f 4826//3609 5963//3609 4824//3609
f 4824//3610 5964//3610 4820//3610
f 5963//3611 5964//3611 4824//3611
f 4820//3612 5965//3612 4818//3612
f 4818//3613 5965//3613 4816//3613
f 5964//3612 5965//3612 4820//3612
f 5965//3613 5966//3613 4816//3613
f 4816//3614 5967//3614 4812//3614
f 5966//3615 5967//3615 4816//3615
f 4812//3616 5968//3616 4811//3616
f 5967//3616 5968//3616 4812//3616
f 4811//3617 5969//3617 4807//3617
f 4807//3618 5969//3618 4805//3618
f 5968//3617 5969//3617 4811//3617
f 5969//3618 5970//3618 4805//3618
f 4805//3619 5971//3619 4803//3619
f 5970//3619 5971//3619 4805//3619
f 4803//3620 5972//3620 4799//3620
f 5971//3620 5972//3620 4803//3620
f 4799//3621 5973//3621 4797//3621
f 4797//3622 5973//3622 4792//3622
f 5972//3621 5973//3621 4799//3621
f 5973//3622 5974//3622 4792//3622
f 4792//3623 5975//3623 4780//3623
f 5974//3623 5975//3623 4792//3623
f 4780//3624 5976//3624 4772//3624
f 5975//3625 5976//3625 4780//3625
f 4772//3626 5977//3626 4744//3626
f 5976//3627 5977//3627 4772//3627
f 4744//3628 5951//3628 4726//3628
f 5977//3628 5951//3628 4744//3628
f 5961//3629 5978//3629 4484//3629
f 4484//3630 5978//3630 4489//3630
f 4489//3631 5979//3631 4498//3631
f 4498//3632 5979//3632 4502//3632
f 5978//3633 5979//3633 4489//3633
f 4502//3634 5980//3634 4513//3634
f 5979//3635 5980//3635 4502//3635
f 5980//3634 5981//3634 4513//3634
f 4513//3636 5982//3636 4523//3636
f 5981//3636 5982//3636 4513//3636
f 4523//3637 5983//3637 4533//3637
f 5982//3637 5983//3637 4523//3637
f 4533//3638 5984//3638 4544//3638
f 4544//3639 5984//3639 4556//3639
f 5983//3638 5984//3638 4533//3638
f 5984//3639 5985//3639 4556//3639
f 5986//3567 5962//3567 4826//3567
f 5986//3640 4826//3640 4828//3640
f 5987//3641 4828//3641 4821//3641
f 5987//3642 4821//3642 4814//3642
f 5987//3641 5986//3641 4828//3641
f 5988//3642 5987//3642 4814//3642
f 5989//3643 4814//3643 4808//3643
f 5989//3644 4808//3644 4801//3644
f 5989//3645 5988//3645 4814//3645
f 5990//3644 5989//3644 4801//3644
f 5991//3646 4801//3646 4793//3646
f 5991//3646 5990//3646 4801//3646
f 5992//3647 4793//3647 4758//3647
f 5992//3647 5991//3647 4793//3647
f 5993//3648 4758//3648 4703//3648
f 5993//3649 4703//3649 4690//3649
f 5993//3648 5992//3648 4758//3648
f 5994//3650 4690//3650 4680//3650
f 5994//3649 5993//3649 4690//3649
f 5995//3650 5994//3650 4680//3650
f 5996//3651 5995//3651 4680//3651
f 5996//3651 4680//3651 4679//3651
f 5996//3652 4679//3652 4678//3652
f 5997//3652 5996//3652 4678//3652
f 5998//3653 4678//3653 4677//3653
f 5998//3653 5997//3653 4678//3653
f 5999//3654 4677//3654 4666//3654
f 5999//3655 4666//3655 4665//3655
f 5999//3656 5998//3656 4677//3656
f 6000//3657 5999//3657 4665//3657
f 6001//3658 4665//3658 4667//3658
f 6001//3659 6000//3659 4665//3659
f 6002//3660 4667//3660 4658//3660
f 6002//3661 6001//3661 4667//3661
f 6003//3662 4658//3662 4653//3662
f 6003//3663 6002//3663 4658//3663
f 6004//3664 4653//3664 4651//3664
f 6004//3665 6003//3665 4653//3665
f 6005//3666 4651//3666 4643//3666
f 6005//3667 6004//3667 4651//3667
f 6006//3668 6005//3668 4643//3668
f 6006//3668 4643//3668 4640//3668
f 6006//3669 4640//3669 4636//3669
f 6007//3669 6006//3669 4636//3669
f 6008//3670 6007//3670 4636//3670
f 6008//3671 4636//3671 4632//3671
f 6009//3672 6008//3672 4632//3672
f 6009//3673 4632//3673 4627//3673
f 6010//3674 4627//3674 4624//3674
f 6010//3674 6009//3674 4627//3674
f 6011//3675 4624//3675 4619//3675
f 6011//3676 4619//3676 4614//3676
f 6011//2962 6010//2962 4624//2962
f 6012//3677 4614//3677 4608//3677
f 6012//3678 6011//3678 4614//3678
f 6013//3679 6012//3679 4608//3679
f 6014//3680 6013//3680 4608//3680
f 6014//3681 4608//3681 4605//3681
f 6015//3682 4605//3682 4595//3682
f 6015//3683 4595//3683 4590//3683
f 6015//3682 6014//3682 4605//3682
f 6016//3683 6015//3683 4590//3683
f 6017//3684 4590//3684 4584//3684
f 6017//3685 4584//3685 4575//3685
f 6017//3686 6016//3686 4590//3686
f 6018//3687 6017//3687 4575//3687
f 6019//3688 4575//3688 4566//3688
f 6019//3688 6018//3688 4575//3688
f 5985//3689 4566//3689 4556//3689
f 5985//3690 6019//3690 4566//3690
f 5104//3691 4960//3691 4962//3691
f 5106//3692 4962//3692 4964//3692
f 5106//3691 5104//3691 4962//3691
f 5108//3692 5106//3692 4964//3692
f 5110//189 5108//189 4964//189
f 5110//189 4964//189 4966//189
f 5110//188 4966//188 4968//188
f 5112//3693 5110//3693 4968//3693
f 5114//3694 5112//3694 4968//3694
f 5114//3694 4968//3694 4970//3694
f 5116//3695 5114//3695 4970//3695
f 5116//3695 4970//3695 4972//3695
f 5118//184 5116//184 4972//184
f 5118//184 4972//184 4974//184
f 5118//3696 4974//3696 4976//3696
f 5120//3696 5118//3696 4976//3696
f 5122//3697 5120//3697 4976//3697
f 5122//3697 4976//3697 4978//3697
f 5122//181 4978//181 4980//181
f 5124//181 5122//181 4980//181
f 5126//3698 5124//3698 4980//3698
f 5126//3698 4980//3698 4982//3698
f 5129//178 5126//178 4982//178
f 5129//178 4982//178 4985//178
f 5129//175 4985//175 4987//175
f 5131//175 5129//175 4987//175
f 5133//3699 5131//3699 4987//3699
f 5133//3700 4987//3700 4989//3700
f 5133//3701 4989//3701 4990//3701
f 5134//3701 5133//3701 4990//3701
f 5136//3702 5134//3702 4990//3702
f 5136//171 4990//171 4992//171
f 5136//169 4992//169 4994//169
f 5138//169 5136//169 4994//169
f 5140//3703 4994//3703 4996//3703
f 5140//167 4996//167 4995//167
f 5140//3703 5138//3703 4994//3703
f 5139//167 5140//167 4995//167
f 5137//3023 4995//3023 4993//3023
f 5137//3023 5139//3023 4995//3023
f 5135//164 4993//164 4991//164
f 5135//165 5137//165 4993//165
f 5132//3704 4991//3704 4988//3704
f 5132//162 5135//162 4991//162
f 5130//3705 4988//3705 4986//3705
f 5130//160 4986//160 4984//160
f 5130//3705 5132//3705 4988//3705
f 5128//3706 5130//3706 4984//3706
f 5127//157 4984//157 4983//157
f 5127//3027 5128//3027 4984//3027
f 5125//156 4983//156 4981//156
f 5125//156 5127//156 4983//156
f 5123//3707 4981//3707 4979//3707
f 5123//154 5125//154 4981//154
f 5121//152 4979//152 4977//152
f 5121//3028 5123//3028 4979//3028
f 5119//150 5121//150 4977//150
f 5119//149 4977//149 4975//149
f 5119//148 4975//148 4973//148
f 5117//148 5119//148 4973//148
f 5115//147 5117//147 4973//147
f 5115//3708 4973//3708 4971//3708
f 5113//146 5115//146 4971//146
f 5113//146 4971//146 4969//146
f 5113//3709 4969//3709 4967//3709
f 5111//145 5113//145 4967//145
f 5109//3031 5111//3031 4967//3031
f 5109//144 4967//144 4965//144
f 5107//143 5109//143 4965//143
f 5107//143 4965//143 4963//143
f 5107//142 4963//142 4961//142
f 5105//142 5107//142 4961//142
f 5103//141 5105//141 4961//141
f 5103//141 4961//141 4959//141
f 5101//140 5103//140 4959//140
f 5101//140 4959//140 4957//140
f 5099//3710 5101//3710 4957//3710
f 5099//139 4957//139 4955//139
f 5097//138 5099//138 4955//138
f 5097//3711 4955//3711 4953//3711
f 5095//137 5097//137 4953//137
f 5095//137 4953//137 4951//137
f 5093//136 5095//136 4951//136
f 5093//3712 4951//3712 4949//3712
f 5091//135 5093//135 4949//135
f 5091//135 4949//135 4947//135
f 5089//3713 5091//3713 4947//3713
f 5089//134 4947//134 4945//134
f 5087//3714 5089//3714 4945//3714
f 5087//133 4945//133 4943//133
f 5085//3715 5087//3715 4943//3715
f 5085//3715 4943//3715 4941//3715
f 5083//3716 5085//3716 4941//3716
f 5083//3716 4941//3716 4939//3716
f 5081//3717 5083//3717 4939//3717
f 5081//126 4939//126 4937//126
f 5079//3718 5081//3718 4937//3718
f 5079//125 4937//125 4935//125
f 5077//3719 5079//3719 4935//3719
f 5077//3719 4935//3719 4933//3719
f 5077//3720 4933//3720 4931//3720
f 5075//123 5077//123 4931//123
f 5073//121 5075//121 4931//121
f 5073//120 4931//120 4929//120
f 5071//3721 5073//3721 4929//3721
f 5071//3721 4929//3721 4927//3721
f 5069//118 5071//118 4927//118
f 5069//118 4927//118 4925//118
f 5067//3722 5069//3722 4925//3722
f 5067//3722 4925//3722 4923//3722
f 5064//116 5067//116 4923//116
f 5064//116 4923//116 4920//116
f 5063//114 4920//114 4919//114
f 5063//3723 5064//3723 4920//3723
f 5061//3724 4919//3724 4917//3724
f 5061//3724 5063//3724 4919//3724
f 5058//3725 4917//3725 4914//3725
f 5058//3725 5061//3725 4917//3725
f 5057//110 4914//110 4913//110
f 5057//110 5058//110 4914//110
f 5055//106 4913//106 4911//106
f 5055//106 5057//106 4913//106
f 5053//3318 4911//3318 4909//3318
f 5053//104 4909//104 4907//104
f 5053//3318 5055//3318 4911//3318
f 5051//3319 4907//3319 4905//3319
f 5051//104 5053//104 4907//104
f 5049//3319 5051//3319 4905//3319
f 5048//3320 4905//3320 4904//3320
f 5048//3320 5049//3320 4905//3320
f 5046//100 4904//100 4902//100
f 5046//100 5048//100 4904//100
f 5043//101 4902//101 4899//101
f 5043//3726 4899//3726 4897//3726
f 5043//101 5046//101 4902//101
f 5041//3726 5043//3726 4897//3726
f 5039//97 4897//97 4895//97
f 5039//3727 5041//3727 4897//3727
f 5037//95 4895//95 4893//95
f 5037//95 5039//95 4895//95
f 5035//94 4893//94 4891//94
f 5035//94 5037//94 4893//94
f 5031//3325 4891//3325 4887//3325
f 5031//3325 5035//3325 4891//3325
f 5032//3326 4887//3326 4888//3326
f 5032//3728 4888//3728 4885//3728
f 5032//3326 5031//3326 4887//3326
f 5029//3728 5032//3728 4885//3728
f 5028//90 4885//90 4884//90
f 5028//90 5029//90 4885//90
f 5023//3729 4884//3729 4879//3729
f 5023//3729 5028//3729 4884//3729
f 5024//3730 4879//3730 4880//3730
f 5024//87 4880//87 4875//87
f 5024//3730 5023//3730 4879//3730
f 5019//87 5024//87 4875//87
f 5020//85 5019//85 4875//85
f 5020//85 4875//85 4876//85
f 5017//3331 5020//3331 4876//3331
f 5017//3331 4876//3331 4873//3331
f 5014//3332 5017//3332 4873//3332
f 5014//3332 4873//3332 4870//3332
f 5015//82 5014//82 4870//82
f 5015//82 4870//82 4871//82
f 5012//80 5015//80 4871//80
f 5012//80 4871//80 4868//80
f 5009//78 5012//78 4868//78
f 5009//78 4868//78 4865//78
f 5005//77 5009//77 4865//77
f 5005//77 4865//77 4861//77
f 5006//3731 4861//3731 4862//3731
f 5006//3732 4862//3732 4858//3732
f 5006//3731 5005//3731 4861//3731
f 5002//3732 5006//3732 4858//3732
f 5003//74 4858//74 4859//74
f 5003//73 4859//73 4855//73
f 5003//74 5002//74 4858//74
f 4999//3733 4855//3733 4853//3733
f 4999//3734 5003//3734 4855//3734
f 4997//3735 4999//3735 4853//3735
f 4998//70 4853//70 4854//70
f 4998//70 4997//70 4853//70
f 5000//71 4854//71 4856//71
f 5000//71 4998//71 4854//71
f 5001//3736 4856//3736 4857//3736
f 5001//3737 4857//3737 4860//3737
f 5001//3736 5000//3736 4856//3736
f 5004//3737 5001//3737 4860//3737
f 5007//3738 4860//3738 4863//3738
f 5007//3738 5004//3738 4860//3738
f 5008//3739 4863//3739 4864//3739
f 5008//62 4864//62 4866//62
f 5008//3739 5007//3739 4863//3739
f 5010//60 4866//60 4867//60
f 5010//62 5008//62 4866//62
f 5011//60 5010//60 4867//60
f 5013//3740 4867//3740 4869//3740
f 5013//3741 4869//3741 4872//3741
f 5013//3740 5011//3740 4867//3740
f 5016//3741 5013//3741 4872//3741
f 5018//56 4872//56 4874//56
f 5018//56 5016//56 4872//56
f 5021//3742 4874//3742 4877//3742
f 5021//3743 4877//3743 4878//3743
f 5021//3742 5018//3742 4874//3742
f 5022//53 4878//53 4881//53
f 5022//54 5021//54 4878//54
f 5025//53 5022//53 4881//53
f 5026//3744 4881//3744 4882//3744
f 5026//51 4882//51 4883//51
f 5026//3744 5025//3744 4881//3744
f 5027//50 5026//50 4883//50
f 5027//49 4883//49 4886//49
f 5030//49 5027//49 4886//49
f 5030//47 4886//47 4889//47
f 5033//47 5030//47 4889//47
f 5033//237 4889//237 4890//237
f 5034//237 5033//237 4890//237
f 5036//235 5034//235 4890//235
f 5036//235 4890//235 4892//235
f 5036//233 4892//233 4894//233
f 5038//234 5036//234 4894//234
f 5040//3745 5038//3745 4894//3745
f 5040//3745 4894//3745 4896//3745
f 5042//231 5040//231 4896//231
f 5042//231 4896//231 4898//231
f 5042//229 4898//229 4900//229
f 5044//230 5042//230 4900//230
f 5044//3259 4900//3259 4901//3259
f 5045//3259 5044//3259 4901//3259
f 5047//227 5045//227 4901//227
f 5047//227 4901//227 4903//227
f 5050//3746 5047//3746 4903//3746
f 5050//3746 4903//3746 4906//3746
f 5050//3261 4906//3261 4908//3261
f 5052//3261 5050//3261 4908//3261
f 5052//223 4908//223 4910//223
f 5054//223 5052//223 4910//223
f 5056//222 4910//222 4912//222
f 5056//222 5054//222 4910//222
f 5059//3747 4912//3747 4915//3747
f 5059//3748 4915//3748 4916//3748
f 5059//220 5056//220 4912//220
f 5060//3749 4916//3749 4918//3749
f 5060//3748 5059//3748 4916//3748
f 5062//3749 5060//3749 4918//3749
f 5065//216 4918//216 4921//216
f 5065//214 4921//214 4922//214
f 5065//216 5062//216 4918//216
f 5066//214 5065//214 4922//214
f 5068//213 4922//213 4924//213
f 5068//213 5066//213 4922//213
f 5070//3750 4924//3750 4926//3750
f 5070//3266 5068//3266 4924//3266
f 5072//211 4926//211 4928//211
f 5072//210 4928//210 4930//210
f 5072//3751 5070//3751 4926//3751
f 5074//210 5072//210 4930//210
f 5076//3752 5074//3752 4930//3752
f 5076//3752 4930//3752 4932//3752
f 5076//3753 4932//3753 4934//3753
f 5078//3753 5076//3753 4934//3753
f 5080//207 5078//207 4934//207
f 5080//207 4934//207 4936//207
f 5082//205 5080//205 4936//205
f 5082//205 4936//205 4938//205
f 5082//3754 4938//3754 4940//3754
f 5084//3754 5082//3754 4940//3754
f 5086//202 5084//202 4940//202
f 5086//202 4940//202 4942//202
f 5086//3755 4942//3755 4944//3755
f 5088//3755 5086//3755 4944//3755
f 5090//3756 5088//3756 4944//3756
f 5090//3756 4944//3756 4946//3756
f 5092//199 5090//199 4946//199
f 5092//199 4946//199 4948//199
f 5094//197 5092//197 4948//197
f 5094//197 4948//197 4950//197
f 5096//3757 5094//3757 4950//3757
f 5096//3757 4950//3757 4952//3757
f 5098//3758 5096//3758 4952//3758
f 5098//195 4952//195 4954//195
f 5098//194 4954//194 4956//194
f 5100//194 5098//194 4956//194
f 5102//3759 5100//3759 4956//3759
f 5102//3759 4956//3759 4958//3759
f 5104//3760 5102//3760 4958//3760
f 5104//3760 4958//3760 4960//3760
f 5165//3761 5189//3761 5166//3761
f 5166//2553 5189//2553 5167//2553
f 5167//1495 5189//1495 5168//1495
f 5168//1494 5189//1494 5169//1494
f 5189//12 5170//12 5169//12
f 5170//6 5190//6 5171//6
f 5171//6 5190//6 5172//6
f 5172//11 5190//11 5173//11
f 5189//12 5190//12 5170//12
f 5190//6 5191//6 5173//6
f 5173//11 5191//11 5174//11
f 5174//13 5191//13 5175//13
f 5175//11 5191//11 5176//11
f 5191//6 5192//6 5176//6
f 5176//12 5192//12 5177//12
f 5177//12 5192//12 5178//12
f 5178//16 5192//16 5179//16
f 5154//6 5193//6 5153//6
f 5192//12 5193//12 5179//12
f 5179//11 5193//11 5180//11
f 5180//6 5193//6 5154//6
f 5152//11 5194//11 5151//11
f 5153//6 5194//6 5152//6
f 5193//6 5194//6 5153//6
f 5149//13 5195//13 5148//13
f 5150//11 5195//11 5149//11
f 5151//18 5195//18 5150//18
f 5194//6 5195//6 5151//6
f 5146//11 5196//11 5145//11
f 5147//6 5196//6 5146//6
f 5148//6 5196//6 5147//6
f 5195//6 5196//6 5148//6
f 5143//13 5197//13 5141//13
f 5144//11 5197//11 5143//11
f 5145//6 5197//6 5144//6
f 5196//6 5197//6 5145//6
f 5141//12 5198//12 5142//12
f 5197//6 5198//6 5141//6
f 5198//12 5199//12 5142//12
f 5142//5 5200//5 5155//5
f 5199//11 5200//11 5142//11
f 5200//6 5201//6 5155//6
f 5201//6 5202//6 5155//6
f 5202//18 5203//18 5155//18
f 5163//5 5181//5 5164//5
f 5163//5 5182//5 5181//5
f 5162//5 5183//5 5163//5
f 5163//16 5183//16 5182//16
f 5203//13 5204//13 5155//13
f 5161//5 5184//5 5162//5
f 5162//6 5184//6 5183//6
f 5155//6 5205//6 5156//6
f 5204//17 5205//17 5155//17
f 5161//6 5185//6 5184//6
f 5205//13 5206//13 5156//13
f 5161//6 5186//6 5185//6
f 5160//11 5186//11 5161//11
f 5206//11 5207//11 5156//11
f 5160//6 5187//6 5186//6
f 5207//12 5208//12 5156//12
f 5160//12 5188//12 5187//12
f 5159//12 5188//12 5160//12
f 5208//11 5209//11 5156//11
f 5156//12 5209//12 5157//12
f 5159//6 5222//6 5188//6
f 5209//5 5210//5 5157//5
f 5159//5 5221//5 5222//5
f 5210//12 5211//12 5157//12
f 5159//11 5220//11 5221//11
f 5211//11 5212//11 5157//11
f 5158//6 5219//6 5159//6
f 5159//11 5219//11 5220//11
f 5212//5 5213//5 5157//5
f 5158//11 5218//11 5219//11
f 5213//11 5214//11 5157//11
f 5157//11 5214//11 5158//11
f 5158//12 5217//12 5218//12
f 5214//12 5215//12 5158//12
f 5215//11 5216//11 5158//11
f 5158//2549 5216//2549 5217//2549
f 5247//6 5271//6 5248//6
f 5248//2566 5271//2566 5249//2566
f 5271//16 5250//16 5249//16
f 5271//1499 5251//1499 5250//1499
f 5271//13 5252//13 5251//13
f 5271//12 5272//12 5252//12
f 5272//16 5253//16 5252//16
f 5272//13 5254//13 5253//13
f 5272//5 5255//5 5254//5
f 5272//9 5256//9 5255//9
f 5273//6 5256//6 5272//6
f 5273//6 5257//6 5256//6
f 5273//5 5258//5 5257//5
f 5273//5 5259//5 5258//5
f 5273//1498 5260//1498 5259//1498
f 5274//6 5260//6 5273//6
f 5274//5 5261//5 5260//5
f 5274//1494 5262//1494 5261//1494
f 5274//10 5236//10 5262//10
f 5275//5 5236//5 5274//5
f 5275//13 5235//13 5236//13
f 5275//13 5234//13 5235//13
f 5275//1494 5233//1494 5234//1494
f 5275//6 5232//6 5233//6
f 5276//6 5232//6 5275//6
f 5276//6 5231//6 5232//6
f 5276//5 5230//5 5231//5
f 5276//1499 5229//1499 5230//1499
f 5277//6 5229//6 5276//6
f 5277//1494 5228//1494 5229//1494
f 5277//6 5227//6 5228//6
f 5277//5 5226//5 5227//5
f 5278//6 5226//6 5277//6
f 5278//6 5225//6 5226//6
f 5278//5 5223//5 5225//5
f 5279//6 5224//6 5278//6
f 5278//6 5224//6 5223//6
f 5281//13 5237//13 5280//13
f 5282//5 5237//5 5281//5
f 5280//5 5237//5 5279//5
f 5279//6 5237//6 5224//6
f 5283//1494 5238//1494 5282//1494
f 5284//3762 5238//3762 5283//3762
f 5285//16 5238//16 5284//16
f 5286//6 5238//6 5285//6
f 5287//6 5238//6 5286//6
f 5288//2546 5238//2546 5287//2546
f 5289//13 5238//13 5288//13
f 5290//6 5238//6 5289//6
f 5291//5 5238//5 5290//5
f 5292//6 5238//6 5291//6
f 5282//5 5238//5 5237//5
f 5292//13 5293//13 5238//13
f 5294//16 5239//16 5293//16
f 5295//6 5239//6 5294//6
f 5293//6 5239//6 5238//6
f 5295//1512 5296//1512 5239//1512
f 5296//13 5297//13 5239//13
f 5297//13 5298//13 5239//13
f 5298//16 5299//16 5239//16
f 5239//6 5299//6 5240//6
f 5299//16 5300//16 5240//16
f 5300//13 5301//13 5240//13
f 5301//13 5302//13 5240//13
f 5302//16 5303//16 5240//16
f 5240//5 5303//5 5241//5
f 5303//13 5304//13 5241//13
f 5304//13 5270//13 5241//13
f 5241//6 5269//6 5242//6
f 5270//6 5269//6 5241//6
f 5269//6 5268//6 5242//6
f 5268//14 5243//14 5242//14
f 5268//6 5267//6 5243//6
f 5267//11 5266//11 5243//11
f 5266//12 5244//12 5243//12
f 5266//12 5265//12 5244//12
f 5265//5 5264//5 5244//5
f 5264//16 5245//16 5244//16
f 5264//6 5263//6 5245//6
f 5263//12 5246//12 5245//12
f 5328//13 5327//13 5345//13
f 5327//13 5346//13 5345//13
f 5327//13 5326//13 5346//13
f 5326//6 5347//6 5346//6
f 5326//5 5348//5 5347//5
f 5326//5 5325//5 5348//5
f 5325//5 5349//5 5348//5
f 5324//6 5350//6 5325//6
f 5325//6 5350//6 5349//6
f 5324//6 5351//6 5350//6
f 5323//6 5351//6 5324//6
f 5323//6 5352//6 5351//6
f 5323//9 5386//9 5352//9
f 5323//9 5385//9 5386//9
f 5322//6 5385//6 5323//6
f 5322//10 5384//10 5385//10
f 5322//5 5383//5 5384//5
f 5321//6 5382//6 5322//6
f 5322//6 5382//6 5383//6
f 5321//6 5381//6 5382//6
f 5321//5 5380//5 5381//5
f 5320//5 5379//5 5321//5
f 5321//5 5379//5 5380//5
f 5320//6 5378//6 5379//6
f 5320//5 5377//5 5378//5
f 5319//6 5376//6 5320//6
f 5320//6 5376//6 5377//6
f 5319//1498 5375//1498 5376//1498
f 5319//6 5374//6 5375//6
f 5319//5 5373//5 5374//5
f 5306//5 5372//5 5319//5
f 5319//6 5372//6 5373//6
f 5306//5 5371//5 5372//5
f 5306//6 5370//6 5371//6
f 5305//6 5369//6 5306//6
f 5306//5 5369//5 5370//5
f 5305//5 5368//5 5369//5
f 5307//5 5367//5 5305//5
f 5305//6 5367//6 5368//6
f 5307//6 5366//6 5367//6
f 5308//6 5365//6 5307//6
f 5307//6 5365//6 5366//6
f 5308//5 5364//5 5365//5
f 5309//5 5363//5 5308//5
f 5308//5 5363//5 5364//5
f 5310//6 5362//6 5309//6
f 5309//6 5362//6 5363//6
f 5310//6 5361//6 5362//6
f 5311//5 5361//5 5310//5
f 5312//6 5361//6 5311//6
f 5313//6 5360//6 5312//6
f 5314//10 5360//10 5313//10
f 5312//6 5360//6 5361//6
f 5314//5 5359//5 5360//5
f 5315//9 5359//9 5314//9
f 5316//10 5359//10 5315//10
f 5317//5 5359//5 5316//5
f 5318//5 5358//5 5317//5
f 5317//6 5358//6 5359//6
f 5344//6 5358//6 5318//6
f 5344//5 5357//5 5358//5
f 5342//9 5357//9 5343//9
f 5343//6 5357//6 5344//6
f 5342//6 5356//6 5357//6
f 5340//6 5356//6 5341//6
f 5341//6 5356//6 5342//6
f 5340//6 5355//6 5356//6
f 5337//10 5355//10 5338//10
f 5338//12 5355//12 5339//12
f 5339//12 5355//12 5340//12
f 5337//6 5354//6 5355//6
f 5334//5 5354//5 5335//5
f 5335//1496 5354//1496 5336//1496
f 5336//12 5354//12 5337//12
f 5329//10 5353//10 5330//10
f 5330//11 5353//11 5331//11
f 5331//10 5353//10 5332//10
f 5332//12 5353//12 5333//12
f 5333//7 5353//7 5334//7
f 5334//5 5353//5 5354//5
f 5435//6 5412//6 5411//6
f 5435//6 5413//6 5412//6
f 5435//16 5414//16 5413//16
f 5435//11 5415//11 5414//11
f 5436//6 5416//6 5435//6
f 5435//6 5416//6 5415//6
f 5436//5 5417//5 5416//5
f 5436//5 5418//5 5417//5
f 5437//6 5419//6 5436//6
f 5436//1528 5419//1528 5418//1528
f 5437//5 5420//5 5419//5
f 5437//8 5421//8 5420//8
f 5437//12 5422//12 5421//12
f 5437//6 5423//6 5422//6
f 5438//6 5423//6 5437//6
f 5438//6 5424//6 5423//6
f 5438//1495 5425//1495 5424//1495
f 5438//11 5426//11 5425//11
f 5439//6 5426//6 5438//6
f 5439//6 5400//6 5426//6
f 5439//5 5399//5 5400//5
f 5440//5 5398//5 5439//5
f 5439//5 5398//5 5399//5
f 5440//1496 5397//1496 5398//1496
f 5440//1495 5396//1495 5397//1495
f 5441//6 5396//6 5440//6
f 5441//1496 5395//1496 5396//1496
f 5441//6 5394//6 5395//6
f 5441//1495 5393//1495 5394//1495
f 5442//5 5393//5 5441//5
f 5442//11 5392//11 5393//11
f 5442//6 5391//6 5392//6
f 5443//6 5390//6 5442//6
f 5442//6 5390//6 5391//6
f 5443//5 5389//5 5390//5
f 5443//6 5387//6 5389//6
f 5444//6 5387//6 5443//6
f 5444//6 5388//6 5387//6
f 5445//6 5388//6 5444//6
f 5446//5 5401//5 5445//5
f 5447//1495 5401//1495 5446//1495
f 5448//1496 5401//1496 5447//1496
f 5449//1495 5401//1495 5448//1495
f 5445//5 5401//5 5388//5
f 5450//1528 5402//1528 5449//1528
f 5451//5 5402//5 5450//5
f 5452//5 5402//5 5451//5
f 5453//1495 5402//1495 5452//1495
f 5449//5 5402//5 5401//5
f 5454//1496 5403//1496 5453//1496
f 5455//5 5403//5 5454//5
f 5456//6 5403//6 5455//6
f 5457//6 5403//6 5456//6
f 5453//6 5403//6 5402//6
f 5458//6 5404//6 5457//6
f 5459//5 5404//5 5458//5
f 5460//5 5404//5 5459//5
f 5461//6 5404//6 5460//6
f 5462//6 5404//6 5461//6
f 5457//6 5404//6 5403//6
f 5462//6 5405//6 5404//6
f 5463//5 5405//5 5462//5
f 5464//6 5405//6 5463//6
f 5465//1495 5405//1495 5464//1495
f 5466//10 5405//10 5465//10
f 5433//6 5406//6 5434//6
f 5466//5 5406//5 5405//5
f 5467//1496 5406//1496 5466//1496
f 5468//9 5406//9 5467//9
f 5434//9 5406//9 5468//9
f 5433//6 5407//6 5406//6
f 5431//9 5407//9 5432//9
f 5432//1496 5407//1496 5433//1496
f 5429//16 5408//16 5430//16
f 5430//1496 5408//1496 5431//1496
f 5431//5 5408//5 5407//5
f 5429//11 5409//11 5408//11
f 5428//11 5409//11 5429//11
f 5428//17 5427//17 5409//17
f 5427//17 5410//17 5409//17
f 5628//5 5606//5 5627//5
f 5627//11 5606//11 5605//11
f 5605//1495 5604//1495 5627//1495
f 5628//6 5607//6 5606//6
f 5627//6 5603//6 5626//6
f 5604//11 5603//11 5627//11
f 5628//12 5608//12 5607//12
f 5603//13 5602//13 5626//13
f 5629//6 5609//6 5628//6
f 5628//11 5609//11 5608//11
f 5602//13 5601//13 5626//13
f 5629//6 5610//6 5609//6
f 5601//1499 5600//1499 5626//1499
f 5629//6 5611//6 5610//6
f 5600//1499 5599//1499 5626//1499
f 5629//6 5612//6 5611//6
f 5630//6 5612//6 5629//6
f 5630//5 5613//5 5612//5
f 5631//12 5614//12 5630//12
f 5630//5 5614//5 5613//5
f 5631//6 5582//6 5614//6
f 5716//6 5723//6 5717//6
f 5717//5 5723//5 5661//5
f 5659//6 5722//6 5658//6
f 5660//5 5722//5 5659//5
f 5661//2556 5722//2556 5660//2556
f 5723//6 5722//6 5661//6
f 5631//12 5581//12 5582//12
f 5632//11 5581//11 5631//11
f 5716//5 5724//5 5723//5
f 5714//5 5724//5 5715//5
f 5715//6 5724//6 5716//6
f 5656//1528 5721//1528 5655//1528
f 5657//5 5721//5 5656//5
f 5658//6 5721//6 5657//6
f 5722//5 5721//5 5658//5
f 5714//6 5725//6 5724//6
f 5713//11 5725//11 5714//11
f 5652//11 5720//11 5651//11
f 5653//12 5720//12 5652//12
f 5654//12 5720//12 5653//12
f 5655//12 5720//12 5654//12
f 5721//6 5720//6 5655//6
f 5632//1496 5580//1496 5581//1496
f 5713//16 5726//16 5725//16
f 5711//16 5726//16 5712//16
f 5712//1512 5726//1512 5713//1512
f 5651//6 5719//6 5650//6
f 5720//6 5719//6 5651//6
f 5649//12 5719//12 5648//12
f 5650//5 5719//5 5649//5
f 5632//12 5579//12 5580//12
f 5633//5 5579//5 5632//5
f 5719//6 5718//6 5648//6
f 5644//12 5718//12 5643//12
f 5645//6 5718//6 5644//6
f 5646//6 5718//6 5645//6
f 5647//6 5718//6 5646//6
f 5648//5 5718//5 5647//5
f 5633//1496 5578//1496 5579//1496
f 5633//12 5577//12 5578//12
f 5640//11 5561//11 5639//11
f 5641//1497 5561//1497 5640//1497
f 5642//1496 5561//1496 5641//1496
f 5643//2556 5561//2556 5642//2556
f 5718//6 5561//6 5643//6
f 5634//6 5576//6 5633//6
f 5633//11 5576//11 5577//11
f 5561//6 5572//6 5639//6
f 5638//11 5572//11 5637//11
f 5639//6 5572//6 5638//6
f 5634//5 5575//5 5576//5
f 5572//6 5573//6 5637//6
f 5637//5 5573//5 5635//5
f 5635//6 5574//6 5634//6
f 5634//6 5574//6 5575//6
f 5573//6 5574//6 5635//6
f 5718//6 5517//6 5561//6
f 5727//6 5517//6 5718//6
f 5506//10 5504//10 5505//10
f 5507//3763 5504//3763 5506//3763
f 5508//6 5503//6 5507//6
f 5507//3764 5503//3764 5504//3764
f 5508//3765 5502//3765 5503//3765
f 5509//9 5502//9 5508//9
f 5510//6 5501//6 5509//6
f 5509//5 5501//5 5502//5
f 5511//6 5500//6 5510//6
f 5510//3763 5500//3763 5501//3763
f 5512//10 5499//10 5511//10
f 5511//6 5499//6 5500//6
f 5513//5 5498//5 5512//5
f 5512//10 5498//10 5499//10
f 5513//9 5497//9 5498//9
f 5514//5 5497//5 5513//5
f 5514//6 5496//6 5497//6
f 5515//10 5496//10 5514//10
f 5515//6 5495//6 5496//6
f 5516//6 5495//6 5515//6
f 5516//6 5494//6 5495//6
f 5517//5 5494//5 5516//5
f 5727//6 5493//6 5517//6
f 5517//5 5493//5 5494//5
f 5821//3766 5820//3766 5841//3766
f 5841//5 5820//5 5842//5
f 5842//16 5820//16 5843//16
f 5820//11 5844//11 5843//11
f 5727//6 5492//6 5493//6
f 5728//5 5492//5 5727//5
f 5820//11 5822//11 5844//11
f 5844//11 5822//11 5845//11
f 5845//6 5822//6 5846//6
f 5822//6 5847//6 5846//6
f 5729//6 5491//6 5728//6
f 5728//6 5491//6 5492//6
f 5847//6 5823//6 5848//6
f 5848//13 5823//13 5849//13
f 5822//11 5823//11 5847//11
f 5823//6 5850//6 5849//6
f 5730//10 5490//10 5729//10
f 5729//6 5490//6 5491//6
f 5765//3767 5767//3767 5764//3767
f 5766//3768 5767//3768 5765//3768
f 5730//5 5489//5 5490//5
f 5731//9 5489//9 5730//9
f 5850//6 5824//6 5851//6
f 5851//6 5824//6 5852//6
f 5823//13 5824//13 5850//13
f 5764//3767 5768//3767 5763//3767
f 5767//3769 5768//3769 5764//3769
f 5731//5 5488//5 5489//5
f 5732//10 5488//10 5731//10
f 5763//1496 5769//1496 5762//1496
f 5768//3770 5769//3770 5763//3770
f 5852//2549 5825//2549 5853//2549
f 5853//16 5825//16 5854//16
f 5824//11 5825//11 5852//11
f 5733//5 5487//5 5732//5
f 5732//5 5487//5 5488//5
f 5762//12 5770//12 5761//12
f 5769//3771 5770//3771 5762//3771
f 5854//11 5826//11 5855//11
f 5855//11 5826//11 5840//11
f 5840//15 5826//15 5839//15
f 5825//18 5826//18 5854//18
f 5733//6 5486//6 5487//6
f 5734//6 5486//6 5733//6
f 5770//3772 5771//3772 5761//3772
f 5761//6 5771//6 5760//6
f 5839//6 5827//6 5838//6
f 5826//6 5827//6 5839//6
f 5734//6 5485//6 5486//6
f 5735//5 5485//5 5734//5
f 5760//12 5772//12 5759//12
f 5771//3773 5772//3773 5760//3773
f 5735//5 5484//5 5485//5
f 5736//6 5484//6 5735//6
f 5759//6 5773//6 5758//6
f 5772//5 5773//5 5759//5
f 5837//11 5828//11 5836//11
f 5838//11 5828//11 5837//11
f 5827//6 5828//6 5838//6
f 5758//6 5774//6 5757//6
f 5773//12 5774//12 5758//12
f 5736//5 5483//5 5484//5
f 5737//6 5483//6 5736//6
f 5834//6 5829//6 5833//6
f 5835//13 5829//13 5834//13
f 5836//6 5829//6 5835//6
f 5828//11 5829//11 5836//11
f 5774//12 5775//12 5757//12
f 5757//12 5775//12 5756//12
f 5737//6 5482//6 5483//6
f 5738//5 5482//5 5737//5
f 5833//13 5795//13 5832//13
f 5829//6 5795//6 5833//6
f 5795//2555 5794//2555 5832//2555
f 5739//5 5481//5 5738//5
f 5738//5 5481//5 5482//5
f 5832//14 5796//14 5831//14
f 5794//11 5796//11 5832//11
f 5831//6 5797//6 5830//6
f 5796//15 5797//15 5831//15
f 5755//11 5663//11 5754//11
f 5756//11 5663//11 5755//11
f 5775//7 5663//7 5756//7
f 5819//6 5776//6 5775//6
f 5775//6 5776//6 5663//6
f 5740//6 5480//6 5739//6
f 5739//6 5480//6 5481//6
f 5797//6 5798//6 5830//6
f 5798//6 5799//6 5830//6
f 5830//6 5799//6 5819//6
f 5754//12 5662//12 5753//12
f 5663//6 5662//6 5754//6
f 5799//6 5800//6 5819//6
f 5740//5 5479//5 5480//5
f 5741//6 5479//6 5740//6
f 5800//17 5801//17 5819//17
f 5819//6 5802//6 5776//6
f 5801//2558 5802//2558 5819//2558
f 5753//12 5664//12 5752//12
f 5662//5 5664//5 5753//5
f 5802//6 5803//6 5776//6
f 5742//6 5478//6 5741//6
f 5741//6 5478//6 5479//6
f 5803//1512 5804//1512 5776//1512
f 5804//7 5805//7 5776//7
f 5752//11 5665//11 5751//11
f 5664//11 5665//11 5752//11
f 5805//6 5806//6 5776//6
f 5526//13 5529//13 5528//13
f 5776//11 5807//11 5777//11
f 5806//2549 5807//2549 5776//2549
f 5807//6 5808//6 5777//6
f 5526//1527 5530//1527 5529//1527
f 5665//11 5666//11 5751//11
f 5751//6 5666//6 5750//6
f 5808//15 5809//15 5777//15
f 5526//6 5525//6 5530//6
f 5777//6 5810//6 5778//6
f 5809//1513 5810//1513 5777//1513
f 5525//5 5531//5 5530//5
f 5810//11 5811//11 5778//11
f 5811//13 5812//13 5778//13
f 5750//11 5667//11 5749//11
f 5666//6 5667//6 5750//6
f 5525//6 5532//6 5531//6
f 5778//6 5813//6 5779//6
f 5812//11 5813//11 5778//11
f 5525//6 5524//6 5532//6
f 5813//15 5814//15 5779//15
f 5524//6 5533//6 5532//6
f 5814//6 5815//6 5779//6
f 5667//2549 5668//2549 5749//2549
f 5749//12 5668//12 5748//12
f 5779//6 5816//6 5780//6
f 5815//6 5816//6 5779//6
f 5816//6 5817//6 5780//6
f 5533//6 5523//6 5534//6
f 5524//5 5523//5 5533//5
f 5817//7 5818//7 5780//7
f 5780//5 5793//5 5781//5
f 5818//11 5793//11 5780//11
f 5523//16 5535//16 5534//16
f 5793//18 5792//18 5781//18
f 5668//11 5669//11 5748//11
f 5748//6 5669//6 5747//6
f 5792//6 5791//6 5781//6
f 5781//5 5791//5 5782//5
f 5535//13 5522//13 5560//13
f 5523//7 5522//7 5535//7
f 5522//6 5559//6 5560//6
f 5791//6 5790//6 5782//6
f 5522//5 5558//5 5559//5
f 5790//12 5789//12 5782//12
f 5782//6 5789//6 5783//6
f 5669//12 5670//12 5747//12
f 5747//6 5670//6 5746//6
f 5522//6 5557//6 5558//6
f 5522//5 5521//5 5557//5
f 5789//17 5788//17 5783//17
f 5521//5 5556//5 5557//5
f 5788//5 5784//5 5783//5
f 5788//12 5787//12 5784//12
f 5521//1494 5555//1494 5556//1494
f 5670//11 5671//11 5746//11
f 5745//6 5671//6 5744//6
f 5746//5 5671//5 5745//5
f 5787//6 5786//6 5784//6
f 5521//6 5554//6 5555//6
f 5520//13 5553//13 5521//13
f 5521//3762 5553//3762 5554//3762
f 5744//6 5672//6 5743//6
f 5671//12 5672//12 5744//12
f 5520//2540 5552//2540 5553//2540
f 5520//6 5551//6 5552//6
f 5519//5 5550//5 5520//5
f 5520//6 5550//6 5551//6
f 5743//5 5673//5 5742//5
f 5672//6 5673//6 5743//6
f 5519//5 5549//5 5550//5
f 5519//16 5548//16 5549//16
f 5742//6 5674//6 5478//6
f 5673//11 5674//11 5742//11
f 5519//1499 5547//1499 5548//1499
f 5469//6 5636//6 5518//6
f 5518//6 5546//6 5519//6
f 5519//6 5546//6 5547//6
f 5518//13 5545//13 5546//13
f 5477//6 5675//6 5476//6
f 5478//5 5675//5 5477//5
f 5674//13 5675//13 5478//13
f 5636//6 5616//6 5518//6
f 5518//5 5544//5 5545//5
f 5518//5 5543//5 5544//5
f 5476//16 5676//16 5475//16
f 5675//6 5676//6 5476//6
f 5518//6 5542//6 5543//6
f 5616//6 5542//6 5518//6
f 5616//6 5541//6 5542//6
f 5616//5 5540//5 5541//5
f 5475//13 5677//13 5474//13
f 5676//16 5677//16 5475//16
f 5616//16 5539//16 5540//16
f 5615//5 5538//5 5616//5
f 5616//1499 5538//1499 5539//1499
f 5473//16 5678//16 5472//16
f 5474//13 5678//13 5473//13
f 5677//6 5678//6 5474//6
f 5615//1494 5536//1494 5538//1494
f 5615//6 5537//6 5536//6
f 5617//6 5537//6 5615//6
f 5618//5 5537//5 5617//5
f 5472//13 5679//13 5471//13
f 5678//6 5679//6 5472//6
f 5618//6 5571//6 5537//6
f 5619//6 5571//6 5618//6
f 5620//6 5571//6 5619//6
f 5471//5 5680//5 5470//5
f 5679//13 5680//13 5471//13
f 5470//16 5681//16 5469//16
f 5680//16 5681//16 5470//16
f 5620//6 5570//6 5571//6
f 5621//5 5570//5 5620//5
f 5622//6 5570//6 5621//6
f 5681//13 5682//13 5469//13
f 5469//6 5682//6 5636//6
f 5682//6 5683//6 5636//6
f 5636//6 5683//6 5709//6
f 5622//6 5569//6 5570//6
f 5623//5 5569//5 5622//5
f 5624//6 5569//6 5623//6
f 5625//5 5569//5 5624//5
f 5709//16 5684//16 5708//16
f 5683//5 5684//5 5709//5
f 5707//16 5685//16 5706//16
f 5708//13 5685//13 5707//13
f 5684//6 5685//6 5708//6
f 5706//13 5686//13 5705//13
f 5685//16 5686//16 5706//16
f 5625//5 5568//5 5569//5
f 5597//5 5568//5 5598//5
f 5598//6 5568//6 5625//6
f 5686//13 5687//13 5705//13
f 5705//16 5687//16 5704//16
f 5687//16 5688//16 5704//16
f 5704//13 5688//13 5703//13
f 5696//10 5694//10 5695//10
f 5697//3774 5694//3774 5696//3774
f 5688//16 5689//16 5703//16
f 5703//13 5689//13 5702//13
f 5698//2546 5693//2546 5697//2546
f 5697//3775 5693//3775 5694//3775
f 5689//5 5690//5 5702//5
f 5701//13 5690//13 5700//13
f 5702//16 5690//16 5701//16
f 5699//3776 5692//3776 5698//3776
f 5698//3777 5692//3777 5693//3777
f 5690//3778 5691//3778 5700//3778
f 5699//13 5691//13 5692//13
f 5700//16 5691//16 5699//16
f 5597//6 5567//6 5568//6
f 5595//5 5567//5 5596//5
f 5596//6 5567//6 5597//6
f 5592//6 5566//6 5593//6
f 5593//1494 5566//1494 5594//1494
f 5594//10 5566//10 5595//10
f 5595//5 5566//5 5567//5
f 5592//6 5565//6 5566//6
f 5590//2563 5565//2563 5591//2563
f 5591//5 5565//5 5592//5
f 5590//6 5589//6 5565//6
f 5589//5 5564//5 5565//5
f 5587//6 5564//6 5588//6
f 5588//5 5564//5 5589//5
f 5587//6 5586//6 5564//6
f 5585//12 5562//12 5586//12
f 5586//6 5562//6 5564//6
f 5585//13 5584//13 5562//13
f 5584//13 5583//13 5562//13
f 5583//1512 5563//1512 5562//1512
f 5527//1513 5526//1513 5528//1513
f 5785//5 5784//5 5786//5
f 5710//1512 5726//1512 5711//1512
f 5879//12 5878//12 5896//12
f 5896//6 5878//6 5897//6
f 5878//6 5898//6 5897//6
f 5898//11 5877//11 5899//11
f 5878//6 5877//6 5898//6
f 5877//1499 5900//1499 5899//1499
f 5877//6 5876//6 5900//6
f 5900//6 5876//6 5901//6
f 5901//6 5876//6 5902//6
f 5876//5 5875//5 5902//5
f 5902//6 5875//6 5903//6
f 5903//13 5875//13 5937//13
f 5875//6 5874//6 5937//6
f 5933//13 5874//13 5932//13
f 5934//16 5874//16 5933//16
f 5935//13 5874//13 5934//13
f 5936//1512 5874//1512 5935//1512
f 5937//13 5874//13 5936//13
f 5874//5 5873//5 5932//5
f 5929//6 5873//6 5928//6
f 5930//16 5873//16 5929//16
f 5931//13 5873//13 5930//13
f 5932//16 5873//16 5931//16
f 5873//6 5872//6 5928//6
f 5926//13 5872//13 5925//13
f 5927//16 5872//16 5926//16
f 5928//6 5872//6 5927//6
f 5872//6 5924//6 5925//6
f 5872//6 5871//6 5924//6
f 5923//1494 5871//1494 5922//1494
f 5924//5 5871//5 5923//5
f 5871//3776 5921//3776 5922//3776
f 5871//2546 5920//2546 5921//2546
f 5920//6 5870//6 5919//6
f 5871//5 5870//5 5920//5
f 5870//13 5918//13 5919//13
f 5870//6 5917//6 5918//6
f 5870//13 5916//13 5917//13
f 5870//6 5857//6 5916//6
f 5857//3779 5915//3779 5916//3779
f 5857//1499 5914//1499 5915//1499
f 5856//7 5913//7 5857//7
f 5857//13 5913//13 5914//13
f 5856//6 5858//6 5913//6
f 5859//5 5912//5 5858//5
f 5858//5 5912//5 5913//5
f 5859//13 5860//13 5912//13
f 5861//6 5911//6 5860//6
f 5860//6 5911//6 5912//6
f 5861//1494 5862//1494 5911//1494
f 5862//1499 5863//1499 5911//1499
f 5864//5 5910//5 5863//5
f 5863//6 5910//6 5911//6
f 5864//6 5865//6 5910//6
f 5866//16 5909//16 5865//16
f 5865//5 5909//5 5910//5
f 5866//5 5867//5 5909//5
f 5867//13 5868//13 5909//13
f 5868//6 5908//6 5909//6
f 5868//5 5869//5 5908//5
f 5869//6 5895//6 5908//6
f 5895//6 5894//6 5908//6
f 5894//6 5907//6 5908//6
f 5893//16 5907//16 5894//16
f 5893//6 5892//6 5907//6
f 5892//13 5891//13 5907//13
f 5891//6 5906//6 5907//6
f 5890//6 5906//6 5891//6
f 5890//6 5889//6 5906//6
f 5889//16 5888//16 5906//16
f 5888//6 5905//6 5906//6
f 5887//5 5905//5 5888//5
f 5887//13 5886//13 5905//13
f 5886//5 5885//5 5905//5
f 5885//12 5904//12 5905//12
f 5884//12 5904//12 5885//12
f 5884//1499 5883//1499 5904//1499
f 5883//16 5882//16 5904//16
f 5882//2566 5881//2566 5904//2566
f 5881//3780 5880//3780 5904//3780
f 5961//6 5960//6 5978//6
f 5978//6 5960//6 5979//6
f 5979//2552 5960//2552 5980//2552
f 5960//5 5959//5 5980//5
f 5980//6 5959//6 5981//6
f 5981//6 5958//6 5982//6
f 5982//6 5958//6 5983//6
f 5959//5 5958//5 5981//5
f 5983//5 5957//5 5984//5
f 5984//5 5957//5 5985//5
f 5958//11 5957//11 5983//11
f 5957//5 5956//5 5985//5
f 6017//17 5956//17 6016//17
f 6018//11 5956//11 6017//11
f 6019//2549 5956//2549 6018//2549
f 5985//11 5956//11 6019//11
f 6013//2549 5955//2549 6012//2549
f 6014//11 5955//11 6013//11
f 6015//12 5955//12 6014//12
f 6016//11 5955//11 6015//11
f 5956//11 5955//11 6016//11
f 6009//2549 5954//2549 6008//2549
f 6010//17 5954//17 6009//17
f 6011//2549 5954//2549 6010//2549
f 6012//17 5954//17 6011//17
f 5955//5 5954//5 6012//5
f 6004//12 5953//12 6003//12
f 6005//11 5953//11 6004//11
f 6006//6 5953//6 6005//6
f 5954//12 5953//12 6008//12
f 6007//7 5953//7 6006//7
f 6008//5 5953//5 6007//5
f 5953//6 5952//6 6003//6
f 5999//2552 5952//2552 5998//2552
f 6000//17 5952//17 5999//17
f 6001//13 5952//13 6000//13
f 6002//17 5952//17 6001//17
f 6003//12 5952//12 6002//12
f 5996//12 5939//12 5995//12
f 5997//11 5939//11 5996//11
f 5998//12 5939//12 5997//12
f 5952//7 5939//7 5998//7
f 5995//6 5938//6 5994//6
f 5939//12 5938//12 5995//12
f 5938//15 5940//15 5994//15
f 5940//11 5941//11 5994//11
f 5994//6 5942//6 5993//6
f 5941//13 5942//13 5994//13
f 5942//6 5943//6 5993//6
f 5993//6 5944//6 5992//6
f 5943//6 5944//6 5993//6
f 5944//6 5945//6 5992//6
f 5945//13 5946//13 5992//13
f 5992//6 5947//6 5991//6
f 5946//11 5947//11 5992//11
f 5947//13 5948//13 5991//13
f 5991//6 5949//6 5990//6
f 5948//11 5949//11 5991//11
f 5949//6 5950//6 5990//6
f 5950//6 5951//6 5990//6
f 5951//6 5977//6 5990//6
f 5990//6 5977//6 5989//6
f 5977//16 5976//16 5989//16
f 5976//16 5975//16 5989//16
f 5975//12 5974//12 5989//12
f 5989//11 5974//11 5988//11
f 5974//15 5973//15 5988//15
f 5973//11 5972//11 5988//11
f 5972//15 5971//15 5988//15
f 5988//6 5971//6 5987//6
f 5971//11 5970//11 5987//11
f 5970//6 5969//6 5987//6
f 5969//6 5968//6 5987//6
f 5968//6 5967//6 5987//6
f 5967//6 5986//6 5987//6
f 5967//13 5966//13 5986//13
f 5966//1512 5965//1512 5986//1512
f 5965//12 5964//12 5986//12
f 5964//1496 5963//1496 5986//1496
f 5963//5 5962//5 5986//5
f 6020//1342 6021//1342 6022//1342
f 6023//3781 6022//3781 6024//3781
f 6023//1342 6020//1342 6022//1342
f 6025//3781 6023//3781 6024//3781
f 6026//583 6025//583 6024//583
f 6026//583 6024//583 6027//583
f 6026//3782 6027//3782 6028//3782
f 6029//582 6026//582 6028//582
f 6030//3783 6029//3783 6028//3783
f 6030//3783 6028//3783 6031//3783
f 6032//3784 6030//3784 6031//3784
f 6032//3784 6031//3784 6033//3784
f 6034//578 6032//578 6033//578
f 6034//578 6033//578 6035//578
f 6034//1338 6035//1338 6036//1338
f 6037//1338 6034//1338 6036//1338
f 6038//3785 6037//3785 6036//3785
f 6038//3785 6036//3785 6039//3785
f 6038//575 6039//575 6040//575
f 6041//575 6038//575 6040//575
f 6042//1337 6041//1337 6040//1337
f 6042//1337 6040//1337 6043//1337
f 6044//572 6042//572 6043//572
f 6044//572 6043//572 6045//572
f 6044//569 6045//569 6046//569
f 6047//569 6044//569 6046//569
f 6048//3786 6047//3786 6046//3786
f 6048//3786 6046//3786 6049//3786
f 6048//3787 6049//3787 6050//3787
f 6051//3787 6048//3787 6050//3787
f 6052//3788 6051//3788 6050//3788
f 6052//565 6050//565 6053//565
f 6052//563 6053//563 6054//563
f 6055//563 6052//563 6054//563
f 6056//3789 6054//3789 6057//3789
f 6056//561 6057//561 6058//561
f 6056//3789 6055//3789 6054//3789
f 6059//561 6056//561 6058//561
f 6060//3790 6058//3790 6061//3790
f 6060//3790 6059//3790 6058//3790
f 6062//558 6061//558 6063//558
f 6062//1334 6060//1334 6061//1334
f 6064//3791 6063//3791 6065//3791
f 6064//556 6062//556 6063//556
f 6066//1333 6065//1333 6067//1333
f 6066//1332 6067//1332 6068//1332
f 6066//1333 6064//1333 6065//1333
f 6069//554 6066//554 6068//554
f 6070//3792 6068//3792 6071//3792
f 6070//552 6069//552 6068//552
f 6072//551 6071//551 6073//551
f 6072//551 6070//551 6071//551
f 6074//549 6073//549 6075//549
f 6074//549 6072//549 6073//549
f 6076//547 6075//547 6077//547
f 6076//546 6074//546 6075//546
f 6078//3793 6076//3793 6077//3793
f 6078//545 6077//545 6079//545
f 6078//544 6079//544 6080//544
f 6081//544 6078//544 6080//544
f 6082//543 6081//543 6080//543
f 6082//3794 6080//3794 6083//3794
f 6084//542 6082//542 6083//542
f 6084//542 6083//542 6085//542
f 6084//3795 6085//3795 6086//3795
f 6087//541 6084//541 6086//541
f 6088//1328 6087//1328 6086//1328
f 6088//540 6086//540 6089//540
f 6090//539 6088//539 6089//539
f 6090//539 6089//539 6091//539
f 6090//1327 6091//1327 6092//1327
f 6093//538 6090//538 6092//538
f 6094//537 6093//537 6092//537
f 6094//1395 6092//1395 6095//1395
f 6096//536 6094//536 6095//536
f 6096//536 6095//536 6097//536
f 6098//1394 6096//1394 6097//1394
f 6098//535 6097//535 6099//535
f 6100//534 6098//534 6099//534
f 6100//3796 6099//3796 6101//3796
f 6102//533 6100//533 6101//533
f 6102//533 6101//533 6103//533
f 6104//532 6102//532 6103//532
f 6104//3797 6103//3797 6105//3797
f 6106//531 6104//531 6105//531
f 6106//531 6105//531 6107//531
f 6108//530 6106//530 6107//530
f 6108//529 6107//529 6109//529
f 6110//1392 6108//1392 6109//1392
f 6110//528 6109//528 6111//528
f 6112//1391 6110//1391 6111//1391
f 6112//1391 6111//1391 6113//1391
f 6114//523 6112//523 6113//523
f 6114//523 6113//523 6115//523
f 6116//3798 6114//3798 6115//3798
f 6116//521 6115//521 6117//521
f 6118//520 6116//520 6117//520
f 6118//1390 6117//1390 6119//1390
f 6120//1389 6118//1389 6119//1389
f 6120//1389 6119//1389 6121//1389
f 6120//3799 6121//3799 6122//3799
f 6123//517 6120//517 6122//517
f 6124//516 6123//516 6122//516
f 6124//515 6122//515 6125//515
f 6126//3800 6124//3800 6125//3800
f 6126//3800 6125//3800 6127//3800
f 6128//513 6126//513 6127//513
f 6128//513 6127//513 6129//513
f 6130//3801 6128//3801 6129//3801
f 6130//3801 6129//3801 6131//3801
f 6132//510 6130//510 6131//510
f 6132//510 6131//510 6133//510
f 6134//508 6133//508 6135//508
f 6134//3802 6132//3802 6133//3802
f 6136//3803 6135//3803 6137//3803
f 6136//3803 6134//3803 6135//3803
f 6138//3804 6137//3804 6139//3804
f 6138//3804 6136//3804 6137//3804
f 6140//504 6139//504 6141//504
f 6140//504 6138//504 6139//504
f 6142//501 6141//501 6143//501
f 6142//501 6140//501 6141//501
f 6144//1386 6143//1386 6145//1386
f 6144//498 6145//498 6146//498
f 6144//500 6142//500 6143//500
f 6147//3805 6146//3805 6148//3805
f 6147//498 6144//498 6146//498
f 6149//3805 6147//3805 6148//3805
f 6150//1385 6148//1385 6151//1385
f 6150//1385 6149//1385 6148//1385
f 6152//495 6151//495 6153//495
f 6152//495 6150//495 6151//495
f 6154//494 6153//494 6155//494
f 6154//3806 6155//3806 6156//3806
f 6154//494 6152//494 6153//494
f 6157//3806 6154//3806 6156//3806
f 6158//3807 6156//3807 6159//3807
f 6158//491 6157//491 6156//491
f 6160//490 6159//490 6161//490
f 6160//490 6158//490 6159//490
f 6162//3808 6161//3808 6163//3808
f 6162//3808 6160//3808 6161//3808
f 6164//1381 6163//1381 6165//1381
f 6164//1381 6162//1381 6163//1381
f 6166//1380 6165//1380 6167//1380
f 6166//3809 6167//3809 6168//3809
f 6166//1380 6164//1380 6165//1380
f 6169//3809 6166//3809 6168//3809
f 6170//485 6168//485 6171//485
f 6170//485 6169//485 6168//485
f 6172//3810 6171//3810 6173//3810
f 6172//3810 6170//3810 6171//3810
f 6174//3811 6173//3811 6175//3811
f 6174//3812 6175//3812 6176//3812
f 6174//3811 6172//3811 6173//3811
f 6177//3812 6174//3812 6176//3812
f 6178//480 6177//480 6176//480
f 6178//480 6176//480 6179//480
f 6180//1376 6178//1376 6179//1376
f 6180//1376 6179//1376 6181//1376
f 6182//1375 6180//1375 6181//1375
f 6182//1375 6181//1375 6183//1375
f 6184//476 6182//476 6183//476
f 6184//476 6183//476 6185//476
f 6186//475 6184//475 6185//475
f 6186//475 6185//475 6187//475
f 6188//473 6186//473 6187//473
f 6188//473 6187//473 6189//473
f 6190//472 6188//472 6189//472
f 6190//472 6189//472 6191//472
f 6192//3813 6191//3813 6193//3813
f 6192//1373 6193//1373 6194//1373
f 6192//3813 6190//3813 6191//3813
f 6195//1373 6192//1373 6194//1373
f 6196//469 6194//469 6197//469
f 6196//468 6197//468 6198//468
f 6196//469 6195//469 6194//469
f 6199//3814 6198//3814 6200//3814
f 6199//1371 6196//1371 6198//1371
f 6201//3815 6199//3815 6200//3815
f 6202//466 6200//466 6203//466
f 6202//466 6201//466 6200//466
f 6204//464 6203//464 6205//464
f 6204//464 6202//464 6203//464
f 6206//463 6205//463 6207//463
f 6206//3816 6207//3816 6208//3816
f 6206//463 6204//463 6205//463
f 6209//3816 6206//3816 6208//3816
f 6210//1368 6208//1368 6211//1368
f 6210//1368 6209//1368 6208//1368
f 6212//3817 6211//3817 6213//3817
f 6212//457 6213//457 6214//457
f 6212//459 6210//459 6211//459
f 6215//456 6214//456 6216//456
f 6215//457 6212//457 6214//457
f 6217//456 6215//456 6216//456
f 6218//1365 6216//1365 6219//1365
f 6218//3818 6219//3818 6220//3818
f 6218//1365 6217//1365 6216//1365
f 6221//3818 6218//3818 6220//3818
f 6222//452 6220//452 6223//452
f 6222//452 6221//452 6220//452
f 6224//1363 6223//1363 6225//1363
f 6224//450 6225//450 6226//450
f 6224//1363 6222//1363 6223//1363
f 6227//448 6226//448 6228//448
f 6227//449 6224//449 6226//449
f 6229//448 6227//448 6228//448
f 6230//3819 6228//3819 6231//3819
f 6230//446 6231//446 6232//446
f 6230//3819 6229//3819 6228//3819
f 6233//445 6230//445 6232//445
f 6233//444 6232//444 6234//444
f 6235//444 6233//444 6234//444
f 6235//442 6234//442 6236//442
f 6237//442 6235//442 6236//442
f 6237//631 6236//631 6238//631
f 6239//631 6237//631 6238//631
f 6240//629 6239//629 6238//629
f 6240//629 6238//629 6241//629
f 6240//627 6241//627 6242//627
f 6243//628 6240//628 6242//628
f 6244//3820 6243//3820 6242//3820
f 6244//3820 6242//3820 6245//3820
f 6246//625 6244//625 6245//625
f 6246//625 6245//625 6247//625
f 6246//624 6247//624 6248//624
f 6249//623 6246//623 6248//623
f 6249//1360 6248//1360 6250//1360
f 6251//1360 6249//1360 6250//1360
f 6252//621 6251//621 6250//621
f 6252//621 6250//621 6253//621
f 6254//3821 6252//3821 6253//3821
f 6254//3821 6253//3821 6255//3821
f 6254//1358 6255//1358 6256//1358
f 6257//1358 6254//1358 6256//1358
f 6257//617 6256//617 6258//617
f 6259//617 6257//617 6258//617
f 6260//616 6258//616 6261//616
f 6260//616 6259//616 6258//616
f 6262//3822 6261//3822 6263//3822
f 6262//1355 6263//1355 6264//1355
f 6262//3822 6260//3822 6261//3822
f 6265//3823 6264//3823 6266//3823
f 6265//1355 6262//1355 6264//1355
f 6267//3823 6265//3823 6266//3823
f 6268//1354 6266//1354 6269//1354
f 6268//608 6269//608 6270//608
f 6268//1354 6267//1354 6266//1354
f 6271//608 6268//608 6270//608
f 6272//607 6270//607 6273//607
f 6272//607 6271//607 6270//607
f 6274//3824 6273//3824 6275//3824
f 6274//3825 6272//3825 6273//3825
f 6276//605 6275//605 6277//605
f 6276//604 6277//604 6278//604
f 6276//1351 6274//1351 6275//1351
f 6279//604 6276//604 6278//604
f 6280//3826 6279//3826 6278//3826
f 6280//3826 6278//3826 6281//3826
f 6280//3827 6281//3827 6282//3827
f 6283//3827 6280//3827 6282//3827
f 6284//601 6283//601 6282//601
f 6284//601 6282//601 6285//601
f 6286//599 6284//599 6285//599
f 6286//599 6285//599 6287//599
f 6286//1348 6287//1348 6288//1348
f 6289//1348 6286//1348 6288//1348
f 6290//596 6289//596 6288//596
f 6290//596 6288//596 6291//596
f 6290//3828 6291//3828 6292//3828
f 6293//3828 6290//3828 6292//3828
f 6294//1347 6293//1347 6292//1347
f 6294//1347 6292//1347 6295//1347
f 6296//593 6294//593 6295//593
f 6296//593 6295//593 6297//593
f 6298//3829 6296//3829 6297//3829
f 6298//3829 6297//3829 6299//3829
f 6300//3830 6298//3830 6299//3830
f 6300//3830 6299//3830 6301//3830
f 6302//3831 6300//3831 6301//3831
f 6302//589 6301//589 6303//589
f 6302//588 6303//588 6304//588
f 6305//588 6302//588 6304//588
f 6306//3832 6305//3832 6304//3832
f 6306//3832 6304//3832 6307//3832
f 6020//1343 6306//1343 6307//1343
f 6020//1343 6307//1343 6021//1343
f 6308//34 6309//34 6201//34
f 6308//33 6201//33 6202//33
f 6310//34 6201//34 6309//34
f 6310//34 6199//34 6201//34
f 6311//33 6308//33 6202//33
f 6311//34 6202//34 6204//34
f 6311//34 6204//34 6206//34
f 6312//34 6199//34 6310//34
f 6312//34 6195//34 6196//34
f 6312//34 6196//34 6199//34
f 6313//34 6311//34 6206//34
f 6314//33 6195//33 6312//33
f 6315//34 6313//34 6206//34
f 6315//34 6206//34 6209//34
f 6316//34 6195//34 6314//34
f 6316//34 6190//34 6192//34
f 6316//35 6192//35 6195//35
f 6317//33 6315//33 6209//33
f 6317//34 6209//34 6210//34
f 6317//34 6210//34 6212//34
f 6318//33 6190//33 6316//33
f 6318//33 6188//33 6190//33
f 6319//34 6317//34 6212//34
f 6320//34 6188//34 6318//34
f 6321//34 6319//34 6212//34
f 6321//33 6212//33 6215//33
f 6321//34 6215//34 6217//34
f 6322//34 6188//34 6320//34
f 6322//34 6186//34 6188//34
f 6323//43 6321//43 6217//43
f 6323//34 6217//34 6218//34
f 6324//35 6186//35 6322//35
f 6324//34 6182//34 6184//34
f 6324//34 6184//34 6186//34
f 6325//34 6323//34 6218//34
f 6326//34 6182//34 6324//34
f 6327//34 6325//34 6218//34
f 6327//34 6218//34 6221//34
f 6328//35 6182//35 6326//35
f 6328//34 6180//34 6182//34
f 6329//34 6221//34 6222//34
f 6329//34 6327//34 6221//34
f 6330//34 6177//34 6178//34
f 6330//34 6178//34 6180//34
f 6330//34 6180//34 6328//34
f 6331//35 6222//35 6224//35
f 6331//34 6329//34 6222//34
f 6332//35 6177//35 6330//35
f 6333//34 6224//34 6227//34
f 6333//34 6331//34 6224//34
f 6334//34 6172//34 6174//34
f 6334//33 6174//33 6177//33
f 6334//33 6177//33 6332//33
f 6335//34 6227//34 6229//34
f 6335//43 6333//43 6227//43
f 6336//34 6172//34 6334//34
f 6337//33 6229//33 6230//33
f 6337//33 6230//33 6233//33
f 6337//40 6335//40 6229//40
f 6338//33 6172//33 6336//33
f 6338//34 6170//34 6172//34
f 6339//35 6337//35 6233//35
f 6340//34 6170//34 6338//34
f 6340//34 6169//34 6170//34
f 6341//34 6233//34 6235//34
f 6341//43 6339//43 6233//43
f 6342//34 6169//34 6340//34
f 6342//34 6164//34 6166//34
f 6342//33 6166//33 6169//33
f 6343//34 6235//34 6237//34
f 6343//34 6341//34 6235//34
f 6344//35 6164//35 6342//35
f 6345//34 6237//34 6239//34
f 6345//34 6343//34 6237//34
f 6346//34 6164//34 6344//34
f 6346//34 6162//34 6164//34
f 6347//33 6239//33 6240//33
f 6347//40 6345//40 6239//40
f 6348//34 6162//34 6346//34
f 6348//34 6160//34 6162//34
f 6349//33 6347//33 6240//33
f 6349//33 6240//33 6243//33
f 6350//33 6160//33 6348//33
f 6350//34 6158//34 6160//34
f 6351//34 6243//34 6244//34
f 6351//38 6349//38 6243//38
f 6352//34 6158//34 6350//34
f 6352//33 6157//33 6158//33
f 6353//34 6244//34 6246//34
f 6353//40 6351//40 6244//40
f 6354//34 6154//34 6157//34
f 6354//34 6157//34 6352//34
f 6355//34 6246//34 6249//34
f 6355//35 6249//35 6251//35
f 6355//34 6353//34 6246//34
f 6356//34 6154//34 6354//34
f 6356//34 6152//34 6154//34
f 6357//34 6251//34 6252//34
f 6357//34 6355//34 6251//34
f 6358//33 6150//33 6152//33
f 6358//33 6152//33 6356//33
f 6359//34 6357//34 6252//34
f 6360//34 6149//34 6150//34
f 6360//33 6150//33 6358//33
f 6254//34 6359//34 6252//34
f 6147//34 6149//34 6360//34
f 6361//34 6359//34 6254//34
f 6362//34 6147//34 6360//34
f 6363//34 6254//34 6257//34
f 6363//34 6361//34 6254//34
f 6364//34 6147//34 6362//34
f 6364//33 6144//33 6147//33
f 6365//39 6363//39 6257//39
f 6365//34 6257//34 6259//34
f 6366//34 6142//34 6144//34
f 6366//34 6144//34 6364//34
f 6367//33 6365//33 6259//33
f 6367//39 6259//39 6260//39
f 6368//34 6142//34 6366//34
f 6368//34 6140//34 6142//34
f 6138//33 6140//33 6368//33
f 6369//34 6260//34 6262//34
f 6369//34 6367//34 6260//34
f 6370//33 6138//33 6368//33
f 6371//34 6262//34 6265//34
f 6371//34 6369//34 6262//34
f 6372//34 6138//34 6370//34
f 6372//34 6136//34 6138//34
f 6267//34 6371//34 6265//34
f 6373//34 6371//34 6267//34
f 6374//34 6136//34 6372//34
f 6374//35 6134//35 6136//35
f 6132//34 6134//34 6374//34
f 6375//34 6373//34 6267//34
f 6375//34 6267//34 6268//34
f 6376//34 6132//34 6374//34
f 6377//33 6375//33 6268//33
f 6377//34 6268//34 6271//34
f 6378//33 6130//33 6132//33
f 6378//34 6132//34 6376//34
f 6379//39 6271//39 6272//39
f 6379//33 6377//33 6271//33
f 6128//34 6130//34 6378//34
f 6128//33 6378//33 6380//33
f 6274//34 6379//34 6272//34
f 6274//35 6381//35 6379//35
f 6126//34 6128//34 6380//34
f 6126//39 6380//39 6382//39
f 6383//34 6381//34 6274//34
f 6384//34 6126//34 6382//34
f 6276//34 6383//34 6274//34
f 6124//33 6126//33 6384//33
f 6385//33 6383//33 6276//33
f 6279//34 6385//34 6276//34
f 6123//34 6384//34 6386//34
f 6123//34 6124//34 6384//34
f 6280//33 6385//33 6279//33
f 6280//34 6387//34 6385//34
f 6120//33 6123//33 6386//33
f 6120//34 6386//34 6388//34
f 6283//34 6387//34 6280//34
f 6283//33 6389//33 6387//33
f 6118//33 6120//33 6388//33
f 6118//33 6388//33 6390//33
f 6391//34 6389//34 6283//34
f 6284//33 6391//33 6283//33
f 6116//34 6118//34 6390//34
f 6116//34 6390//34 6392//34
f 6393//34 6391//34 6284//34
f 6286//34 6393//34 6284//34
f 6114//35 6116//35 6392//35
f 6114//33 6392//33 6394//33
f 6395//34 6114//34 6394//34
f 6289//34 6393//34 6286//34
f 6289//33 6396//33 6393//33
f 6112//34 6114//34 6395//34
f 6290//34 6396//34 6289//34
f 6290//34 6397//34 6396//34
f 6110//34 6112//34 6395//34
f 6110//34 6395//34 6398//34
f 6293//34 6397//34 6290//34
f 6293//35 6399//35 6397//35
f 6108//34 6110//34 6398//34
f 6108//34 6398//34 6400//34
f 6294//34 6399//34 6293//34
f 6294//34 6401//34 6399//34
f 6106//34 6108//34 6400//34
f 6106//34 6400//34 6402//34
f 6296//34 6401//34 6294//34
f 6296//34 6403//34 6401//34
f 6104//34 6106//34 6402//34
f 6104//34 6402//34 6404//34
f 6298//33 6403//33 6296//33
f 6298//33 6405//33 6403//33
f 6102//34 6104//34 6404//34
f 6102//34 6404//34 6406//34
f 6300//34 6405//34 6298//34
f 6300//34 6407//34 6405//34
f 6100//38 6406//38 6408//38
f 6100//34 6102//34 6406//34
f 6302//33 6409//33 6407//33
f 6302//34 6410//34 6409//34
f 6302//34 6407//34 6300//34
f 6098//34 6411//34 6412//34
f 6098//34 6408//34 6411//34
f 6098//34 6100//34 6408//34
f 6305//34 6410//34 6302//34
f 6096//34 6098//34 6412//34
f 6306//33 6410//33 6305//33
f 6306//34 6413//34 6410//34
f 6094//40 6096//40 6412//40
f 6094//38 6414//38 6415//38
f 6094//40 6412//40 6414//40
f 6020//34 6413//34 6306//34
f 6020//35 6416//35 6413//35
f 6093//38 6094//38 6415//38
f 6093//40 6415//40 6417//40
f 6023//34 6416//34 6020//34
f 6023//34 6418//34 6416//34
f 6090//40 6093//40 6417//40
f 6025//34 6418//34 6023//34
f 6025//34 6419//34 6418//34
f 6088//38 6090//38 6417//38
f 6088//34 6417//34 6420//34
f 6026//34 6419//34 6025//34
f 6026//33 6421//33 6419//33
f 6087//34 6088//34 6420//34
f 6087//34 6420//34 6422//34
f 6029//33 6421//33 6026//33
f 6029//34 6423//34 6421//34
f 6084//34 6087//34 6422//34
f 6084//33 6422//33 6424//33
f 6030//34 6423//34 6029//34
f 6030//34 6425//34 6423//34
f 6030//34 6426//34 6425//34
f 6082//35 6084//35 6424//35
f 6082//34 6427//34 6428//34
f 6082//40 6424//40 6427//40
f 6032//34 6426//34 6030//34
f 6081//34 6082//34 6428//34
f 6034//33 6429//33 6426//33
f 6034//33 6426//33 6032//33
f 6078//34 6428//34 6430//34
f 6078//34 6081//34 6428//34
f 6037//43 6431//43 6429//43
f 6037//34 6429//34 6034//34
f 6076//34 6078//34 6430//34
f 6076//34 6430//34 6432//34
f 6038//34 6431//34 6037//34
f 6038//34 6433//34 6431//34
f 6038//34 6434//34 6433//34
f 6074//34 6076//34 6432//34
f 6074//34 6435//34 6436//34
f 6074//34 6432//34 6435//34
f 6041//33 6434//33 6038//33
f 6072//34 6074//34 6436//34
f 6042//34 6434//34 6041//34
f 6042//34 6437//34 6434//34
f 6070//33 6438//33 6439//33
f 6070//34 6436//34 6438//34
f 6070//34 6072//34 6436//34
f 6069//35 6070//35 6439//35
f 6044//34 6440//34 6437//34
f 6044//34 6437//34 6042//34
f 6066//35 6069//35 6439//35
f 6066//34 6439//34 6441//34
f 6047//33 6442//33 6440//33
f 6047//33 6440//33 6044//33
f 6064//34 6066//34 6441//34
f 6064//34 6443//34 6444//34
f 6064//33 6441//33 6443//33
f 6048//34 6442//34 6047//34
f 6048//34 6445//34 6442//34
f 6051//34 6445//34 6048//34
f 6051//34 6446//34 6445//34
f 6051//34 6447//34 6446//34
f 6062//35 6064//35 6444//35
f 6052//34 6447//34 6051//34
f 6060//34 6062//34 6444//34
f 6060//33 6444//33 6448//33
f 6055//33 6447//33 6052//33
f 6055//34 6449//34 6447//34
f 6059//33 6060//33 6448//33
f 6059//34 6448//34 6450//34
f 6056//34 6449//34 6055//34
f 6056//34 6059//34 6450//34
f 6056//33 6451//33 6449//33
f 6056//33 6450//33 6451//33
f 6452//3833 6453//3833 6200//3833
f 6200//3834 6453//3834 6203//3834
f 6200//3834 6454//3834 6452//3834
f 6198//3834 6454//3834 6200//3834
f 6453//3834 6455//3834 6203//3834
f 6203//3834 6455//3834 6205//3834
f 6205//3834 6455//3834 6207//3834
f 6198//3834 6456//3834 6454//3834
f 6194//3834 6456//3834 6197//3834
f 6197//3835 6456//3835 6198//3835
f 6455//3834 6457//3834 6207//3834
f 6194//3833 6458//3833 6456//3833
f 6457//3833 6459//3833 6207//3833
f 6207//3834 6459//3834 6208//3834
f 6194//3834 6460//3834 6458//3834
f 6191//3834 6460//3834 6193//3834
f 6193//3834 6460//3834 6194//3834
f 6459//3833 6461//3833 6208//3833
f 6208//3834 6461//3834 6211//3834
f 6211//3834 6461//3834 6213//3834
f 6191//3834 6462//3834 6460//3834
f 6189//3834 6462//3834 6191//3834
f 6461//3834 6463//3834 6213//3834
f 6189//3834 6464//3834 6462//3834
f 6463//3834 6465//3834 6213//3834
f 6213//3834 6465//3834 6214//3834
f 6214//3834 6465//3834 6216//3834
f 6189//3834 6466//3834 6464//3834
f 6187//3834 6466//3834 6189//3834
f 6465//3834 6467//3834 6216//3834
f 6216//3834 6467//3834 6219//3834
f 6187//3836 6468//3836 6466//3836
f 6183//3834 6468//3834 6185//3834
f 6185//3836 6468//3836 6187//3836
f 6467//3834 6469//3834 6219//3834
f 6183//3834 6470//3834 6468//3834
f 6469//3835 6471//3835 6219//3835
f 6219//3834 6471//3834 6220//3834
f 6183//3834 6472//3834 6470//3834
f 6181//3833 6472//3833 6183//3833
f 6220//3834 6473//3834 6223//3834
f 6471//3834 6473//3834 6220//3834
f 6176//3833 6474//3833 6179//3833
f 6179//3834 6474//3834 6181//3834
f 6181//3833 6474//3833 6472//3833
f 6223//3834 6475//3834 6225//3834
f 6473//3834 6475//3834 6223//3834
f 6176//3834 6476//3834 6474//3834
f 6225//3836 6477//3836 6226//3836
f 6475//3834 6477//3834 6225//3834
f 6173//3834 6478//3834 6175//3834
f 6175//3836 6478//3836 6176//3836
f 6176//3834 6478//3834 6476//3834
f 6226//3834 6479//3834 6228//3834
f 6477//3835 6479//3835 6226//3835
f 6173//3833 6480//3833 6478//3833
f 6228//3833 6481//3833 6231//3833
f 6231//3837 6481//3837 6232//3837
f 6479//3837 6481//3837 6228//3837
f 6173//3834 6482//3834 6480//3834
f 6171//3833 6482//3833 6173//3833
f 6481//3834 6483//3834 6232//3834
f 6171//3834 6484//3834 6482//3834
f 6168//3834 6484//3834 6171//3834
f 6232//3838 6485//3838 6234//3838
f 6483//3838 6485//3838 6232//3838
f 6168//3834 6486//3834 6484//3834
f 6165//3834 6486//3834 6167//3834
f 6167//3834 6486//3834 6168//3834
f 6234//3834 6487//3834 6236//3834
f 6485//3834 6487//3834 6234//3834
f 6165//3834 6488//3834 6486//3834
f 6236//3834 6489//3834 6238//3834
f 6487//3834 6489//3834 6236//3834
f 6165//3833 6490//3833 6488//3833
f 6163//3836 6490//3836 6165//3836
f 6238//3837 6491//3837 6241//3837
f 6489//3837 6491//3837 6238//3837
f 6163//3834 6492//3834 6490//3834
f 6161//3833 6492//3833 6163//3833
f 6491//3834 6493//3834 6241//3834
f 6241//3838 6493//3838 6242//3838
f 6161//3834 6494//3834 6492//3834
f 6159//3834 6494//3834 6161//3834
f 6242//3834 6495//3834 6245//3834
f 6493//3839 6495//3839 6242//3839
f 6159//3834 6496//3834 6494//3834
f 6156//3833 6496//3833 6159//3833
f 6245//3834 6497//3834 6247//3834
f 6495//3837 6497//3837 6245//3837
f 6155//3834 6498//3834 6156//3834
f 6156//3833 6498//3833 6496//3833
f 6247//3834 6499//3834 6248//3834
f 6248//3834 6499//3834 6250//3834
f 6497//3834 6499//3834 6247//3834
f 6155//3834 6500//3834 6498//3834
f 6153//3833 6500//3833 6155//3833
f 6250//3834 6501//3834 6253//3834
f 6499//3834 6501//3834 6250//3834
f 6151//3833 6502//3833 6153//3833
f 6153//3834 6502//3834 6500//3834
f 6501//3834 6503//3834 6253//3834
f 6148//3834 6504//3834 6151//3834
f 6151//3833 6504//3833 6502//3833
f 6503//3834 6255//3834 6253//3834
f 6148//3833 6146//3833 6504//3833
f 6503//3840 6505//3840 6255//3840
f 6146//3834 6506//3834 6504//3834
f 6255//3834 6507//3834 6256//3834
f 6505//3834 6507//3834 6255//3834
f 6146//3834 6508//3834 6506//3834
f 6145//3834 6508//3834 6146//3834
f 6507//3834 6509//3834 6256//3834
f 6256//3834 6509//3834 6258//3834
f 6143//3834 6510//3834 6145//3834
f 6145//3836 6510//3836 6508//3836
f 6509//3834 6511//3834 6258//3834
f 6258//3834 6511//3834 6261//3834
f 6143//3834 6512//3834 6510//3834
f 6141//3833 6512//3833 6143//3833
f 6141//3834 6139//3834 6512//3834
f 6261//3834 6513//3834 6263//3834
f 6511//3834 6513//3834 6261//3834
f 6139//3834 6514//3834 6512//3834
f 6263//3834 6515//3834 6264//3834
f 6513//3841 6515//3841 6263//3841
f 6139//3836 6516//3836 6514//3836
f 6137//3834 6516//3834 6139//3834
f 6515//3834 6266//3834 6264//3834
f 6515//3833 6517//3833 6266//3833
f 6137//3834 6518//3834 6516//3834
f 6135//3833 6518//3833 6137//3833
f 6135//3834 6133//3834 6518//3834
f 6517//3834 6519//3834 6266//3834
f 6266//3834 6519//3834 6269//3834
f 6133//3834 6520//3834 6518//3834
f 6519//3834 6521//3834 6269//3834
f 6269//3834 6521//3834 6270//3834
f 6131//3833 6522//3833 6133//3833
f 6133//3834 6522//3834 6520//3834
f 6270//3833 6523//3833 6273//3833
f 6521//3840 6523//3840 6270//3840
f 6131//3834 6129//3834 6522//3834
f 6522//3833 6129//3833 6524//3833
f 6523//3834 6275//3834 6273//3834
f 6525//3834 6275//3834 6523//3834
f 6129//3834 6127//3834 6524//3834
f 6524//3840 6127//3840 6526//3840
f 6525//3834 6527//3834 6275//3834
f 6127//3834 6528//3834 6526//3834
f 6527//3840 6277//3840 6275//3840
f 6127//3833 6125//3833 6528//3833
f 6527//3834 6529//3834 6277//3834
f 6529//3834 6278//3834 6277//3834
f 6528//3834 6122//3834 6530//3834
f 6125//3834 6122//3834 6528//3834
f 6529//3833 6281//3833 6278//3833
f 6531//3834 6281//3834 6529//3834
f 6122//3834 6121//3834 6530//3834
f 6530//3836 6121//3836 6532//3836
f 6531//3834 6282//3834 6281//3834
f 6533//3834 6282//3834 6531//3834
f 6121//3834 6119//3834 6532//3834
f 6532//3837 6119//3837 6534//3837
f 6533//3834 6535//3834 6282//3834
f 6535//3834 6285//3834 6282//3834
f 6119//3834 6117//3834 6534//3834
f 6534//3834 6117//3834 6536//3834
f 6535//3834 6537//3834 6285//3834
f 6537//3834 6287//3834 6285//3834
f 6117//3834 6115//3834 6536//3834
f 6536//3834 6115//3834 6538//3834
f 6115//3834 6539//3834 6538//3834
f 6537//3834 6288//3834 6287//3834
f 6540//3833 6288//3833 6537//3833
f 6115//3834 6113//3834 6539//3834
f 6540//3834 6291//3834 6288//3834
f 6541//3834 6291//3834 6540//3834
f 6113//3834 6111//3834 6539//3834
f 6539//3834 6111//3834 6542//3834
f 6541//3833 6292//3833 6291//3833
f 6543//3834 6292//3834 6541//3834
f 6111//3833 6109//3833 6542//3833
f 6542//3840 6109//3840 6544//3840
f 6543//3834 6295//3834 6292//3834
f 6545//3833 6295//3833 6543//3833
f 6109//3834 6107//3834 6544//3834
f 6544//3834 6107//3834 6546//3834
f 6545//3833 6297//3833 6295//3833
f 6547//3834 6297//3834 6545//3834
f 6107//3834 6105//3834 6546//3834
f 6546//3834 6105//3834 6548//3834
f 6547//3834 6299//3834 6297//3834
f 6549//3834 6299//3834 6547//3834
f 6105//3834 6103//3834 6548//3834
f 6548//3834 6103//3834 6550//3834
f 6549//3834 6301//3834 6299//3834
f 6551//3833 6301//3833 6549//3833
f 6550//3837 6101//3837 6552//3837
f 6103//3834 6101//3834 6550//3834
f 6553//3834 6303//3834 6551//3834
f 6554//3834 6303//3834 6553//3834
f 6551//3833 6303//3833 6301//3833
f 6555//3833 6099//3833 6556//3833
f 6552//3838 6099//3838 6555//3838
f 6101//3834 6099//3834 6552//3834
f 6554//3834 6304//3834 6303//3834
f 6099//3836 6097//3836 6556//3836
f 6554//3834 6307//3834 6304//3834
f 6557//3834 6307//3834 6554//3834
f 6097//3836 6095//3836 6556//3836
f 6558//3834 6095//3834 6559//3834
f 6556//3837 6095//3837 6558//3837
f 6557//3834 6021//3834 6307//3834
f 6560//3836 6021//3836 6557//3836
f 6095//3834 6092//3834 6559//3834
f 6559//3834 6092//3834 6561//3834
f 6560//3836 6022//3836 6021//3836
f 6562//3833 6022//3833 6560//3833
f 6092//3834 6091//3834 6561//3834
f 6562//3833 6024//3833 6022//3833
f 6563//3834 6024//3834 6562//3834
f 6091//3834 6089//3834 6561//3834
f 6561//3833 6089//3833 6564//3833
f 6563//3834 6027//3834 6024//3834
f 6565//3834 6027//3834 6563//3834
f 6089//3836 6086//3836 6564//3836
f 6564//3833 6086//3833 6566//3833
f 6565//3833 6028//3833 6027//3833
f 6567//3834 6028//3834 6565//3834
f 6086//3833 6085//3833 6566//3833
f 6566//3837 6085//3837 6568//3837
f 6567//3834 6031//3834 6028//3834
f 6569//3833 6031//3833 6567//3833
f 6570//3834 6031//3834 6569//3834
f 6085//3834 6083//3834 6568//3834
f 6571//3834 6083//3834 6572//3834
f 6568//3835 6083//3835 6571//3835
f 6570//3833 6033//3833 6031//3833
f 6083//3834 6080//3834 6572//3834
f 6573//3834 6035//3834 6570//3834
f 6570//3833 6035//3833 6033//3833
f 6572//3834 6079//3834 6574//3834
f 6080//3834 6079//3834 6572//3834
f 6575//3833 6036//3833 6573//3833
f 6573//3834 6036//3834 6035//3834
f 6079//3834 6077//3834 6574//3834
f 6574//3834 6077//3834 6576//3834
f 6575//3833 6039//3833 6036//3833
f 6577//3834 6039//3834 6575//3834
f 6578//3834 6039//3834 6577//3834
f 6077//3834 6075//3834 6576//3834
f 6579//3834 6075//3834 6580//3834
f 6576//3835 6075//3835 6579//3835
f 6578//3834 6040//3834 6039//3834
f 6075//3834 6073//3834 6580//3834
f 6578//3834 6043//3834 6040//3834
f 6581//3834 6043//3834 6578//3834
f 6582//3834 6071//3834 6583//3834
f 6580//3834 6071//3834 6582//3834
f 6073//3834 6071//3834 6580//3834
f 6071//3834 6068//3834 6583//3834
f 6584//3834 6045//3834 6581//3834
f 6581//3835 6045//3835 6043//3835
f 6068//3834 6067//3834 6583//3834
f 6583//3834 6067//3834 6585//3834
f 6586//3834 6046//3834 6584//3834
f 6584//3834 6046//3834 6045//3834
f 6067//3834 6065//3834 6585//3834
f 6587//3836 6065//3836 6588//3836
f 6585//3833 6065//3833 6587//3833
f 6586//3836 6049//3836 6046//3836
f 6589//3834 6049//3834 6586//3834
f 6589//3834 6050//3834 6049//3834
f 6590//3834 6050//3834 6589//3834
f 6591//3833 6050//3833 6590//3833
f 6065//3834 6063//3834 6588//3834
f 6591//3834 6053//3834 6050//3834
f 6063//3833 6061//3833 6588//3833
f 6588//3834 6061//3834 6592//3834
f 6591//3839 6054//3839 6053//3839
f 6593//3837 6054//3837 6591//3837
f 6061//3833 6058//3833 6592//3833
f 6592//3834 6058//3834 6594//3834
f 6593//3834 6057//3834 6054//3834
f 6058//3834 6057//3834 6594//3834
f 6595//3833 6057//3833 6593//3833
f 6594//3833 6057//3833 6595//3833
f 6416//1380 6418//1380 6560//1380
f 6560//1380 6418//1380 6562//1380
f 6418//3809 6419//3809 6562//3809
f 6562//3809 6419//3809 6563//3809
f 6563//485 6419//485 6565//485
f 6419//485 6421//485 6565//485
f 6421//1378 6423//1378 6565//1378
f 6565//1378 6423//1378 6567//1378
f 6567//3842 6423//3842 6569//3842
f 6423//483 6425//483 6569//483
f 6425//482 6426//482 6569//482
f 6569//482 6426//482 6570//482
f 6426//480 6429//480 6570//480
f 6570//480 6429//480 6573//480
f 6429//1376 6431//1376 6573//1376
f 6573//1376 6431//1376 6575//1376
f 6575//1375 6431//1375 6577//1375
f 6431//3843 6433//3843 6577//3843
f 6577//476 6433//476 6578//476
f 6433//476 6434//476 6578//476
f 6578//3844 6434//3844 6581//3844
f 6434//3844 6437//3844 6581//3844
f 6437//3845 6440//3845 6581//3845
f 6581//473 6440//473 6584//473
f 6440//472 6442//472 6584//472
f 6584//472 6442//472 6586//472
f 6442//3846 6445//3846 6586//3846
f 6586//471 6445//471 6589//471
f 6589//1373 6445//1373 6590//1373
f 6445//1373 6446//1373 6590//1373
f 6446//469 6447//469 6590//469
f 6590//469 6447//469 6591//469
f 6591//1371 6447//1371 6593//1371
f 6447//1371 6449//1371 6593//1371
f 6593//467 6451//467 6595//467
f 6595//466 6451//466 6594//466
f 6449//467 6451//467 6593//467
f 6451//466 6450//466 6594//466
f 6594//464 6448//464 6592//464
f 6450//464 6448//464 6594//464
f 6592//465 6444//465 6588//465
f 6448//1369 6444//1369 6592//1369
f 6588//461 6443//461 6587//461
f 6444//461 6443//461 6588//461
f 6587//1368 6441//1368 6585//1368
f 6585//459 6441//459 6583//459
f 6443//1368 6441//1368 6587//1368
f 6583//457 6439//457 6582//457
f 6441//459 6439//459 6583//459
f 6439//457 6438//457 6582//457
f 6582//1366 6436//1366 6580//1366
f 6580//1365 6436//1365 6579//1365
f 6438//1366 6436//1366 6582//1366
f 6436//1365 6435//1365 6579//1365
f 6435//3818 6432//3818 6579//3818
f 6579//453 6432//453 6576//453
f 6576//1364 6432//1364 6574//1364
f 6432//452 6430//452 6574//452
f 6430//1363 6428//1363 6574//1363
f 6574//1363 6428//1363 6572//1363
f 6572//450 6428//450 6571//450
f 6428//450 6427//450 6571//450
f 6427//448 6424//448 6571//448
f 6571//448 6424//448 6568//448
f 6424//447 6422//447 6568//447
f 6568//447 6422//447 6566//447
f 6422//446 6420//446 6566//446
f 6566//446 6420//446 6564//446
f 6420//444 6417//444 6564//444
f 6564//444 6417//444 6561//444
f 6417//442 6415//442 6561//442
f 6561//442 6415//442 6559//442
f 6415//631 6414//631 6559//631
f 6559//631 6414//631 6558//631
f 6414//629 6412//629 6558//629
f 6558//629 6412//629 6556//629
f 6412//627 6411//627 6556//627
f 6556//627 6411//627 6555//627
f 6411//626 6408//626 6555//626
f 6555//626 6408//626 6552//626
f 6408//625 6406//625 6552//625
f 6552//625 6406//625 6550//625
f 6406//624 6404//624 6550//624
f 6550//624 6404//624 6548//624
f 6404//1360 6402//1360 6548//1360
f 6548//1360 6402//1360 6546//1360
f 6546//1359 6402//1359 6544//1359
f 6402//621 6400//621 6544//621
f 6400//3821 6398//3821 6544//3821
f 6544//620 6398//620 6542//620
f 6398//1358 6395//1358 6542//1358
f 6542//1358 6395//1358 6539//1358
f 6395//1357 6394//1357 6539//1357
f 6539//1357 6394//1357 6538//1357
f 6394//616 6392//616 6538//616
f 6538//616 6392//616 6536//616
f 6536//614 6392//614 6534//614
f 6392//614 6390//614 6534//614
f 6390//1355 6388//1355 6534//1355
f 6534//1355 6388//1355 6532//1355
f 6532//612 6386//612 6530//612
f 6388//612 6386//612 6532//612
f 6530//609 6384//609 6528//609
f 6386//610 6384//610 6530//610
f 6384//1353 6382//1353 6528//1353
f 6528//608 6382//608 6526//608
f 6382//607 6380//607 6526//607
f 6526//607 6380//607 6524//607
f 6380//606 6378//606 6524//606
f 6524//606 6378//606 6522//606
f 6378//1351 6376//1351 6522//1351
f 6522//1351 6376//1351 6520//1351
f 6520//604 6374//604 6518//604
f 6376//604 6374//604 6520//604
f 6518//3826 6372//3826 6516//3826
f 6374//3826 6372//3826 6518//3826
f 6516//3847 6370//3847 6514//3847
f 6372//602 6370//602 6516//602
f 6514//601 6368//601 6512//601
f 6512//599 6368//599 6510//599
f 6370//601 6368//601 6514//601
f 6510//3848 6366//3848 6508//3848
f 6368//3849 6366//3849 6510//3849
f 6366//3848 6364//3848 6508//3848
f 6508//596 6362//596 6506//596
f 6506//3828 6362//3828 6504//3828
f 6364//596 6362//596 6508//596
f 6362//3850 6360//3850 6504//3850
f 6504//1347 6358//1347 6502//1347
f 6360//1347 6358//1347 6504//1347
f 6502//593 6356//593 6500//593
f 6358//593 6356//593 6502//593
f 6500//592 6354//592 6498//592
f 6356//592 6354//592 6500//592
f 6498//3851 6352//3851 6496//3851
f 6354//590 6352//590 6498//590
f 6496//589 6350//589 6494//589
f 6352//589 6350//589 6496//589
f 6494//588 6348//588 6492//588
f 6350//588 6348//588 6494//588
f 6492//3832 6346//3832 6490//3832
f 6348//3832 6346//3832 6492//3832
f 6490//1343 6344//1343 6488//1343
f 6346//1343 6344//1343 6490//1343
f 6488//1342 6342//1342 6486//1342
f 6344//1342 6342//1342 6488//1342
f 6486//3781 6340//3781 6484//3781
f 6342//3781 6340//3781 6486//3781
f 6484//583 6338//583 6482//583
f 6482//582 6338//582 6480//582
f 6340//583 6338//583 6484//583
f 6480//3852 6336//3852 6478//3852
f 6338//1340 6336//1340 6480//1340
f 6478//580 6334//580 6476//580
f 6336//581 6334//581 6478//581
f 6334//580 6332//580 6476//580
f 6332//578 6330//578 6476//578
f 6476//578 6330//578 6474//578
f 6474//1338 6330//1338 6472//1338
f 6330//1338 6328//1338 6472//1338
f 6328//3853 6326//3853 6472//3853
f 6472//3785 6326//3785 6470//3785
f 6470//575 6326//575 6468//575
f 6326//575 6324//575 6468//575
f 6324//3854 6322//3854 6468//3854
f 6468//3854 6322//3854 6466//3854
f 6322//572 6320//572 6466//572
f 6466//572 6320//572 6464//572
f 6320//569 6318//569 6464//569
f 6464//569 6318//569 6462//569
f 6462//568 6316//568 6460//568
f 6318//567 6316//567 6462//567
f 6460//3787 6314//3787 6458//3787
f 6458//565 6314//565 6456//565
f 6316//3787 6314//3787 6460//3787
f 6456//564 6312//564 6454//564
f 6314//565 6312//565 6456//565
f 6312//564 6310//564 6454//564
f 6454//562 6309//562 6452//562
f 6452//561 6309//561 6453//561
f 6310//1335 6309//1335 6454//1335
f 6309//561 6308//561 6453//561
f 6453//560 6311//560 6455//560
f 6308//560 6311//560 6453//560
f 6455//559 6313//559 6457//559
f 6311//559 6313//559 6455//559
f 6457//556 6315//556 6459//556
f 6313//556 6315//556 6457//556
f 6459//1333 6317//1333 6461//1333
f 6315//1333 6317//1333 6459//1333
f 6461//554 6319//554 6463//554
f 6317//554 6319//554 6461//554
f 6463//552 6321//552 6465//552
f 6465//1331 6321//1331 6467//1331
f 6319//552 6321//552 6463//552
f 6321//551 6323//551 6467//551
f 6467//549 6325//549 6469//549
f 6469//546 6325//546 6471//546
f 6323//549 6325//549 6467//549
f 6325//547 6327//547 6471//547
f 6471//1329 6329//1329 6473//1329
f 6327//545 6329//545 6471//545
f 6473//544 6331//544 6475//544
f 6329//3855 6331//3855 6473//3855
f 6331//3794 6333//3794 6475//3794
f 6475//3794 6333//3794 6477//3794
f 6333//542 6335//542 6477//542
f 6477//542 6335//542 6479//542
f 6479//541 6335//541 6481//541
f 6335//541 6337//541 6481//541
f 6337//1328 6339//1328 6481//1328
f 6481//1328 6339//1328 6483//1328
f 6339//539 6341//539 6483//539
f 6483//539 6341//539 6485//539
f 6341//538 6343//538 6485//538
f 6485//538 6343//538 6487//538
f 6343//537 6345//537 6487//537
f 6487//537 6345//537 6489//537
f 6345//536 6347//536 6489//536
f 6489//536 6347//536 6491//536
f 6347//1394 6349//1394 6491//1394
f 6491//1394 6349//1394 6493//1394
f 6493//534 6349//534 6495//534
f 6349//534 6351//534 6495//534
f 6351//533 6353//533 6495//533
f 6495//533 6353//533 6497//533
f 6353//3797 6355//3797 6497//3797
f 6497//3797 6355//3797 6499//3797
f 6499//531 6355//531 6501//531
f 6355//3856 6357//3856 6501//3856
f 6501//530 6357//530 6503//530
f 6357//529 6359//529 6503//529
f 6503//1392 6359//1392 6505//1392
f 6359//528 6361//528 6505//528
f 6505//1391 6361//1391 6507//1391
f 6361//1391 6363//1391 6507//1391
f 6507//524 6365//524 6509//524
f 6509//521 6365//521 6511//521
f 6363//523 6365//523 6507//523
f 6365//521 6367//521 6511//521
f 6511//520 6369//520 6513//520
f 6367//520 6369//520 6511//520
f 6513//1389 6371//1389 6515//1389
f 6369//1389 6371//1389 6513//1389
f 6515//517 6373//517 6517//517
f 6371//517 6373//517 6515//517
f 6517//1388 6375//1388 6519//1388
f 6373//1388 6375//1388 6517//1388
f 6519//514 6377//514 6521//514
f 6375//514 6377//514 6519//514
f 6521//513 6379//513 6523//513
f 6523//512 6379//512 6525//512
f 6377//513 6379//513 6521//513
f 6379//511 6381//511 6525//511
f 6381//509 6383//509 6525//509
f 6525//509 6383//509 6527//509
f 6383//508 6385//508 6527//508
f 6527//508 6385//508 6529//508
f 6385//3803 6387//3803 6529//3803
f 6529//3803 6387//3803 6531//3803
f 6387//507 6389//507 6531//507
f 6531//507 6389//507 6533//507
f 6389//504 6391//504 6533//504
f 6533//504 6391//504 6535//504
f 6391//501 6393//501 6535//501
f 6535//501 6393//501 6537//501
f 6393//3857 6396//3857 6537//3857
f 6537//3857 6396//3857 6540//3857
f 6540//498 6396//498 6541//498
f 6396//498 6397//498 6541//498
f 6397//3805 6399//3805 6541//3805
f 6541//3858 6399//3858 6543//3858
f 6399//1385 6401//1385 6543//1385
f 6543//1385 6401//1385 6545//1385
f 6401//495 6403//495 6545//495
f 6545//495 6403//495 6547//495
f 6403//3859 6405//3859 6547//3859
f 6547//493 6405//493 6549//493
f 6549//3860 6405//3860 6551//3860
f 6405//492 6407//492 6551//492
f 6407//1383 6409//1383 6551//1383
f 6551//491 6409//491 6553//491
f 6553//490 6409//490 6554//490
f 6409//490 6410//490 6554//490
f 6410//3808 6413//3808 6554//3808
f 6554//3808 6413//3808 6557//3808
f 6413//1381 6416//1381 6557//1381
f 6557//1381 6416//1381 6560//1381
f 6596//1274 6597//1274 6598//1274
f 6599//3861 6598//3861 6600//3861
f 6599//1274 6596//1274 6598//1274
f 6601//3861 6599//3861 6600//3861
f 6602//393 6601//393 6600//393
f 6602//393 6600//393 6603//393
f 6602//3862 6603//3862 6604//3862
f 6605//392 6602//392 6604//392
f 6606//3863 6605//3863 6604//3863
f 6606//3863 6604//3863 6607//3863
f 6608//3864 6606//3864 6607//3864
f 6608//3864 6607//3864 6609//3864
f 6610//388 6608//388 6609//388
f 6610//388 6609//388 6611//388
f 6610//1270 6611//1270 6612//1270
f 6613//1270 6610//1270 6612//1270
f 6614//3865 6613//3865 6612//3865
f 6614//3865 6612//3865 6615//3865
f 6614//385 6615//385 6616//385
f 6617//385 6614//385 6616//385
f 6618//1269 6617//1269 6616//1269
f 6618//1269 6616//1269 6619//1269
f 6620//382 6618//382 6619//382
f 6620//382 6619//382 6621//382
f 6620//379 6621//379 6622//379
f 6623//379 6620//379 6622//379
f 6624//3866 6623//3866 6622//3866
f 6624//3866 6622//3866 6625//3866
f 6624//3867 6625//3867 6626//3867
f 6627//3867 6624//3867 6626//3867
f 6628//3868 6627//3868 6626//3868
f 6628//375 6626//375 6629//375
f 6628//373 6629//373 6630//373
f 6631//373 6628//373 6630//373
f 6632//3869 6630//3869 6633//3869
f 6632//371 6633//371 6634//371
f 6632//3869 6631//3869 6630//3869
f 6635//371 6632//371 6634//371
f 6636//3870 6634//3870 6637//3870
f 6636//3870 6635//3870 6634//3870
f 6638//368 6637//368 6639//368
f 6638//369 6636//369 6637//369
f 6640//3871 6639//3871 6641//3871
f 6640//366 6638//366 6639//366
f 6642//1264 6641//1264 6643//1264
f 6642//1263 6643//1263 6644//1263
f 6642//1264 6640//1264 6641//1264
f 6645//364 6642//364 6644//364
f 6646//3872 6644//3872 6647//3872
f 6646//362 6645//362 6644//362
f 6648//361 6647//361 6649//361
f 6648//361 6646//361 6647//361
f 6650//3873 6649//3873 6651//3873
f 6650//359 6648//359 6649//359
f 6652//357 6651//357 6653//357
f 6652//356 6650//356 6651//356
f 6654//3874 6652//3874 6653//3874
f 6654//355 6653//355 6655//355
f 6654//354 6655//354 6656//354
f 6657//354 6654//354 6656//354
f 6658//353 6657//353 6656//353
f 6658//3875 6656//3875 6659//3875
f 6660//352 6658//352 6659//352
f 6660//352 6659//352 6661//352
f 6660//3876 6661//3876 6662//3876
f 6663//351 6660//351 6662//351
f 6664//1260 6663//1260 6662//1260
f 6664//350 6662//350 6665//350
f 6666//349 6664//349 6665//349
f 6666//349 6665//349 6667//349
f 6666//1259 6667//1259 6668//1259
f 6669//348 6666//348 6668//348
f 6670//347 6669//347 6668//347
f 6670//1326 6668//1326 6671//1326
f 6672//346 6670//346 6671//346
f 6672//346 6671//346 6673//346
f 6674//1325 6672//1325 6673//1325
f 6674//345 6673//345 6675//345
f 6676//344 6674//344 6675//344
f 6676//3877 6675//3877 6677//3877
f 6678//343 6676//343 6677//343
f 6678//343 6677//343 6679//343
f 6680//342 6678//342 6679//342
f 6680//3878 6679//3878 6681//3878
f 6682//341 6680//341 6681//341
f 6682//341 6681//341 6683//341
f 6684//340 6682//340 6683//340
f 6684//339 6683//339 6685//339
f 6686//1323 6684//1323 6685//1323
f 6686//338 6685//338 6687//338
f 6688//1322 6686//1322 6687//1322
f 6688//1322 6687//1322 6689//1322
f 6690//333 6688//333 6689//333
f 6690//333 6689//333 6691//333
f 6692//3879 6690//3879 6691//3879
f 6692//331 6691//331 6693//331
f 6694//330 6692//330 6693//330
f 6694//1321 6693//1321 6695//1321
f 6696//1320 6694//1320 6695//1320
f 6696//1320 6695//1320 6697//1320
f 6696//3880 6697//3880 6698//3880
f 6699//328 6696//328 6698//328
f 6700//326 6699//326 6698//326
f 6700//325 6698//325 6701//325
f 6702//3881 6700//3881 6701//3881
f 6702//3881 6701//3881 6703//3881
f 6704//323 6702//323 6703//323
f 6704//323 6703//323 6705//323
f 6706//3882 6704//3882 6705//3882
f 6706//3882 6705//3882 6707//3882
f 6708//320 6706//320 6707//320
f 6708//320 6707//320 6709//320
f 6710//318 6709//318 6711//318
f 6710//3883 6708//3883 6709//3883
f 6712//3884 6711//3884 6713//3884
f 6712//3884 6710//3884 6711//3884
f 6714//3885 6713//3885 6715//3885
f 6714//3885 6712//3885 6713//3885
f 6716//314 6715//314 6717//314
f 6716//314 6714//314 6715//314
f 6718//310 6717//310 6719//310
f 6718//310 6716//310 6717//310
f 6720//1317 6719//1317 6721//1317
f 6720//308 6721//308 6722//308
f 6720//1317 6718//1317 6719//1317
f 6723//3886 6722//3886 6724//3886
f 6723//308 6720//308 6722//308
f 6725//3886 6723//3886 6724//3886
f 6726//1316 6724//1316 6727//1316
f 6726//1316 6725//1316 6724//1316
f 6728//304 6727//304 6729//304
f 6728//304 6726//304 6727//304
f 6730//305 6729//305 6731//305
f 6730//3887 6731//3887 6732//3887
f 6730//305 6728//305 6729//305
f 6733//3887 6730//3887 6732//3887
f 6734//3888 6732//3888 6735//3888
f 6734//301 6733//301 6732//301
f 6736//300 6735//300 6737//300
f 6736//300 6734//300 6735//300
f 6738//3889 6737//3889 6739//3889
f 6738//3889 6736//3889 6737//3889
f 6740//1312 6739//1312 6741//1312
f 6740//1312 6738//1312 6739//1312
f 6742//1311 6741//1311 6743//1311
f 6742//3890 6743//3890 6744//3890
f 6742//1311 6740//1311 6741//1311
f 6745//3890 6742//3890 6744//3890
f 6746//295 6744//295 6747//295
f 6746//295 6745//295 6744//295
f 6748//294 6747//294 6749//294
f 6748//3891 6746//3891 6747//3891
f 6750//3892 6749//3892 6751//3892
f 6750//292 6751//292 6752//292
f 6750//3892 6748//3892 6749//3892
f 6753//292 6750//292 6752//292
f 6754//290 6753//290 6752//290
f 6754//290 6752//290 6755//290
f 6756//1307 6754//1307 6755//1307
f 6756//1307 6755//1307 6757//1307
f 6758//1306 6756//1306 6757//1306
f 6758//1306 6757//1306 6759//1306
f 6760//287 6758//287 6759//287
f 6760//287 6759//287 6761//287
f 6762//285 6760//285 6761//285
f 6762//285 6761//285 6763//285
f 6764//283 6762//283 6763//283
f 6764//283 6763//283 6765//283
f 6766//282 6764//282 6765//282
f 6766//282 6765//282 6767//282
f 6768//3893 6767//3893 6769//3893
f 6768//1304 6769//1304 6770//1304
f 6768//3893 6766//3893 6767//3893
f 6771//1304 6768//1304 6770//1304
f 6772//279 6770//279 6773//279
f 6772//278 6773//278 6774//278
f 6772//279 6771//279 6770//279
f 6775//3894 6774//3894 6776//3894
f 6775//1302 6772//1302 6774//1302
f 6777//3895 6775//3895 6776//3895
f 6778//275 6776//275 6779//275
f 6778//275 6777//275 6776//275
f 6780//276 6779//276 6781//276
f 6780//276 6778//276 6779//276
f 6782//272 6781//272 6783//272
f 6782//3896 6783//3896 6784//3896
f 6782//272 6780//272 6781//272
f 6785//3896 6782//3896 6784//3896
f 6786//1299 6784//1299 6787//1299
f 6786//1299 6785//1299 6784//1299
f 6788//3897 6787//3897 6789//3897
f 6788//267 6789//267 6790//267
f 6788//268 6786//268 6787//268
f 6791//3898 6790//3898 6792//3898
f 6791//267 6788//267 6790//267
f 6793//3898 6791//3898 6792//3898
f 6794//1297 6792//1297 6795//1297
f 6794//3899 6795//3899 6796//3899
f 6794//1297 6793//1297 6792//1297
f 6797//3899 6794//3899 6796//3899
f 6798//262 6796//262 6799//262
f 6798//262 6797//262 6796//262
f 6800//1295 6799//1295 6801//1295
f 6800//260 6801//260 6802//260
f 6800//1295 6798//1295 6799//1295
f 6803//258 6802//258 6804//258
f 6803//259 6800//259 6802//259
f 6805//258 6803//258 6804//258
f 6806//3900 6804//3900 6807//3900
f 6806//256 6807//256 6808//256
f 6806//3900 6805//3900 6804//3900
f 6809//255 6806//255 6808//255
f 6809//254 6808//254 6810//254
f 6811//254 6809//254 6810//254
f 6811//252 6810//252 6812//252
f 6813//252 6811//252 6812//252
f 6813//441 6812//441 6814//441
f 6815//441 6813//441 6814//441
f 6816//439 6815//439 6814//439
f 6816//439 6814//439 6817//439
f 6816//437 6817//437 6818//437
f 6819//438 6816//438 6818//438
f 6820//3901 6819//3901 6818//3901
f 6820//3901 6818//3901 6821//3901
f 6822//435 6820//435 6821//435
f 6822//435 6821//435 6823//435
f 6822//434 6823//434 6824//434
f 6825//433 6822//433 6824//433
f 6825//1292 6824//1292 6826//1292
f 6827//1292 6825//1292 6826//1292
f 6828//431 6827//431 6826//431
f 6828//431 6826//431 6829//431
f 6830//3902 6828//3902 6829//3902
f 6830//3902 6829//3902 6831//3902
f 6830//1290 6831//1290 6832//1290
f 6833//1290 6830//1290 6832//1290
f 6833//427 6832//427 6834//427
f 6835//427 6833//427 6834//427
f 6836//426 6834//426 6837//426
f 6836//426 6835//426 6834//426
f 6838//3903 6837//3903 6839//3903
f 6838//1288 6839//1288 6840//1288
f 6838//3903 6836//3903 6837//3903
f 6841//3904 6840//3904 6842//3904
f 6841//1288 6838//1288 6840//1288
f 6843//3904 6841//3904 6842//3904
f 6844//1287 6842//1287 6845//1287
f 6844//418 6845//418 6846//418
f 6844//1287 6843//1287 6842//1287
f 6847//418 6844//418 6846//418
f 6848//417 6846//417 6849//417
f 6848//417 6847//417 6846//417
f 6850//3905 6849//3905 6851//3905
f 6850//3906 6848//3906 6849//3906
f 6852//415 6851//415 6853//415
f 6852//414 6853//414 6854//414
f 6852//1283 6850//1283 6851//1283
f 6855//414 6852//414 6854//414
f 6856//3907 6855//3907 6854//3907
f 6856//3907 6854//3907 6857//3907
f 6856//3908 6857//3908 6858//3908
f 6859//3908 6856//3908 6858//3908
f 6860//411 6859//411 6858//411
f 6860//411 6858//411 6861//411
f 6862//409 6860//409 6861//409
f 6862//409 6861//409 6863//409
f 6862//1280 6863//1280 6864//1280
f 6865//1280 6862//1280 6864//1280
f 6866//406 6865//406 6864//406
f 6866//406 6864//406 6867//406
f 6866//3909 6867//3909 6868//3909
f 6869//3909 6866//3909 6868//3909
f 6870//1279 6869//1279 6868//1279
f 6870//1279 6868//1279 6871//1279
f 6872//403 6870//403 6871//403
f 6872//403 6871//403 6873//403
f 6874//3910 6872//3910 6873//3910
f 6874//3910 6873//3910 6875//3910
f 6876//3911 6874//3911 6875//3911
f 6876//3911 6875//3911 6877//3911
f 6878//3912 6876//3912 6877//3912
f 6878//3912 6877//3912 6879//3912
f 6878//398 6879//398 6880//398
f 6881//398 6878//398 6880//398
f 6882//3913 6881//3913 6880//3913
f 6882//3913 6880//3913 6883//3913
f 6596//1275 6882//1275 6883//1275
f 6596//1275 6883//1275 6597//1275
f 6884//21 6885//21 6777//21
f 6884//20 6777//20 6778//20
f 6886//21 6777//21 6885//21
f 6886//21 6775//21 6777//21
f 6887//20 6884//20 6778//20
f 6887//21 6778//21 6780//21
f 6887//21 6780//21 6782//21
f 6888//21 6775//21 6886//21
f 6888//21 6771//21 6772//21
f 6888//21 6772//21 6775//21
f 6889//21 6887//21 6782//21
f 6890//20 6771//20 6888//20
f 6891//21 6889//21 6782//21
f 6891//21 6782//21 6785//21
f 6892//21 6771//21 6890//21
f 6892//21 6766//21 6768//21
f 6892//22 6768//22 6771//22
f 6893//20 6891//20 6785//20
f 6893//21 6785//21 6786//21
f 6893//21 6786//21 6788//21
f 6894//20 6766//20 6892//20
f 6894//20 6764//20 6766//20
f 6895//21 6893//21 6788//21
f 6896//21 6764//21 6894//21
f 6897//21 6895//21 6788//21
f 6897//20 6788//20 6791//20
f 6897//21 6791//21 6793//21
f 6898//21 6764//21 6896//21
f 6898//21 6762//21 6764//21
f 6899//30 6897//30 6793//30
f 6899//21 6793//21 6794//21
f 6900//22 6762//22 6898//22
f 6900//21 6758//21 6760//21
f 6900//21 6760//21 6762//21
f 6901//21 6899//21 6794//21
f 6902//21 6758//21 6900//21
f 6903//21 6901//21 6794//21
f 6903//21 6794//21 6797//21
f 6904//22 6758//22 6902//22
f 6904//21 6756//21 6758//21
f 6905//21 6797//21 6798//21
f 6905//21 6903//21 6797//21
f 6906//21 6753//21 6754//21
f 6906//21 6754//21 6756//21
f 6906//21 6756//21 6904//21
f 6907//22 6798//22 6800//22
f 6907//21 6905//21 6798//21
f 6908//22 6753//22 6906//22
f 6909//21 6800//21 6803//21
f 6909//21 6907//21 6800//21
f 6910//21 6748//21 6750//21
f 6910//20 6750//20 6753//20
f 6910//20 6753//20 6908//20
f 6911//21 6803//21 6805//21
f 6911//30 6909//30 6803//30
f 6912//21 6748//21 6910//21
f 6913//20 6805//20 6806//20
f 6913//20 6806//20 6809//20
f 6913//27 6911//27 6805//27
f 6914//20 6748//20 6912//20
f 6914//21 6746//21 6748//21
f 6915//22 6913//22 6809//22
f 6916//21 6746//21 6914//21
f 6916//21 6745//21 6746//21
f 6917//21 6809//21 6811//21
f 6917//30 6915//30 6809//30
f 6918//21 6745//21 6916//21
f 6918//21 6740//21 6742//21
f 6918//20 6742//20 6745//20
f 6919//21 6811//21 6813//21
f 6919//21 6917//21 6811//21
f 6920//22 6740//22 6918//22
f 6921//21 6813//21 6815//21
f 6921//21 6919//21 6813//21
f 6922//21 6740//21 6920//21
f 6922//21 6738//21 6740//21
f 6923//20 6815//20 6816//20
f 6923//27 6921//27 6815//27
f 6924//21 6738//21 6922//21
f 6924//21 6736//21 6738//21
f 6925//20 6923//20 6816//20
f 6925//20 6816//20 6819//20
f 6926//20 6736//20 6924//20
f 6926//21 6734//21 6736//21
f 6927//21 6819//21 6820//21
f 6927//25 6925//25 6819//25
f 6928//21 6734//21 6926//21
f 6928//20 6733//20 6734//20
f 6929//21 6820//21 6822//21
f 6929//27 6927//27 6820//27
f 6930//21 6730//21 6733//21
f 6930//21 6733//21 6928//21
f 6931//21 6822//21 6825//21
f 6931//22 6825//22 6827//22
f 6931//21 6929//21 6822//21
f 6932//21 6730//21 6930//21
f 6932//21 6728//21 6730//21
f 6933//21 6827//21 6828//21
f 6933//21 6931//21 6827//21
f 6934//20 6726//20 6728//20
f 6934//20 6728//20 6932//20
f 6935//21 6933//21 6828//21
f 6936//21 6725//21 6726//21
f 6936//20 6726//20 6934//20
f 6830//21 6935//21 6828//21
f 6723//21 6725//21 6936//21
f 6937//21 6935//21 6830//21
f 6938//21 6723//21 6936//21
f 6939//21 6830//21 6833//21
f 6939//21 6937//21 6830//21
f 6940//21 6723//21 6938//21
f 6940//20 6720//20 6723//20
f 6941//26 6939//26 6833//26
f 6941//21 6833//21 6835//21
f 6942//21 6718//21 6720//21
f 6942//21 6720//21 6940//21
f 6943//20 6941//20 6835//20
f 6943//26 6835//26 6836//26
f 6944//21 6718//21 6942//21
f 6944//21 6716//21 6718//21
f 6714//20 6716//20 6944//20
f 6945//21 6836//21 6838//21
f 6945//21 6943//21 6836//21
f 6946//20 6714//20 6944//20
f 6947//21 6838//21 6841//21
f 6947//21 6945//21 6838//21
f 6948//21 6714//21 6946//21
f 6948//21 6712//21 6714//21
f 6843//21 6947//21 6841//21
f 6949//21 6947//21 6843//21
f 6950//21 6712//21 6948//21
f 6950//22 6710//22 6712//22
f 6708//21 6710//21 6950//21
f 6951//21 6949//21 6843//21
f 6951//21 6843//21 6844//21
f 6952//21 6708//21 6950//21
f 6953//20 6951//20 6844//20
f 6953//21 6844//21 6847//21
f 6954//20 6706//20 6708//20
f 6954//21 6708//21 6952//21
f 6955//26 6847//26 6848//26
f 6955//20 6953//20 6847//20
f 6704//21 6706//21 6954//21
f 6704//20 6954//20 6956//20
f 6850//21 6955//21 6848//21
f 6850//22 6957//22 6955//22
f 6702//21 6704//21 6956//21
f 6702//26 6956//26 6958//26
f 6959//21 6957//21 6850//21
f 6960//21 6702//21 6958//21
f 6852//21 6959//21 6850//21
f 6700//20 6702//20 6960//20
f 6961//20 6959//20 6852//20
f 6855//21 6961//21 6852//21
f 6699//21 6960//21 6962//21
f 6699//21 6700//21 6960//21
f 6856//20 6961//20 6855//20
f 6856//21 6963//21 6961//21
f 6696//20 6699//20 6962//20
f 6696//21 6962//21 6964//21
f 6859//21 6963//21 6856//21
f 6859//20 6965//20 6963//20
f 6694//20 6696//20 6964//20
f 6694//20 6964//20 6966//20
f 6967//21 6965//21 6859//21
f 6860//20 6967//20 6859//20
f 6692//21 6694//21 6966//21
f 6692//21 6966//21 6968//21
f 6969//21 6967//21 6860//21
f 6862//21 6969//21 6860//21
f 6690//22 6692//22 6968//22
f 6690//20 6968//20 6970//20
f 6971//21 6690//21 6970//21
f 6865//21 6969//21 6862//21
f 6865//20 6972//20 6969//20
f 6688//21 6690//21 6971//21
f 6866//21 6972//21 6865//21
f 6866//21 6973//21 6972//21
f 6686//21 6688//21 6971//21
f 6686//21 6971//21 6974//21
f 6869//21 6973//21 6866//21
f 6869//22 6975//22 6973//22
f 6684//21 6686//21 6974//21
f 6684//21 6974//21 6976//21
f 6870//21 6975//21 6869//21
f 6870//21 6977//21 6975//21
f 6682//21 6684//21 6976//21
f 6682//21 6976//21 6978//21
f 6872//21 6977//21 6870//21
f 6872//21 6979//21 6977//21
f 6680//21 6682//21 6978//21
f 6680//21 6978//21 6980//21
f 6874//20 6979//20 6872//20
f 6874//20 6981//20 6979//20
f 6678//21 6680//21 6980//21
f 6678//21 6980//21 6982//21
f 6876//21 6981//21 6874//21
f 6876//21 6983//21 6981//21
f 6676//25 6982//25 6984//25
f 6676//21 6678//21 6982//21
f 6878//20 6985//20 6983//20
f 6878//21 6986//21 6985//21
f 6878//21 6983//21 6876//21
f 6674//21 6987//21 6988//21
f 6674//21 6984//21 6987//21
f 6674//21 6676//21 6984//21
f 6881//21 6986//21 6878//21
f 6672//21 6674//21 6988//21
f 6882//20 6986//20 6881//20
f 6882//21 6989//21 6986//21
f 6670//27 6672//27 6988//27
f 6670//25 6990//25 6991//25
f 6670//27 6988//27 6990//27
f 6596//21 6989//21 6882//21
f 6596//22 6992//22 6989//22
f 6669//25 6670//25 6991//25
f 6669//27 6991//27 6993//27
f 6599//21 6992//21 6596//21
f 6599//21 6994//21 6992//21
f 6666//27 6669//27 6993//27
f 6601//21 6994//21 6599//21
f 6601//21 6995//21 6994//21
f 6664//25 6666//25 6993//25
f 6664//21 6993//21 6996//21
f 6602//21 6995//21 6601//21
f 6602//20 6997//20 6995//20
f 6663//21 6664//21 6996//21
f 6663//21 6996//21 6998//21
f 6605//20 6997//20 6602//20
f 6605//21 6999//21 6997//21
f 6660//21 6663//21 6998//21
f 6660//20 6998//20 7000//20
f 6606//21 6999//21 6605//21
f 6606//21 7001//21 6999//21
f 6606//21 7002//21 7001//21
f 6658//22 6660//22 7000//22
f 6658//21 7003//21 7004//21
f 6658//27 7000//27 7003//27
f 6608//21 7002//21 6606//21
f 6657//21 6658//21 7004//21
f 6610//20 7005//20 7002//20
f 6610//20 7002//20 6608//20
f 6654//21 7004//21 7006//21
f 6654//21 6657//21 7004//21
f 6613//30 7007//30 7005//30
f 6613//21 7005//21 6610//21
f 6652//21 6654//21 7006//21
f 6652//21 7006//21 7008//21
f 6614//21 7007//21 6613//21
f 6614//21 7009//21 7007//21
f 6614//21 7010//21 7009//21
f 6650//21 6652//21 7008//21
f 6650//21 7011//21 7012//21
f 6650//21 7008//21 7011//21
f 6617//20 7010//20 6614//20
f 6648//21 6650//21 7012//21
f 6618//21 7010//21 6617//21
f 6618//21 7013//21 7010//21
f 6646//20 7014//20 7015//20
f 6646//21 7012//21 7014//21
f 6646//21 6648//21 7012//21
f 6645//22 6646//22 7015//22
f 6620//21 7016//21 7013//21
f 6620//21 7013//21 6618//21
f 6642//22 6645//22 7015//22
f 6642//21 7015//21 7017//21
f 6623//20 7018//20 7016//20
f 6623//20 7016//20 6620//20
f 6640//21 6642//21 7017//21
f 6640//21 7019//21 7020//21
f 6640//20 7017//20 7019//20
f 6624//21 7018//21 6623//21
f 6624//21 7021//21 7018//21
f 6627//21 7021//21 6624//21
f 6627//21 7022//21 7021//21
f 6627//21 7023//21 7022//21
f 6638//20 6640//20 7020//20
f 6628//21 7023//21 6627//21
f 6636//21 6638//21 7020//21
f 6636//20 7020//20 7024//20
f 6631//20 7023//20 6628//20
f 6631//21 7025//21 7023//21
f 6635//20 6636//20 7024//20
f 6635//21 7024//21 7026//21
f 6632//21 7025//21 6631//21
f 6632//21 6635//21 7026//21
f 6632//20 7027//20 7025//20
f 6632//20 7026//20 7027//20
f 7028//3914 7029//3914 6776//3914
f 6776//3915 7029//3915 6779//3915
f 6776//3915 7030//3915 7028//3915
f 6774//3915 7030//3915 6776//3915
f 7029//3915 7031//3915 6779//3915
f 6779//3915 7031//3915 6781//3915
f 6781//3915 7031//3915 6783//3915
f 6774//3915 7032//3915 7030//3915
f 6770//3915 7032//3915 6773//3915
f 6773//3916 7032//3916 6774//3916
f 7031//3915 7033//3915 6783//3915
f 6770//3914 7034//3914 7032//3914
f 7033//3914 7035//3914 6783//3914
f 6783//3915 7035//3915 6784//3915
f 6770//3915 7036//3915 7034//3915
f 6767//3917 7036//3917 6769//3917
f 6769//3915 7036//3915 6770//3915
f 7035//3914 7037//3914 6784//3914
f 6784//3915 7037//3915 6787//3915
f 6787//3915 7037//3915 6789//3915
f 6767//3915 7038//3915 7036//3915
f 6765//3915 7038//3915 6767//3915
f 7037//3915 7039//3915 6789//3915
f 6765//3915 7040//3915 7038//3915
f 7039//3915 7041//3915 6789//3915
f 6789//3915 7041//3915 6790//3915
f 6790//3915 7041//3915 6792//3915
f 6765//3915 7042//3915 7040//3915
f 6763//3915 7042//3915 6765//3915
f 7041//3915 7043//3915 6792//3915
f 6792//3915 7043//3915 6795//3915
f 6763//3917 7044//3917 7042//3917
f 6759//3915 7044//3915 6761//3915
f 6761//3917 7044//3917 6763//3917
f 7043//3915 7045//3915 6795//3915
f 6759//3915 7046//3915 7044//3915
f 7045//3916 7047//3916 6795//3916
f 6795//3915 7047//3915 6796//3915
f 6759//3915 7048//3915 7046//3915
f 6757//3914 7048//3914 6759//3914
f 6796//3915 7049//3915 6799//3915
f 7047//3915 7049//3915 6796//3915
f 6752//3914 7050//3914 6755//3914
f 6755//3915 7050//3915 6757//3915
f 6757//3914 7050//3914 7048//3914
f 6799//3915 7051//3915 6801//3915
f 7049//3915 7051//3915 6799//3915
f 6752//3915 7052//3915 7050//3915
f 6801//3917 7053//3917 6802//3917
f 7051//3915 7053//3915 6801//3915
f 6749//3915 7054//3915 6751//3915
f 6751//3917 7054//3917 6752//3917
f 6752//3915 7054//3915 7052//3915
f 6802//3915 7055//3915 6804//3915
f 7053//3916 7055//3916 6802//3916
f 6749//3914 7056//3914 7054//3914
f 6804//3914 7057//3914 6807//3914
f 6807//3918 7057//3918 6808//3918
f 7055//3918 7057//3918 6804//3918
f 6749//3915 7058//3915 7056//3915
f 6747//3914 7058//3914 6749//3914
f 7057//3915 7059//3915 6808//3915
f 6747//3915 7060//3915 7058//3915
f 6744//3915 7060//3915 6747//3915
f 6808//3919 7061//3919 6810//3919
f 7059//3919 7061//3919 6808//3919
f 6744//3915 7062//3915 7060//3915
f 6741//3915 7062//3915 6743//3915
f 6743//3915 7062//3915 6744//3915
f 6810//3915 7063//3915 6812//3915
f 7061//3915 7063//3915 6810//3915
f 6741//3915 7064//3915 7062//3915
f 6812//3915 7065//3915 6814//3915
f 7063//3915 7065//3915 6812//3915
f 6741//3914 7066//3914 7064//3914
f 6739//3917 7066//3917 6741//3917
f 6814//3918 7067//3918 6817//3918
f 7065//3918 7067//3918 6814//3918
f 6739//3915 7068//3915 7066//3915
f 6737//3914 7068//3914 6739//3914
f 7067//3915 7069//3915 6817//3915
f 6817//3919 7069//3919 6818//3919
f 6737//3915 7070//3915 7068//3915
f 6735//3915 7070//3915 6737//3915
f 6818//3915 7071//3915 6821//3915
f 7069//3920 7071//3920 6818//3920
f 6735//3915 7072//3915 7070//3915
f 6732//3914 7072//3914 6735//3914
f 6821//3915 7073//3915 6823//3915
f 7071//3918 7073//3918 6821//3918
f 6731//3915 7074//3915 6732//3915
f 6732//3914 7074//3914 7072//3914
f 6823//3915 7075//3915 6824//3915
f 6824//3915 7075//3915 6826//3915
f 7073//3915 7075//3915 6823//3915
f 6731//3915 7076//3915 7074//3915
f 6729//3914 7076//3914 6731//3914
f 6826//3915 7077//3915 6829//3915
f 7075//3915 7077//3915 6826//3915
f 6727//3914 7078//3914 6729//3914
f 6729//3915 7078//3915 7076//3915
f 7077//3915 7079//3915 6829//3915
f 6724//3915 7080//3915 6727//3915
f 6727//3914 7080//3914 7078//3914
f 7079//3915 6831//3915 6829//3915
f 6724//3914 6722//3914 7080//3914
f 7079//3921 7081//3921 6831//3921
f 6722//3915 7082//3915 7080//3915
f 6831//3915 7083//3915 6832//3915
f 7081//3915 7083//3915 6831//3915
f 6722//3915 7084//3915 7082//3915
f 6721//3915 7084//3915 6722//3915
f 7083//3915 7085//3915 6832//3915
f 6832//3915 7085//3915 6834//3915
f 6719//3915 7086//3915 6721//3915
f 6721//3917 7086//3917 7084//3917
f 7085//3915 7087//3915 6834//3915
f 6834//3915 7087//3915 6837//3915
f 6719//3915 7088//3915 7086//3915
f 6717//3914 7088//3914 6719//3914
f 6717//3915 6715//3915 7088//3915
f 6837//3915 7089//3915 6839//3915
f 7087//3915 7089//3915 6837//3915
f 6715//3915 7090//3915 7088//3915
f 6839//3915 7091//3915 6840//3915
f 7089//3922 7091//3922 6839//3922
f 6715//3917 7092//3917 7090//3917
f 6713//3915 7092//3915 6715//3915
f 7091//3915 6842//3915 6840//3915
f 7091//3914 7093//3914 6842//3914
f 6713//3915 7094//3915 7092//3915
f 6711//3914 7094//3914 6713//3914
f 6711//3915 6709//3915 7094//3915
f 7093//3915 7095//3915 6842//3915
f 6842//3915 7095//3915 6845//3915
f 6709//3915 7096//3915 7094//3915
f 7095//3915 7097//3915 6845//3915
f 6845//3915 7097//3915 6846//3915
f 6707//3914 7098//3914 6709//3914
f 6709//3915 7098//3915 7096//3915
f 6846//3914 7099//3914 6849//3914
f 7097//3921 7099//3921 6846//3921
f 6707//3915 6705//3915 7098//3915
f 7098//3914 6705//3914 7100//3914
f 7099//3915 6851//3915 6849//3915
f 7101//3915 6851//3915 7099//3915
f 6705//3915 6703//3915 7100//3915
f 7100//3921 6703//3921 7102//3921
f 7101//3915 7103//3915 6851//3915
f 6703//3915 7104//3915 7102//3915
f 7103//3921 6853//3921 6851//3921
f 6703//3914 6701//3914 7104//3914
f 7103//3915 7105//3915 6853//3915
f 7105//3915 6854//3915 6853//3915
f 7104//3915 6698//3915 7106//3915
f 6701//3915 6698//3915 7104//3915
f 7105//3914 6857//3914 6854//3914
f 7107//3915 6857//3915 7105//3915
f 6698//3915 6697//3915 7106//3915
f 7106//3917 6697//3917 7108//3917
f 7107//3915 6858//3915 6857//3915
f 7109//3915 6858//3915 7107//3915
f 6697//3915 6695//3915 7108//3915
f 7108//3918 6695//3918 7110//3918
f 7109//3915 7111//3915 6858//3915
f 7111//3915 6861//3915 6858//3915
f 6695//3915 6693//3915 7110//3915
f 7110//3915 6693//3915 7112//3915
f 7111//3915 7113//3915 6861//3915
f 7113//3915 6863//3915 6861//3915
f 6693//3915 6691//3915 7112//3915
f 7112//3915 6691//3915 7114//3915
f 6691//3915 7115//3915 7114//3915
f 7113//3915 6864//3915 6863//3915
f 7116//3914 6864//3914 7113//3914
f 6691//3915 6689//3915 7115//3915
f 7116//3915 6867//3915 6864//3915
f 7117//3915 6867//3915 7116//3915
f 6689//3915 6687//3915 7115//3915
f 7115//3915 6687//3915 7118//3915
f 7117//3914 6868//3914 6867//3914
f 7119//3915 6868//3915 7117//3915
f 6687//3914 6685//3914 7118//3914
f 7118//3921 6685//3921 7120//3921
f 7119//3915 6871//3915 6868//3915
f 7121//3914 6871//3914 7119//3914
f 6685//3915 6683//3915 7120//3915
f 7120//3915 6683//3915 7122//3915
f 7121//3914 6873//3914 6871//3914
f 7123//3915 6873//3915 7121//3915
f 6683//3915 6681//3915 7122//3915
f 7122//3915 6681//3915 7124//3915
f 7123//3915 6875//3915 6873//3915
f 7125//3915 6875//3915 7123//3915
f 6681//3915 6679//3915 7124//3915
f 7124//3915 6679//3915 7126//3915
f 7125//3915 6877//3915 6875//3915
f 7127//3914 6877//3914 7125//3914
f 7126//3918 6677//3918 7128//3918
f 6679//3915 6677//3915 7126//3915
f 7129//3915 6879//3915 7127//3915
f 7130//3915 6879//3915 7129//3915
f 7127//3914 6879//3914 6877//3914
f 7131//3914 6675//3914 7132//3914
f 7128//3919 6675//3919 7131//3919
f 6677//3915 6675//3915 7128//3915
f 7130//3915 6880//3915 6879//3915
f 6675//3917 6673//3917 7132//3917
f 7130//3915 6883//3915 6880//3915
f 7133//3915 6883//3915 7130//3915
f 6673//3917 6671//3917 7132//3917
f 7134//3915 6671//3915 7135//3915
f 7132//3918 6671//3918 7134//3918
f 7133//3915 6597//3915 6883//3915
f 7136//3917 6597//3917 7133//3917
f 6671//3915 6668//3915 7135//3915
f 7135//3915 6668//3915 7137//3915
f 7136//3917 6598//3917 6597//3917
f 7138//3914 6598//3914 7136//3914
f 6668//3915 6667//3915 7137//3915
f 7138//3914 6600//3914 6598//3914
f 7139//3915 6600//3915 7138//3915
f 6667//3915 6665//3915 7137//3915
f 7137//3914 6665//3914 7140//3914
f 7139//3915 6603//3915 6600//3915
f 7141//3915 6603//3915 7139//3915
f 6665//3917 6662//3917 7140//3917
f 7140//3914 6662//3914 7142//3914
f 7141//3914 6604//3914 6603//3914
f 7143//3915 6604//3915 7141//3915
f 6662//3914 6661//3914 7142//3914
f 7142//3918 6661//3918 7144//3918
f 7143//3915 6607//3915 6604//3915
f 7145//3914 6607//3914 7143//3914
f 7146//3915 6607//3915 7145//3915
f 6661//3915 6659//3915 7144//3915
f 7147//3915 6659//3915 7148//3915
f 7144//3916 6659//3916 7147//3916
f 7146//3914 6609//3914 6607//3914
f 6659//3915 6656//3915 7148//3915
f 7149//3915 6611//3915 7146//3915
f 7146//3914 6611//3914 6609//3914
f 7148//3915 6655//3915 7150//3915
f 6656//3915 6655//3915 7148//3915
f 7151//3914 6612//3914 7149//3914
f 7149//3915 6612//3915 6611//3915
f 6655//3915 6653//3915 7150//3915
f 7150//3915 6653//3915 7152//3915
f 7151//3914 6615//3914 6612//3914
f 7153//3915 6615//3915 7151//3915
f 7154//3915 6615//3915 7153//3915
f 6653//3915 6651//3915 7152//3915
f 7155//3915 6651//3915 7156//3915
f 7152//3916 6651//3916 7155//3916
f 7154//3915 6616//3915 6615//3915
f 6651//3915 6649//3915 7156//3915
f 7154//3915 6619//3915 6616//3915
f 7157//3915 6619//3915 7154//3915
f 7158//3915 6647//3915 7159//3915
f 7156//3915 6647//3915 7158//3915
f 6649//3915 6647//3915 7156//3915
f 6647//3915 6644//3915 7159//3915
f 7160//3915 6621//3915 7157//3915
f 7157//3916 6621//3916 6619//3916
f 6644//3915 6643//3915 7159//3915
f 7159//3915 6643//3915 7161//3915
f 7162//3915 6622//3915 7160//3915
f 7160//3915 6622//3915 6621//3915
f 6643//3915 6641//3915 7161//3915
f 7163//3917 6641//3917 7164//3917
f 7161//3914 6641//3914 7163//3914
f 7162//3917 6625//3917 6622//3917
f 7165//3915 6625//3915 7162//3915
f 7165//3915 6626//3915 6625//3915
f 7166//3915 6626//3915 7165//3915
f 7167//3914 6626//3914 7166//3914
f 6641//3915 6639//3915 7164//3915
f 7167//3915 6629//3915 6626//3915
f 6639//3914 6637//3914 7164//3914
f 7164//3915 6637//3915 7168//3915
f 7167//3920 6630//3920 6629//3920
f 7169//3918 6630//3918 7167//3918
f 6637//3914 6634//3914 7168//3914
f 7168//3915 6634//3915 7170//3915
f 7169//3915 6633//3915 6630//3915
f 6634//3915 6633//3915 7170//3915
f 7171//3914 6633//3914 7169//3914
f 7170//3914 6633//3914 7171//3914
f 6992//1311 6994//1311 7136//1311
f 7136//1311 6994//1311 7138//1311
f 6994//3890 6995//3890 7138//3890
f 7138//3890 6995//3890 7139//3890
f 7139//295 6995//295 7141//295
f 6995//295 6997//295 7141//295
f 6997//1309 6999//1309 7141//1309
f 7141//294 6999//294 7143//294
f 7143//3923 6999//3923 7145//3923
f 6999//293 7001//293 7145//293
f 7001//291 7002//291 7145//291
f 7145//291 7002//291 7146//291
f 7002//290 7005//290 7146//290
f 7146//290 7005//290 7149//290
f 7005//1307 7007//1307 7149//1307
f 7149//1307 7007//1307 7151//1307
f 7151//1306 7007//1306 7153//1306
f 7007//3924 7009//3924 7153//3924
f 7153//287 7009//287 7154//287
f 7009//287 7010//287 7154//287
f 7154//3925 7010//3925 7157//3925
f 7010//3925 7013//3925 7157//3925
f 7013//3926 7016//3926 7157//3926
f 7157//283 7016//283 7160//283
f 7016//282 7018//282 7160//282
f 7160//282 7018//282 7162//282
f 7018//3927 7021//3927 7162//3927
f 7162//281 7021//281 7165//281
f 7165//1304 7021//1304 7166//1304
f 7021//1304 7022//1304 7166//1304
f 7022//279 7023//279 7166//279
f 7166//279 7023//279 7167//279
f 7167//1302 7023//1302 7169//1302
f 7023//1302 7025//1302 7169//1302
f 7169//277 7027//277 7171//277
f 7171//275 7027//275 7170//275
f 7025//277 7027//277 7169//277
f 7027//275 7026//275 7170//275
f 7170//276 7024//276 7168//276
f 7026//276 7024//276 7170//276
f 7168//273 7020//273 7164//273
f 7024//1300 7020//1300 7168//1300
f 7164//270 7019//270 7163//270
f 7020//270 7019//270 7164//270
f 7163//1299 7017//1299 7161//1299
f 7161//268 7017//268 7159//268
f 7019//1299 7017//1299 7163//1299
f 7159//267 7015//267 7158//267
f 7017//268 7015//268 7159//268
f 7015//267 7014//267 7158//267
f 7158//266 7012//266 7156//266
f 7156//1297 7012//1297 7155//1297
f 7014//266 7012//266 7158//266
f 7012//1297 7011//1297 7155//1297
f 7011//3899 7008//3899 7155//3899
f 7155//263 7008//263 7152//263
f 7152//1296 7008//1296 7150//1296
f 7008//262 7006//262 7150//262
f 7006//1295 7004//1295 7150//1295
f 7150//1295 7004//1295 7148//1295
f 7148//260 7004//260 7147//260
f 7004//260 7003//260 7147//260
f 7003//258 7000//258 7147//258
f 7147//258 7000//258 7144//258
f 7000//257 6998//257 7144//257
f 7144//257 6998//257 7142//257
f 6998//256 6996//256 7142//256
f 7142//256 6996//256 7140//256
f 6996//254 6993//254 7140//254
f 7140//254 6993//254 7137//254
f 6993//252 6991//252 7137//252
f 7137//252 6991//252 7135//252
f 6991//441 6990//441 7135//441
f 7135//441 6990//441 7134//441
f 6990//439 6988//439 7134//439
f 7134//439 6988//439 7132//439
f 6988//437 6987//437 7132//437
f 7132//437 6987//437 7131//437
f 6987//436 6984//436 7131//436
f 7131//436 6984//436 7128//436
f 6984//435 6982//435 7128//435
f 7128//435 6982//435 7126//435
f 6982//434 6980//434 7126//434
f 7126//434 6980//434 7124//434
f 6980//1292 6978//1292 7124//1292
f 7124//1292 6978//1292 7122//1292
f 7122//1291 6978//1291 7120//1291
f 6978//431 6976//431 7120//431
f 6976//3902 6974//3902 7120//3902
f 7120//430 6974//430 7118//430
f 6974//1290 6971//1290 7118//1290
f 7118//1290 6971//1290 7115//1290
f 6971//1289 6970//1289 7115//1289
f 7115//1289 6970//1289 7114//1289
f 6970//426 6968//426 7114//426
f 7114//426 6968//426 7112//426
f 7112//424 6968//424 7110//424
f 6968//424 6966//424 7110//424
f 6966//1288 6964//1288 7110//1288
f 7110//1288 6964//1288 7108//1288
f 7108//422 6962//422 7106//422
f 6964//422 6962//422 7108//422
f 7106//419 6960//419 7104//419
f 6962//420 6960//420 7106//420
f 6960//1286 6958//1286 7104//1286
f 7104//418 6958//418 7102//418
f 6958//417 6956//417 7102//417
f 7102//417 6956//417 7100//417
f 6956//416 6954//416 7100//416
f 7100//416 6954//416 7098//416
f 6954//1283 6952//1283 7098//1283
f 7098//1283 6952//1283 7096//1283
f 7096//414 6950//414 7094//414
f 6952//414 6950//414 7096//414
f 7094//3907 6948//3907 7092//3907
f 6950//3907 6948//3907 7094//3907
f 7092//3928 6946//3928 7090//3928
f 6948//412 6946//412 7092//412
f 7090//411 6944//411 7088//411
f 7088//409 6944//409 7086//409
f 6946//411 6944//411 7090//411
f 7086//3929 6942//3929 7084//3929
f 6944//3930 6942//3930 7086//3930
f 6942//3929 6940//3929 7084//3929
f 7084//406 6938//406 7082//406
f 7082//3909 6938//3909 7080//3909
f 6940//406 6938//406 7084//406
f 6938//3931 6936//3931 7080//3931
f 7080//1279 6934//1279 7078//1279
f 6936//1279 6934//1279 7080//1279
f 7078//403 6932//403 7076//403
f 6934//403 6932//403 7078//403
f 7076//402 6930//402 7074//402
f 6932//402 6930//402 7076//402
f 7074//3932 6928//3932 7072//3932
f 6930//400 6928//400 7074//400
f 7072//1277 6926//1277 7070//1277
f 6928//399 6926//399 7072//399
f 7070//398 6924//398 7068//398
f 6926//398 6924//398 7070//398
f 7068//3913 6922//3913 7066//3913
f 6924//3913 6922//3913 7068//3913
f 7066//1275 6920//1275 7064//1275
f 6922//1275 6920//1275 7066//1275
f 7064//1274 6918//1274 7062//1274
f 6920//1274 6918//1274 7064//1274
f 7062//3861 6916//3861 7060//3861
f 6918//3861 6916//3861 7062//3861
f 7060//393 6914//393 7058//393
f 7058//392 6914//392 7056//392
f 6916//393 6914//393 7060//393
f 7056//3933 6912//3933 7054//3933
f 6914//1272 6912//1272 7056//1272
f 7054//390 6910//390 7052//390
f 6912//391 6910//391 7054//391
f 6910//389 6908//389 7052//389
f 6908//388 6906//388 7052//388
f 7052//388 6906//388 7050//388
f 7050//1270 6906//1270 7048//1270
f 6906//1270 6904//1270 7048//1270
f 6904//3934 6902//3934 7048//3934
f 7048//3865 6902//3865 7046//3865
f 7046//385 6902//385 7044//385
f 6902//385 6900//385 7044//385
f 6900//3935 6898//3935 7044//3935
f 7044//3935 6898//3935 7042//3935
f 6898//382 6896//382 7042//382
f 7042//382 6896//382 7040//382
f 6896//379 6894//379 7040//379
f 7040//379 6894//379 7038//379
f 7038//378 6892//378 7036//378
f 6894//377 6892//377 7038//377
f 7036//3867 6890//3867 7034//3867
f 7034//375 6890//375 7032//375
f 6892//3867 6890//3867 7036//3867
f 7032//374 6888//374 7030//374
f 6890//375 6888//375 7032//375
f 6888//374 6886//374 7030//374
f 7030//1267 6885//1267 7028//1267
f 7028//371 6885//371 7029//371
f 6886//372 6885//372 7030//372
f 6885//371 6884//371 7029//371
f 7029//370 6887//370 7031//370
f 6884//370 6887//370 7029//370
f 7031//369 6889//369 7033//369
f 6887//369 6889//369 7031//369
f 7033//366 6891//366 7035//366
f 6889//366 6891//366 7033//366
f 7035//1264 6893//1264 7037//1264
f 6891//1264 6893//1264 7035//1264
f 7037//364 6895//364 7039//364
f 6893//364 6895//364 7037//364
f 7039//362 6897//362 7041//362
f 7041//1262 6897//1262 7043//1262
f 6895//362 6897//362 7039//362
f 6897//361 6899//361 7043//361
f 7043//359 6901//359 7045//359
f 7045//356 6901//356 7047//356
f 6899//359 6901//359 7043//359
f 6901//357 6903//357 7047//357
f 7047//3874 6905//3874 7049//3874
f 6903//355 6905//355 7047//355
f 7049//354 6907//354 7051//354
f 6905//3936 6907//3936 7049//3936
f 6907//3875 6909//3875 7051//3875
f 7051//3875 6909//3875 7053//3875
f 6909//352 6911//352 7053//352
f 7053//352 6911//352 7055//352
f 7055//351 6911//351 7057//351
f 6911//351 6913//351 7057//351
f 6913//1260 6915//1260 7057//1260
f 7057//1260 6915//1260 7059//1260
f 6915//349 6917//349 7059//349
f 7059//349 6917//349 7061//349
f 6917//348 6919//348 7061//348
f 7061//348 6919//348 7063//348
f 6919//347 6921//347 7063//347
f 7063//347 6921//347 7065//347
f 6921//346 6923//346 7065//346
f 7065//346 6923//346 7067//346
f 6923//1325 6925//1325 7067//1325
f 7067//1325 6925//1325 7069//1325
f 7069//344 6925//344 7071//344
f 6925//344 6927//344 7071//344
f 6927//343 6929//343 7071//343
f 7071//343 6929//343 7073//343
f 6929//3878 6931//3878 7073//3878
f 7073//3878 6931//3878 7075//3878
f 7075//341 6931//341 7077//341
f 6931//3937 6933//3937 7077//3937
f 7077//1324 6933//1324 7079//1324
f 6933//339 6935//339 7079//339
f 7079//1323 6935//1323 7081//1323
f 6935//338 6937//338 7081//338
f 7081//1322 6937//1322 7083//1322
f 6937//1322 6939//1322 7083//1322
f 7083//334 6941//334 7085//334
f 7085//331 6941//331 7087//331
f 6939//333 6941//333 7083//333
f 6941//331 6943//331 7087//331
f 7087//330 6945//330 7089//330
f 6943//330 6945//330 7087//330
f 7089//1320 6947//1320 7091//1320
f 6945//1320 6947//1320 7089//1320
f 7091//328 6949//328 7093//328
f 6947//328 6949//328 7091//328
f 7093//1319 6951//1319 7095//1319
f 6949//1319 6951//1319 7093//1319
f 7095//324 6953//324 7097//324
f 6951//324 6953//324 7095//324
f 7097//323 6955//323 7099//323
f 7099//322 6955//322 7101//322
f 6953//323 6955//323 7097//323
f 6955//321 6957//321 7101//321
f 6957//319 6959//319 7101//319
f 7101//319 6959//319 7103//319
f 6959//318 6961//318 7103//318
f 7103//318 6961//318 7105//318
f 6961//3884 6963//3884 7105//3884
f 7105//3884 6963//3884 7107//3884
f 6963//316 6965//316 7107//316
f 7107//316 6965//316 7109//316
f 6965//314 6967//314 7109//314
f 7109//314 6967//314 7111//314
f 6967//310 6969//310 7111//310
f 7111//310 6969//310 7113//310
f 6969//3938 6972//3938 7113//3938
f 7113//3938 6972//3938 7116//3938
f 7116//308 6972//308 7117//308
f 6972//308 6973//308 7117//308
f 6973//3886 6975//3886 7117//3886
f 7117//3939 6975//3939 7119//3939
f 6975//1316 6977//1316 7119//1316
f 7119//1316 6977//1316 7121//1316
f 6977//304 6979//304 7121//304
f 7121//304 6979//304 7123//304
f 6979//303 6981//303 7123//303
f 7123//303 6981//303 7125//303
f 7125//3940 6981//3940 7127//3940
f 6981//302 6983//302 7127//302
f 6983//1314 6985//1314 7127//1314
f 7127//301 6985//301 7129//301
f 7129//300 6985//300 7130//300
f 6985//300 6986//300 7130//300
f 6986//3889 6989//3889 7130//3889
f 7130//3889 6989//3889 7133//3889
f 6989//1312 6992//1312 7133//1312
f 7133//1312 6992//1312 7136//1312
