# Blender 4.0.2
# www.blender.org
mtllib asymmetric_pipestar_without_cap.mtl
o node
v -0.022553 -0.072429 0.064270
v -0.023211 -0.072576 0.063875
v -0.023272 -0.072728 0.063982
v -0.023272 -0.072600 0.063850
v -0.022553 -0.064094 0.055638
v -0.023024 -0.064289 0.055449
v -0.019067 -0.067355 0.052488
v -0.018771 -0.068070 0.051798
v -0.019688 -0.067405 0.052440
v -0.018196 -0.067973 0.051892
v -0.017811 -0.068702 0.051187
v -0.019897 -0.066709 0.053112
v -0.020559 -0.066709 0.053112
v -0.017286 -0.068561 0.051324
v -0.016811 -0.069301 0.050609
v -0.020684 -0.066036 0.053762
v -0.021383 -0.065984 0.053812
v -0.016340 -0.069118 0.050786
v -0.015771 -0.069864 0.050066
v -0.021428 -0.065338 0.054436
v -0.022157 -0.065232 0.054539
v -0.015358 -0.069643 0.050279
v -0.014695 -0.070390 0.049557
v -0.014344 -0.070134 0.049804
v -0.013585 -0.070879 0.049085
v -0.021873 -0.064669 0.055082
v -0.022600 -0.064765 0.054989
v -0.021620 -0.064844 0.054913
v -0.022113 -0.064486 0.055259
v -0.021356 -0.065010 0.054753
v -0.022340 -0.064294 0.055445
v -0.021081 -0.065166 0.054602
v -0.021143 -0.065489 0.054290
v -0.020795 -0.065312 0.054461
v -0.020849 -0.065631 0.054154
v -0.020499 -0.065448 0.054330
v -0.020546 -0.065762 0.054027
v -0.013300 -0.070592 0.049363
v -0.020195 -0.065573 0.054209
v -0.020235 -0.065883 0.053910
v -0.013004 -0.070708 0.049250
v -0.019882 -0.065687 0.054099
v -0.019916 -0.065993 0.053804
v -0.023329 -0.063170 0.056530
v -0.023779 -0.063357 0.056349
v -0.024376 -0.062524 0.057153
v -0.012701 -0.070814 0.049148
v -0.012444 -0.071329 0.048650
v -0.019562 -0.065790 0.054000
v -0.019591 -0.066092 0.053708
v -0.012391 -0.070909 0.049056
v -0.019235 -0.065881 0.053912
v -0.019259 -0.066179 0.053623
v -0.012076 -0.070994 0.048975
v -0.018902 -0.065960 0.053836
v -0.018921 -0.066256 0.053550
v -0.023910 -0.062348 0.057324
v -0.024916 -0.061672 0.057976
v -0.011754 -0.071067 0.048903
v -0.011274 -0.071739 0.048255
v -0.018564 -0.066027 0.053771
v -0.018579 -0.066321 0.053487
v -0.011429 -0.071130 0.048843
v -0.010791 -0.071509 0.048477
v -0.010078 -0.072108 0.047898
v -0.018222 -0.066082 0.053717
v -0.018234 -0.066374 0.053436
v -0.011100 -0.071181 0.048793
v -0.024436 -0.061507 0.058136
v -0.025399 -0.060803 0.058816
v -0.017876 -0.066125 0.053676
v -0.017885 -0.066415 0.053396
v -0.010767 -0.071221 0.048755
v -0.009661 -0.071847 0.048151
v -0.008859 -0.072435 0.047582
v -0.017529 -0.066155 0.053647
v -0.017533 -0.066444 0.053368
v -0.010433 -0.071249 0.048727
v -0.010439 -0.071538 0.048449
v -0.024904 -0.060648 0.058965
v -0.017179 -0.066173 0.053629
v -0.017181 -0.066461 0.053351
v -0.010097 -0.071266 0.048711
v -0.010086 -0.071555 0.048433
v -0.025823 -0.059917 0.059671
v -0.009760 -0.071272 0.048706
v -0.009733 -0.071559 0.048428
v -0.016828 -0.066179 0.053624
v -0.016827 -0.066467 0.053346
v -0.008511 -0.072146 0.047861
v -0.007619 -0.072720 0.047307
v -0.009423 -0.071266 0.048712
v -0.009379 -0.071552 0.048435
v -0.025313 -0.059774 0.059809
v -0.016270 -0.066187 0.053617
v -0.016263 -0.066475 0.053338
v -0.026188 -0.059018 0.060539
v -0.009087 -0.071248 0.048729
v -0.009027 -0.071533 0.048454
v -0.007344 -0.072407 0.047609
v -0.006362 -0.072962 0.047074
v -0.015712 -0.066213 0.053591
v -0.015700 -0.066503 0.053311
v -0.008752 -0.071219 0.048757
v -0.008676 -0.071501 0.048484
v -0.025664 -0.058887 0.060665
v -0.008420 -0.071178 0.048796
v -0.008327 -0.071458 0.048526
v -0.026493 -0.058108 0.061418
v -0.015157 -0.066258 0.053548
v -0.015140 -0.066550 0.053266
v -0.006160 -0.072629 0.047395
v -0.008091 -0.071126 0.048847
v -0.007982 -0.071403 0.048579
v -0.014605 -0.066321 0.053487
v -0.014584 -0.066616 0.053202
v -0.005090 -0.073160 0.046883
v -0.025954 -0.057989 0.061533
v -0.007766 -0.071063 0.048908
v -0.007641 -0.071336 0.048644
v -0.014057 -0.066402 0.053409
v -0.014032 -0.066702 0.053119
v -0.026736 -0.057187 0.062307
v -0.004964 -0.072811 0.047220
v -0.007445 -0.070988 0.048980
v -0.007305 -0.071258 0.048720
v -0.013516 -0.066501 0.053313
v -0.013487 -0.066806 0.053018
v -0.003806 -0.073314 0.046734
v -0.007130 -0.070903 0.049062
v -0.006974 -0.071168 0.048806
v -0.012981 -0.066618 0.053200
v -0.012421 -0.067071 0.052763
v -0.012950 -0.066929 0.052899
v -0.026182 -0.057082 0.062409
v -0.006821 -0.070807 0.049155
v -0.006649 -0.071067 0.048904
v -0.003757 -0.072953 0.047082
v -0.006518 -0.070700 0.049258
v -0.006332 -0.070955 0.049012
v -0.015014 -0.064575 0.055173
v -0.015214 -0.065246 0.054525
v -0.015898 -0.064741 0.055012
v -0.014332 -0.065057 0.054707
v -0.014499 -0.065727 0.054060
v -0.015665 -0.064071 0.055660
v -0.016550 -0.064215 0.055521
v -0.013619 -0.065516 0.054264
v -0.013754 -0.066185 0.053618
v -0.024539 -0.057657 0.061853
v -0.024818 -0.057864 0.061654
v -0.025057 -0.057676 0.061835
v -0.024300 -0.057828 0.061688
v -0.024566 -0.058043 0.061481
v -0.024766 -0.057478 0.062026
v -0.025283 -0.057481 0.062024
v -0.024050 -0.057991 0.061531
v -0.024304 -0.058213 0.061316
v -0.016281 -0.063551 0.056162
v -0.017168 -0.063668 0.056049
v -0.024981 -0.057292 0.062206
v -0.025496 -0.057278 0.062220
v -0.023790 -0.058145 0.061383
v -0.024030 -0.058374 0.061161
v -0.012878 -0.065951 0.053844
v -0.025183 -0.057098 0.062393
v -0.025696 -0.057068 0.062422
v -0.023519 -0.058289 0.061243
v -0.023746 -0.058526 0.061014
v -0.025373 -0.056898 0.062587
v -0.025881 -0.056852 0.062631
v -0.016864 -0.063011 0.056683
v -0.017751 -0.063101 0.056596
v -0.023240 -0.058424 0.061112
v -0.023453 -0.058668 0.060877
v -0.012110 -0.066361 0.053448
v -0.011902 -0.067230 0.052609
v -0.025549 -0.056691 0.062787
v -0.026053 -0.056629 0.062846
v -0.006223 -0.070583 0.049371
v -0.006022 -0.070832 0.049130
v -0.022951 -0.058550 0.060991
v -0.023150 -0.058800 0.060750
v -0.017413 -0.062453 0.057222
v -0.018297 -0.062517 0.057161
v -0.025711 -0.056478 0.062992
v -0.026209 -0.056401 0.063067
v -0.022473 -0.058758 0.060790
v -0.022668 -0.059010 0.060547
v -0.011317 -0.066746 0.053077
v -0.011395 -0.067407 0.052438
v -0.002542 -0.073055 0.046984
v -0.002514 -0.073423 0.046628
v -0.025858 -0.056260 0.063202
v -0.026350 -0.056167 0.063292
v -0.022008 -0.058981 0.060575
v -0.022200 -0.059236 0.060328
v -0.017925 -0.061878 0.057778
v -0.018806 -0.061914 0.057742
v -0.025991 -0.056038 0.063417
v -0.021558 -0.059220 0.060345
v -0.021747 -0.059478 0.060094
v -0.021124 -0.059473 0.060100
v -0.021312 -0.059736 0.059846
v -0.010500 -0.067103 0.052732
v -0.010041 -0.067940 0.051923
v -0.010900 -0.067602 0.052250
v -0.019925 -0.060314 0.059288
v -0.019754 -0.060907 0.058715
v -0.020114 -0.060595 0.059017
v -0.020494 -0.060295 0.059306
v -0.020707 -0.059740 0.059842
v -0.020893 -0.060008 0.059583
v -0.020307 -0.060020 0.059571
v -0.026109 -0.055811 0.063636
v -0.018402 -0.061287 0.058348
v -0.019100 -0.061568 0.058077
v -0.019416 -0.061232 0.058401
v -0.005734 -0.070389 0.049558
v -0.005544 -0.070643 0.049313
v -0.026212 -0.055580 0.063859
v -0.026918 -0.056260 0.063202
v -0.027037 -0.055327 0.064103
v -0.009625 -0.067447 0.052400
v -0.009161 -0.068250 0.051624
v -0.026300 -0.055346 0.064085
v -0.018840 -0.060680 0.058934
v -0.026372 -0.055109 0.064314
v -0.001322 -0.073116 0.046925
v -0.001216 -0.073487 0.046566
v -0.008729 -0.067759 0.052098
v -0.008262 -0.068531 0.051353
v -0.005232 -0.070212 0.049730
v -0.005055 -0.070469 0.049481
v -0.019240 -0.060060 0.059533
v -0.026428 -0.054870 0.064545
v -0.027094 -0.054392 0.065007
v -0.026468 -0.054630 0.064777
v -0.007812 -0.068041 0.051826
v -0.007347 -0.068783 0.051110
v -0.019601 -0.059428 0.060143
v -0.020293 -0.059661 0.059918
v -0.020620 -0.058997 0.060560
v -0.004720 -0.070050 0.049885
v -0.004555 -0.070313 0.049632
v -0.026492 -0.054388 0.065011
v -0.006878 -0.068291 0.051584
v -0.006417 -0.069004 0.050896
v -0.000100 -0.073136 0.046906
v 0.000085 -0.073507 0.046547
v -0.026500 -0.054145 0.065245
v -0.019922 -0.058785 0.060764
v -0.020905 -0.058322 0.061211
v 0.000237 -0.073130 0.046911
v -0.027089 -0.053455 0.065911
v -0.004198 -0.069907 0.050024
v -0.004045 -0.070173 0.049767
v -0.005929 -0.068508 0.051375
v -0.005474 -0.069195 0.050712
v 0.000573 -0.073113 0.046928
v -0.020202 -0.058132 0.061395
v -0.021147 -0.057639 0.061871
v 0.001385 -0.073482 0.046572
v 0.000907 -0.073084 0.046956
v -0.003668 -0.069780 0.050147
v -0.003527 -0.070050 0.049886
v -0.026472 -0.053266 0.066094
v -0.004966 -0.068693 0.051197
v -0.004520 -0.069354 0.050557
v -0.020440 -0.057470 0.062034
v -0.021345 -0.056949 0.062537
v 0.001240 -0.073044 0.046995
v -0.027022 -0.052520 0.066814
v -0.003130 -0.069671 0.050252
v -0.003002 -0.069944 0.049988
v 0.001569 -0.072992 0.047045
v -0.003992 -0.068843 0.051051
v -0.003556 -0.069483 0.050433
v -0.020637 -0.056801 0.062680
v -0.021500 -0.056253 0.063209
v 0.001894 -0.072929 0.047105
v 0.002683 -0.073411 0.046640
v -0.002586 -0.069580 0.050340
v -0.002470 -0.069857 0.050072
v -0.026387 -0.052388 0.066941
v -0.003368 -0.068923 0.050974
v 0.002215 -0.072855 0.047177
v -0.001934 -0.069786 0.050140
v -0.020792 -0.056127 0.063331
v -0.021611 -0.055553 0.063885
v 0.002711 -0.073028 0.047010
v -0.002742 -0.068990 0.050910
v 0.002531 -0.072770 0.047259
v -0.026892 -0.051588 0.067714
v 0.002840 -0.072674 0.047351
v 0.003035 -0.072927 0.047108
v -0.020904 -0.055448 0.063986
v -0.021678 -0.054850 0.064564
v -0.026245 -0.051515 0.067785
v -0.001798 -0.069064 0.050838
v -0.001393 -0.069734 0.050191
v 0.003143 -0.072568 0.047454
v 0.003352 -0.072814 0.047216
v 0.003438 -0.072452 0.047566
v 0.003662 -0.072691 0.047335
v -0.026700 -0.050662 0.068609
v -0.020973 -0.054767 0.064645
v -0.021700 -0.054145 0.065245
v -0.000850 -0.069107 0.050797
v -0.000850 -0.069700 0.050223
v 0.003726 -0.072325 0.047689
v 0.003963 -0.072558 0.047464
v -0.026048 -0.050647 0.068623
v 0.005256 -0.073137 0.046905
v 0.003974 -0.073296 0.046751
v 0.003923 -0.072914 0.047120
v 0.004005 -0.072189 0.047820
v 0.004255 -0.072414 0.047603
v -0.021000 -0.054083 0.065305
v -0.021713 -0.053740 0.065636
v 0.005127 -0.072760 0.047269
v 0.004274 -0.072043 0.047961
v 0.004537 -0.072261 0.047751
v -0.026446 -0.049743 0.069496
v 0.004533 -0.071889 0.048110
v 0.004808 -0.072098 0.047908
v -0.020983 -0.053400 0.065965
v -0.021754 -0.053335 0.066027
v -0.021821 -0.052932 0.066416
v -0.025795 -0.049786 0.069454
v 0.004782 -0.071725 0.048268
v 0.005069 -0.071926 0.048074
v 0.001257 -0.069092 0.050811
v 0.000650 -0.069674 0.050249
v 0.000650 -0.069112 0.050792
v 0.001657 -0.069632 0.050290
v 0.006320 -0.072566 0.047456
v 0.006527 -0.072933 0.047102
v 0.005020 -0.071553 0.048434
v 0.005318 -0.071745 0.048249
v -0.021556 -0.052357 0.066971
v -0.021915 -0.052532 0.066802
v -0.022036 -0.052136 0.067185
v -0.020924 -0.052718 0.066623
v 0.001863 -0.069059 0.050842
v 0.002660 -0.069556 0.050363
v -0.026132 -0.048834 0.070374
v 0.005246 -0.071374 0.048607
v -0.021683 -0.051966 0.067350
v -0.022183 -0.051744 0.067563
v 0.005555 -0.071556 0.048431
v -0.021834 -0.051579 0.067723
v -0.022356 -0.051358 0.067936
v -0.025487 -0.048935 0.070276
v 0.005459 -0.071186 0.048788
v 0.005779 -0.071359 0.048621
v -0.022010 -0.051197 0.068092
v -0.022554 -0.050978 0.068303
v -0.020822 -0.052038 0.067280
v 0.007499 -0.072332 0.047682
v 0.007782 -0.072686 0.047341
v 0.005661 -0.070992 0.048976
v 0.002888 -0.068976 0.050923
v 0.005990 -0.071155 0.048818
v 0.003656 -0.069446 0.050469
v -0.022211 -0.050822 0.068454
v -0.022777 -0.050606 0.068663
v -0.022434 -0.050453 0.068810
v -0.023025 -0.050241 0.069015
v 0.005849 -0.070791 0.049170
v 0.006187 -0.070944 0.049022
v -0.025757 -0.047937 0.071240
v -0.022682 -0.050093 0.069158
v -0.023297 -0.049886 0.069358
v 0.006023 -0.070583 0.049371
v -0.022951 -0.049741 0.069498
v -0.023468 -0.049663 0.069574
v -0.020677 -0.051363 0.067932
v -0.021417 -0.051639 0.067665
v -0.021231 -0.050926 0.068354
v -0.025124 -0.048095 0.071088
v -0.023114 -0.049529 0.069703
v -0.023623 -0.049434 0.069794
v 0.006370 -0.070726 0.049232
v 0.003905 -0.068855 0.051039
v -0.023262 -0.049311 0.069913
v -0.023764 -0.049201 0.070019
v 0.004645 -0.069304 0.050606
v -0.023395 -0.049088 0.070128
v -0.023889 -0.048963 0.070249
v 0.008662 -0.072060 0.047945
v 0.009019 -0.072395 0.047621
v -0.023514 -0.048862 0.070347
v -0.023998 -0.048721 0.070483
v 0.006312 -0.070239 0.049703
v -0.023617 -0.048631 0.070570
v -0.024091 -0.048476 0.070720
v 0.006662 -0.070379 0.049568
v -0.023706 -0.048397 0.070796
v -0.024167 -0.048227 0.070960
v -0.020490 -0.050692 0.068579
v -0.020999 -0.050220 0.069035
v -0.023778 -0.048160 0.071024
v -0.024227 -0.047976 0.071202
v 0.004913 -0.068700 0.051190
v 0.006622 -0.069905 0.050026
v 0.005623 -0.069128 0.050776
v -0.023834 -0.047921 0.071255
v -0.024271 -0.047724 0.071446
v -0.024708 -0.047267 0.071886
v -0.025323 -0.047054 0.072092
v 0.006977 -0.070043 0.049893
v -0.023875 -0.047681 0.071487
v -0.024298 -0.047470 0.071691
v 0.009806 -0.071749 0.048245
v 0.010235 -0.072062 0.047942
v -0.023900 -0.047439 0.071721
v -0.024308 -0.047216 0.071936
v -0.020261 -0.050029 0.069220
v 0.006954 -0.069582 0.050338
v 0.007314 -0.069717 0.050207
v -0.020722 -0.049522 0.069709
v -0.023908 -0.047197 0.071955
v -0.024302 -0.046962 0.072182
v 0.005909 -0.068508 0.051374
v 0.006589 -0.068919 0.050978
v -0.023901 -0.046954 0.072189
v -0.024278 -0.046708 0.072427
v 0.007306 -0.069269 0.050640
v -0.023877 -0.046713 0.072422
v -0.024238 -0.046455 0.072671
v 0.007672 -0.069404 0.050510
v -0.019990 -0.049374 0.069852
v -0.023838 -0.046472 0.072655
v 0.010928 -0.071400 0.048582
v -0.020399 -0.048835 0.070373
v 0.011428 -0.071688 0.048304
v 0.007677 -0.068969 0.050930
v -0.023782 -0.046233 0.072886
v -0.024831 -0.046187 0.072930
v 0.006891 -0.068282 0.051593
v 0.008051 -0.069103 0.050800
v 0.007541 -0.068679 0.051210
v -0.023711 -0.045996 0.073115
v -0.019679 -0.048728 0.070476
v 0.008067 -0.068681 0.051208
v -0.024281 -0.045338 0.073749
v -0.023624 -0.045762 0.073341
v 0.008449 -0.068816 0.051078
v -0.020033 -0.048159 0.071025
v -0.023522 -0.045531 0.073564
v 0.007856 -0.068022 0.051845
v 0.012027 -0.071014 0.048955
v 0.008475 -0.068406 0.051473
v 0.012594 -0.071273 0.048705
v 0.008866 -0.068542 0.051342
v -0.023404 -0.045304 0.073783
v -0.019328 -0.048093 0.071089
v -0.023272 -0.045081 0.073998
v -0.019622 -0.047497 0.071665
v 0.009300 -0.068284 0.051591
v -0.023675 -0.044510 0.074550
v -0.023124 -0.044863 0.074209
v 0.008802 -0.067727 0.052129
v -0.019005 -0.047573 0.071591
v 0.013100 -0.070592 0.049363
v -0.022963 -0.044650 0.074414
v 0.009751 -0.068040 0.051826
v 0.013731 -0.070818 0.049144
v 0.013388 -0.070466 0.049484
v -0.019170 -0.046848 0.072291
v 0.013667 -0.070330 0.049616
v -0.018655 -0.047062 0.072085
v 0.009727 -0.067400 0.052445
v 0.010218 -0.067813 0.052046
v -0.023015 -0.043702 0.075329
v 0.013936 -0.070184 0.049756
v -0.022327 -0.043899 0.075140
v 0.010700 -0.067602 0.052250
v 0.014837 -0.070324 0.049621
v 0.014196 -0.070030 0.049905
v 0.014445 -0.069867 0.050063
v 0.010629 -0.067040 0.052792
v 0.014683 -0.069695 0.050228
v -0.022301 -0.042919 0.076086
v 0.011537 -0.067235 0.052604
v -0.021644 -0.043169 0.075844
v -0.018221 -0.045545 0.073550
v -0.017919 -0.046122 0.072993
v -0.018452 -0.045901 0.073206
v 0.011505 -0.066649 0.053170
v 0.015459 -0.069487 0.050429
v 0.014910 -0.069516 0.050402
v 0.015124 -0.069329 0.050582
v 0.015908 -0.069793 0.050134
v 0.015325 -0.069135 0.050770
v 0.015670 -0.069283 0.050627
v -0.017360 -0.045498 0.073595
v -0.018014 -0.045182 0.073900
v 0.012350 -0.066842 0.052983
v 0.015514 -0.068934 0.050964
v 0.015866 -0.069071 0.050831
v -0.021537 -0.042161 0.076817
v -0.020914 -0.042463 0.076526
v 0.015689 -0.068726 0.051164
v -0.017439 -0.044879 0.074193
v -0.017830 -0.044813 0.074257
v 0.012353 -0.066227 0.053577
v 0.016049 -0.068853 0.051041
v -0.017669 -0.044438 0.074619
v 0.015850 -0.068514 0.051369
v 0.013138 -0.066423 0.053388
v 0.016216 -0.068630 0.051257
v -0.016759 -0.044896 0.074177
v -0.017276 -0.044495 0.074564
v 0.015996 -0.068295 0.051580
v -0.017534 -0.044058 0.074986
v 0.016369 -0.068400 0.051479
v 0.016128 -0.068072 0.051795
v -0.017138 -0.044105 0.074940
v -0.020722 -0.041431 0.077523
v 0.013172 -0.065776 0.054013
v 0.016507 -0.068166 0.051705
v -0.020140 -0.041783 0.077183
v -0.017423 -0.043674 0.075357
v 0.016245 -0.067845 0.052015
v 0.013898 -0.065979 0.053817
v 0.016629 -0.067927 0.051936
v -0.017026 -0.043712 0.075320
v -0.016118 -0.044315 0.074738
v -0.016837 -0.044324 0.074730
v 0.016347 -0.067614 0.052238
v 0.017454 -0.068330 0.051547
v 0.016943 -0.069225 0.050683
v 0.016476 -0.068926 0.050971
v -0.017336 -0.043287 0.075731
v 0.017939 -0.068622 0.051265
v 0.016735 -0.067684 0.052170
v 0.016434 -0.067380 0.052464
v -0.016938 -0.043315 0.075704
v -0.016200 -0.043788 0.075247
v 0.016825 -0.067438 0.052408
v -0.017275 -0.042897 0.076107
v 0.016504 -0.067143 0.052693
v 0.013959 -0.065297 0.054476
v -0.016876 -0.042915 0.076090
v 0.016899 -0.067190 0.052648
v -0.019322 -0.041128 0.077815
v -0.019860 -0.040729 0.078200
v 0.016559 -0.066904 0.052924
v 0.014630 -0.065510 0.054270
v -0.017239 -0.042505 0.076486
v -0.015438 -0.043757 0.075277
v 0.016956 -0.066939 0.052890
v 0.016598 -0.066663 0.053157
v -0.016839 -0.042514 0.076477
v -0.017228 -0.042113 0.076864
v 0.018391 -0.067700 0.052155
v 0.016997 -0.066686 0.053134
v 0.016621 -0.066421 0.053390
v -0.015531 -0.043273 0.075744
v 0.018893 -0.067985 0.051880
v -0.016828 -0.042112 0.076865
v -0.017221 -0.041859 0.077110
v 0.014712 -0.064790 0.054965
v 0.017021 -0.066432 0.053379
v 0.016628 -0.066179 0.053624
v 0.015331 -0.065018 0.054745
v -0.016821 -0.041870 0.077099
v -0.017197 -0.041605 0.077355
v 0.017028 -0.066178 0.053625
v -0.014721 -0.043224 0.075791
v 0.016639 -0.065777 0.054012
v -0.018464 -0.040502 0.078420
v -0.016798 -0.041628 0.077333
v -0.017156 -0.041352 0.077599
v -0.018952 -0.040059 0.078848
v 0.017040 -0.065772 0.054017
v -0.014830 -0.042781 0.076219
v -0.016759 -0.041387 0.077565
v -0.017099 -0.041101 0.077841
v 0.016676 -0.065376 0.054399
v 0.019284 -0.067038 0.052794
v -0.016704 -0.041148 0.077796
v 0.015429 -0.064257 0.055480
v -0.017025 -0.040852 0.078082
v 0.017079 -0.065367 0.054408
v 0.019804 -0.067316 0.052526
v 0.016000 -0.064503 0.055242
v 0.016738 -0.064976 0.054785
v -0.016634 -0.040911 0.078025
v -0.016935 -0.040606 0.078319
v -0.013968 -0.042717 0.076281
v -0.018198 -0.039547 0.079342
v 0.017144 -0.064964 0.054797
v -0.016547 -0.040677 0.078251
v -0.017566 -0.039905 0.078996
v 0.016826 -0.064579 0.055169
v -0.016829 -0.040364 0.078553
v -0.014098 -0.042312 0.076672
v -0.016445 -0.040446 0.078474
v 0.017236 -0.064564 0.055183
v -0.016707 -0.040125 0.078784
v 0.016110 -0.063700 0.056018
v 0.016938 -0.064186 0.055549
v 0.016637 -0.063967 0.055760
v -0.016328 -0.040219 0.078694
v 0.020131 -0.066346 0.053463
v -0.016569 -0.039891 0.079010
v 0.020669 -0.066617 0.053201
v -0.013182 -0.042237 0.076744
v 0.017355 -0.064168 0.055566
v -0.016196 -0.039996 0.078909
v -0.017417 -0.039057 0.079815
v 0.017076 -0.063796 0.055925
v -0.016416 -0.039661 0.079232
v -0.013338 -0.041868 0.077101
v -0.016050 -0.039777 0.079120
v -0.016630 -0.039338 0.079544
v 0.017500 -0.063775 0.055945
v -0.016249 -0.039437 0.079448
v 0.017239 -0.063411 0.056297
v -0.015889 -0.039564 0.079325
v -0.016066 -0.039219 0.079658
v -0.012363 -0.041786 0.077180
v 0.017671 -0.063389 0.056318
v -0.015714 -0.039357 0.079525
v 0.020930 -0.065625 0.054159
v -0.012550 -0.041449 0.077506
v -0.016529 -0.038552 0.080303
v 0.021487 -0.065888 0.053905
v -0.015869 -0.039008 0.079863
v -0.015525 -0.039156 0.079719
v 0.017868 -0.063009 0.056686
v 0.016752 -0.063119 0.056579
v -0.015659 -0.038804 0.080060
v 0.017353 -0.062516 0.057161
v -0.015324 -0.038962 0.079907
v -0.011515 -0.041364 0.077588
v -0.015110 -0.038775 0.080088
v 0.018090 -0.062635 0.057046
v -0.011737 -0.041056 0.077885
v -0.015612 -0.038073 0.080765
v -0.014883 -0.038595 0.080261
v 0.021680 -0.064877 0.054881
v 0.022255 -0.065132 0.054635
v 0.018336 -0.062270 0.057398
v 0.017913 -0.061893 0.057763
v -0.014645 -0.038424 0.080427
v -0.010640 -0.040972 0.077966
v 0.018606 -0.061914 0.057742
v -0.010900 -0.040689 0.078239
v -0.014669 -0.037623 0.081200
v -0.014136 -0.038107 0.080733
v -0.014396 -0.038261 0.080584
v 0.022379 -0.064104 0.055628
v 0.018429 -0.061251 0.058383
v -0.010418 -0.040478 0.078443
v -0.013867 -0.037961 0.080873
v 0.022971 -0.064350 0.055390
v -0.009739 -0.040612 0.078314
v 0.019077 -0.061296 0.058339
v -0.009951 -0.040251 0.078663
v -0.013700 -0.037201 0.081608
v -0.013300 -0.037699 0.081127
v -0.013588 -0.037825 0.081005
v 0.018901 -0.060591 0.059020
v -0.009500 -0.040007 0.078898
v 0.019508 -0.060663 0.058950
v -0.008814 -0.040284 0.078630
v -0.009066 -0.039748 0.079148
v 0.023237 -0.062926 0.056765
v 0.023731 -0.063420 0.056288
v 0.023103 -0.063159 0.056540
v -0.008675 -0.039885 0.079016
v -0.012227 -0.037277 0.081534
v 0.019327 -0.059915 0.059672
v -0.012515 -0.036736 0.082056
v 0.019898 -0.060017 0.059574
v -0.008649 -0.039475 0.079411
v -0.007868 -0.039989 0.078915
v -0.008267 -0.039610 0.079281
v 0.024256 -0.062700 0.056984
v 0.023355 -0.062689 0.056995
v 0.023456 -0.062447 0.057228
v 0.023541 -0.062202 0.057464
v -0.008250 -0.039188 0.079689
v 0.019707 -0.059226 0.060339
v -0.007877 -0.039322 0.079559
v -0.011128 -0.036891 0.081907
v 0.020248 -0.059359 0.060210
v -0.006903 -0.039728 0.079167
v -0.007767 -0.039620 0.079272
v -0.007872 -0.038887 0.079979
v 0.024038 -0.061836 0.057818
v 0.023608 -0.061955 0.057703
v 0.023659 -0.061705 0.057944
v -0.011300 -0.036315 0.082463
v -0.007506 -0.039022 0.079849
v -0.006844 -0.039384 0.079499
v 0.024078 -0.061583 0.058062
v 0.023691 -0.061454 0.058187
v 0.024739 -0.061965 0.057694
v 0.024102 -0.061329 0.058307
v 0.023707 -0.061202 0.058430
v -0.007514 -0.038574 0.080282
v 0.020556 -0.058689 0.060857
v 0.020039 -0.058523 0.061017
v -0.007154 -0.038709 0.080151
v -0.005921 -0.039502 0.079386
v -0.010005 -0.036542 0.082244
v 0.024108 -0.061075 0.058553
v 0.023705 -0.060950 0.058673
v 0.024098 -0.060820 0.058799
v 0.023686 -0.060698 0.058917
v -0.005906 -0.039180 0.079697
v -0.007177 -0.038248 0.080596
v -0.006822 -0.038386 0.080463
v 0.024071 -0.060567 0.059044
v 0.023649 -0.060447 0.059159
v -0.010057 -0.035937 0.082828
v 0.020821 -0.058011 0.061512
v 0.020323 -0.057810 0.061706
v 0.024028 -0.060314 0.059287
v 0.023596 -0.060198 0.059399
v -0.004925 -0.039310 0.079571
v -0.006862 -0.037912 0.080921
v 0.023967 -0.060064 0.059529
v 0.023525 -0.059951 0.059638
v -0.006512 -0.038052 0.080786
v 0.023891 -0.059815 0.059769
v 0.023437 -0.059707 0.059874
v -0.008862 -0.036231 0.082544
v -0.004957 -0.039006 0.079865
v 0.023798 -0.059570 0.060006
v 0.023332 -0.059466 0.060106
v -0.006570 -0.037564 0.081257
v 0.023689 -0.059328 0.060240
v 0.023211 -0.059230 0.060335
v 0.021043 -0.057325 0.062174
v 0.020558 -0.057087 0.062404
v -0.006223 -0.037707 0.081119
v 0.023564 -0.059090 0.060470
v 0.023073 -0.058998 0.060559
v 0.025574 -0.060454 0.059152
v 0.025178 -0.061216 0.058417
v 0.024508 -0.061023 0.058603
v 0.024924 -0.060196 0.059401
v 0.023423 -0.058856 0.060695
v 0.022920 -0.058771 0.060778
v -0.003917 -0.039154 0.079722
v -0.006387 -0.037347 0.081467
v -0.008790 -0.035605 0.083149
v 0.023268 -0.058628 0.060916
v 0.022751 -0.058550 0.060991
v -0.006041 -0.037492 0.081327
v 0.023097 -0.058405 0.061131
v 0.022482 -0.058198 0.061331
v -0.003998 -0.038863 0.080003
v 0.022825 -0.058050 0.061474
v 0.022234 -0.057837 0.061679
v -0.006190 -0.037136 0.081671
v -0.007699 -0.035959 0.082807
v -0.005845 -0.037283 0.081528
v 0.022577 -0.057685 0.061826
v 0.022011 -0.057469 0.062035
v 0.021222 -0.056632 0.062844
v 0.020744 -0.056358 0.063108
v 0.022354 -0.057313 0.062186
v 0.021810 -0.057094 0.062397
v -0.005979 -0.036931 0.081868
v -0.005634 -0.037081 0.081723
v 0.025925 -0.059682 0.059898
v 0.025287 -0.059356 0.060213
v 0.022156 -0.056933 0.062553
v 0.021634 -0.056712 0.062766
v -0.003030 -0.038751 0.080110
v -0.002900 -0.039033 0.079838
v -0.005755 -0.036735 0.082058
v -0.005410 -0.036888 0.081910
v 0.021983 -0.056547 0.062926
v 0.021483 -0.056325 0.063140
v -0.007501 -0.035318 0.083426
v 0.021356 -0.055934 0.063518
v 0.020879 -0.055622 0.063819
v -0.005518 -0.036546 0.082240
v 0.021836 -0.056155 0.063304
v -0.005172 -0.036702 0.082090
v -0.006520 -0.035725 0.083033
v -0.005269 -0.036365 0.082415
v -0.002057 -0.038672 0.080187
v -0.001876 -0.038949 0.079920
v 0.021715 -0.055759 0.063687
v -0.004922 -0.036525 0.082260
v 0.026232 -0.058899 0.060654
v 0.025595 -0.058505 0.061035
v 0.021621 -0.055359 0.064073
v 0.020964 -0.054882 0.064533
v -0.005008 -0.036193 0.082581
v -0.004661 -0.036357 0.082422
v -0.006194 -0.035077 0.083659
v 0.021554 -0.054956 0.064462
v -0.004737 -0.036030 0.082738
v -0.001079 -0.038624 0.080234
v -0.000847 -0.038901 0.079966
v -0.005327 -0.035531 0.083220
v -0.004388 -0.036199 0.082575
v -0.004455 -0.035877 0.082886
v 0.021513 -0.054551 0.064853
v 0.026492 -0.058108 0.061418
v 0.025848 -0.057644 0.061866
v 0.020999 -0.054141 0.065249
v -0.004104 -0.036051 0.082718
v -0.004163 -0.035733 0.083025
v 0.021500 -0.054145 0.065245
v -0.000100 -0.038608 0.080249
v 0.000183 -0.038889 0.079978
v -0.003810 -0.035913 0.082851
v -0.004873 -0.034883 0.083846
v -0.003862 -0.035600 0.083154
v -0.004123 -0.035377 0.083369
v -0.003508 -0.035786 0.082974
v 0.000464 -0.038598 0.080259
v 0.026707 -0.057309 0.062189
v 0.026045 -0.056776 0.062704
v 0.001214 -0.038914 0.079954
v -0.003552 -0.035477 0.083273
v 0.021478 -0.053441 0.065925
v 0.020983 -0.053399 0.065965
v -0.003197 -0.035670 0.083086
v 0.001026 -0.038569 0.080287
v -0.003235 -0.035364 0.083381
v -0.002878 -0.035565 0.083188
v 0.001586 -0.038520 0.080333
v 0.002241 -0.038975 0.079895
v -0.002911 -0.035263 0.083479
v 0.021411 -0.052738 0.066604
v 0.020917 -0.052658 0.066680
v -0.002552 -0.035471 0.083278
v -0.003539 -0.034736 0.083988
v 0.026876 -0.056506 0.062965
v 0.026187 -0.055902 0.063548
v -0.002220 -0.035389 0.083357
v 0.002143 -0.038453 0.080399
v 0.002386 -0.038711 0.080149
v 0.021300 -0.052037 0.067280
v 0.020800 -0.051921 0.067392
v 0.002693 -0.038366 0.080483
v 0.002930 -0.038620 0.080237
v 0.026997 -0.055697 0.063746
v -0.002197 -0.034638 0.084083
v -0.001542 -0.035262 0.083480
v -0.001884 -0.035320 0.083424
v 0.021145 -0.051342 0.067952
v 0.020633 -0.051189 0.068100
v 0.026272 -0.055025 0.064395
v 0.003238 -0.038260 0.080585
v 0.003468 -0.038511 0.080343
v 0.004320 -0.038936 0.079932
v 0.004277 -0.039205 0.079672
v 0.003263 -0.039072 0.079801
v 0.003356 -0.038808 0.080056
v 0.020947 -0.050652 0.068619
v 0.020416 -0.050463 0.068800
v 0.003775 -0.038136 0.080705
v 0.003999 -0.038384 0.080465
v 0.027072 -0.054886 0.064529
v 0.005274 -0.039096 0.079777
v 0.005281 -0.039374 0.079509
v 0.026300 -0.054145 0.065245
v -0.000850 -0.034587 0.084132
v -0.001197 -0.035217 0.083524
v -0.000850 -0.035184 0.083556
v 0.020705 -0.049969 0.069278
v 0.020150 -0.049747 0.069492
v 0.004303 -0.037993 0.080843
v 0.004520 -0.038240 0.080604
v 0.006217 -0.039287 0.079593
v 0.006272 -0.039578 0.079312
v 0.020420 -0.049294 0.069929
v 0.019835 -0.049040 0.070175
v 0.027100 -0.054073 0.065314
v 0.026292 -0.053903 0.065479
v 0.026268 -0.053661 0.065712
v 0.007147 -0.039508 0.079379
v 0.007248 -0.039817 0.079081
v 0.004821 -0.037833 0.080998
v 0.005032 -0.038079 0.080760
v 0.020093 -0.048630 0.070571
v 0.019473 -0.048345 0.070846
v 0.008062 -0.039760 0.079137
v 0.008207 -0.040090 0.078817
v 0.005328 -0.037654 0.081170
v 0.005534 -0.037902 0.080931
v 0.019725 -0.047977 0.071202
v 0.019064 -0.047664 0.071503
v 0.027065 -0.053149 0.066207
v 0.026228 -0.053421 0.065944
v 0.026172 -0.053182 0.066175
v 0.026100 -0.052945 0.066404
v 0.008961 -0.040041 0.078865
v 0.009145 -0.040397 0.078521
v 0.020372 -0.048054 0.071127
v 0.020107 -0.048270 0.070918
v 0.020761 -0.048328 0.070862
v 0.020507 -0.048551 0.070647
v 0.020000 -0.047767 0.071405
v 0.021168 -0.048590 0.070610
v 0.020924 -0.048818 0.070389
v 0.019647 -0.047467 0.071693
v 0.026150 -0.052123 0.067197
v 0.025909 -0.052480 0.066853
v 0.025791 -0.052253 0.067072
v 0.025658 -0.052030 0.067287
v 0.021591 -0.048837 0.070371
v 0.021358 -0.049071 0.070145
v 0.009841 -0.040351 0.078566
v 0.010062 -0.040736 0.078193
v 0.005822 -0.037459 0.081359
v 0.006023 -0.037707 0.081119
v 0.019314 -0.047157 0.071994
v 0.018609 -0.046999 0.072146
v 0.022030 -0.049070 0.070146
v 0.021808 -0.049310 0.069914
v 0.001997 -0.034638 0.084083
v 0.001930 -0.035211 0.083529
v 0.000650 -0.035163 0.083576
v 0.000650 -0.034587 0.084132
v 0.026009 -0.051890 0.067423
v 0.025511 -0.051813 0.067497
v 0.019002 -0.046835 0.072304
v 0.022483 -0.049288 0.069935
v 0.022273 -0.049533 0.069699
v 0.025853 -0.051662 0.067643
v 0.025349 -0.051600 0.067703
v 0.003206 -0.035304 0.083439
v 0.010700 -0.040689 0.078239
v 0.010954 -0.041108 0.077835
v 0.022950 -0.049491 0.069739
v 0.022751 -0.049741 0.069498
v 0.025681 -0.051439 0.067858
v 0.025173 -0.051393 0.067902
v 0.006132 -0.037336 0.081477
v 0.006318 -0.037591 0.081231
v 0.023253 -0.049623 0.069612
v 0.023040 -0.049866 0.069377
v 0.025496 -0.051223 0.068067
v 0.024983 -0.051193 0.068096
v 0.011195 -0.040884 0.078051
v 0.026969 -0.052227 0.067097
v 0.026012 -0.052711 0.066630
v 0.023546 -0.049765 0.069475
v 0.023319 -0.050002 0.069246
v 0.025296 -0.051013 0.068270
v 0.024781 -0.050999 0.068283
v 0.018220 -0.045914 0.073194
v 0.017867 -0.046061 0.073052
v 0.017435 -0.045578 0.073518
v 0.023830 -0.049916 0.069328
v 0.023590 -0.050146 0.069107
v 0.025083 -0.050810 0.068466
v 0.024566 -0.050813 0.068463
v 0.024104 -0.050078 0.069173
v 0.023850 -0.050300 0.068958
v 0.024857 -0.050615 0.068654
v 0.024339 -0.050634 0.068636
v 0.024366 -0.050248 0.069008
v 0.024100 -0.050463 0.068801
v 0.024618 -0.050427 0.068835
v 0.011702 -0.041061 0.077880
v 0.011821 -0.041510 0.077446
v 0.017666 -0.045308 0.073779
v 0.016978 -0.045108 0.073972
v 0.006449 -0.037224 0.081585
v 0.006621 -0.037484 0.081334
v 0.012781 -0.041673 0.077289
v 0.012658 -0.041943 0.077028
v 0.017073 -0.044721 0.074346
v 0.016351 -0.044519 0.074541
v 0.012221 -0.041220 0.077726
v 0.013576 -0.042119 0.076858
v 0.013465 -0.042405 0.076583
v 0.003339 -0.034736 0.083988
v 0.016443 -0.044155 0.074892
v 0.015684 -0.043953 0.075088
v 0.014342 -0.042591 0.076402
v 0.014240 -0.042894 0.076110
v 0.015777 -0.043610 0.075418
v 0.014980 -0.043411 0.075611
v 0.006774 -0.037123 0.081683
v 0.006930 -0.037388 0.081427
v 0.015076 -0.043089 0.075922
v 0.004473 -0.035442 0.083306
v 0.012750 -0.041362 0.077590
v 0.013287 -0.041485 0.077471
v 0.013316 -0.041790 0.077176
v 0.007105 -0.037033 0.081770
v 0.007245 -0.037303 0.081509
v 0.013832 -0.041589 0.077370
v 0.013857 -0.041889 0.077081
v 0.007441 -0.036955 0.081845
v 0.007566 -0.037228 0.081581
v 0.004673 -0.034883 0.083846
v 0.005730 -0.035624 0.083131
v 0.014384 -0.041675 0.077288
v 0.014405 -0.041970 0.077002
v 0.007782 -0.036888 0.081910
v 0.007891 -0.037165 0.081642
v 0.026596 -0.050397 0.068864
v 0.026813 -0.051309 0.067984
v 0.025991 -0.051251 0.068039
v 0.025777 -0.050385 0.068876
v 0.014940 -0.041741 0.077223
v 0.014957 -0.042033 0.076941
v 0.008127 -0.036833 0.081963
v 0.008220 -0.037113 0.081693
v 0.005995 -0.035077 0.083659
v 0.006973 -0.035849 0.082913
v 0.008476 -0.036789 0.082005
v 0.008553 -0.037072 0.081732
v 0.015500 -0.041788 0.077178
v 0.015512 -0.042078 0.076898
v 0.026320 -0.049494 0.069736
v 0.025507 -0.049527 0.069704
v 0.008827 -0.036758 0.082035
v 0.008887 -0.037043 0.081760
v 0.016063 -0.041816 0.077151
v 0.016070 -0.042104 0.076873
v 0.009179 -0.036739 0.082054
v 0.009223 -0.037025 0.081777
v 0.007301 -0.035318 0.083426
v 0.008199 -0.036118 0.082654
v 0.025985 -0.048601 0.070598
v 0.025183 -0.048679 0.070523
v 0.009533 -0.036731 0.082061
v 0.009560 -0.037019 0.081783
v 0.016627 -0.041824 0.077143
v 0.016628 -0.042112 0.076865
v 0.009886 -0.036736 0.082057
v 0.009897 -0.037024 0.081778
v 0.016981 -0.041829 0.077138
v 0.016965 -0.042117 0.076860
v 0.008590 -0.035605 0.083149
v 0.009406 -0.036429 0.082353
v 0.010239 -0.036753 0.082040
v 0.010233 -0.037041 0.081762
v 0.017333 -0.041847 0.077121
v 0.017301 -0.042134 0.076844
v 0.025592 -0.047721 0.071448
v 0.024804 -0.047843 0.071331
v 0.010591 -0.036782 0.082013
v 0.010900 -0.037110 0.081696
v 0.010567 -0.037070 0.081734
v 0.017685 -0.041876 0.077093
v 0.017636 -0.042162 0.076817
v 0.018034 -0.041917 0.077053
v 0.017968 -0.042201 0.076779
v 0.009857 -0.035937 0.082828
v 0.025141 -0.046855 0.072285
v 0.024371 -0.047020 0.072126
v 0.018379 -0.041970 0.077002
v 0.018298 -0.042252 0.076730
v 0.018721 -0.042035 0.076940
v 0.018623 -0.042314 0.076670
v 0.019059 -0.042111 0.076866
v 0.018945 -0.042387 0.076599
v 0.011100 -0.036315 0.082463
v 0.011555 -0.037224 0.081586
v 0.011229 -0.037161 0.081646
v 0.024634 -0.046005 0.073105
v 0.023886 -0.046212 0.072905
v 0.019391 -0.042199 0.076781
v 0.019261 -0.042472 0.076518
v 0.019716 -0.042298 0.076685
v 0.019571 -0.042567 0.076426
v 0.020035 -0.042408 0.076579
v 0.019874 -0.042672 0.076324
v 0.020346 -0.042529 0.076462
v 0.020170 -0.042788 0.076212
v 0.012315 -0.036736 0.082056
v 0.012501 -0.037477 0.081341
v 0.012191 -0.037382 0.081433
v 0.011876 -0.037297 0.081515
v 0.024072 -0.045174 0.073908
v 0.023350 -0.045422 0.073669
v 0.020649 -0.042660 0.076336
v 0.020458 -0.042914 0.076091
v 0.020943 -0.042802 0.076199
v 0.020737 -0.043049 0.075960
v 0.021228 -0.042953 0.076053
v 0.021267 -0.043348 0.075671
v 0.021007 -0.043194 0.075820
v 0.023456 -0.044362 0.074692
v 0.022763 -0.044650 0.074414
v 0.022588 -0.044443 0.074614
v 0.022399 -0.044243 0.074808
v 0.013500 -0.037201 0.081608
v 0.014144 -0.038156 0.080685
v 0.013100 -0.037699 0.081127
v 0.012804 -0.037583 0.081239
v 0.022782 -0.043567 0.075460
v 0.022197 -0.044048 0.074995
v 0.021982 -0.043862 0.075176
v 0.021755 -0.043683 0.075349
v 0.014605 -0.037685 0.081140
v 0.015159 -0.038648 0.080210
v 0.022056 -0.042796 0.076205
v 0.021517 -0.043511 0.075514
v 0.015677 -0.038207 0.080636
v 0.016140 -0.039173 0.079703
v 0.021281 -0.042050 0.076925
v 0.016714 -0.038765 0.080097
v 0.017086 -0.039730 0.079165
v 0.020456 -0.041332 0.077618
v 0.020484 -0.042254 0.076727
v 0.019697 -0.041582 0.077377
v 0.017712 -0.039358 0.079524
v 0.017996 -0.040318 0.078597
v 0.018670 -0.039985 0.078919
v 0.018867 -0.040936 0.078001
v 0.019585 -0.040643 0.078283
v 0.027100 -0.062859 0.073938
v 0.027100 -0.062560 0.073801
v 0.027100 -0.058137 0.069378
v 0.027069 -0.057166 0.070252
v 0.027100 -0.050630 0.062128
v 0.027066 -0.049691 0.063100
v 0.027067 -0.061926 0.074904
v 0.026974 -0.056196 0.071124
v 0.026965 -0.048756 0.064070
v 0.026967 -0.060995 0.075868
v 0.027063 -0.061624 0.074705
v 0.026964 -0.060690 0.075607
v 0.026818 -0.055231 0.071992
v 0.026797 -0.047824 0.065034
v 0.026801 -0.060068 0.076827
v 0.026803 -0.059760 0.076504
v 0.026599 -0.054272 0.072853
v 0.026563 -0.046900 0.065991
v 0.026580 -0.058837 0.077396
v 0.026569 -0.059149 0.077779
v 0.026319 -0.053321 0.073705
v 0.026262 -0.045985 0.066939
v 0.026296 -0.057923 0.078278
v 0.025978 -0.052380 0.074547
v 0.025896 -0.045081 0.067874
v 0.026271 -0.058239 0.078722
v 0.025577 -0.051452 0.075375
v 0.025466 -0.044191 0.068796
v 0.025909 -0.057340 0.079652
v 0.025952 -0.057020 0.079150
v 0.025116 -0.050538 0.076188
v 0.024972 -0.043317 0.069701
v 0.025484 -0.056455 0.080569
v 0.025547 -0.056130 0.080010
v 0.024598 -0.049640 0.076985
v 0.024416 -0.042462 0.070587
v 0.024995 -0.055585 0.081470
v 0.025083 -0.055255 0.080855
v 0.024022 -0.048761 0.077761
v 0.023800 -0.041627 0.071452
v 0.024446 -0.054733 0.082352
v 0.024562 -0.054397 0.081684
v 0.023391 -0.047901 0.078517
v 0.023124 -0.040814 0.072293
v 0.023836 -0.053902 0.083213
v 0.023984 -0.053557 0.082494
v 0.022706 -0.047064 0.079250
v 0.022391 -0.040025 0.073110
v 0.023167 -0.053092 0.084051
v 0.023351 -0.052739 0.083285
v 0.021968 -0.046249 0.079957
v 0.021602 -0.039263 0.073899
v 0.022442 -0.052306 0.084865
v 0.022663 -0.051944 0.084053
v 0.021180 -0.045460 0.080638
v 0.020760 -0.038529 0.074659
v 0.021661 -0.051546 0.085652
v 0.021924 -0.051173 0.084797
v 0.020343 -0.044698 0.081290
v 0.019866 -0.037826 0.075388
v 0.020828 -0.050814 0.086410
v 0.021134 -0.050428 0.085516
v 0.019459 -0.043964 0.081912
v 0.018922 -0.037154 0.076084
v 0.019943 -0.050112 0.087137
v 0.020295 -0.049712 0.086208
v 0.018530 -0.043260 0.082502
v 0.017932 -0.036515 0.076745
v 0.019009 -0.049441 0.087832
v 0.019410 -0.049026 0.086870
v 0.017559 -0.042587 0.083058
v 0.016896 -0.035912 0.077370
v 0.018028 -0.048803 0.088493
v 0.018480 -0.048371 0.087503
v 0.016547 -0.041947 0.083579
v 0.015819 -0.035345 0.077957
v 0.017003 -0.048200 0.089118
v 0.017507 -0.047749 0.088104
v 0.015497 -0.041340 0.084063
v 0.014703 -0.034816 0.078504
v 0.015936 -0.047632 0.089705
v 0.016494 -0.047161 0.088671
v 0.014412 -0.040769 0.084510
v 0.013550 -0.034327 0.079011
v 0.014830 -0.047102 0.090254
v 0.015442 -0.046609 0.089204
v 0.013294 -0.040233 0.084917
v 0.012363 -0.033878 0.079476
v 0.013687 -0.046611 0.090763
v 0.014355 -0.046094 0.089702
v 0.012146 -0.039734 0.085284
v 0.011146 -0.033471 0.079898
v 0.012511 -0.046160 0.091230
v 0.013235 -0.045617 0.090162
v 0.010970 -0.039272 0.085609
v 0.009901 -0.033106 0.080275
v 0.011304 -0.045749 0.091655
v 0.012085 -0.045179 0.090585
v 0.009770 -0.038849 0.085892
v 0.008631 -0.032785 0.080607
v 0.010069 -0.045381 0.092036
v 0.010907 -0.044782 0.090969
v 0.008547 -0.038465 0.086132
v 0.007340 -0.032508 0.080894
v 0.008810 -0.045056 0.092373
v 0.009703 -0.044426 0.091313
v 0.007306 -0.038120 0.086327
v 0.007529 -0.044775 0.092664
v 0.008477 -0.044111 0.091616
v 0.006049 -0.037815 0.086476
v 0.006030 -0.032277 0.081134
v 0.004779 -0.037550 0.086580
v 0.004706 -0.032091 0.081326
v 0.006229 -0.044538 0.092910
v 0.007232 -0.043840 0.091879
v 0.003499 -0.037325 0.086638
v 0.003370 -0.031951 0.081471
v 0.004914 -0.044345 0.093109
v 0.005970 -0.043612 0.092099
v 0.004694 -0.043427 0.092277
v 0.002213 -0.037140 0.086649
v 0.002025 -0.031857 0.081568
v 0.003587 -0.044199 0.093260
v 0.003407 -0.043287 0.092412
v 0.001432 -0.037047 0.086632
v 0.000676 -0.031811 0.081617
v 0.002251 -0.044098 0.093364
v 0.002113 -0.043192 0.092504
v 0.000650 -0.036969 0.086598
v -0.000676 -0.031811 0.081617
v 0.001382 -0.043158 0.092537
v 0.000910 -0.044044 0.093421
v 0.000650 -0.043138 0.092556
v -0.000850 -0.036858 0.086484
v -0.002025 -0.031857 0.081568
v -0.000434 -0.044036 0.093429
v -0.002101 -0.036806 0.086339
v -0.000850 -0.043142 0.092552
v -0.003370 -0.031951 0.081471
v -0.003346 -0.036790 0.086148
v -0.001776 -0.044074 0.093390
v -0.004581 -0.036808 0.085912
v -0.004706 -0.032091 0.081326
v -0.003114 -0.044158 0.093303
v -0.002149 -0.043194 0.092502
v -0.005804 -0.036860 0.085631
v -0.006030 -0.032277 0.081134
v -0.004445 -0.044288 0.093168
v -0.003443 -0.043290 0.092409
v -0.004729 -0.043432 0.092273
v -0.007012 -0.036945 0.085304
v -0.007340 -0.032508 0.080894
v -0.005764 -0.044464 0.092986
v -0.006004 -0.043617 0.092094
v -0.008201 -0.037061 0.084932
v -0.008631 -0.032785 0.080607
v -0.007070 -0.044685 0.092757
v -0.007265 -0.043846 0.091872
v -0.009368 -0.037206 0.084516
v -0.009901 -0.033106 0.080275
v -0.008358 -0.044951 0.092481
v -0.008510 -0.044119 0.091609
v -0.010510 -0.037378 0.084056
v -0.011146 -0.033471 0.079898
v -0.009625 -0.045261 0.092161
v -0.009735 -0.044434 0.091304
v -0.011624 -0.037574 0.083552
v -0.012363 -0.033878 0.079476
v -0.010869 -0.045614 0.091795
v -0.010937 -0.044792 0.090959
v -0.012709 -0.037794 0.083007
v -0.013550 -0.034327 0.079011
v -0.013760 -0.038032 0.082419
v -0.012086 -0.046009 0.091386
v -0.012115 -0.045190 0.090575
v -0.014703 -0.034816 0.078504
v -0.014776 -0.038287 0.081790
v -0.013274 -0.046446 0.090933
v -0.013264 -0.045629 0.090151
v -0.015753 -0.038554 0.081122
v -0.015819 -0.035345 0.077957
v -0.014383 -0.046106 0.089690
v -0.014428 -0.046924 0.090439
v -0.016603 -0.038804 0.080483
v -0.016896 -0.035912 0.077370
v -0.015469 -0.046622 0.089192
v -0.015548 -0.047440 0.089904
v -0.017932 -0.036515 0.076745
v -0.016519 -0.047175 0.088658
v -0.016629 -0.047994 0.089330
v -0.018922 -0.037154 0.076084
v -0.017531 -0.047763 0.088090
v -0.017669 -0.048585 0.088718
v -0.019866 -0.037826 0.075388
v -0.018502 -0.048386 0.087488
v -0.018666 -0.049211 0.088070
v -0.019431 -0.049042 0.086855
v -0.020760 -0.038529 0.074659
v -0.019617 -0.049871 0.087387
v -0.020315 -0.049729 0.086192
v -0.021602 -0.039263 0.073899
v -0.020519 -0.050562 0.086671
v -0.022391 -0.040025 0.073110
v -0.021372 -0.051284 0.085924
v -0.021153 -0.050445 0.085500
v -0.023124 -0.040814 0.072293
v -0.022171 -0.052034 0.085147
v -0.021941 -0.051190 0.084781
v -0.023800 -0.041627 0.071452
v -0.022916 -0.052810 0.084343
v -0.022679 -0.051961 0.084036
v -0.024416 -0.042462 0.070587
v -0.023605 -0.053612 0.083513
v -0.023365 -0.052757 0.083268
v -0.024972 -0.043317 0.069701
v -0.024236 -0.054436 0.082660
v -0.023997 -0.053575 0.082477
v -0.025466 -0.044191 0.068796
v -0.024807 -0.055281 0.081785
v -0.024574 -0.054415 0.081667
v -0.025896 -0.045081 0.067874
v -0.025317 -0.056144 0.080891
v -0.025094 -0.055273 0.080838
v -0.026262 -0.045985 0.066939
v -0.025766 -0.057024 0.079979
v -0.025556 -0.056148 0.079993
v -0.026563 -0.046900 0.065991
v -0.026150 -0.057919 0.079053
v -0.025959 -0.057038 0.079133
v -0.026797 -0.047824 0.065034
v -0.026471 -0.058825 0.078115
v -0.026303 -0.057941 0.078261
v -0.026965 -0.048756 0.064070
v -0.026726 -0.059741 0.077166
v -0.026585 -0.058856 0.077378
v -0.027066 -0.049691 0.063100
v -0.026915 -0.060666 0.076209
v -0.026807 -0.059778 0.076487
v -0.027100 -0.050630 0.062128
v -0.027039 -0.061595 0.075246
v -0.026967 -0.060707 0.075590
v -0.027066 -0.051568 0.061157
v -0.027096 -0.062528 0.074281
v -0.027065 -0.061641 0.074688
v -0.026965 -0.052504 0.060188
v -0.027086 -0.063461 0.073314
v -0.027100 -0.062577 0.073784
v -0.026797 -0.053436 0.059223
v -0.027010 -0.064393 0.072349
v -0.027073 -0.063513 0.072880
v -0.026563 -0.054360 0.058266
v -0.026867 -0.065321 0.071388
v -0.026983 -0.064448 0.071978
v -0.026262 -0.055275 0.057318
v -0.026658 -0.066243 0.070433
v -0.026831 -0.065378 0.071080
v -0.025896 -0.056179 0.056382
v -0.026384 -0.067157 0.069487
v -0.026618 -0.066301 0.070188
v -0.025466 -0.057069 0.055461
v -0.026045 -0.068060 0.068552
v -0.026343 -0.067216 0.069304
v -0.024972 -0.057942 0.054556
v -0.025642 -0.068950 0.067630
v -0.026020 -0.068089 0.068461
v -0.024416 -0.058798 0.053670
v -0.023800 -0.059633 0.052805
v -0.023124 -0.060446 0.051964
v -0.023949 -0.071669 0.064815
v -0.023711 -0.071974 0.064498
v -0.022391 -0.061235 0.051147
v -0.023465 -0.072277 0.064185
v -0.021602 -0.061997 0.050358
v -0.020760 -0.062731 0.049598
v -0.019866 -0.063434 0.048869
v -0.018922 -0.064106 0.048173
v -0.017932 -0.064745 0.047512
v -0.016896 -0.065348 0.046887
v -0.015819 -0.065915 0.046300
v -0.014703 -0.066444 0.045753
v -0.017655 -0.077141 0.059148
v -0.016614 -0.077731 0.058537
v -0.016715 -0.077437 0.058361
v -0.015533 -0.078285 0.057964
v -0.015724 -0.077728 0.057614
v -0.013550 -0.066933 0.045246
v -0.014414 -0.078800 0.057430
v -0.014797 -0.077982 0.056980
v -0.013937 -0.078200 0.056443
v -0.012363 -0.067382 0.044781
v -0.013259 -0.079277 0.056936
v -0.013051 -0.078406 0.055934
v -0.011146 -0.067789 0.044360
v -0.012071 -0.079713 0.056484
v -0.012140 -0.078599 0.055456
v -0.009901 -0.068154 0.043982
v -0.011206 -0.078777 0.055009
v -0.010854 -0.080108 0.056076
v -0.008631 -0.068475 0.043649
v -0.010252 -0.078938 0.054592
v -0.009611 -0.080460 0.055711
v -0.009278 -0.079081 0.054207
v -0.007340 -0.068752 0.043363
v -0.008343 -0.080770 0.055390
v -0.008286 -0.079204 0.053853
v -0.006030 -0.068983 0.043123
v -0.007278 -0.079306 0.053532
v -0.007055 -0.081035 0.055116
v -0.004706 -0.069169 0.042930
v -0.006256 -0.079386 0.053242
v -0.005750 -0.081255 0.054887
v -0.005222 -0.079443 0.052986
v -0.003370 -0.069309 0.042786
v -0.004431 -0.081431 0.054706
v -0.004177 -0.079476 0.052762
v -0.002025 -0.069403 0.042689
v -0.003100 -0.081560 0.054572
v -0.003125 -0.079484 0.052571
v -0.000676 -0.069449 0.042640
v -0.002066 -0.079467 0.052413
v -0.001763 -0.081644 0.054485
v 0.000676 -0.069449 0.042640
v -0.001084 -0.079429 0.052296
v 0.002025 -0.069403 0.042689
v -0.000421 -0.081682 0.054446
v -0.000100 -0.079368 0.052207
v 0.003370 -0.069309 0.042786
v 0.000923 -0.081673 0.054455
v 0.001046 -0.079268 0.052139
v 0.004706 -0.069169 0.042930
v 0.002264 -0.081618 0.054512
v 0.002192 -0.079137 0.052108
v 0.003335 -0.078975 0.052114
v 0.006030 -0.068983 0.043123
v 0.003599 -0.081517 0.054616
v 0.004473 -0.078782 0.052158
v 0.007340 -0.068752 0.043363
v 0.004926 -0.081370 0.054768
v 0.005604 -0.078557 0.052238
v 0.008631 -0.068475 0.043649
v 0.006240 -0.081178 0.054967
v 0.006726 -0.078300 0.052355
v 0.009901 -0.068154 0.043982
v 0.007539 -0.080941 0.055213
v 0.007836 -0.078012 0.052507
v 0.011146 -0.067789 0.044360
v 0.008820 -0.080659 0.055505
v 0.008933 -0.077693 0.052695
v 0.012363 -0.067382 0.044781
v 0.010078 -0.080334 0.055842
v 0.010013 -0.077343 0.052918
v 0.011077 -0.076962 0.053175
v 0.013550 -0.066933 0.045246
v 0.011313 -0.079965 0.056223
v 0.012120 -0.076551 0.053465
v 0.014703 -0.066444 0.045753
v 0.012519 -0.079555 0.056648
v 0.013142 -0.076111 0.053788
v 0.015819 -0.065915 0.046300
v 0.013695 -0.079103 0.057116
v 0.014140 -0.075641 0.054143
v 0.016896 -0.065348 0.046887
v 0.014837 -0.078612 0.057625
v 0.015113 -0.075143 0.054529
v 0.017932 -0.064745 0.047512
v 0.015942 -0.078082 0.058173
v 0.016059 -0.074617 0.054946
v 0.017008 -0.077515 0.058761
v 0.016975 -0.074063 0.055392
v 0.017861 -0.073484 0.055866
v 0.018922 -0.064106 0.048173
v 0.018033 -0.076911 0.059386
v 0.018715 -0.072879 0.056367
v 0.019866 -0.063434 0.048869
v 0.019013 -0.076273 0.060047
v 0.019534 -0.072250 0.056895
v 0.020760 -0.062731 0.049598
v 0.019947 -0.075602 0.060741
v 0.020319 -0.071598 0.057448
v 0.021602 -0.061997 0.050358
v 0.020831 -0.074900 0.061469
v 0.021066 -0.070923 0.058025
v 0.022391 -0.061235 0.051147
v 0.021665 -0.074168 0.062227
v 0.021774 -0.070227 0.058625
v 0.023124 -0.060446 0.051964
v 0.022445 -0.073408 0.063013
v 0.022444 -0.069510 0.059246
v 0.023072 -0.068774 0.059888
v 0.023800 -0.059633 0.052805
v 0.023170 -0.072623 0.063827
v 0.024416 -0.058798 0.053670
v 0.023822 -0.067797 0.060746
v 0.023838 -0.071813 0.064665
v 0.024972 -0.057942 0.054556
v 0.024336 -0.067047 0.061407
v 0.025466 -0.057069 0.055461
v 0.024809 -0.066282 0.062084
v 0.024447 -0.070982 0.065526
v 0.025239 -0.065505 0.062774
v 0.025896 -0.056179 0.056382
v 0.024997 -0.070130 0.066408
v 0.025626 -0.064716 0.063476
v 0.025485 -0.069261 0.067308
v 0.025969 -0.063917 0.064190
v 0.026262 -0.055275 0.057318
v 0.025910 -0.068376 0.068225
v 0.026267 -0.063108 0.064913
v 0.026563 -0.054360 0.058266
v 0.026272 -0.067477 0.069155
v 0.026521 -0.062292 0.065644
v 0.026797 -0.053436 0.059223
v 0.026729 -0.061469 0.066383
v 0.026965 -0.052504 0.060188
v 0.026569 -0.066567 0.070097
v 0.026891 -0.060641 0.067127
v 0.027066 -0.051568 0.061157
v 0.026801 -0.065648 0.071049
v 0.027007 -0.059808 0.067875
v 0.026967 -0.064722 0.072008
v 0.027077 -0.058973 0.068626
v 0.027067 -0.063792 0.072972
v -0.019250 -0.076126 0.060199
v -0.021918 -0.076986 0.059308
v -0.020877 -0.077727 0.058541
v -0.020149 -0.075476 0.060872
v -0.022905 -0.076210 0.060112
v -0.018467 -0.076644 0.059662
v -0.019784 -0.078432 0.057811
v -0.018642 -0.079098 0.057122
v -0.021003 -0.074797 0.061576
v -0.023834 -0.075400 0.060951
v -0.017454 -0.079723 0.056474
v -0.021809 -0.074090 0.062307
v -0.024704 -0.074559 0.061822
v -0.016222 -0.080306 0.055870
v -0.022566 -0.073357 0.063066
v -0.025513 -0.073689 0.062723
v -0.014950 -0.080846 0.055311
v -0.026259 -0.072792 0.063651
v -0.013641 -0.081342 0.054798
v -0.024022 -0.071698 0.064785
v -0.026939 -0.071871 0.064606
v -0.024421 -0.071164 0.065337
v -0.012297 -0.081791 0.054333
v -0.024796 -0.070622 0.065898
v -0.027552 -0.070927 0.065583
v -0.010924 -0.082193 0.053916
v -0.025312 -0.069794 0.066756
v -0.028097 -0.069963 0.066581
v -0.009523 -0.082547 0.053549
v -0.025770 -0.068950 0.067630
v -0.028572 -0.068981 0.067598
v -0.008098 -0.082853 0.053233
v -0.028975 -0.067984 0.068630
v -0.006653 -0.083108 0.052969
v -0.029307 -0.066974 0.069676
v -0.005192 -0.083313 0.052756
v -0.029566 -0.065954 0.070732
v -0.003718 -0.083468 0.052596
v -0.029751 -0.064927 0.071796
v -0.002234 -0.083571 0.052490
v -0.029863 -0.063894 0.072866
v -0.000745 -0.083623 0.052436
v -0.029900 -0.062859 0.073938
v 0.000745 -0.083623 0.052436
v -0.029863 -0.061823 0.075010
v 0.002234 -0.083571 0.052490
v -0.029751 -0.060791 0.076079
v 0.003718 -0.083468 0.052596
v -0.029566 -0.059763 0.077143
v 0.005192 -0.083313 0.052756
v -0.029307 -0.058743 0.078199
v 0.006653 -0.083108 0.052969
v -0.028975 -0.057733 0.079245
v 0.008098 -0.082853 0.053233
v -0.028572 -0.056737 0.080277
v 0.009523 -0.082547 0.053549
v -0.028097 -0.055755 0.081294
v 0.010924 -0.082193 0.053916
v -0.027552 -0.054791 0.082292
v 0.012297 -0.081791 0.054333
v -0.026939 -0.053847 0.083270
v 0.013641 -0.081342 0.054798
v -0.026259 -0.052925 0.084224
v 0.014950 -0.080846 0.055311
v -0.025513 -0.052028 0.085153
v 0.016222 -0.080306 0.055870
v -0.024704 -0.051158 0.086054
v 0.017454 -0.079723 0.056474
v -0.023834 -0.050317 0.086924
v 0.018642 -0.079098 0.057122
v -0.022905 -0.049508 0.087763
v 0.019784 -0.078432 0.057811
v -0.021918 -0.048731 0.088567
v 0.020877 -0.077727 0.058541
v -0.020877 -0.047990 0.089335
v 0.021918 -0.076986 0.059308
v -0.019784 -0.047285 0.090064
v 0.022905 -0.076210 0.060112
v -0.018642 -0.046620 0.090753
v 0.023834 -0.075400 0.060951
v -0.017454 -0.045995 0.091401
v 0.024704 -0.074559 0.061822
v -0.016222 -0.045411 0.092005
v 0.025513 -0.073689 0.062723
v -0.014950 -0.044871 0.092564
v 0.026259 -0.072792 0.063651
v -0.013641 -0.044376 0.093077
v 0.026939 -0.071871 0.064606
v -0.012297 -0.043926 0.093543
v 0.027552 -0.070927 0.065583
v -0.010924 -0.043524 0.093959
v 0.028097 -0.069963 0.066581
v -0.009523 -0.043170 0.094326
v 0.028572 -0.068981 0.067598
v -0.008098 -0.042865 0.094642
v 0.028975 -0.067984 0.068630
v -0.006653 -0.042609 0.094907
v 0.029307 -0.066974 0.069676
v -0.005192 -0.042404 0.095119
v 0.029566 -0.065954 0.070732
v -0.003718 -0.042250 0.095279
v 0.029751 -0.064927 0.071796
v -0.002234 -0.042147 0.095386
v 0.029863 -0.063894 0.072866
v -0.000745 -0.042095 0.095439
v 0.029900 -0.062859 0.073938
v 0.000745 -0.042095 0.095439
v 0.029863 -0.061823 0.075010
v 0.002234 -0.042147 0.095386
v 0.029751 -0.060791 0.076079
v 0.003718 -0.042250 0.095279
v 0.029566 -0.059763 0.077143
v 0.005192 -0.042404 0.095119
v 0.029307 -0.058743 0.078199
v 0.006653 -0.042609 0.094907
v 0.028975 -0.057733 0.079245
v 0.008098 -0.042865 0.094642
v 0.028572 -0.056737 0.080277
v 0.009523 -0.043170 0.094326
v 0.028097 -0.055755 0.081294
v 0.010924 -0.043524 0.093959
v 0.027552 -0.054791 0.082292
v 0.012297 -0.043926 0.093543
v 0.026939 -0.053847 0.083270
v 0.013641 -0.044376 0.093077
v 0.026259 -0.052925 0.084224
v 0.014950 -0.044871 0.092564
v 0.025513 -0.052028 0.085153
v 0.016222 -0.045411 0.092005
v 0.024704 -0.051158 0.086054
v 0.017454 -0.045995 0.091401
v 0.023834 -0.050317 0.086924
v 0.018642 -0.046620 0.090753
v 0.022905 -0.049508 0.087763
v 0.019784 -0.047285 0.090064
v 0.021918 -0.048731 0.088567
v 0.020877 -0.047990 0.089335
v -0.022537 -0.073542 0.063196
v -0.021747 -0.074328 0.062436
v -0.020904 -0.075086 0.061705
v -0.020009 -0.075812 0.061003
v -0.019066 -0.076506 0.060333
v -0.018076 -0.077165 0.059697
v -0.017042 -0.077788 0.059095
v -0.015966 -0.078374 0.058529
v -0.014851 -0.078920 0.058002
v -0.013700 -0.079426 0.057513
v -0.012564 -0.079872 0.057082
v -0.011399 -0.080279 0.056689
v -0.010209 -0.080646 0.056335
v -0.008996 -0.080971 0.056021
v -0.007763 -0.081255 0.055747
v -0.006513 -0.081496 0.055515
v -0.005247 -0.081694 0.055323
v -0.003971 -0.081848 0.055174
v -0.002685 -0.081959 0.055067
v -0.001394 -0.082025 0.055003
v -0.000100 -0.082047 0.054982
v 0.001194 -0.082025 0.055003
v 0.002485 -0.081959 0.055067
v 0.003771 -0.081848 0.055174
v 0.005048 -0.081694 0.055323
v 0.006313 -0.081496 0.055515
v 0.007563 -0.081255 0.055747
v 0.008796 -0.080971 0.056021
v 0.010009 -0.080646 0.056335
v 0.011199 -0.080279 0.056689
v 0.012364 -0.079872 0.057082
v 0.013500 -0.079426 0.057513
v 0.014651 -0.078920 0.058002
v 0.015766 -0.078374 0.058529
v 0.016842 -0.077788 0.059095
v 0.017876 -0.077165 0.059697
v 0.018866 -0.076506 0.060333
v 0.019810 -0.075812 0.061003
v 0.020704 -0.075086 0.061705
v 0.021547 -0.074328 0.062436
v 0.022337 -0.073542 0.063196
v 0.023072 -0.072728 0.063982
v -0.019067 -0.075691 0.061120
v -0.018196 -0.076309 0.060524
v -0.019897 -0.075045 0.061744
v -0.017286 -0.076897 0.059956
v -0.020684 -0.074372 0.062394
v -0.016340 -0.077454 0.059418
v -0.021428 -0.073674 0.063068
v -0.015358 -0.077979 0.058911
v -0.014344 -0.078470 0.058436
v -0.021620 -0.073180 0.063545
v -0.021873 -0.073005 0.063714
v -0.022113 -0.072822 0.063891
v -0.021356 -0.073346 0.063385
v -0.022340 -0.072630 0.064077
v -0.021081 -0.073502 0.063234
v -0.021143 -0.073825 0.062922
v -0.020795 -0.073648 0.063093
v -0.020849 -0.073967 0.062786
v -0.020499 -0.073784 0.062962
v -0.020546 -0.074098 0.062659
v -0.013300 -0.078928 0.057995
v -0.020195 -0.073909 0.062841
v -0.020235 -0.074219 0.062542
v -0.013004 -0.079044 0.057882
v -0.019882 -0.074023 0.062731
v -0.019916 -0.074328 0.062436
v -0.023329 -0.071506 0.065162
v -0.024518 -0.071102 0.065552
v -0.024022 -0.071793 0.064884
v -0.012701 -0.079150 0.057780
v -0.019562 -0.074125 0.062632
v -0.019591 -0.074427 0.062340
v -0.012391 -0.079245 0.057688
v -0.019235 -0.074216 0.062544
v -0.019259 -0.074515 0.062256
v -0.012076 -0.079330 0.057607
v -0.018902 -0.074296 0.062468
v -0.018921 -0.074592 0.062182
v -0.023910 -0.070684 0.065956
v -0.024975 -0.070397 0.066233
v -0.011754 -0.079403 0.057535
v -0.018564 -0.074363 0.062403
v -0.018579 -0.074656 0.062119
v -0.011429 -0.079466 0.057475
v -0.010791 -0.079845 0.057109
v -0.018222 -0.074418 0.062349
v -0.018234 -0.074710 0.062068
v -0.011100 -0.079517 0.057425
v -0.024436 -0.069843 0.066768
v -0.025392 -0.069679 0.066926
v -0.017876 -0.074461 0.062308
v -0.017885 -0.074751 0.062028
v -0.010767 -0.079557 0.057387
v -0.009661 -0.080183 0.056783
v -0.017529 -0.074491 0.062279
v -0.017533 -0.074780 0.062000
v -0.010433 -0.079585 0.057359
v -0.010439 -0.079874 0.057081
v -0.024904 -0.068984 0.067597
v -0.017179 -0.074509 0.062261
v -0.017181 -0.074797 0.061983
v -0.010097 -0.079602 0.057343
v -0.010086 -0.079891 0.057065
v -0.009760 -0.079608 0.057338
v -0.009733 -0.079895 0.057060
v -0.016828 -0.074515 0.062256
v -0.016827 -0.074802 0.061978
v -0.008511 -0.080482 0.056493
v -0.009423 -0.079602 0.057344
v -0.009379 -0.079888 0.057067
v -0.025313 -0.068110 0.068441
v -0.016270 -0.074523 0.062248
v -0.016263 -0.074811 0.061970
v -0.009087 -0.079584 0.057361
v -0.009027 -0.079869 0.057086
v -0.007344 -0.080743 0.056242
v -0.015712 -0.074549 0.062223
v -0.015700 -0.074839 0.061943
v -0.008752 -0.079555 0.057389
v -0.008676 -0.079837 0.057116
v -0.025664 -0.067223 0.069297
v -0.008420 -0.079514 0.057429
v -0.008327 -0.079794 0.057158
v -0.015157 -0.074594 0.062180
v -0.015140 -0.074886 0.061898
v -0.006160 -0.080965 0.056027
v -0.008091 -0.079462 0.057479
v -0.007982 -0.079739 0.057211
v -0.014605 -0.074657 0.062119
v -0.014584 -0.074952 0.061834
v -0.025954 -0.066325 0.070165
v -0.007766 -0.079398 0.057540
v -0.007641 -0.079672 0.057276
v -0.014057 -0.074738 0.062041
v -0.014032 -0.075038 0.061751
v -0.004964 -0.081147 0.055852
v -0.007445 -0.079324 0.057612
v -0.007305 -0.079593 0.057352
v -0.013516 -0.074837 0.061945
v -0.013487 -0.075142 0.061650
v -0.007130 -0.079239 0.057694
v -0.006974 -0.079504 0.057438
v -0.012981 -0.074954 0.061832
v -0.012950 -0.075265 0.061532
v -0.012421 -0.075406 0.061395
v -0.026182 -0.065418 0.071041
v -0.006821 -0.079143 0.057787
v -0.006649 -0.079403 0.057536
v -0.014898 -0.073294 0.063435
v -0.015898 -0.073077 0.063644
v -0.015214 -0.073582 0.063157
v -0.003757 -0.081289 0.055714
v -0.014154 -0.073807 0.062940
v -0.014499 -0.074063 0.062692
v -0.013754 -0.074521 0.062250
v -0.015607 -0.072755 0.063956
v -0.016550 -0.072551 0.064153
v -0.013376 -0.074294 0.062470
v -0.016277 -0.072191 0.064500
v -0.017168 -0.072004 0.064681
v -0.012565 -0.074752 0.062027
v -0.016909 -0.071605 0.065066
v -0.017751 -0.071437 0.065228
v -0.006518 -0.079036 0.057890
v -0.006332 -0.079291 0.057644
v -0.024539 -0.065993 0.070485
v -0.025057 -0.066012 0.070467
v -0.024818 -0.066200 0.070286
v -0.024300 -0.066164 0.070320
v -0.024566 -0.066379 0.070113
v -0.024766 -0.065814 0.070658
v -0.025283 -0.065817 0.070656
v -0.024050 -0.066327 0.070163
v -0.024304 -0.066549 0.069948
v -0.011724 -0.075181 0.061612
v -0.011902 -0.075566 0.061241
v -0.011395 -0.075743 0.061070
v -0.024981 -0.065628 0.070838
v -0.025496 -0.065614 0.070852
v -0.023790 -0.066480 0.070015
v -0.024030 -0.066710 0.069793
v -0.017500 -0.070997 0.065654
v -0.018297 -0.070852 0.065793
v -0.025183 -0.065434 0.071025
v -0.025696 -0.065404 0.071054
v -0.023519 -0.066625 0.069875
v -0.023746 -0.066862 0.069646
v -0.025373 -0.065233 0.071219
v -0.025881 -0.065187 0.071263
v -0.023240 -0.066760 0.069744
v -0.023453 -0.067004 0.069509
v -0.025549 -0.065027 0.071419
v -0.026053 -0.064965 0.071478
v -0.006223 -0.078919 0.058003
v -0.006022 -0.079168 0.057762
v -0.022951 -0.066886 0.069623
v -0.023150 -0.067136 0.069382
v -0.010855 -0.075580 0.061227
v -0.010900 -0.075937 0.060882
v -0.018048 -0.070368 0.066260
v -0.018806 -0.070250 0.066374
v -0.025711 -0.064814 0.071624
v -0.026209 -0.064737 0.071699
v -0.022473 -0.067094 0.069423
v -0.022668 -0.067346 0.069179
v -0.002542 -0.081391 0.055616
v -0.025858 -0.064596 0.071834
v -0.026350 -0.064503 0.071924
v -0.022008 -0.067317 0.069207
v -0.022200 -0.067572 0.068961
v -0.009960 -0.075948 0.060872
v -0.010041 -0.076276 0.060556
v -0.025991 -0.064374 0.072049
v -0.018553 -0.069721 0.066885
v -0.019100 -0.069904 0.066709
v -0.019416 -0.069568 0.067033
v -0.021558 -0.067555 0.068977
v -0.021747 -0.067814 0.068727
v -0.021124 -0.067809 0.068732
v -0.021312 -0.068072 0.068478
v -0.019925 -0.068650 0.067920
v -0.020114 -0.068931 0.067649
v -0.019754 -0.069243 0.067347
v -0.020494 -0.068631 0.067938
v -0.020707 -0.068076 0.068474
v -0.020893 -0.068344 0.068215
v -0.020307 -0.068356 0.068203
v -0.026109 -0.064147 0.072268
v -0.005734 -0.078725 0.058190
v -0.005544 -0.078979 0.057945
v -0.009040 -0.076284 0.060548
v -0.009161 -0.076586 0.060256
v -0.026212 -0.063916 0.072491
v -0.019014 -0.069058 0.067526
v -0.026300 -0.063682 0.072717
v -0.026372 -0.063445 0.072946
v -0.008099 -0.076587 0.060255
v -0.008262 -0.076867 0.059985
v -0.007347 -0.077118 0.059742
v -0.001322 -0.081452 0.055557
v -0.019428 -0.068378 0.068182
v -0.005232 -0.078547 0.058362
v -0.005055 -0.078805 0.058113
v -0.026428 -0.063206 0.073177
v -0.026468 -0.062965 0.073409
v -0.007139 -0.076856 0.059995
v -0.006417 -0.077340 0.059528
v -0.019796 -0.067685 0.068852
v -0.020620 -0.067333 0.069192
v -0.020293 -0.067997 0.068550
v -0.004720 -0.078386 0.058517
v -0.004555 -0.078649 0.058264
v -0.026492 -0.062724 0.073643
v -0.000100 -0.081472 0.055538
v -0.026500 -0.062481 0.073877
v -0.006161 -0.077091 0.059768
v -0.005474 -0.077531 0.059344
v -0.020116 -0.066980 0.069533
v -0.020905 -0.066658 0.069843
v 0.000237 -0.081466 0.055543
v -0.004198 -0.078242 0.058656
v -0.004045 -0.078509 0.058399
v 0.000573 -0.081449 0.055560
v -0.005168 -0.077291 0.059575
v -0.004520 -0.077690 0.059189
v -0.020388 -0.066264 0.070224
v -0.021147 -0.065975 0.070503
v 0.000907 -0.081420 0.055588
v -0.003668 -0.078116 0.058779
v -0.003527 -0.078386 0.058518
v -0.026472 -0.061602 0.074726
v 0.001240 -0.081380 0.055627
v -0.004163 -0.077456 0.059415
v -0.003556 -0.077819 0.059065
v -0.020610 -0.065539 0.070924
v -0.021345 -0.065285 0.071169
v -0.003130 -0.078007 0.058884
v -0.003002 -0.078280 0.058620
v 0.001569 -0.081328 0.055677
v 0.001894 -0.081265 0.055737
v -0.003148 -0.077586 0.059291
v -0.002586 -0.077916 0.058972
v -0.002470 -0.078192 0.058705
v -0.020783 -0.064808 0.071630
v -0.021500 -0.064589 0.071841
v -0.026387 -0.060724 0.075573
v 0.002215 -0.081191 0.055809
v -0.001934 -0.078122 0.058772
v 0.002711 -0.081364 0.055642
v 0.002531 -0.081106 0.055891
v -0.002125 -0.077679 0.059201
v -0.020906 -0.064071 0.072342
v -0.021611 -0.063889 0.072517
v 0.002840 -0.081010 0.055983
v 0.003035 -0.081262 0.055740
v -0.001488 -0.077718 0.059162
v -0.001393 -0.078070 0.058823
v -0.026245 -0.059851 0.076417
v 0.003143 -0.080904 0.056086
v 0.003352 -0.081150 0.055848
v -0.020978 -0.063331 0.073056
v -0.021678 -0.063186 0.073196
v -0.000850 -0.077744 0.059138
v -0.000850 -0.078036 0.058855
v 0.003438 -0.080788 0.056198
v 0.003662 -0.081027 0.055967
v 0.003923 -0.081250 0.055752
v 0.003726 -0.080661 0.056321
v 0.003963 -0.080894 0.056096
v -0.026048 -0.058983 0.077255
v -0.021000 -0.062589 0.073773
v -0.021700 -0.062481 0.073877
v -0.021713 -0.062076 0.074268
v 0.004005 -0.080525 0.056452
v 0.004255 -0.080750 0.056235
v 0.005127 -0.081096 0.055901
v 0.004274 -0.080379 0.056593
v 0.004537 -0.080597 0.056383
v 0.004533 -0.080225 0.056742
v 0.004808 -0.080434 0.056540
v -0.020971 -0.061847 0.074489
v -0.021754 -0.061671 0.074659
v 0.001657 -0.077968 0.058922
v 0.000650 -0.077749 0.059133
v 0.000650 -0.078010 0.058881
v -0.025795 -0.058122 0.078087
v 0.004782 -0.080061 0.056900
v 0.005069 -0.080262 0.056706
v 0.001679 -0.077708 0.059172
v 0.006320 -0.080902 0.056088
v 0.005020 -0.079889 0.057066
v 0.005318 -0.080081 0.056881
v -0.021556 -0.060693 0.075604
v -0.022036 -0.060472 0.075817
v -0.021915 -0.060868 0.075434
v -0.021821 -0.061268 0.075048
v -0.020891 -0.061107 0.075203
v 0.002660 -0.077892 0.058995
v 0.005246 -0.079710 0.057240
v -0.021683 -0.060302 0.075982
v -0.022183 -0.060080 0.076196
v 0.005555 -0.079892 0.057063
v 0.002704 -0.077631 0.059247
v -0.021834 -0.059915 0.076355
v -0.022356 -0.059694 0.076568
v -0.025487 -0.057271 0.078909
v 0.005459 -0.079522 0.057420
v 0.005779 -0.079695 0.057253
v -0.022010 -0.059533 0.076724
v -0.022554 -0.059314 0.076935
v -0.020762 -0.060371 0.075914
v 0.007499 -0.080668 0.056314
v 0.005661 -0.079328 0.057608
v 0.005990 -0.079491 0.057450
v 0.003656 -0.077782 0.059101
v -0.022211 -0.059158 0.077086
v -0.022777 -0.058941 0.077295
v -0.022434 -0.058789 0.077442
v -0.023025 -0.058577 0.077647
v 0.005849 -0.079127 0.057802
v 0.003723 -0.077517 0.059357
v 0.006187 -0.079280 0.057654
v -0.022682 -0.058429 0.077790
v -0.023297 -0.058221 0.077990
v 0.006023 -0.078919 0.058003
v -0.022951 -0.058077 0.078130
v -0.023468 -0.057999 0.078206
v -0.025124 -0.056431 0.079720
v -0.023114 -0.057864 0.078335
v -0.023623 -0.057770 0.078426
v 0.006370 -0.079062 0.057865
v -0.020582 -0.059641 0.076620
v -0.021417 -0.059975 0.076297
v -0.021231 -0.059262 0.076986
v -0.023262 -0.057647 0.078545
v -0.023764 -0.057537 0.078652
v 0.004645 -0.077640 0.059239
v -0.023395 -0.057424 0.078760
v -0.023889 -0.057299 0.078881
v 0.008662 -0.080396 0.056577
v -0.023514 -0.057197 0.078979
v -0.023998 -0.057057 0.079115
v 0.006312 -0.078575 0.058335
v 0.004732 -0.077368 0.059501
v -0.023617 -0.056967 0.079202
v -0.024091 -0.056811 0.079352
v 0.006662 -0.078715 0.058200
v -0.023706 -0.056733 0.079428
v -0.024167 -0.056563 0.079592
v -0.023778 -0.056496 0.079657
v -0.024227 -0.056312 0.079834
v -0.020353 -0.058917 0.077318
v -0.020999 -0.058556 0.077668
v 0.006622 -0.078241 0.058658
v 0.005623 -0.077464 0.059408
v -0.023834 -0.056257 0.079887
v -0.024271 -0.056060 0.080078
v -0.024708 -0.055604 0.080519
v 0.006977 -0.078379 0.058525
v -0.023875 -0.056017 0.080120
v -0.024298 -0.055806 0.080323
v 0.005730 -0.077183 0.059680
v 0.009806 -0.080085 0.056877
v -0.023900 -0.055775 0.080353
v -0.024308 -0.055552 0.080568
v 0.006954 -0.077917 0.058970
v 0.007314 -0.078053 0.058839
v -0.023908 -0.055533 0.080587
v -0.024302 -0.055298 0.080814
v -0.020074 -0.058203 0.078008
v -0.020722 -0.057858 0.078341
v 0.006589 -0.077255 0.059610
v -0.023901 -0.055290 0.080821
v -0.024278 -0.055044 0.081059
v 0.007306 -0.077605 0.059272
v -0.023877 -0.055048 0.081055
v -0.024238 -0.054791 0.081303
v 0.007672 -0.077740 0.059142
v 0.006715 -0.076963 0.059892
v -0.023838 -0.054808 0.081287
v 0.010928 -0.079736 0.057214
v 0.007677 -0.077305 0.059562
v -0.019747 -0.057499 0.078688
v -0.020399 -0.057171 0.079005
v -0.023782 -0.054569 0.081518
v 0.008051 -0.077439 0.059432
v 0.007541 -0.077015 0.059842
v -0.023711 -0.054332 0.081747
v 0.008067 -0.077017 0.059840
v 0.007683 -0.076708 0.060138
v -0.023624 -0.054098 0.081973
v 0.008449 -0.077152 0.059710
v -0.023522 -0.053867 0.082196
v -0.019373 -0.056808 0.079356
v -0.020033 -0.056495 0.079657
v 0.012027 -0.079350 0.057587
v 0.008475 -0.076742 0.060105
v 0.008866 -0.076878 0.059974
v -0.023404 -0.053640 0.082415
v 0.008632 -0.076420 0.060416
v -0.023272 -0.053417 0.082630
v 0.009300 -0.076620 0.060224
v -0.018952 -0.056130 0.080010
v -0.019622 -0.055833 0.080297
v -0.023124 -0.053199 0.082841
v 0.013100 -0.078928 0.057995
v -0.022963 -0.052986 0.083046
v 0.009561 -0.076099 0.060727
v 0.009751 -0.076376 0.060458
v 0.013388 -0.078801 0.058116
v 0.013667 -0.078666 0.058248
v 0.010218 -0.076149 0.060678
v -0.018485 -0.055469 0.080649
v -0.019170 -0.055184 0.080923
v 0.013936 -0.078520 0.058388
v -0.022327 -0.052235 0.083772
v 0.010467 -0.075745 0.061068
v 0.010700 -0.075937 0.060882
v 0.014196 -0.078366 0.058537
v 0.014445 -0.078203 0.058695
v 0.011348 -0.075359 0.061440
v 0.011537 -0.075571 0.061236
v -0.017670 -0.054473 0.081610
v -0.018452 -0.054237 0.081838
v -0.017727 -0.054538 0.081548
v -0.021644 -0.051505 0.084476
v 0.014683 -0.078031 0.058860
v 0.014910 -0.077852 0.059034
v -0.018221 -0.053881 0.082182
v 0.015459 -0.077823 0.059061
v 0.015124 -0.077665 0.059214
v 0.015325 -0.077470 0.059402
v 0.015670 -0.077619 0.059259
v 0.012350 -0.075178 0.061616
v -0.017112 -0.053873 0.082190
v -0.018014 -0.053518 0.082532
v 0.012201 -0.074943 0.061842
v 0.015514 -0.077269 0.059596
v 0.015866 -0.077407 0.059463
v -0.020914 -0.050799 0.085158
v 0.015689 -0.077062 0.059796
v -0.017439 -0.053215 0.082825
v -0.017830 -0.053149 0.082889
v 0.016049 -0.077189 0.059673
v -0.017669 -0.052774 0.083251
v 0.015850 -0.076849 0.060001
v 0.013138 -0.074759 0.062020
v 0.016216 -0.076966 0.059890
v -0.017276 -0.052831 0.083196
v -0.016515 -0.053293 0.082750
v 0.013025 -0.074498 0.062273
v 0.015996 -0.076631 0.060212
v -0.017534 -0.052394 0.083618
v 0.016369 -0.076736 0.060111
v 0.016128 -0.076408 0.060428
v -0.017138 -0.052441 0.083572
v 0.016507 -0.076502 0.060337
v -0.020140 -0.050119 0.085815
v -0.017423 -0.052010 0.083989
v 0.016245 -0.076181 0.060647
v 0.013898 -0.074315 0.062449
v 0.016476 -0.077262 0.059603
v 0.016629 -0.076263 0.060568
v -0.017026 -0.052048 0.083953
v 0.016347 -0.075950 0.060870
v -0.015880 -0.052734 0.083290
v -0.016837 -0.052659 0.083362
v 0.017454 -0.076665 0.060179
v -0.017336 -0.051622 0.084363
v 0.013817 -0.074023 0.062731
v 0.016735 -0.076020 0.060802
v 0.016434 -0.075716 0.061096
v -0.016938 -0.051650 0.084336
v -0.016200 -0.052123 0.083879
v 0.016825 -0.075774 0.061040
v -0.017275 -0.051233 0.084739
v 0.016504 -0.075479 0.061325
v -0.016876 -0.051251 0.084722
v 0.016899 -0.075526 0.061280
v -0.019322 -0.049464 0.086447
v 0.016559 -0.075240 0.061556
v 0.014630 -0.073846 0.062902
v -0.017239 -0.050841 0.085118
v -0.015209 -0.052198 0.083807
v 0.016956 -0.075275 0.061522
v 0.016598 -0.074999 0.061789
v 0.014577 -0.073522 0.063215
v -0.016839 -0.050850 0.085109
v -0.017228 -0.050449 0.085496
v 0.018391 -0.076036 0.060787
v 0.016997 -0.075022 0.061766
v 0.016621 -0.074757 0.062022
v -0.015531 -0.051609 0.084376
v -0.016828 -0.050448 0.085497
v -0.017221 -0.050195 0.085742
v 0.017021 -0.074768 0.062011
v 0.016628 -0.074515 0.062256
v 0.015331 -0.073354 0.063377
v -0.016821 -0.050206 0.085731
v -0.017197 -0.049941 0.085987
v 0.017028 -0.074514 0.062257
v 0.016639 -0.074113 0.062644
v -0.018464 -0.048838 0.087052
v -0.014502 -0.051686 0.084302
v -0.016798 -0.049964 0.085965
v -0.017156 -0.049688 0.086231
v 0.015301 -0.072994 0.063725
v 0.017040 -0.074108 0.062649
v -0.014830 -0.051117 0.084851
v -0.016759 -0.049723 0.086197
v -0.017099 -0.049437 0.086473
v 0.016676 -0.073712 0.063032
v 0.019284 -0.075374 0.061426
v -0.016704 -0.049484 0.086428
v -0.017025 -0.049188 0.086714
v 0.017079 -0.073703 0.063040
v 0.016000 -0.072839 0.063874
v 0.016738 -0.073312 0.063417
v -0.016634 -0.049247 0.086657
v -0.016935 -0.048942 0.086951
v -0.013761 -0.051199 0.084772
v 0.017144 -0.073300 0.063429
v 0.015988 -0.072441 0.064259
v -0.016547 -0.049013 0.086883
v -0.017566 -0.048241 0.087629
v 0.016826 -0.072915 0.063801
v -0.016829 -0.048700 0.087186
v -0.014098 -0.050648 0.085304
v -0.016445 -0.048782 0.087106
v 0.017236 -0.072900 0.063815
v -0.016707 -0.048461 0.087416
v 0.016938 -0.072522 0.064181
v 0.016637 -0.072303 0.064392
v -0.016328 -0.048554 0.087326
v 0.020131 -0.074682 0.062095
v -0.016569 -0.048227 0.087642
v -0.012989 -0.050738 0.085217
v 0.017355 -0.072504 0.064198
v -0.016196 -0.048331 0.087541
v 0.016637 -0.071865 0.064815
v 0.017076 -0.072132 0.064557
v -0.016416 -0.047997 0.087864
v -0.013338 -0.050204 0.085733
v -0.016050 -0.048113 0.087752
v 0.017500 -0.072111 0.064577
v -0.016249 -0.047773 0.088080
v 0.017239 -0.071747 0.064929
v -0.015889 -0.047900 0.087957
v -0.016066 -0.047555 0.088290
v -0.012187 -0.050305 0.085636
v -0.016630 -0.047674 0.088176
v 0.017671 -0.071725 0.064950
v -0.015714 -0.047693 0.088157
v 0.017246 -0.071266 0.065394
v 0.020930 -0.073961 0.062791
v -0.012550 -0.049784 0.086138
v -0.015869 -0.047344 0.088495
v -0.015525 -0.047492 0.088351
v 0.017868 -0.071344 0.065318
v -0.015659 -0.047139 0.088692
v -0.015324 -0.047298 0.088539
v -0.011356 -0.049899 0.086027
v -0.015110 -0.047111 0.088720
v 0.018090 -0.070971 0.065678
v -0.011737 -0.049391 0.086518
v 0.017813 -0.070646 0.065992
v -0.014883 -0.046932 0.088893
v 0.021680 -0.073213 0.063513
v 0.018336 -0.070606 0.066030
v -0.014645 -0.046760 0.089059
v -0.010500 -0.049524 0.086390
v -0.010900 -0.049025 0.086871
v 0.018337 -0.070008 0.066608
v 0.018606 -0.070250 0.066374
v -0.014396 -0.046597 0.089216
v -0.014136 -0.046442 0.089365
v 0.022379 -0.072440 0.064260
v -0.010418 -0.048814 0.087075
v -0.013867 -0.046297 0.089506
v -0.009631 -0.049182 0.086719
v -0.013588 -0.046161 0.089637
v 0.019077 -0.069632 0.066971
v 0.018817 -0.069351 0.067242
v -0.009951 -0.048586 0.087295
v -0.009500 -0.048343 0.087530
v -0.013300 -0.046035 0.089759
v -0.008740 -0.048871 0.087020
v 0.019508 -0.068999 0.067582
v 0.019252 -0.068679 0.067892
v 0.023237 -0.071262 0.065397
v 0.023103 -0.071495 0.065172
v 0.023822 -0.071793 0.064884
v -0.008675 -0.048221 0.087648
v -0.009066 -0.048084 0.087780
v -0.012227 -0.045613 0.090166
v 0.023355 -0.071024 0.065627
v -0.007830 -0.048591 0.087291
v 0.019898 -0.068353 0.068207
v -0.008649 -0.047811 0.088044
v -0.008267 -0.047946 0.087913
v 0.019640 -0.067992 0.068555
v -0.008250 -0.047524 0.088321
v 0.024430 -0.070936 0.065712
v 0.023456 -0.070783 0.065860
v 0.023541 -0.070538 0.066096
v -0.007877 -0.047658 0.088191
v -0.006903 -0.048342 0.087531
v -0.007767 -0.047955 0.087904
v -0.011128 -0.045227 0.090539
v 0.020248 -0.067694 0.068842
v 0.019981 -0.067292 0.069232
v -0.007872 -0.047223 0.088612
v 0.024038 -0.070172 0.066450
v 0.023608 -0.070291 0.066335
v 0.023659 -0.070041 0.066576
v -0.007506 -0.047358 0.088481
v -0.006844 -0.047720 0.088131
v 0.024078 -0.069919 0.066694
v 0.023691 -0.069790 0.066819
v -0.005960 -0.048125 0.087740
v 0.024102 -0.069665 0.066939
v 0.023707 -0.069538 0.067062
v -0.007514 -0.046910 0.088914
v 0.020556 -0.067025 0.069489
v -0.007154 -0.047045 0.088783
v 0.024978 -0.070058 0.066560
v -0.010005 -0.044878 0.090876
v 0.024108 -0.069411 0.067185
v 0.023705 -0.069286 0.067305
v 0.020274 -0.066580 0.069918
v 0.024098 -0.069156 0.067431
v 0.023686 -0.069034 0.067549
v -0.005906 -0.047516 0.088329
v -0.007177 -0.046584 0.089228
v -0.006822 -0.046722 0.089096
v 0.024071 -0.068903 0.067676
v 0.023649 -0.068783 0.067791
v -0.005004 -0.047941 0.087918
v 0.020821 -0.066347 0.070144
v 0.024028 -0.068650 0.067919
v 0.023596 -0.068534 0.068031
v -0.006862 -0.046247 0.089554
v 0.023967 -0.068400 0.068161
v 0.023525 -0.068287 0.068270
v 0.020518 -0.065859 0.070615
v -0.006512 -0.046387 0.089418
v 0.023891 -0.068151 0.068401
v 0.023437 -0.068043 0.068506
v -0.008862 -0.044567 0.091176
v -0.004957 -0.047342 0.088497
v 0.025466 -0.069161 0.067426
v 0.024508 -0.069359 0.067235
v 0.023798 -0.067906 0.068638
v 0.023332 -0.067802 0.068738
v -0.004036 -0.047789 0.088064
v -0.006570 -0.045900 0.089889
v 0.023689 -0.067664 0.068872
v 0.023211 -0.067566 0.068967
v 0.024924 -0.068532 0.068034
v 0.021043 -0.065661 0.070807
v -0.006223 -0.046043 0.089751
v 0.023564 -0.067426 0.069102
v 0.023073 -0.067334 0.069191
v 0.023423 -0.067192 0.069327
v 0.022920 -0.067107 0.069410
v -0.006387 -0.045683 0.090099
v 0.020713 -0.065131 0.071318
v 0.023268 -0.066964 0.069548
v 0.022751 -0.066886 0.069623
v -0.006041 -0.045828 0.089959
v 0.023097 -0.066741 0.069763
v 0.022482 -0.066534 0.069963
v -0.003998 -0.047199 0.088635
v 0.022825 -0.066386 0.070106
v 0.022234 -0.066173 0.070311
v -0.006190 -0.045471 0.090303
v -0.003060 -0.047671 0.088179
v -0.007699 -0.044294 0.091439
v -0.005845 -0.045619 0.090161
v 0.022577 -0.066021 0.070458
v 0.022011 -0.065805 0.070667
v 0.021222 -0.064968 0.071476
v 0.025891 -0.068249 0.068307
v 0.022354 -0.065649 0.070818
v 0.021810 -0.065430 0.071029
v -0.005979 -0.045267 0.090500
v 0.025287 -0.067692 0.068845
v -0.005634 -0.045417 0.090355
v 0.020858 -0.064397 0.072027
v 0.022156 -0.065269 0.071185
v 0.021634 -0.065048 0.071398
v -0.003030 -0.047087 0.088743
v -0.005755 -0.045071 0.090690
v -0.005410 -0.045223 0.090542
v -0.002077 -0.047587 0.088260
v 0.021983 -0.064883 0.071558
v 0.021483 -0.064661 0.071772
v -0.005518 -0.044882 0.090872
v 0.021836 -0.064491 0.071936
v 0.021356 -0.064270 0.072150
v -0.005172 -0.045038 0.090722
v -0.006520 -0.044061 0.091665
v 0.020952 -0.063658 0.072741
v -0.005269 -0.044701 0.091047
v -0.002057 -0.047008 0.088820
v 0.021715 -0.064094 0.072319
v 0.026254 -0.067322 0.069202
v 0.025595 -0.066841 0.069667
v -0.004922 -0.044861 0.090892
v -0.001090 -0.047536 0.088309
v 0.021621 -0.063694 0.072705
v -0.005008 -0.044529 0.091213
v -0.004661 -0.044693 0.091054
v 0.021554 -0.063292 0.073094
v 0.020996 -0.062917 0.073456
v -0.004737 -0.044366 0.091370
v -0.001079 -0.046960 0.088866
v -0.005327 -0.043867 0.091852
v -0.004388 -0.044535 0.091207
v -0.000100 -0.047519 0.088326
v -0.004455 -0.044213 0.091518
v 0.021513 -0.062887 0.073485
v -0.004104 -0.044387 0.091350
v 0.026553 -0.066384 0.070108
v 0.025848 -0.065980 0.070498
v -0.004163 -0.044069 0.091657
v 0.021500 -0.062481 0.073877
v 0.020990 -0.062175 0.074173
v -0.000100 -0.046944 0.088881
v -0.003810 -0.044249 0.091483
v -0.003862 -0.043936 0.091786
v -0.003508 -0.044122 0.091606
v 0.000464 -0.046934 0.088891
v 0.000511 -0.047526 0.088319
v -0.003552 -0.043813 0.091905
v 0.021478 -0.061777 0.074557
v 0.020933 -0.061434 0.074888
v -0.003197 -0.044006 0.091718
v 0.026788 -0.065437 0.071023
v 0.026045 -0.065112 0.071336
v 0.001026 -0.046905 0.088919
v 0.001121 -0.047545 0.088301
v -0.003235 -0.043700 0.092013
v -0.002878 -0.043901 0.091820
v -0.004123 -0.043712 0.092001
v 0.001586 -0.046856 0.088966
v 0.001729 -0.047577 0.088270
v -0.002911 -0.043599 0.092111
v 0.021411 -0.061074 0.075236
v 0.020825 -0.060696 0.075600
v -0.002552 -0.043807 0.091910
v 0.002386 -0.047047 0.088782
v 0.002528 -0.047636 0.088213
v -0.002220 -0.043725 0.091989
v 0.002143 -0.046789 0.089031
v 0.026957 -0.064482 0.071945
v 0.026187 -0.064238 0.072180
v 0.021300 -0.060373 0.075912
v 0.020668 -0.059963 0.076308
v 0.002693 -0.046702 0.089115
v 0.002930 -0.046956 0.088870
v -0.001884 -0.043656 0.092056
v 0.003356 -0.047144 0.088688
v 0.003323 -0.047716 0.088135
v -0.001542 -0.043598 0.092112
v 0.021145 -0.059678 0.076584
v 0.020460 -0.059236 0.077010
v 0.003238 -0.046596 0.089217
v 0.003468 -0.046847 0.088975
v 0.004320 -0.047272 0.088564
v 0.004114 -0.047819 0.088036
v 0.004898 -0.047943 0.087917
v 0.027061 -0.063522 0.072872
v 0.026272 -0.063361 0.073027
v 0.020947 -0.058987 0.077251
v 0.020204 -0.058518 0.077704
v 0.003775 -0.046472 0.089337
v 0.003999 -0.046720 0.089097
v -0.001197 -0.043553 0.092156
v -0.000850 -0.043519 0.092188
v 0.005274 -0.047432 0.088410
v 0.005675 -0.048088 0.087776
v 0.020705 -0.058304 0.077910
v 0.019898 -0.057809 0.078388
v 0.004303 -0.046329 0.089475
v 0.004520 -0.046576 0.089236
v 0.006217 -0.047623 0.088225
v 0.006444 -0.048255 0.087615
v 0.026292 -0.062239 0.074111
v 0.026300 -0.062481 0.073877
v 0.020420 -0.057630 0.078561
v 0.019545 -0.057113 0.079061
v 0.007147 -0.047844 0.088012
v 0.007203 -0.048443 0.087434
v 0.004821 -0.046168 0.089630
v 0.005032 -0.046415 0.089392
v 0.020093 -0.056966 0.079203
v 0.008062 -0.048096 0.087769
v 0.007952 -0.048651 0.087232
v 0.000650 -0.043498 0.092208
v 0.001930 -0.043547 0.092161
v 0.005328 -0.045990 0.089802
v 0.005534 -0.046237 0.089563
v 0.026268 -0.061997 0.074344
v 0.026228 -0.061757 0.074576
v 0.026172 -0.061518 0.074807
v 0.026100 -0.061281 0.075036
v 0.008961 -0.048377 0.087497
v 0.008689 -0.048880 0.087011
v 0.009414 -0.049130 0.086770
v 0.020372 -0.056390 0.079759
v 0.019725 -0.056313 0.079834
v 0.020107 -0.056606 0.079550
v 0.020761 -0.056664 0.079494
v 0.020507 -0.056887 0.079279
v 0.020000 -0.056103 0.080037
v 0.021168 -0.056926 0.079242
v 0.020924 -0.057154 0.079021
v 0.019647 -0.055803 0.080326
v 0.019144 -0.056429 0.079721
v 0.018804 -0.055912 0.080220
v 0.026150 -0.060459 0.075829
v 0.025791 -0.060589 0.075704
v 0.025909 -0.060816 0.075485
v 0.025658 -0.060366 0.075919
v 0.021591 -0.057173 0.079003
v 0.021358 -0.057407 0.078777
v 0.009841 -0.048687 0.087198
v 0.010125 -0.049399 0.086511
v 0.005822 -0.045795 0.089991
v 0.006023 -0.046043 0.089751
v 0.019314 -0.055493 0.080626
v 0.018438 -0.055405 0.080710
v 0.022030 -0.057406 0.078778
v 0.021808 -0.057646 0.078547
v 0.026009 -0.060226 0.076055
v 0.025511 -0.060148 0.076129
v 0.019002 -0.055171 0.080936
v 0.022483 -0.057624 0.078567
v 0.022273 -0.057869 0.078331
v 0.025853 -0.059998 0.076275
v 0.025349 -0.059936 0.076335
v 0.003206 -0.043640 0.092071
v 0.010700 -0.049025 0.086871
v 0.010821 -0.049687 0.086232
v 0.022950 -0.057827 0.078371
v 0.022751 -0.058077 0.078130
v 0.025681 -0.059775 0.076490
v 0.025173 -0.059729 0.076534
v 0.026012 -0.061047 0.075262
v 0.006132 -0.045672 0.090109
v 0.006318 -0.045927 0.089863
v 0.023253 -0.057959 0.078244
v 0.023040 -0.058202 0.078009
v 0.025496 -0.059559 0.076699
v 0.024983 -0.059529 0.076728
v 0.011195 -0.049220 0.086683
v 0.023546 -0.058101 0.078107
v 0.023319 -0.058337 0.077878
v 0.025296 -0.059349 0.076902
v 0.024781 -0.059335 0.076915
v 0.018220 -0.054250 0.081826
v 0.017227 -0.053997 0.082070
v 0.017673 -0.054477 0.081606
v 0.023830 -0.058252 0.077961
v 0.023590 -0.058482 0.077739
v 0.025083 -0.059146 0.077098
v 0.024566 -0.059148 0.077095
v 0.024104 -0.058414 0.077805
v 0.023850 -0.058636 0.077590
v 0.024857 -0.058950 0.077286
v 0.024339 -0.058969 0.077268
v 0.024366 -0.058584 0.077640
v 0.024100 -0.058799 0.077433
v 0.024618 -0.058763 0.077467
v 0.011702 -0.049397 0.086512
v 0.011501 -0.049994 0.085935
v 0.017666 -0.053644 0.082411
v 0.016755 -0.053529 0.082522
v 0.006449 -0.045560 0.090217
v 0.006621 -0.045820 0.089966
v 0.012781 -0.050009 0.085921
v 0.012164 -0.050320 0.085621
v 0.012810 -0.050664 0.085289
v 0.017073 -0.053057 0.082978
v 0.016259 -0.053074 0.082961
v 0.012221 -0.049556 0.086358
v 0.013576 -0.050455 0.085491
v 0.013437 -0.051025 0.084940
v 0.016443 -0.052491 0.083525
v 0.015739 -0.052634 0.083386
v 0.014342 -0.050927 0.085034
v 0.014044 -0.051403 0.084575
v 0.015777 -0.051946 0.084050
v 0.015196 -0.052208 0.083797
v 0.006774 -0.045459 0.090315
v 0.006930 -0.045724 0.090059
v 0.015076 -0.051425 0.084554
v 0.014630 -0.051798 0.084194
v 0.004473 -0.043778 0.091938
v 0.012750 -0.049698 0.086222
v 0.013287 -0.049821 0.086103
v 0.013316 -0.050126 0.085808
v 0.007105 -0.045369 0.090402
v 0.007245 -0.045639 0.090142
v 0.013832 -0.049925 0.086002
v 0.013857 -0.050225 0.085713
v 0.007441 -0.045291 0.090477
v 0.007566 -0.045564 0.090213
v 0.005730 -0.043960 0.091763
v 0.025777 -0.058721 0.077508
v 0.025991 -0.059587 0.076672
v 0.014384 -0.050010 0.085920
v 0.014405 -0.050306 0.085634
v 0.007782 -0.045224 0.090542
v 0.007891 -0.045501 0.090275
v 0.014940 -0.050077 0.085856
v 0.014957 -0.050369 0.085573
v 0.008127 -0.045169 0.090595
v 0.008220 -0.045449 0.090325
v 0.006973 -0.044185 0.091545
v 0.008476 -0.045125 0.090637
v 0.008553 -0.045408 0.090364
v 0.025507 -0.057863 0.078336
v 0.015500 -0.050124 0.085810
v 0.015512 -0.050414 0.085530
v 0.008827 -0.045094 0.090667
v 0.008887 -0.045379 0.090392
v 0.016063 -0.050152 0.085783
v 0.016070 -0.050440 0.085505
v 0.008199 -0.044454 0.091286
v 0.009179 -0.045075 0.090686
v 0.009223 -0.045361 0.090410
v 0.025183 -0.057015 0.079155
v 0.009533 -0.045067 0.090693
v 0.009560 -0.045355 0.090415
v 0.016627 -0.050160 0.085775
v 0.016628 -0.050448 0.085497
v 0.009406 -0.044765 0.090985
v 0.009886 -0.045072 0.090689
v 0.009897 -0.045360 0.090410
v 0.016981 -0.050165 0.085770
v 0.016965 -0.050453 0.085492
v 0.024804 -0.056179 0.079963
v 0.010239 -0.045089 0.090672
v 0.010233 -0.045377 0.090394
v 0.017333 -0.050183 0.085753
v 0.017301 -0.050469 0.085476
v 0.010591 -0.045117 0.090645
v 0.010567 -0.045406 0.090366
v 0.010900 -0.045446 0.090328
v 0.017685 -0.050212 0.085725
v 0.017636 -0.050498 0.085449
v 0.018034 -0.050253 0.085685
v 0.017968 -0.050537 0.085411
v 0.024371 -0.055356 0.080758
v 0.018379 -0.050306 0.085634
v 0.018298 -0.050588 0.085362
v 0.011229 -0.045497 0.090278
v 0.018721 -0.050371 0.085572
v 0.018623 -0.050650 0.085302
v 0.019059 -0.050447 0.085498
v 0.018945 -0.050723 0.085231
v 0.023886 -0.054548 0.081537
v 0.019391 -0.050535 0.085413
v 0.019261 -0.050808 0.085150
v 0.012191 -0.045718 0.090065
v 0.012501 -0.045813 0.089973
v 0.011876 -0.045633 0.090147
v 0.011555 -0.045559 0.090218
v 0.019716 -0.050634 0.085317
v 0.019571 -0.050903 0.085058
v 0.020035 -0.050744 0.085211
v 0.019874 -0.051008 0.084956
v 0.023350 -0.053758 0.082301
v 0.020346 -0.050865 0.085095
v 0.020170 -0.051124 0.084845
v 0.020649 -0.050996 0.084968
v 0.020458 -0.051250 0.084723
v 0.012804 -0.045919 0.089871
v 0.013100 -0.046035 0.089759
v 0.020943 -0.051138 0.084831
v 0.020737 -0.051385 0.084592
v 0.021228 -0.051289 0.084685
v 0.021007 -0.051530 0.084452
v 0.021267 -0.051684 0.084303
v 0.022763 -0.052986 0.083046
v 0.022588 -0.052779 0.083246
v 0.022399 -0.052578 0.083440
v 0.014144 -0.046492 0.089317
v 0.022197 -0.052384 0.083627
v 0.021982 -0.052198 0.083808
v 0.021755 -0.052018 0.083981
v 0.015159 -0.046984 0.088842
v 0.021517 -0.051847 0.084146
v 0.016140 -0.047509 0.088335
v 0.017086 -0.048066 0.087797
v 0.017996 -0.048654 0.087230
v 0.020484 -0.050590 0.085360
v 0.019697 -0.049918 0.086009
v 0.018867 -0.049272 0.086633
v -0.022340 -0.072630 0.064077
v -0.022113 -0.072822 0.063891
v -0.021873 -0.073005 0.063714
v -0.021873 -0.064669 0.055082
v -0.021620 -0.064844 0.054913
v -0.021081 -0.065166 0.054602
v -0.020499 -0.073784 0.062962
v -0.020195 -0.073909 0.062841
v -0.020195 -0.065573 0.054209
v -0.019882 -0.074023 0.062731
v -0.019562 -0.065790 0.054000
v -0.019235 -0.074216 0.062544
v -0.018902 -0.074296 0.062468
v -0.018902 -0.065960 0.053836
v -0.017876 -0.066125 0.053676
v -0.017529 -0.074491 0.062279
v -0.017529 -0.066155 0.053647
v -0.017179 -0.066173 0.053629
v -0.016828 -0.074515 0.062256
v 0.015459 -0.077823 0.059061
v 0.017454 -0.068330 0.051547
v 0.018391 -0.076036 0.060787
v 0.018391 -0.067700 0.052155
v 0.020131 -0.066346 0.053463
v 0.021680 -0.073213 0.063513
v 0.022379 -0.064104 0.055628
v 0.015459 -0.069487 0.050429
v 0.015670 -0.069283 0.050627
v 0.015670 -0.077619 0.059259
v 0.015866 -0.069071 0.050831
v 0.015866 -0.077407 0.059463
v 0.016049 -0.068853 0.051041
v 0.016049 -0.077189 0.059673
v 0.016216 -0.068630 0.051257
v 0.016369 -0.076736 0.060111
v 0.016369 -0.068400 0.051479
v 0.016507 -0.068166 0.051705
v 0.016507 -0.076502 0.060337
v 0.016629 -0.067927 0.051936
v 0.016629 -0.076263 0.060568
v 0.016735 -0.067684 0.052170
v 0.016735 -0.076020 0.060802
v 0.016825 -0.075774 0.061040
v 0.016825 -0.067438 0.052408
v 0.016899 -0.075526 0.061280
v 0.016899 -0.067190 0.052648
v 0.016956 -0.066939 0.052890
v 0.016997 -0.075022 0.061766
v 0.017021 -0.066432 0.053379
v 0.017021 -0.074768 0.062011
v 0.017028 -0.074514 0.062257
v 0.018336 -0.062270 0.057398
v 0.018090 -0.062635 0.057046
v 0.017671 -0.071725 0.064950
v 0.017355 -0.064168 0.055566
v 0.017236 -0.064564 0.055183
v 0.017236 -0.072900 0.063815
v 0.017040 -0.074108 0.062649
v 0.017028 -0.074514 0.062257
v 0.020556 -0.067025 0.069489
v 0.021356 -0.055934 0.063518
v 0.021356 -0.055934 0.063518
v 0.021483 -0.056325 0.063140
v 0.021634 -0.065048 0.071398
v 0.021634 -0.056712 0.062766
v 0.021810 -0.065430 0.071029
v 0.021810 -0.057094 0.062397
v 0.022011 -0.057469 0.062035
v 0.022011 -0.065805 0.070667
v 0.022234 -0.057837 0.061679
v 0.022234 -0.066173 0.070311
v 0.022482 -0.058198 0.061331
v 0.022482 -0.066534 0.069963
v 0.022751 -0.066886 0.069623
v 0.022751 -0.058550 0.060991
v 0.023237 -0.062926 0.056765
v 0.023456 -0.062447 0.057228
v 0.023691 -0.061454 0.058187
v 0.023691 -0.069790 0.066819
v 0.023686 -0.060698 0.058917
v 0.023332 -0.059466 0.060106
v 0.023332 -0.067802 0.068738
v 0.023073 -0.058998 0.060559
v 0.022920 -0.058771 0.060778
v 0.022751 -0.058550 0.060991
v 0.022751 -0.066886 0.069623
v 0.023822 -0.063457 0.056252
v 0.024434 -0.062593 0.057087
v 0.024986 -0.061707 0.057942
v 0.025477 -0.060803 0.058815
v 0.025904 -0.059883 0.059704
v 0.026268 -0.058948 0.060606
v 0.026566 -0.058002 0.061520
v 0.026799 -0.057046 0.062443
v 0.026966 -0.056083 0.063373
v 0.027066 -0.055116 0.064308
v 0.027100 -0.054145 0.065245
v 0.027100 -0.054121 0.065268
v 0.027100 -0.054097 0.065291
v 0.009406 -0.044765 0.090985
v 0.005730 -0.043960 0.091763
v 0.005730 -0.035624 0.083131
v 0.004473 -0.035442 0.083306
v 0.001930 -0.043547 0.092161
v 0.000650 -0.035163 0.083576
v 0.010591 -0.036782 0.082013
v 0.010239 -0.036753 0.082040
v 0.010591 -0.045117 0.090645
v 0.010239 -0.045089 0.090672
v 0.009886 -0.036736 0.082057
v 0.009886 -0.045072 0.090689
v 0.009533 -0.036731 0.082061
v 0.009533 -0.045067 0.090693
v 0.009179 -0.036739 0.082054
v 0.009179 -0.045075 0.090686
v 0.008827 -0.045094 0.090667
v 0.008476 -0.036789 0.082005
v 0.008476 -0.045125 0.090637
v 0.008127 -0.036833 0.081963
v 0.008127 -0.045169 0.090595
v 0.007782 -0.036888 0.081910
v 0.007782 -0.045224 0.090542
v 0.007105 -0.045369 0.090402
v 0.007105 -0.037033 0.081770
v 0.006774 -0.037123 0.081683
v 0.006774 -0.045459 0.090315
v 0.006449 -0.037224 0.081585
v 0.006449 -0.045560 0.090217
v 0.006132 -0.037336 0.081477
v 0.006132 -0.045672 0.090109
v 0.005822 -0.037459 0.081359
v 0.005822 -0.045795 0.089991
v 0.003238 -0.046596 0.089217
v 0.004303 -0.046329 0.089475
v 0.004821 -0.037833 0.080998
v 0.005328 -0.037654 0.081170
v 0.005328 -0.045990 0.089802
v -0.001079 -0.046960 0.088866
v -0.005906 -0.039180 0.079697
v -0.006844 -0.039384 0.079499
v -0.007767 -0.047955 0.087904
v -0.007877 -0.047658 0.088191
v -0.007154 -0.047045 0.088783
v -0.001197 -0.035217 0.083524
v -0.001197 -0.043553 0.092156
v -0.001884 -0.043656 0.092056
v -0.002220 -0.035389 0.083357
v -0.002552 -0.035471 0.083278
v -0.002878 -0.043901 0.091820
v -0.003197 -0.044006 0.091718
v -0.003508 -0.044122 0.091606
v -0.003810 -0.035913 0.082851
v -0.004388 -0.044535 0.091207
v -0.004661 -0.036357 0.082422
v -0.004661 -0.044693 0.091054
v -0.004922 -0.036525 0.082260
v -0.005172 -0.036702 0.082090
v -0.005845 -0.045619 0.090161
v -0.006041 -0.037492 0.081327
v -0.006041 -0.045828 0.089959
v -0.025954 -0.066325 0.070165
v -0.024436 -0.061507 0.058136
v -0.023329 -0.071506 0.065162
v -0.023329 -0.063170 0.056530
v -0.026209 -0.056401 0.063067
v -0.026209 -0.064737 0.071699
v -0.026053 -0.056629 0.062846
v -0.025881 -0.056852 0.062631
v -0.025496 -0.065614 0.070852
v -0.025496 -0.057278 0.062220
v -0.024030 -0.058374 0.061161
v -0.019416 -0.069568 0.067033
v -0.020114 -0.060595 0.059017
v -0.022668 -0.067346 0.069179
v -0.017751 -0.063101 0.056596
v -0.017168 -0.072004 0.064681
v -0.016550 -0.072551 0.064153
v -0.016550 -0.064215 0.055521
v -0.015898 -0.064741 0.055012
v -0.015898 -0.073077 0.063644
v -0.012981 -0.066618 0.053200
v -0.013516 -0.066501 0.053313
v -0.012981 -0.074954 0.061832
v -0.013516 -0.074837 0.061945
v -0.014057 -0.066402 0.053409
v -0.014605 -0.074657 0.062119
v -0.014605 -0.066321 0.053487
v -0.015157 -0.066258 0.053548
v -0.015157 -0.074594 0.062180
v -0.015712 -0.066213 0.053591
v -0.015712 -0.074549 0.062223
v -0.016270 -0.066187 0.053617
v -0.016270 -0.074523 0.062248
v -0.016828 -0.066179 0.053624
v -0.010900 -0.075937 0.060882
v -0.011902 -0.075566 0.061241
v -0.012421 -0.075406 0.061395
v -0.012950 -0.075265 0.061532
v -0.014032 -0.075038 0.061751
v -0.015140 -0.066550 0.053266
v -0.015140 -0.074886 0.061898
v -0.016263 -0.066475 0.053338
v -0.016263 -0.074811 0.061970
v -0.016827 -0.074802 0.061978
v -0.010041 -0.076276 0.060556
v -0.008262 -0.076867 0.059985
v -0.003556 -0.069483 0.050433
v -0.002586 -0.077916 0.058972
v -0.021428 -0.065338 0.054436
v -0.021143 -0.065489 0.054290
v -0.021428 -0.073674 0.063068
v -0.021143 -0.073825 0.062922
v -0.020849 -0.065631 0.054154
v -0.020849 -0.073967 0.062786
v -0.020546 -0.065762 0.054027
v -0.020546 -0.074098 0.062659
v -0.020235 -0.065883 0.053910
v -0.020235 -0.074219 0.062542
v -0.019591 -0.066092 0.053708
v -0.019259 -0.066179 0.053623
v -0.019259 -0.074515 0.062256
v -0.018921 -0.066256 0.053550
v -0.018579 -0.066321 0.053487
v -0.018234 -0.074710 0.062068
v -0.018234 -0.066374 0.053436
v -0.017885 -0.066415 0.053396
v -0.017885 -0.074751 0.062028
v -0.017533 -0.066444 0.053368
v -0.017181 -0.066461 0.053351
v -0.017181 -0.074797 0.061983
v -0.016827 -0.066467 0.053346
v -0.002586 -0.069580 0.050340
v -0.003130 -0.069671 0.050252
v -0.002586 -0.077916 0.058972
v -0.003130 -0.078007 0.058884
v -0.003668 -0.078116 0.058779
v -0.003668 -0.069780 0.050147
v -0.004198 -0.078242 0.058656
v -0.004198 -0.069907 0.050024
v -0.004720 -0.070050 0.049885
v -0.004720 -0.078386 0.058517
v -0.005232 -0.070212 0.049730
v -0.005232 -0.078547 0.058362
v -0.005734 -0.070389 0.049558
v -0.005734 -0.078725 0.058190
v -0.006223 -0.078919 0.058003
v -0.006223 -0.070583 0.049371
v -0.021428 -0.065338 0.054436
v -0.020684 -0.074372 0.062394
v -0.019897 -0.075045 0.061744
v -0.019067 -0.075691 0.061120
v -0.018196 -0.067973 0.051892
v -0.016340 -0.077454 0.059418
v -0.015358 -0.077979 0.058911
v -0.014344 -0.078470 0.058436
v -0.013300 -0.078928 0.057995
v -0.012701 -0.079150 0.057780
v -0.011100 -0.071181 0.048793
v -0.010767 -0.071221 0.048755
v -0.010767 -0.079557 0.057387
v -0.010097 -0.071266 0.048711
v -0.009760 -0.079608 0.057338
v -0.009087 -0.071248 0.048729
v -0.008752 -0.071219 0.048757
v -0.008420 -0.079514 0.057429
v -0.007130 -0.070903 0.049062
v -0.006518 -0.079036 0.057890
v -0.006223 -0.078919 0.058003
v -0.021713 -0.053740 0.065636
v -0.021700 -0.054145 0.065245
v -0.021700 -0.062481 0.073877
v -0.021754 -0.061671 0.074659
v -0.021821 -0.061268 0.075048
v -0.021915 -0.052532 0.066802
v -0.022183 -0.060080 0.076196
v -0.022554 -0.059314 0.076935
v -0.023025 -0.050241 0.069015
v -0.021611 -0.063889 0.072517
v -0.021611 -0.055553 0.063885
v -0.020905 -0.058322 0.061211
v -0.020620 -0.058997 0.060560
v -0.020293 -0.059661 0.059918
v -0.019925 -0.060314 0.059288
v -0.024238 -0.046455 0.072671
v -0.024278 -0.046708 0.072427
v -0.024238 -0.054791 0.081303
v -0.024278 -0.055044 0.081059
v -0.024302 -0.046962 0.072182
v -0.024302 -0.055298 0.080814
v -0.024308 -0.047216 0.071936
v -0.024308 -0.055552 0.080568
v -0.024298 -0.047470 0.071691
v -0.024298 -0.055806 0.080323
v -0.024271 -0.056060 0.080078
v -0.024271 -0.047724 0.071446
v -0.024227 -0.047976 0.071202
v -0.024227 -0.056312 0.079834
v -0.024167 -0.048227 0.070960
v -0.024167 -0.056563 0.079592
v -0.024091 -0.048476 0.070720
v -0.024091 -0.056811 0.079352
v -0.023998 -0.057057 0.079115
v -0.023998 -0.048721 0.070483
v -0.023889 -0.057299 0.078881
v -0.023889 -0.048963 0.070249
v -0.023764 -0.049201 0.070019
v -0.023764 -0.057537 0.078652
v -0.023623 -0.049434 0.069794
v -0.023623 -0.057770 0.078426
v -0.023468 -0.049663 0.069574
v -0.023468 -0.057999 0.078206
v -0.023297 -0.049886 0.069358
v -0.023297 -0.058221 0.077990
v -0.020307 -0.068356 0.068203
v -0.021124 -0.059473 0.060100
v -0.021558 -0.067555 0.068977
v -0.022951 -0.058550 0.060991
v -0.024708 -0.047267 0.071886
v -0.024238 -0.046455 0.072671
v -0.024708 -0.055604 0.080519
v -0.025124 -0.048095 0.071088
v -0.026048 -0.050647 0.068623
v -0.026245 -0.051515 0.067785
v -0.026387 -0.052388 0.066941
v -0.026472 -0.053266 0.066094
v -0.026500 -0.054145 0.065245
v -0.026500 -0.062481 0.073877
v -0.026492 -0.054388 0.065011
v -0.026468 -0.062965 0.073409
v -0.026372 -0.063445 0.072946
v -0.026300 -0.063682 0.072717
v -0.025991 -0.056038 0.063417
v -0.025711 -0.056478 0.062992
v -0.025549 -0.056691 0.062787
v -0.025183 -0.065434 0.071025
v -0.024539 -0.057657 0.061853
v -0.024300 -0.057828 0.061688
v -0.023519 -0.058289 0.061243
v -0.023240 -0.058424 0.061112
v -0.009951 -0.048586 0.087295
v -0.009500 -0.048343 0.087530
v -0.009066 -0.039748 0.079148
v -0.008649 -0.047811 0.088044
v -0.008250 -0.047524 0.088321
v -0.007514 -0.046910 0.088914
v -0.007177 -0.046584 0.089228
v -0.006570 -0.037564 0.081257
v -0.012550 -0.041449 0.077506
v -0.014830 -0.042781 0.076219
v -0.015531 -0.051609 0.084376
v -0.016200 -0.043788 0.075247
v -0.017439 -0.044879 0.074193
v -0.017439 -0.053215 0.082825
v -0.002911 -0.035263 0.083479
v -0.003552 -0.035477 0.083273
v -0.003552 -0.043813 0.091905
v -0.004455 -0.044213 0.091518
v -0.004455 -0.035877 0.082886
v -0.005008 -0.036193 0.082581
v -0.005008 -0.044529 0.091213
v -0.005269 -0.044701 0.091047
v -0.005755 -0.036735 0.082058
v -0.006190 -0.037136 0.081671
v -0.006387 -0.037347 0.081467
v -0.006387 -0.045683 0.090099
v -0.017439 -0.044879 0.074193
v -0.017276 -0.044495 0.074564
v -0.017439 -0.053215 0.082825
v -0.017276 -0.052831 0.083196
v -0.017026 -0.052048 0.083953
v -0.017026 -0.043712 0.075320
v -0.016938 -0.043315 0.075704
v -0.016938 -0.051650 0.084336
v -0.016876 -0.042915 0.076090
v -0.016876 -0.051251 0.084722
v -0.016839 -0.042514 0.076477
v -0.016839 -0.050850 0.085109
v -0.016828 -0.050448 0.085497
v -0.016828 -0.042112 0.076865
v -0.004123 -0.035377 0.083369
v -0.005327 -0.043867 0.091852
v -0.006520 -0.044061 0.091665
v -0.007699 -0.035959 0.082807
v -0.007699 -0.044294 0.091439
v -0.010005 -0.044878 0.090876
v -0.011128 -0.045227 0.090539
v -0.011128 -0.036891 0.081907
v -0.012227 -0.037277 0.081534
v -0.012227 -0.045613 0.090166
v -0.013867 -0.046297 0.089506
v -0.014136 -0.038107 0.080733
v -0.014396 -0.038261 0.080584
v -0.014645 -0.046760 0.089059
v -0.014883 -0.038595 0.080261
v -0.015889 -0.047900 0.087957
v -0.016050 -0.048113 0.087752
v -0.016196 -0.039996 0.078909
v -0.016196 -0.048331 0.087541
v -0.016328 -0.048554 0.087326
v -0.016547 -0.049013 0.086883
v -0.016704 -0.049484 0.086428
v -0.016759 -0.041387 0.077565
v -0.016798 -0.049964 0.085965
v -0.016821 -0.041870 0.077099
v -0.016828 -0.050448 0.085497
v 0.010700 -0.067602 0.052250
v 0.010218 -0.076149 0.060678
v 0.009751 -0.076376 0.060458
v 0.009300 -0.068284 0.051591
v 0.008449 -0.077152 0.059710
v 0.006977 -0.070043 0.049893
v 0.006977 -0.078379 0.058525
v 0.006370 -0.070726 0.049232
v 0.011537 -0.067235 0.052604
v 0.011537 -0.075571 0.061236
v 0.012350 -0.066842 0.052983
v 0.013898 -0.074315 0.062449
v 0.014630 -0.065510 0.054270
v 0.014630 -0.073846 0.062902
v 0.015331 -0.065018 0.054745
v 0.017239 -0.063411 0.056297
v 0.003035 -0.072927 0.047108
v 0.003035 -0.081262 0.055740
v 0.003963 -0.080894 0.056096
v 0.004255 -0.080750 0.056235
v 0.004255 -0.072414 0.047603
v 0.005069 -0.071926 0.048074
v 0.005318 -0.080081 0.056881
v 0.005990 -0.071155 0.048818
v 0.005990 -0.079491 0.057450
v 0.006187 -0.070944 0.049022
v 0.017076 -0.063796 0.055925
v 0.017076 -0.072132 0.064557
v 0.016938 -0.064186 0.055549
v 0.016826 -0.072915 0.063801
v 0.016826 -0.064579 0.055169
v 0.016738 -0.073312 0.063417
v 0.016676 -0.073712 0.063032
v 0.016639 -0.074113 0.062644
v 0.016628 -0.066179 0.053624
v 0.003923 -0.072914 0.047120
v 0.003923 -0.081250 0.055752
v 0.006320 -0.080902 0.056088
v 0.007499 -0.072332 0.047682
v 0.008662 -0.072060 0.047945
v 0.010928 -0.079736 0.057214
v 0.012027 -0.071014 0.048955
v 0.013100 -0.070592 0.049363
v 0.013667 -0.078666 0.058248
v 0.014196 -0.070030 0.049905
v 0.014196 -0.078366 0.058537
v 0.014445 -0.078203 0.058695
v 0.014683 -0.069695 0.050228
v 0.014910 -0.069516 0.050402
v 0.014910 -0.077852 0.059034
v 0.015325 -0.077470 0.059402
v 0.015514 -0.077269 0.059596
v 0.015689 -0.077062 0.059796
v 0.015996 -0.068295 0.051580
v 0.015996 -0.076631 0.060212
v 0.016128 -0.068072 0.051795
v 0.016245 -0.067845 0.052015
v 0.016245 -0.076181 0.060647
v 0.016434 -0.067380 0.052464
v 0.016559 -0.075240 0.061556
v 0.016598 -0.074999 0.061789
v 0.016621 -0.074757 0.062022
v 0.001657 -0.077968 0.058922
v 0.001657 -0.069632 0.050290
v 0.002660 -0.069556 0.050363
v 0.003656 -0.069446 0.050469
v 0.004645 -0.069304 0.050606
v 0.005623 -0.077464 0.059408
v 0.007541 -0.077015 0.059842
v 0.008067 -0.077017 0.059840
v 0.006954 -0.077917 0.058970
v 0.006312 -0.078575 0.058335
v 0.006023 -0.078919 0.058003
v 0.000573 -0.081449 0.055560
v 0.001894 -0.072929 0.047105
v 0.002215 -0.072855 0.047177
v 0.002840 -0.081010 0.055983
v 0.004274 -0.072043 0.047961
v 0.004533 -0.080225 0.056742
v 0.005246 -0.071374 0.048607
v 0.005459 -0.079522 0.057420
v 0.005661 -0.070992 0.048976
v -0.010791 -0.071509 0.048477
v -0.009661 -0.080183 0.056783
v -0.007344 -0.072407 0.047609
v -0.006160 -0.080965 0.056027
v -0.004964 -0.072811 0.047220
v -0.004964 -0.081147 0.055852
v -0.002542 -0.081391 0.055616
v -0.001322 -0.073116 0.046925
v -0.001322 -0.081452 0.055557
v -0.010791 -0.071509 0.048477
v -0.010439 -0.071538 0.048449
v -0.010791 -0.079845 0.057109
v -0.010439 -0.079874 0.057081
v -0.010086 -0.071555 0.048433
v -0.010086 -0.079891 0.057065
v -0.009733 -0.071559 0.048428
v -0.009733 -0.079895 0.057060
v -0.009379 -0.071552 0.048435
v -0.009379 -0.079888 0.057067
v -0.009027 -0.079869 0.057086
v -0.009027 -0.071533 0.048454
v -0.008676 -0.071501 0.048484
v -0.008676 -0.079837 0.057116
v -0.008327 -0.071458 0.048526
v -0.008327 -0.079794 0.057158
v -0.007982 -0.071403 0.048579
v -0.007982 -0.079739 0.057211
v -0.007641 -0.079672 0.057276
v -0.007641 -0.071336 0.048644
v -0.007305 -0.079593 0.057352
v -0.007305 -0.071258 0.048720
v -0.006974 -0.071168 0.048806
v -0.006974 -0.079504 0.057438
v -0.006649 -0.071067 0.048904
v -0.006649 -0.079403 0.057536
v -0.006332 -0.070955 0.049012
v -0.006332 -0.079291 0.057644
v -0.006022 -0.070832 0.049130
v -0.006022 -0.079168 0.057762
v -0.002470 -0.069857 0.050072
v -0.003002 -0.069944 0.049988
v -0.004555 -0.078649 0.058264
v -0.005544 -0.070643 0.049313
v 0.000000 -0.067377 0.049102
v 0.001047 -0.067359 0.049121
v 0.002091 -0.067304 0.049178
v 0.000000 -0.147224 0.126209
v 0.003130 -0.067214 0.049271
v 0.001047 -0.147206 0.126228
v 0.004161 -0.067088 0.049402
v 0.002091 -0.147151 0.126284
v 0.005182 -0.066926 0.049569
v 0.003130 -0.147061 0.126378
v 0.006190 -0.066729 0.049774
v 0.004161 -0.146934 0.126509
v 0.007182 -0.066497 0.050013
v 0.005182 -0.146773 0.126676
v 0.008157 -0.066231 0.050289
v 0.006190 -0.146576 0.126880
v 0.009111 -0.065932 0.050598
v 0.007182 -0.146344 0.127120
v 0.010043 -0.065600 0.050942
v 0.008157 -0.146078 0.127395
v 0.010950 -0.065237 0.051319
v 0.009111 -0.145779 0.127705
v 0.011830 -0.064842 0.051727
v 0.010043 -0.145447 0.128049
v 0.012680 -0.064418 0.052167
v 0.010950 -0.145084 0.128426
v 0.013498 -0.063964 0.052637
v 0.011830 -0.144689 0.128834
v 0.014284 -0.063483 0.053135
v 0.012680 -0.144264 0.129274
v 0.015033 -0.062975 0.053661
v 0.013499 -0.143811 0.129744
v 0.015745 -0.062442 0.054213
v 0.014284 -0.143330 0.130242
v 0.016418 -0.061884 0.054790
v 0.015033 -0.142822 0.130768
v 0.017051 -0.061305 0.055390
v 0.015745 -0.142288 0.131320
v 0.017640 -0.060704 0.056013
v 0.016418 -0.141731 0.131897
v 0.018186 -0.060083 0.056656
v 0.017051 -0.141151 0.132497
v 0.018687 -0.059444 0.057317
v 0.017640 -0.140550 0.133120
v 0.019142 -0.058789 0.057996
v 0.018186 -0.139930 0.133762
v 0.019548 -0.058119 0.058690
v 0.018687 -0.139291 0.134424
v 0.019906 -0.057435 0.059397
v 0.019142 -0.138636 0.135102
v 0.020215 -0.056740 0.060117
v 0.019548 -0.137965 0.135797
v 0.020473 -0.056035 0.060847
v 0.019906 -0.137282 0.136504
v 0.020681 -0.055322 0.061585
v 0.020215 -0.136587 0.137224
v 0.020837 -0.054603 0.062330
v 0.020473 -0.135882 0.137954
v 0.020941 -0.053879 0.063080
v 0.020681 -0.135169 0.138692
v 0.020993 -0.053153 0.063832
v 0.020837 -0.134450 0.139437
v 0.020993 -0.052425 0.064585
v 0.020941 -0.133726 0.140187
v 0.020941 -0.051699 0.065337
v 0.020993 -0.132999 0.140939
v 0.020837 -0.050975 0.066087
v 0.020993 -0.132272 0.141692
v 0.020681 -0.050256 0.066832
v 0.020941 -0.131546 0.142444
v 0.020473 -0.049543 0.067570
v 0.020837 -0.130822 0.143194
v 0.020215 -0.048838 0.068300
v 0.020681 -0.130103 0.143939
v 0.019906 -0.048143 0.069020
v 0.020473 -0.129390 0.144677
v 0.019548 -0.047460 0.069727
v 0.020215 -0.128685 0.145407
v 0.019142 -0.046789 0.070422
v 0.019906 -0.127990 0.146127
v 0.018687 -0.046134 0.071100
v 0.019548 -0.127306 0.146834
v 0.018186 -0.045495 0.071762
v 0.019142 -0.126636 0.147528
v 0.017640 -0.044874 0.072404
v 0.018687 -0.125981 0.148207
v 0.017051 -0.044274 0.073027
v 0.018186 -0.125342 0.148869
v 0.016418 -0.043694 0.073627
v 0.017640 -0.124721 0.149511
v 0.015745 -0.043137 0.074204
v 0.017051 -0.124120 0.150134
v 0.015033 -0.042603 0.074756
v 0.016418 -0.123540 0.150734
v 0.014284 -0.042095 0.075282
v 0.015745 -0.122983 0.151311
v 0.013498 -0.041614 0.075781
v 0.015033 -0.122450 0.151863
v 0.012680 -0.041161 0.076250
v 0.014284 -0.121942 0.152389
v 0.011830 -0.040736 0.076690
v 0.013498 -0.121461 0.152887
v 0.012680 -0.121007 0.153357
v 0.010043 -0.039978 0.077475
v 0.010950 -0.040341 0.077098
v 0.011830 -0.120583 0.153797
v 0.009111 -0.039646 0.077819
v 0.010950 -0.120188 0.154205
v 0.008157 -0.039347 0.078129
v 0.010043 -0.119824 0.154582
v 0.007182 -0.039081 0.078404
v 0.009111 -0.119493 0.154926
v 0.006190 -0.038849 0.078644
v 0.008157 -0.119194 0.155235
v 0.005182 -0.038652 0.078848
v 0.007182 -0.118928 0.155511
v 0.004161 -0.038490 0.079015
v 0.006190 -0.118696 0.155750
v 0.003130 -0.038364 0.079146
v 0.005182 -0.118499 0.155954
v 0.002091 -0.038274 0.079240
v 0.004161 -0.118337 0.156122
v 0.001047 -0.038219 0.079296
v 0.003130 -0.118211 0.156253
v 0.000000 -0.038201 0.079315
v 0.002091 -0.118120 0.156346
v -0.001047 -0.038219 0.079296
v 0.001047 -0.118066 0.156403
v 0.000797 -0.047433 0.088209
v -0.002091 -0.038274 0.079240
v 0.000000 -0.118048 0.156422
v -0.000143 -0.047327 0.088126
v -0.003130 -0.038364 0.079146
v -0.001047 -0.118066 0.156403
v -0.001087 -0.047258 0.088022
v -0.002032 -0.047228 0.087894
v -0.004161 -0.038490 0.079015
v -0.002091 -0.118120 0.156346
v -0.002977 -0.047235 0.087743
v -0.005182 -0.038652 0.078848
v -0.003130 -0.118211 0.156253
v -0.003919 -0.047281 0.087569
v -0.006190 -0.038849 0.078644
v -0.004161 -0.118337 0.156122
v -0.004856 -0.047364 0.087372
v -0.007182 -0.039081 0.078404
v -0.005182 -0.118499 0.155954
v -0.005785 -0.047486 0.087152
v -0.008157 -0.039347 0.078129
v -0.006190 -0.118696 0.155750
v -0.006704 -0.047647 0.086908
v -0.009111 -0.039646 0.077819
v -0.007182 -0.118928 0.155511
v -0.007610 -0.047845 0.086643
v -0.010043 -0.039978 0.077475
v -0.008157 -0.119194 0.155235
v -0.008502 -0.048081 0.086355
v -0.010950 -0.040341 0.077098
v -0.009111 -0.119493 0.154926
v -0.009377 -0.048354 0.086048
v -0.011830 -0.040736 0.076690
v -0.010043 -0.119824 0.154582
v -0.010232 -0.048666 0.085720
v -0.012680 -0.041161 0.076250
v -0.010950 -0.120188 0.154205
v -0.011066 -0.049015 0.085375
v -0.013498 -0.041614 0.075781
v -0.011830 -0.120583 0.153797
v -0.011876 -0.049401 0.085014
v -0.014284 -0.042095 0.075282
v -0.012680 -0.121007 0.153357
v -0.012659 -0.049825 0.084639
v -0.013339 -0.050237 0.084292
v -0.015033 -0.042603 0.074756
v -0.013498 -0.121461 0.152887
v -0.013930 -0.050634 0.083973
v -0.015745 -0.043137 0.074204
v -0.014284 -0.121942 0.152389
v -0.014499 -0.051055 0.083651
v -0.016418 -0.043694 0.073627
v -0.015033 -0.122450 0.151863
v -0.015046 -0.051499 0.083329
v -0.015567 -0.051966 0.083008
v -0.017051 -0.044274 0.073027
v -0.015745 -0.122983 0.151311
v -0.016063 -0.052456 0.082691
v -0.017640 -0.044874 0.072404
v -0.016418 -0.123540 0.150734
v -0.016531 -0.052966 0.082383
v -0.018186 -0.045495 0.071762
v -0.017051 -0.124120 0.150134
v -0.016970 -0.053497 0.082088
v -0.017339 -0.053988 0.081836
v -0.018687 -0.046134 0.071100
v -0.017640 -0.124721 0.149511
v -0.017507 -0.054229 0.081721
v -0.019141 -0.046789 0.070422
v -0.018186 -0.125342 0.148869
v -0.019548 -0.047460 0.069727
v -0.018687 -0.125981 0.148207
v -0.019906 -0.048143 0.069020
v -0.019141 -0.126636 0.147528
v -0.020215 -0.048838 0.068300
v -0.019548 -0.127306 0.146834
v -0.020473 -0.049543 0.067570
v -0.019906 -0.127990 0.146127
v -0.020681 -0.050256 0.066832
v -0.020215 -0.128685 0.145407
v -0.020837 -0.050975 0.066087
v -0.020473 -0.129390 0.144677
v -0.020941 -0.051699 0.065337
v -0.020681 -0.130103 0.143939
v -0.020993 -0.052425 0.064585
v -0.020837 -0.130822 0.143194
v -0.020993 -0.053153 0.063832
v -0.020941 -0.131546 0.142444
v -0.020941 -0.053879 0.063080
v -0.020993 -0.132272 0.141692
v -0.020837 -0.054603 0.062330
v -0.020993 -0.132999 0.140939
v -0.020681 -0.055322 0.061585
v -0.020941 -0.133726 0.140187
v -0.020473 -0.056035 0.060847
v -0.020837 -0.134450 0.139437
v -0.020215 -0.056740 0.060117
v -0.020681 -0.135169 0.138692
v -0.019906 -0.057435 0.059397
v -0.020473 -0.135882 0.137954
v -0.019548 -0.058119 0.058690
v -0.020215 -0.136587 0.137224
v -0.019141 -0.058789 0.057996
v -0.019906 -0.137282 0.136504
v -0.018687 -0.059444 0.057317
v -0.019548 -0.137965 0.135797
v -0.018186 -0.060083 0.056656
v -0.019141 -0.138636 0.135102
v -0.017640 -0.060704 0.056013
v -0.018687 -0.139291 0.134424
v -0.017051 -0.061305 0.055390
v -0.018186 -0.139930 0.133762
v -0.016418 -0.061884 0.054790
v -0.017640 -0.140550 0.133120
v -0.015745 -0.062442 0.054213
v -0.017051 -0.141151 0.132497
v -0.015123 -0.064563 0.055325
v -0.015033 -0.062975 0.053661
v -0.016418 -0.141731 0.131897
v -0.014284 -0.063483 0.053135
v -0.014555 -0.065031 0.054987
v -0.015745 -0.142288 0.131320
v -0.013498 -0.063964 0.052637
v -0.013961 -0.065473 0.054650
v -0.015033 -0.142822 0.130768
v -0.012680 -0.064418 0.052167
v -0.013343 -0.065890 0.054316
v -0.014284 -0.143330 0.130242
v -0.012703 -0.066279 0.053989
v -0.011830 -0.064842 0.051727
v -0.012042 -0.066643 0.053670
v -0.013498 -0.143811 0.129744
v -0.010950 -0.065237 0.051319
v -0.011361 -0.066979 0.053360
v -0.012680 -0.144264 0.129274
v -0.010934 -0.067173 0.053174
v -0.010500 -0.067356 0.052994
v -0.010043 -0.065600 0.050942
v -0.011830 -0.144689 0.128834
v -0.009111 -0.065932 0.050598
v -0.009670 -0.067673 0.052668
v -0.010950 -0.145084 0.128426
v -0.008157 -0.066231 0.050289
v -0.008822 -0.067953 0.052360
v -0.010043 -0.145447 0.128049
v -0.007182 -0.066497 0.050013
v -0.007956 -0.068198 0.052072
v -0.009111 -0.145779 0.127705
v -0.006190 -0.066729 0.049774
v -0.007075 -0.068406 0.051803
v -0.008157 -0.146078 0.127395
v -0.006182 -0.068578 0.051556
v -0.005278 -0.068714 0.051331
v -0.005182 -0.066926 0.049569
v -0.007182 -0.146344 0.127120
v -0.004161 -0.067088 0.049402
v -0.004636 -0.068788 0.051185
v -0.006190 -0.146576 0.126880
v -0.003130 -0.067214 0.049271
v -0.005182 -0.146773 0.126676
v -0.002091 -0.067304 0.049178
v -0.004161 -0.146934 0.126509
v -0.001047 -0.067359 0.049121
v -0.003130 -0.147061 0.126378
v -0.002091 -0.147151 0.126284
v -0.001047 -0.147206 0.126228
v -0.019170 -0.055184 0.080923
v -0.019170 -0.046848 0.072291
v -0.019622 -0.055833 0.080297
v -0.020033 -0.056495 0.079657
v -0.020722 -0.057858 0.078341
v -0.020999 -0.050220 0.069035
v -0.021417 -0.051639 0.067665
v -0.021556 -0.052357 0.066971
v -0.021556 -0.052357 0.066971
v -0.021683 -0.051966 0.067350
v -0.021556 -0.060693 0.075604
v -0.021683 -0.060302 0.075982
v -0.021834 -0.059915 0.076355
v -0.021834 -0.051579 0.067723
v -0.022010 -0.059533 0.076724
v -0.022010 -0.051197 0.068092
v -0.022211 -0.050822 0.068454
v -0.022211 -0.059158 0.077086
v -0.022434 -0.050453 0.068810
v -0.022434 -0.058789 0.077442
v -0.022682 -0.050093 0.069158
v -0.022682 -0.058429 0.077790
v -0.022951 -0.058077 0.078130
v -0.022951 -0.049741 0.069498
v -0.023272 -0.045081 0.073998
v -0.023404 -0.045304 0.073783
v -0.023624 -0.054098 0.081973
v -0.023711 -0.054332 0.081747
v -0.023782 -0.054569 0.081518
v -0.023877 -0.046713 0.072422
v -0.023901 -0.046954 0.072189
v -0.023901 -0.055290 0.080821
v -0.023908 -0.047197 0.071955
v -0.023900 -0.055775 0.080353
v -0.023875 -0.047681 0.071487
v -0.023834 -0.056257 0.079887
v -0.023834 -0.047921 0.071255
v -0.023706 -0.056733 0.079428
v -0.023706 -0.048397 0.070796
v -0.023617 -0.048631 0.070570
v -0.023617 -0.056967 0.079202
v -0.023514 -0.048862 0.070347
v -0.023514 -0.057197 0.078979
v -0.023395 -0.057424 0.078760
v -0.023114 -0.049529 0.069703
v -0.022951 -0.058077 0.078130
v -0.015659 -0.047139 0.088692
v -0.016630 -0.047674 0.088176
v -0.018464 -0.040502 0.078420
v -0.018464 -0.048838 0.087052
v -0.019322 -0.041128 0.077815
v -0.020140 -0.041783 0.077183
v -0.020140 -0.050119 0.085815
v -0.020914 -0.042463 0.076526
v -0.015869 -0.039008 0.079863
v -0.015659 -0.047139 0.088692
v -0.015869 -0.047344 0.088495
v -0.016066 -0.039219 0.079658
v -0.016066 -0.047555 0.088290
v -0.016249 -0.039437 0.079448
v -0.016249 -0.047773 0.088080
v -0.016416 -0.039661 0.079232
v -0.016416 -0.047997 0.087864
v -0.016569 -0.048227 0.087642
v -0.016569 -0.039891 0.079010
v -0.016707 -0.048461 0.087416
v -0.016829 -0.040364 0.078553
v -0.016829 -0.048700 0.087186
v -0.016935 -0.040606 0.078319
v -0.016935 -0.048942 0.086951
v -0.017025 -0.049188 0.086714
v -0.017025 -0.040852 0.078082
v -0.017099 -0.049437 0.086473
v -0.017099 -0.041101 0.077841
v -0.017156 -0.041352 0.077599
v -0.017156 -0.049688 0.086231
v -0.017197 -0.041605 0.077355
v -0.017197 -0.049941 0.085987
v -0.017221 -0.050195 0.085742
v -0.017228 -0.042113 0.076864
v -0.017228 -0.050449 0.085496
v -0.018452 -0.054237 0.081838
v -0.018014 -0.053518 0.082532
v -0.017669 -0.052774 0.083251
v -0.017423 -0.043674 0.075357
v -0.017336 -0.051622 0.084363
v -0.017275 -0.042897 0.076107
v -0.017239 -0.050841 0.085118
v -0.017228 -0.050449 0.085496
v 0.018220 -0.045914 0.073194
v 0.017666 -0.053644 0.082411
v 0.017073 -0.053057 0.082978
v 0.015076 -0.051425 0.084554
v 0.013576 -0.050455 0.085491
v 0.012781 -0.050009 0.085921
v 0.012781 -0.041673 0.077289
v 0.013316 -0.041790 0.077176
v 0.012781 -0.050009 0.085921
v 0.013316 -0.050126 0.085808
v 0.013857 -0.050225 0.085713
v 0.013857 -0.041889 0.077081
v 0.014405 -0.050306 0.085634
v 0.014405 -0.041970 0.077002
v 0.014957 -0.042033 0.076941
v 0.014957 -0.050369 0.085573
v 0.015512 -0.042078 0.076898
v 0.015512 -0.050414 0.085530
v 0.016070 -0.042104 0.076873
v 0.016070 -0.050440 0.085505
v 0.016628 -0.050448 0.085497
v 0.016628 -0.042112 0.076865
v 0.022588 -0.044443 0.074614
v 0.022763 -0.044650 0.074414
v 0.022588 -0.052779 0.083246
v 0.022399 -0.052578 0.083440
v 0.021982 -0.043862 0.075176
v 0.021982 -0.052198 0.083808
v 0.021755 -0.052018 0.083981
v 0.021755 -0.043683 0.075349
v 0.021267 -0.043348 0.075671
v 0.021267 -0.051684 0.084303
v 0.021007 -0.051530 0.084452
v 0.020737 -0.043049 0.075960
v 0.020458 -0.042914 0.076091
v 0.020458 -0.051250 0.084723
v 0.020170 -0.042788 0.076212
v 0.019874 -0.051008 0.084956
v 0.019571 -0.050903 0.085058
v 0.019261 -0.050808 0.085150
v 0.018298 -0.050588 0.085362
v 0.017968 -0.050537 0.085411
v 0.017301 -0.042134 0.076844
v 0.017301 -0.050469 0.085476
v 0.016965 -0.050453 0.085492
v 0.016965 -0.042117 0.076860
v 0.016628 -0.050448 0.085497
v 0.026150 -0.052123 0.067197
v 0.025991 -0.059587 0.076672
v 0.025183 -0.048679 0.070523
v 0.025183 -0.057015 0.079155
v 0.024804 -0.047843 0.071331
v 0.024371 -0.055356 0.080758
v 0.023886 -0.046212 0.072905
v 0.025853 -0.059998 0.076275
v 0.025681 -0.059775 0.076490
v 0.025296 -0.051013 0.068270
v 0.025083 -0.050810 0.068466
v 0.024618 -0.058763 0.077467
v 0.024366 -0.050248 0.069008
v 0.024104 -0.058414 0.077805
v 0.024104 -0.050078 0.069173
v 0.023830 -0.049916 0.069328
v 0.023830 -0.058252 0.077961
v 0.023546 -0.049765 0.069475
v 0.023546 -0.058101 0.078107
v 0.023253 -0.057959 0.078244
v 0.019002 -0.046835 0.072304
v 0.019002 -0.055171 0.080936
v 0.020372 -0.056390 0.079759
v 0.020761 -0.056664 0.079494
v 0.021168 -0.056926 0.079242
v 0.021591 -0.057173 0.079003
v 0.022483 -0.057624 0.078567
v 0.021513 -0.054551 0.064853
v 0.021500 -0.062481 0.073877
v 0.021554 -0.054956 0.064462
v 0.021621 -0.063694 0.072705
v 0.021715 -0.055759 0.063687
v 0.021836 -0.056155 0.063304
v 0.021983 -0.056547 0.062926
v 0.022156 -0.056933 0.062553
v 0.022577 -0.057685 0.061826
v 0.023097 -0.058405 0.061131
v 0.021478 -0.061777 0.074557
v 0.021300 -0.052037 0.067280
v 0.021300 -0.060373 0.075912
v 0.021145 -0.059678 0.076584
v 0.020947 -0.050652 0.068619
v 0.020093 -0.056966 0.079203
v 0.019725 -0.047977 0.071202
v 0.024038 -0.061836 0.057818
v 0.024078 -0.061583 0.058062
v 0.024038 -0.070172 0.066450
v 0.024078 -0.069919 0.066694
v 0.024102 -0.061329 0.058307
v 0.024102 -0.069665 0.066939
v 0.024108 -0.061075 0.058553
v 0.024108 -0.069411 0.067185
v 0.024098 -0.060820 0.058799
v 0.024098 -0.069156 0.067431
v 0.024071 -0.068903 0.067676
v 0.024071 -0.060567 0.059044
v 0.024028 -0.060314 0.059287
v 0.024028 -0.068650 0.067919
v 0.023967 -0.060064 0.059529
v 0.023967 -0.068400 0.068161
v 0.023891 -0.059815 0.059769
v 0.023891 -0.068151 0.068401
v 0.023798 -0.059570 0.060006
v 0.023689 -0.067664 0.068872
v 0.023689 -0.059328 0.060240
v 0.023564 -0.059090 0.060470
v 0.023564 -0.067426 0.069102
v 0.023423 -0.058856 0.060695
v 0.023268 -0.058628 0.060916
v 0.023268 -0.066964 0.069548
v 0.023097 -0.058405 0.061131
v 0.023097 -0.066741 0.069763
v 0.020507 -0.048551 0.070647
v 0.020924 -0.057154 0.079021
v 0.021808 -0.049310 0.069914
v 0.021808 -0.057646 0.078547
v 0.022751 -0.058077 0.078130
v 0.024508 -0.061023 0.058603
v 0.024038 -0.070172 0.066450
v 0.024924 -0.060196 0.059401
v 0.025848 -0.057644 0.061866
v 0.026187 -0.064238 0.072180
v 0.026300 -0.062481 0.073877
v 0.026228 -0.061757 0.074576
v 0.026172 -0.061518 0.074807
v 0.025791 -0.052253 0.067072
v 0.025511 -0.051813 0.067497
v 0.025349 -0.059936 0.076335
v 0.024983 -0.051193 0.068096
v 0.024781 -0.059335 0.076915
v 0.024781 -0.050999 0.068283
v 0.024100 -0.058799 0.077433
v 0.023850 -0.058636 0.077590
v 0.023590 -0.050146 0.069107
v 0.023319 -0.058337 0.077878
v 0.023040 -0.058202 0.078009
v 0.011702 -0.049397 0.086512
v 0.012221 -0.049556 0.086358
v 0.012750 -0.041362 0.077590
v 0.012750 -0.049698 0.086222
v 0.013287 -0.041485 0.077471
v 0.013832 -0.041589 0.077370
v 0.014940 -0.041741 0.077223
v 0.014940 -0.050077 0.085856
v 0.016063 -0.041816 0.077151
v 0.016063 -0.050152 0.085783
v 0.009841 -0.040351 0.078566
v 0.009841 -0.048687 0.087198
v 0.007147 -0.047844 0.088012
v 0.006217 -0.039287 0.079593
v 0.006217 -0.047623 0.088225
v 0.005274 -0.047432 0.088410
v 0.004320 -0.038936 0.079932
v 0.003356 -0.038808 0.080056
v 0.002386 -0.047047 0.088782
v 0.021228 -0.042953 0.076053
v 0.021228 -0.051289 0.084685
v 0.020943 -0.051138 0.084831
v 0.020649 -0.042660 0.076336
v 0.020346 -0.042529 0.076462
v 0.020346 -0.050865 0.085095
v 0.020035 -0.042408 0.076579
v 0.020035 -0.050744 0.085211
v 0.019716 -0.042298 0.076685
v 0.019391 -0.042199 0.076781
v 0.019059 -0.050447 0.085498
v 0.018721 -0.050371 0.085572
v 0.018379 -0.050306 0.085634
v 0.018379 -0.041970 0.077002
v 0.018034 -0.050253 0.085685
v 0.018034 -0.041917 0.077053
v 0.017685 -0.050212 0.085725
v 0.017333 -0.041847 0.077121
v 0.017333 -0.050183 0.085753
v 0.016981 -0.041829 0.077138
v 0.016981 -0.050165 0.085770
v 0.016627 -0.041824 0.077143
v 0.016627 -0.050160 0.085775
v 0.002386 -0.038711 0.080149
v 0.002930 -0.038620 0.080237
v 0.002386 -0.047047 0.088782
v 0.002930 -0.046956 0.088870
v 0.003468 -0.046847 0.088975
v 0.003468 -0.038511 0.080343
v 0.003999 -0.046720 0.089097
v 0.003999 -0.038384 0.080465
v 0.004520 -0.038240 0.080604
v 0.004520 -0.046576 0.089236
v 0.005032 -0.038079 0.080760
v 0.005032 -0.046415 0.089392
v 0.005534 -0.037902 0.080931
v 0.005534 -0.046237 0.089563
v 0.006023 -0.046043 0.089751
v 0.006023 -0.037707 0.081119
v 0.020484 -0.042254 0.076727
v 0.021228 -0.042953 0.076053
v 0.020484 -0.050590 0.085360
v 0.019697 -0.049918 0.086009
v 0.018867 -0.040936 0.078001
v 0.017086 -0.048066 0.087797
v 0.016140 -0.047509 0.088335
v 0.014144 -0.038156 0.080685
v 0.012501 -0.037477 0.081341
v 0.012191 -0.045718 0.090065
v 0.011876 -0.045633 0.090147
v 0.011229 -0.037161 0.081646
v 0.011229 -0.045497 0.090278
v 0.010900 -0.037110 0.081696
v 0.010567 -0.045406 0.090366
v 0.010233 -0.045377 0.090394
v 0.009560 -0.045355 0.090415
v 0.008887 -0.045379 0.090392
v 0.008553 -0.045408 0.090364
v 0.008220 -0.045449 0.090325
v 0.007566 -0.037228 0.081581
v 0.007566 -0.045564 0.090213
v 0.006318 -0.045927 0.089863
v -0.020877 -0.065499 0.046731
v -0.019866 -0.063434 0.048869
v -0.021918 -0.064757 0.047499
v -0.017932 -0.064745 0.047512
v -0.019784 -0.066203 0.046002
v -0.023834 -0.063171 0.049142
v -0.020760 -0.062731 0.049598
v -0.022905 -0.063981 0.048303
v -0.016896 -0.065348 0.046887
v -0.018642 -0.066869 0.045313
v -0.024704 -0.062330 0.050012
v -0.021602 -0.061997 0.050358
v -0.017454 -0.067494 0.044665
v -0.016222 -0.068078 0.044061
v -0.025513 -0.061460 0.050913
v -0.014950 -0.068618 0.043502
v -0.013641 -0.069113 0.042989
v -0.026259 -0.060563 0.051842
v -0.012363 -0.067382 0.044781
v -0.024416 -0.058798 0.053670
v -0.027552 -0.058698 0.053774
v -0.026939 -0.059642 0.052796
v -0.012297 -0.069562 0.042524
v -0.009901 -0.068154 0.043982
v -0.010924 -0.069964 0.042107
v -0.028097 -0.057734 0.054772
v -0.025466 -0.057069 0.055461
v -0.009523 -0.070319 0.041740
v -0.008098 -0.070624 0.041424
v -0.028572 -0.056752 0.055789
v -0.025896 -0.056179 0.056382
v -0.007340 -0.068752 0.043363
v -0.006653 -0.070879 0.041160
v -0.028975 -0.055755 0.056821
v -0.005192 -0.071085 0.040947
v -0.029307 -0.054746 0.057867
v -0.026797 -0.053436 0.059223
v -0.029751 -0.052698 0.059987
v -0.029566 -0.053726 0.058923
v -0.003370 -0.069309 0.042786
v -0.003718 -0.071239 0.040787
v -0.002234 -0.071342 0.040680
v -0.029900 -0.050630 0.062128
v -0.029863 -0.051665 0.061056
v -0.000745 -0.071394 0.040627
v 0.000745 -0.071394 0.040627
v -0.029863 -0.049595 0.063201
v 0.002234 -0.071342 0.040680
v 0.003718 -0.071239 0.040787
v -0.029566 -0.047534 0.065334
v -0.029751 -0.048562 0.064270
v -0.026797 -0.047824 0.065034
v 0.004706 -0.069169 0.042930
v 0.005192 -0.071085 0.040947
v -0.026563 -0.046900 0.065991
v -0.029307 -0.046514 0.066390
v 0.006030 -0.068983 0.043123
v 0.006653 -0.070879 0.041160
v -0.026262 -0.045985 0.066939
v -0.028975 -0.045505 0.067436
v 0.008098 -0.070624 0.041424
v 0.009523 -0.070319 0.041740
v -0.028572 -0.044508 0.068468
v -0.028097 -0.043526 0.069485
v 0.010924 -0.069964 0.042107
v -0.025466 -0.044191 0.068796
v -0.027552 -0.042562 0.070483
v 0.011146 -0.067789 0.044360
v 0.012297 -0.069562 0.042524
v -0.026939 -0.041618 0.071461
v 0.013641 -0.069113 0.042989
v -0.026259 -0.040697 0.072415
v 0.014950 -0.068618 0.043502
v -0.025513 -0.039800 0.073344
v -0.023124 -0.040814 0.072293
v 0.016222 -0.068078 0.044061
v -0.024704 -0.038930 0.074244
v -0.022391 -0.040025 0.073110
v 0.015819 -0.065915 0.046300
v 0.017454 -0.067494 0.044665
v -0.023834 -0.038089 0.075115
v 0.018642 -0.066869 0.045313
v -0.022905 -0.037279 0.075954
v 0.017932 -0.064745 0.047512
v 0.019784 -0.066203 0.046002
v -0.021918 -0.036503 0.076758
v -0.019866 -0.037826 0.075388
v 0.018922 -0.064106 0.048173
v 0.020877 -0.065499 0.046731
v -0.018922 -0.037154 0.076084
v -0.020877 -0.035761 0.077526
v 0.021918 -0.064757 0.047499
v -0.019784 -0.035057 0.078255
v 0.022905 -0.063981 0.048303
v 0.020760 -0.062731 0.049598
v -0.018642 -0.034391 0.078944
v -0.016896 -0.035912 0.077370
v 0.023834 -0.063171 0.049142
v 0.021602 -0.061997 0.050358
v -0.017454 -0.033766 0.079592
v 0.022391 -0.061235 0.051147
v 0.024704 -0.062330 0.050012
v -0.016222 -0.033182 0.080196
v 0.025513 -0.061460 0.050913
v 0.023124 -0.060446 0.051964
v -0.014950 -0.032642 0.080755
v 0.026259 -0.060563 0.051842
v 0.024416 -0.058798 0.053670
v -0.013641 -0.032147 0.081268
v 0.026939 -0.059642 0.052796
v -0.012297 -0.031698 0.081733
v 0.027552 -0.058698 0.053774
v -0.010924 -0.031295 0.082150
v 0.028097 -0.057734 0.054772
v -0.009523 -0.030941 0.082517
v 0.025896 -0.056179 0.056382
v 0.028572 -0.056752 0.055789
v -0.008098 -0.030636 0.082833
v -0.007340 -0.032508 0.080894
v 0.026262 -0.055275 0.057318
v 0.028975 -0.055755 0.056821
v -0.006653 -0.030380 0.083098
v -0.006030 -0.032277 0.081134
v 0.026797 -0.053436 0.059223
v 0.029307 -0.054746 0.057867
v -0.005192 -0.030175 0.083310
v -0.004706 -0.032091 0.081326
v 0.029566 -0.053726 0.058923
v -0.003370 -0.031951 0.081471
v -0.003718 -0.030021 0.083470
v -0.002025 -0.031857 0.081568
v 0.029751 -0.052698 0.059987
v 0.026965 -0.052504 0.060188
v 0.027066 -0.051568 0.061157
v -0.002234 -0.029918 0.083577
v 0.029863 -0.051665 0.061056
v -0.000745 -0.029866 0.083630
v -0.000676 -0.031811 0.081617
v 0.029900 -0.050630 0.062128
v 0.000745 -0.029866 0.083630
v 0.000676 -0.031811 0.081617
v 0.027066 -0.049691 0.063100
v 0.029863 -0.049595 0.063201
v 0.002234 -0.029918 0.083577
v 0.002025 -0.031857 0.081568
v 0.003370 -0.031951 0.081471
v 0.029751 -0.048562 0.064270
v 0.003718 -0.030021 0.083470
v 0.029566 -0.047534 0.065334
v 0.026563 -0.046900 0.065991
v 0.005192 -0.030175 0.083310
v 0.004706 -0.032091 0.081326
v 0.026262 -0.045985 0.066939
v 0.029307 -0.046514 0.066390
v 0.006653 -0.030380 0.083098
v 0.028975 -0.045505 0.067436
v 0.008098 -0.030636 0.082833
v 0.007340 -0.032508 0.080894
v 0.028572 -0.044508 0.068468
v 0.008631 -0.032785 0.080607
v 0.009523 -0.030941 0.082517
v 0.009901 -0.033106 0.080275
v 0.028097 -0.043526 0.069485
v 0.010924 -0.031295 0.082150
v 0.027552 -0.042562 0.070483
v 0.012297 -0.031698 0.081733
v 0.026939 -0.041618 0.071461
v 0.013641 -0.032147 0.081268
v 0.013550 -0.034327 0.079011
v 0.026259 -0.040696 0.072415
v 0.023800 -0.041627 0.071452
v 0.014950 -0.032642 0.080755
v 0.025513 -0.039800 0.073344
v 0.016222 -0.033182 0.080196
v 0.014703 -0.034816 0.078504
v 0.024704 -0.038930 0.074244
v 0.017454 -0.033766 0.079592
v 0.015819 -0.035345 0.077957
v 0.016896 -0.035912 0.077370
v 0.023834 -0.038089 0.075115
v 0.021602 -0.039263 0.073899
v 0.018642 -0.034391 0.078944
v 0.022905 -0.037279 0.075954
v 0.019784 -0.035057 0.078255
v 0.019866 -0.037826 0.075388
v 0.021918 -0.036503 0.076758
v 0.020877 -0.035761 0.077526
v 0.029863 -0.061823 0.075010
v 0.029900 -0.062859 0.073938
v 0.029751 -0.060791 0.076079
v 0.029566 -0.059763 0.077143
v 0.029307 -0.058743 0.078199
v 0.028975 -0.057733 0.079245
v 0.028572 -0.056737 0.080277
v 0.028097 -0.055755 0.081294
v 0.027552 -0.054791 0.082292
v 0.026939 -0.053847 0.083270
v 0.026259 -0.052925 0.084224
v 0.025513 -0.052028 0.085153
v 0.024704 -0.051158 0.086054
v 0.023834 -0.050317 0.086924
v 0.022905 -0.049508 0.087763
v 0.021918 -0.048731 0.088567
v 0.020877 -0.047990 0.089335
v 0.019784 -0.047285 0.090064
v 0.018642 -0.046620 0.090753
v 0.017454 -0.045995 0.091401
v 0.016222 -0.045411 0.092005
v 0.014950 -0.044871 0.092564
v 0.013641 -0.044376 0.093077
v 0.012297 -0.043926 0.093543
v 0.010924 -0.043524 0.093959
v 0.008098 -0.042865 0.094642
v 0.006653 -0.042609 0.094907
v 0.005192 -0.042404 0.095119
v 0.003718 -0.042250 0.095279
v 0.002234 -0.042147 0.095386
v 0.000745 -0.042095 0.095439
v -0.000745 -0.042095 0.095439
v -0.002234 -0.042147 0.095386
v -0.003718 -0.042250 0.095279
v -0.005192 -0.042404 0.095119
v -0.006653 -0.042609 0.094907
v -0.008098 -0.042865 0.094642
v -0.009523 -0.043170 0.094326
v -0.010924 -0.043524 0.093959
v -0.012297 -0.043926 0.093543
v -0.013641 -0.044376 0.093077
v -0.014950 -0.044871 0.092564
v -0.016222 -0.045411 0.092005
v -0.017454 -0.045995 0.091401
v -0.018642 -0.046620 0.090753
v -0.019784 -0.047285 0.090064
v -0.020877 -0.047990 0.089335
v -0.021918 -0.048731 0.088567
v -0.022905 -0.049508 0.087763
v -0.023834 -0.050317 0.086924
v -0.024704 -0.051158 0.086054
v -0.025513 -0.052028 0.085153
v -0.026939 -0.053847 0.083270
v -0.027552 -0.054791 0.082292
v -0.028097 -0.055755 0.081294
v -0.028572 -0.056737 0.080277
v -0.028975 -0.057733 0.079245
v -0.029307 -0.058743 0.078199
v -0.029566 -0.059763 0.077143
v -0.029751 -0.060791 0.076079
v -0.029863 -0.061823 0.075010
v -0.029900 -0.062859 0.073938
v -0.029863 -0.063894 0.072866
v -0.029751 -0.064927 0.071796
v -0.029566 -0.065954 0.070732
v -0.029307 -0.066974 0.069676
v -0.028975 -0.067984 0.068630
v -0.028572 -0.068981 0.067598
v -0.028097 -0.069963 0.066581
v -0.027552 -0.070927 0.065583
v -0.026939 -0.071871 0.064606
v -0.026259 -0.072792 0.063651
v -0.025513 -0.073689 0.062723
v -0.024704 -0.074559 0.061822
v -0.023834 -0.075400 0.060951
v -0.022905 -0.076210 0.060112
v -0.021918 -0.076986 0.059308
v -0.020877 -0.077727 0.058541
v -0.019784 -0.078432 0.057811
v -0.018642 -0.079098 0.057122
v -0.017454 -0.079723 0.056474
v -0.016222 -0.080306 0.055870
v -0.014950 -0.080846 0.055311
v -0.013641 -0.081342 0.054798
v -0.010924 -0.082193 0.053916
v -0.009523 -0.082547 0.053549
v -0.008098 -0.082853 0.053233
v -0.006653 -0.083108 0.052969
v -0.005192 -0.083313 0.052756
v -0.003718 -0.083468 0.052596
v -0.002234 -0.083571 0.052490
v -0.000745 -0.083623 0.052436
v 0.000745 -0.083623 0.052436
v 0.002234 -0.083571 0.052490
v 0.003718 -0.083468 0.052596
v 0.005192 -0.083313 0.052756
v 0.006653 -0.083108 0.052969
v 0.008098 -0.082853 0.053233
v 0.009523 -0.082547 0.053549
v 0.010924 -0.082193 0.053916
v 0.012297 -0.081791 0.054333
v 0.013641 -0.081342 0.054798
v 0.014950 -0.080846 0.055311
v 0.016222 -0.080306 0.055870
v 0.017454 -0.079723 0.056474
v 0.018642 -0.079098 0.057122
v 0.019784 -0.078432 0.057811
v 0.020877 -0.077727 0.058541
v 0.021918 -0.076986 0.059308
v 0.022905 -0.076210 0.060112
v 0.023834 -0.075400 0.060951
v 0.024704 -0.074559 0.061822
v 0.025513 -0.073689 0.062723
v 0.026259 -0.072792 0.063651
v 0.026939 -0.071871 0.064606
v 0.027552 -0.070927 0.065583
v 0.028097 -0.069963 0.066581
v 0.028572 -0.068981 0.067598
v 0.028975 -0.067984 0.068630
v 0.029307 -0.066974 0.069676
v 0.029566 -0.065954 0.070732
v 0.029751 -0.064927 0.071796
v 0.029863 -0.063894 0.072866
v 0.020169 -0.065154 0.051405
v 0.019257 -0.065837 0.050697
v 0.018297 -0.066487 0.050024
v 0.017291 -0.067104 0.049385
v 0.021031 -0.064440 0.052144
v 0.016242 -0.067685 0.048784
v 0.021841 -0.063697 0.052913
v 0.015153 -0.068228 0.048221
v 0.022597 -0.062927 0.053710
v 0.014027 -0.068734 0.047697
v 0.023296 -0.062132 0.054533
v 0.012865 -0.069200 0.047215
v 0.023937 -0.061314 0.055381
v 0.011671 -0.069625 0.046775
v 0.024520 -0.060475 0.056250
v 0.010449 -0.070008 0.046378
v 0.009200 -0.070349 0.046025
v 0.025040 -0.059616 0.057139
v 0.007929 -0.070645 0.045718
v 0.025499 -0.058740 0.058046
v 0.006638 -0.070898 0.045457
v 0.025895 -0.057850 0.058968
v 0.005330 -0.071105 0.045242
v 0.004009 -0.071267 0.045074
v 0.026225 -0.056947 0.059903
v 0.026491 -0.056034 0.060848
v 0.002678 -0.071383 0.044954
v 0.026691 -0.055113 0.061802
v 0.001341 -0.071452 0.044882
v 0.000000 -0.071475 0.044858
v -0.001341 -0.071452 0.044882
v 0.026825 -0.054185 0.062762
v -0.002678 -0.071383 0.044954
v 0.026892 -0.053255 0.063726
v -0.004009 -0.071267 0.045074
v 0.026892 -0.052323 0.064691
v -0.005330 -0.071105 0.045242
v -0.006638 -0.070898 0.045457
v 0.026825 -0.051393 0.065655
v -0.007929 -0.070645 0.045718
v 0.026691 -0.050466 0.066615
v -0.009200 -0.070349 0.046025
v 0.026491 -0.049544 0.067569
v -0.010449 -0.070008 0.046378
v 0.026225 -0.048631 0.068514
v -0.011671 -0.069625 0.046775
v 0.025895 -0.047728 0.069449
v -0.012865 -0.069200 0.047215
v 0.025499 -0.046838 0.070371
v 0.025040 -0.045962 0.071278
v -0.014027 -0.068734 0.047697
v 0.024520 -0.045104 0.072167
v -0.015153 -0.068228 0.048221
v 0.023296 -0.043446 0.073884
v 0.023937 -0.044264 0.073036
v -0.016242 -0.067685 0.048784
v 0.022597 -0.042651 0.074707
v -0.017291 -0.067104 0.049385
v 0.021031 -0.041138 0.076273
v 0.021841 -0.041881 0.075504
v 0.020169 -0.040425 0.077012
v -0.018297 -0.066487 0.050024
v 0.019257 -0.039742 0.077720
v -0.019257 -0.065837 0.050697
v 0.018297 -0.039091 0.078393
v -0.020169 -0.065154 0.051405
v 0.017291 -0.038474 0.079032
v -0.021031 -0.064440 0.052144
v 0.016242 -0.037894 0.079633
v -0.021841 -0.063697 0.052913
v 0.015153 -0.037350 0.080196
v -0.022597 -0.062927 0.053710
v 0.014027 -0.036844 0.080720
v -0.023296 -0.062132 0.054533
v 0.012865 -0.036378 0.081202
v -0.023937 -0.061314 0.055381
v 0.011671 -0.035953 0.081643
v -0.024519 -0.060475 0.056250
v 0.010449 -0.035570 0.082039
v -0.025040 -0.059616 0.057139
v 0.009200 -0.035230 0.082392
v -0.025499 -0.058740 0.058046
v 0.007929 -0.034933 0.082699
v -0.025895 -0.057850 0.058968
v 0.006638 -0.034681 0.082960
v -0.026225 -0.056947 0.059903
v 0.005330 -0.034473 0.083175
v -0.026491 -0.056034 0.060848
v 0.004009 -0.034311 0.083343
v -0.026691 -0.055113 0.061802
v 0.002678 -0.034196 0.083463
v -0.026825 -0.054186 0.062762
v -0.026892 -0.053255 0.063726
v 0.001341 -0.034126 0.083535
v -0.026892 -0.052323 0.064691
v 0.000000 -0.034103 0.083559
v -0.026825 -0.051393 0.065655
v -0.001341 -0.034126 0.083535
v -0.026691 -0.050466 0.066615
v -0.002678 -0.034196 0.083463
v -0.026491 -0.049544 0.067569
v -0.004009 -0.034311 0.083343
v -0.026225 -0.048631 0.068514
v -0.005330 -0.034473 0.083175
v -0.025895 -0.047728 0.069449
v -0.006638 -0.034681 0.082960
v -0.025499 -0.046838 0.070371
v -0.007929 -0.034933 0.082699
v -0.025040 -0.045962 0.071278
v -0.009200 -0.035230 0.082392
v -0.024519 -0.045104 0.072167
v -0.023937 -0.044264 0.073036
v -0.010449 -0.035570 0.082039
v -0.023296 -0.043446 0.073884
v -0.011671 -0.035953 0.081643
v -0.022597 -0.042651 0.074707
v -0.012865 -0.036378 0.081202
v -0.021841 -0.041881 0.075504
v -0.014027 -0.036844 0.080720
v -0.021031 -0.041138 0.076273
v -0.015153 -0.037350 0.080196
v -0.020169 -0.040425 0.077012
v -0.016242 -0.037894 0.079633
v -0.019257 -0.039742 0.077720
v -0.017291 -0.038475 0.079032
v -0.018297 -0.039091 0.078393
v -0.012885 -0.123905 0.150356
v -0.014284 -0.121942 0.152389
v -0.015033 -0.122450 0.151863
v -0.012243 -0.123470 0.150807
v -0.013496 -0.124362 0.149883
v -0.015745 -0.122983 0.151311
v -0.011570 -0.123057 0.151234
v -0.013498 -0.121461 0.152887
v -0.014073 -0.124840 0.149389
v -0.010868 -0.122669 0.151637
v -0.011830 -0.120583 0.153797
v -0.012680 -0.121007 0.153357
v -0.014615 -0.125337 0.148874
v -0.017051 -0.124120 0.150134
v -0.010140 -0.122305 0.152014
v -0.015120 -0.125852 0.148340
v -0.017640 -0.124721 0.149511
v -0.009386 -0.121967 0.152364
v -0.010950 -0.120188 0.154205
v -0.015588 -0.126384 0.147790
v -0.018186 -0.125342 0.148869
v -0.018687 -0.125981 0.148207
v -0.008608 -0.121655 0.152687
v -0.010043 -0.119824 0.154582
v -0.016018 -0.126932 0.147222
v -0.007810 -0.121370 0.152981
v -0.009111 -0.119493 0.154926
v -0.016407 -0.127493 0.146641
v -0.019141 -0.126636 0.147528
v -0.019548 -0.127306 0.146834
v -0.006992 -0.121114 0.153247
v -0.008157 -0.119194 0.155235
v -0.016756 -0.128068 0.146046
v -0.006156 -0.120886 0.153483
v -0.007182 -0.118928 0.155511
v -0.017063 -0.128654 0.145439
v -0.019906 -0.127990 0.146127
v -0.020215 -0.128685 0.145407
v -0.005306 -0.120687 0.153688
v -0.006190 -0.118696 0.155750
v -0.017327 -0.129249 0.144822
v -0.020473 -0.129390 0.144677
v -0.004442 -0.120519 0.153863
v -0.005182 -0.118499 0.155954
v -0.017549 -0.129854 0.144197
v -0.020681 -0.130103 0.143939
v -0.003566 -0.120380 0.154007
v -0.004161 -0.118337 0.156122
v -0.017726 -0.130465 0.143564
v -0.002683 -0.120272 0.154119
v -0.002091 -0.118120 0.156346
v -0.003130 -0.118211 0.156253
v -0.017860 -0.131081 0.142926
v -0.020837 -0.130822 0.143194
v -0.001792 -0.120194 0.154199
v -0.017950 -0.131701 0.142283
v -0.020941 -0.131546 0.142444
v -0.000897 -0.120148 0.154247
v 0.000000 -0.118048 0.156422
v -0.017994 -0.132324 0.141638
v -0.020993 -0.132272 0.141692
v 0.000000 -0.120132 0.154264
v -0.017994 -0.132948 0.140993
v -0.020993 -0.132999 0.140939
v 0.000897 -0.120148 0.154247
v 0.001047 -0.118066 0.156403
v -0.017950 -0.133570 0.140348
v 0.001792 -0.120194 0.154199
v 0.002091 -0.118120 0.156346
v -0.017860 -0.134191 0.139706
v 0.002683 -0.120272 0.154119
v 0.003130 -0.118211 0.156253
v -0.017726 -0.134807 0.139067
v -0.020681 -0.135169 0.138692
v 0.003567 -0.120380 0.154007
v 0.004161 -0.118337 0.156122
v -0.017549 -0.135418 0.138434
v -0.020473 -0.135882 0.137954
v 0.004442 -0.120519 0.153863
v 0.005182 -0.118499 0.155954
v -0.017327 -0.136022 0.137809
v 0.005306 -0.120687 0.153688
v 0.007182 -0.118928 0.155511
v 0.006190 -0.118696 0.155750
v -0.017063 -0.136618 0.137192
v 0.006156 -0.120886 0.153483
v -0.016756 -0.137204 0.136585
v 0.006992 -0.121114 0.153247
v 0.008157 -0.119194 0.155235
v -0.016407 -0.137779 0.135990
v -0.019141 -0.138636 0.135102
v 0.007810 -0.121370 0.152981
v 0.009111 -0.119493 0.154926
v -0.016018 -0.138340 0.135408
v 0.008609 -0.121655 0.152687
v 0.010043 -0.119824 0.154582
v 0.010950 -0.120188 0.154205
v -0.015588 -0.138888 0.134841
v 0.009386 -0.121967 0.152364
v -0.015120 -0.139420 0.134291
v -0.017640 -0.140550 0.133120
v 0.010140 -0.122305 0.152014
v 0.011830 -0.120583 0.153797
v -0.014615 -0.139935 0.133757
v -0.017051 -0.141151 0.132497
v 0.010868 -0.122669 0.151637
v 0.012680 -0.121007 0.153357
v -0.014073 -0.140432 0.133243
v 0.013498 -0.121461 0.152887
v 0.011570 -0.123057 0.151234
v -0.013496 -0.140909 0.132748
v -0.015745 -0.142288 0.131320
v 0.012243 -0.123470 0.150807
v 0.014284 -0.121942 0.152389
v -0.015033 -0.142822 0.130768
v -0.012885 -0.141366 0.132275
v 0.015033 -0.122450 0.151863
v 0.012886 -0.123905 0.150356
v -0.014284 -0.143330 0.130242
v -0.012243 -0.141802 0.131824
v 0.015745 -0.122983 0.151311
v 0.013496 -0.124362 0.149883
v -0.011570 -0.142214 0.131397
v -0.013498 -0.143811 0.129744
v 0.016418 -0.123540 0.150734
v 0.014073 -0.124840 0.149389
v -0.010868 -0.142603 0.130994
v 0.017051 -0.124120 0.150134
v 0.014615 -0.125337 0.148874
v -0.011830 -0.144689 0.128834
v -0.010140 -0.142967 0.130617
v 0.017640 -0.124721 0.149511
v 0.015120 -0.125852 0.148340
v -0.010950 -0.145084 0.128426
v -0.009386 -0.143305 0.130267
v 0.015588 -0.126384 0.147790
v 0.016018 -0.126932 0.147222
v -0.010043 -0.145447 0.128049
v -0.008608 -0.143617 0.129944
v 0.018687 -0.125981 0.148207
v -0.009111 -0.145779 0.127705
v -0.007810 -0.143901 0.129650
v 0.019142 -0.126636 0.147528
v 0.016407 -0.127493 0.146641
v -0.008157 -0.146078 0.127395
v -0.006992 -0.144158 0.129384
v 0.019548 -0.127306 0.146834
v 0.016756 -0.128068 0.146046
v 0.017063 -0.128654 0.145439
v -0.007182 -0.146344 0.127120
v -0.006156 -0.144386 0.129148
v 0.019906 -0.127990 0.146127
v -0.006190 -0.146576 0.126880
v -0.005306 -0.144584 0.128943
v -0.004442 -0.144753 0.128768
v 0.020215 -0.128685 0.145407
v 0.017327 -0.129249 0.144822
v 0.017549 -0.129854 0.144197
v -0.005182 -0.146773 0.126676
v -0.004161 -0.146934 0.126509
v -0.003566 -0.144892 0.128624
v 0.020681 -0.130103 0.143939
v 0.017726 -0.130465 0.143564
v -0.003130 -0.147061 0.126378
v -0.002683 -0.145000 0.128512
v 0.020837 -0.130822 0.143194
v 0.017860 -0.131081 0.142926
v 0.017950 -0.131701 0.142283
v -0.002091 -0.147151 0.126284
v -0.001792 -0.145078 0.128432
v 0.020941 -0.131546 0.142444
v -0.001047 -0.147206 0.126228
v -0.000897 -0.145124 0.128384
v 0.000000 -0.145140 0.128367
v 0.020993 -0.132272 0.141692
v 0.017994 -0.132324 0.141638
v 0.000000 -0.147224 0.126209
v 0.020993 -0.132999 0.140939
v 0.017994 -0.132948 0.140993
v 0.017950 -0.133570 0.140348
v 0.001047 -0.147206 0.126228
v 0.000897 -0.145124 0.128384
v 0.001792 -0.145078 0.128432
v 0.002091 -0.147151 0.126284
v 0.002683 -0.145000 0.128512
v 0.020837 -0.134450 0.139437
v 0.017860 -0.134191 0.139706
v 0.017726 -0.134807 0.139067
v 0.003130 -0.147061 0.126378
v 0.004161 -0.146934 0.126509
v 0.003567 -0.144892 0.128624
v 0.004442 -0.144753 0.128768
v 0.020473 -0.135882 0.137954
v 0.017549 -0.135418 0.138434
v 0.005182 -0.146773 0.126676
v 0.020215 -0.136587 0.137224
v 0.017327 -0.136022 0.137809
v 0.006190 -0.146576 0.126880
v 0.005306 -0.144584 0.128943
v 0.006156 -0.144386 0.129148
v 0.017063 -0.136618 0.137192
v 0.007182 -0.146344 0.127120
v 0.006992 -0.144158 0.129384
v 0.019548 -0.137965 0.135797
v 0.016756 -0.137204 0.136585
v 0.016407 -0.137779 0.135990
v 0.008157 -0.146078 0.127395
v 0.007810 -0.143901 0.129650
v 0.019142 -0.138636 0.135102
v 0.009111 -0.145779 0.127705
v 0.018687 -0.139291 0.134424
v 0.016018 -0.138340 0.135408
v 0.010043 -0.145447 0.128049
v 0.008609 -0.143617 0.129944
v 0.018186 -0.139930 0.133762
v 0.015588 -0.138888 0.134841
v 0.015120 -0.139420 0.134291
v 0.010950 -0.145084 0.128426
v 0.009386 -0.143305 0.130267
v 0.010140 -0.142967 0.130617
v 0.017640 -0.140550 0.133120
v 0.011830 -0.144689 0.128834
v 0.014615 -0.139935 0.133757
v 0.012680 -0.144264 0.129274
v 0.010868 -0.142603 0.130994
v 0.016418 -0.141731 0.131897
v 0.014073 -0.140432 0.133243
v 0.013496 -0.140909 0.132748
v 0.013499 -0.143811 0.129744
v 0.011570 -0.142214 0.131397
v 0.015745 -0.142288 0.131320
v 0.012243 -0.141802 0.131824
v 0.015033 -0.142822 0.130768
v 0.012886 -0.141366 0.132275
v 0.000000 -0.031945 0.081475
v 0.001341 -0.031968 0.081451
v 0.002678 -0.032038 0.081379
v 0.004009 -0.032153 0.081259
v 0.005330 -0.032315 0.081091
v 0.006638 -0.032522 0.080876
v 0.007929 -0.032775 0.080615
v 0.009200 -0.033072 0.080308
v 0.010449 -0.033412 0.079955
v 0.011671 -0.033795 0.079558
v 0.012865 -0.034220 0.079118
v 0.014027 -0.034686 0.078636
v 0.015153 -0.035192 0.078112
v 0.016242 -0.035736 0.077549
v 0.017291 -0.036317 0.076948
v 0.018297 -0.036933 0.076309
v 0.019257 -0.037584 0.075636
v 0.020169 -0.038267 0.074928
v 0.021031 -0.038980 0.074189
v 0.021841 -0.039723 0.073420
v 0.022597 -0.040493 0.072623
v 0.023296 -0.041288 0.071800
v 0.023937 -0.042106 0.070952
v 0.024520 -0.042946 0.070083
v 0.025040 -0.043804 0.069194
v 0.025499 -0.044680 0.068287
v 0.025895 -0.045570 0.067365
v 0.026225 -0.046473 0.066430
v 0.026491 -0.047386 0.065485
v 0.026691 -0.048308 0.064531
v 0.026825 -0.049235 0.063571
v 0.026892 -0.050165 0.062607
v 0.026892 -0.051097 0.061642
v 0.026825 -0.052027 0.060678
v 0.026691 -0.052955 0.059718
v 0.026491 -0.053876 0.058764
v 0.026225 -0.054789 0.057819
v 0.025895 -0.055692 0.056884
v 0.025499 -0.056582 0.055962
v 0.025040 -0.057458 0.055055
v 0.024520 -0.058316 0.054166
v 0.023937 -0.059156 0.053297
v 0.023296 -0.059974 0.052449
v 0.022597 -0.060769 0.051626
v 0.021841 -0.061539 0.050829
v 0.021031 -0.062282 0.050060
v 0.020169 -0.062996 0.049321
v 0.019257 -0.063679 0.048613
v 0.018297 -0.064329 0.047940
v 0.017291 -0.064946 0.047301
v 0.016242 -0.065527 0.046700
v 0.015153 -0.066070 0.046137
v 0.014027 -0.066576 0.045613
v 0.012865 -0.067042 0.045131
v 0.011671 -0.067467 0.044691
v 0.010449 -0.067850 0.044294
v 0.009200 -0.068190 0.043941
v 0.007929 -0.068487 0.043634
v 0.006638 -0.068740 0.043373
v 0.005330 -0.068947 0.043158
v 0.004009 -0.069109 0.042990
v 0.002678 -0.069225 0.042871
v 0.001341 -0.069294 0.042798
v 0.000000 -0.071475 0.044858
v 0.000000 -0.069317 0.042774
v -0.001341 -0.069294 0.042798
v -0.002678 -0.069225 0.042871
v -0.004009 -0.069109 0.042990
v -0.005330 -0.068947 0.043158
v -0.006638 -0.068740 0.043373
v -0.007929 -0.068487 0.043634
v -0.009200 -0.068190 0.043941
v -0.010449 -0.067850 0.044294
v -0.011671 -0.067467 0.044691
v -0.012865 -0.067042 0.045131
v -0.014027 -0.066576 0.045613
v -0.015153 -0.066070 0.046137
v -0.016242 -0.065527 0.046700
v -0.017291 -0.064946 0.047301
v -0.018297 -0.064329 0.047940
v -0.019257 -0.063679 0.048613
v -0.020169 -0.062996 0.049321
v -0.021031 -0.062282 0.050060
v -0.021841 -0.061539 0.050829
v -0.022597 -0.060769 0.051626
v -0.023296 -0.059974 0.052449
v -0.023937 -0.059156 0.053297
v -0.024519 -0.058316 0.054166
v -0.025040 -0.057458 0.055055
v -0.025499 -0.056582 0.055962
v -0.025895 -0.055692 0.056884
v -0.026225 -0.054789 0.057819
v -0.026491 -0.053876 0.058764
v -0.026691 -0.052955 0.059718
v -0.026825 -0.052027 0.060678
v -0.026892 -0.051097 0.061642
v -0.026892 -0.050165 0.062607
v -0.026825 -0.049235 0.063571
v -0.026691 -0.048308 0.064531
v -0.026491 -0.047386 0.065485
v -0.026225 -0.046473 0.066430
v -0.025895 -0.045570 0.067365
v -0.025499 -0.044680 0.068287
v -0.025040 -0.043804 0.069194
v -0.024519 -0.042946 0.070083
v -0.023937 -0.042106 0.070952
v -0.023296 -0.041288 0.071800
v -0.022597 -0.040493 0.072623
v -0.021841 -0.039723 0.073420
v -0.021031 -0.038980 0.074189
v -0.020169 -0.038267 0.074928
v -0.019257 -0.037584 0.075636
v -0.018297 -0.036933 0.076309
v -0.017291 -0.036317 0.076948
v -0.016242 -0.035736 0.077549
v -0.015153 -0.035192 0.078112
v -0.014027 -0.034686 0.078636
v -0.012865 -0.034220 0.079118
v -0.011671 -0.033795 0.079558
v -0.010449 -0.033412 0.079955
v -0.009200 -0.033072 0.080308
v -0.007929 -0.032775 0.080615
v -0.006638 -0.032522 0.080876
v -0.005330 -0.032315 0.081091
v -0.004009 -0.032153 0.081259
v -0.002678 -0.032038 0.081379
v -0.001341 -0.031968 0.081451
v 0.000000 -0.065293 0.051260
v 0.000897 -0.065277 0.051277
v 0.001792 -0.065231 0.051325
v 0.002683 -0.065153 0.051405
v 0.003567 -0.065045 0.051517
v 0.004442 -0.064906 0.051661
v 0.005306 -0.064737 0.051836
v 0.006156 -0.064539 0.052041
v 0.006992 -0.064311 0.052277
v 0.007810 -0.064055 0.052543
v 0.008609 -0.063770 0.052837
v 0.009386 -0.063459 0.053160
v 0.010140 -0.063120 0.053510
v 0.010868 -0.062756 0.053887
v 0.011570 -0.062367 0.054290
v 0.012243 -0.061955 0.054717
v 0.012886 -0.061520 0.055168
v 0.013496 -0.061063 0.055641
v 0.014073 -0.060585 0.056135
v 0.014615 -0.060088 0.056650
v 0.015120 -0.059573 0.057184
v 0.015588 -0.059041 0.057734
v 0.016018 -0.058494 0.058301
v 0.016407 -0.057932 0.058883
v 0.016756 -0.057357 0.059478
v 0.017063 -0.056771 0.060085
v 0.017327 -0.056176 0.060702
v 0.017549 -0.055571 0.061327
v 0.017726 -0.054960 0.061960
v 0.017860 -0.054344 0.062599
v 0.017950 -0.053724 0.063241
v 0.017994 -0.053101 0.063886
v 0.017994 -0.052477 0.064531
v 0.017950 -0.051855 0.065176
v 0.017860 -0.051234 0.065818
v 0.017726 -0.050618 0.066457
v 0.017549 -0.050007 0.067090
v 0.017327 -0.049403 0.067715
v 0.017063 -0.048807 0.068332
v 0.016756 -0.048221 0.068939
v 0.016407 -0.047646 0.069534
v 0.016018 -0.047085 0.070116
v 0.015588 -0.046537 0.070683
v 0.015120 -0.046005 0.071234
v 0.014615 -0.045490 0.071767
v 0.014073 -0.044993 0.072281
v 0.013496 -0.044515 0.072776
v 0.012886 -0.044058 0.073249
v 0.012243 -0.043623 0.073700
v 0.011570 -0.043210 0.074127
v 0.010868 -0.042822 0.074530
v 0.010140 -0.042458 0.074907
v 0.009386 -0.042120 0.075257
v 0.008609 -0.041808 0.075580
v 0.007810 -0.041524 0.075874
v 0.006992 -0.041267 0.076140
v 0.006156 -0.041039 0.076376
v 0.005306 -0.040841 0.076581
v 0.004442 -0.040672 0.076756
v 0.003567 -0.040533 0.076900
v 0.002683 -0.040425 0.077012
v 0.001792 -0.040347 0.077092
v 0.000897 -0.040301 0.077141
v 0.000000 -0.040285 0.077157
v -0.000897 -0.040301 0.077141
v -0.001792 -0.040347 0.077092
v -0.002683 -0.040425 0.077012
v -0.003566 -0.040533 0.076900
v -0.004442 -0.040672 0.076756
v -0.005306 -0.040841 0.076581
v -0.006156 -0.041039 0.076376
v -0.006992 -0.041267 0.076140
v -0.007810 -0.041524 0.075874
v -0.008608 -0.041808 0.075580
v -0.009386 -0.042120 0.075257
v -0.010140 -0.042458 0.074907
v -0.010868 -0.042822 0.074530
v -0.011570 -0.043211 0.074127
v -0.012243 -0.043623 0.073700
v -0.012886 -0.044059 0.073249
v -0.013496 -0.044515 0.072776
v -0.014073 -0.044993 0.072281
v -0.014615 -0.045490 0.071767
v -0.015120 -0.046005 0.071234
v -0.015588 -0.046537 0.070683
v -0.016018 -0.047085 0.070116
v -0.016407 -0.047646 0.069534
v -0.016756 -0.048221 0.068939
v -0.017063 -0.048807 0.068332
v -0.017327 -0.049403 0.067715
v -0.017549 -0.050007 0.067090
v -0.017726 -0.050618 0.066457
v -0.017860 -0.051234 0.065818
v -0.017950 -0.051855 0.065176
v -0.017994 -0.052477 0.064531
v -0.017994 -0.053101 0.063886
v -0.017950 -0.053724 0.063241
v -0.017860 -0.054344 0.062599
v -0.017726 -0.054960 0.061960
v -0.017549 -0.055571 0.061327
v -0.017327 -0.056176 0.060702
v -0.017063 -0.056771 0.060085
v -0.016756 -0.057357 0.059478
v -0.016407 -0.057932 0.058883
v -0.016018 -0.058494 0.058301
v -0.015588 -0.059041 0.057734
v -0.015120 -0.059573 0.057184
v -0.014615 -0.060088 0.056650
v -0.014073 -0.060585 0.056135
v -0.013496 -0.061063 0.055641
v -0.012886 -0.061520 0.055168
v -0.012243 -0.061955 0.054717
v -0.011570 -0.062367 0.054290
v -0.010868 -0.062756 0.053887
v -0.010140 -0.063120 0.053510
v -0.009386 -0.063459 0.053160
v -0.008608 -0.063770 0.052837
v -0.007810 -0.064055 0.052543
v -0.006992 -0.064311 0.052277
v -0.006156 -0.064539 0.052041
v -0.005306 -0.064737 0.051836
v -0.004442 -0.064906 0.051661
v -0.003566 -0.065045 0.051517
v -0.002683 -0.065153 0.051405
v -0.001792 -0.065231 0.051325
v -0.000897 -0.065277 0.051277
v -0.021547 -0.065231 0.047006
v -0.019257 -0.063679 0.048613
v -0.022568 -0.064466 0.047798
v -0.020473 -0.065959 0.046252
v -0.020169 -0.062996 0.049321
v -0.018174 -0.067298 0.044865
v -0.019348 -0.066648 0.045538
v -0.021031 -0.062282 0.050060
v -0.023533 -0.063668 0.048625
v -0.024439 -0.062837 0.049485
v -0.016242 -0.065527 0.046700
v -0.016956 -0.067907 0.044235
v -0.025285 -0.061975 0.050377
v -0.015695 -0.068473 0.043649
v -0.026067 -0.061086 0.051298
v -0.026785 -0.060170 0.052247
v -0.014395 -0.068994 0.043109
v -0.023937 -0.059156 0.053297
v -0.011671 -0.067467 0.044691
v -0.011692 -0.069898 0.042173
v -0.013060 -0.069470 0.042617
v -0.024519 -0.058316 0.054166
v -0.027436 -0.059231 0.053219
v -0.028019 -0.058270 0.054214
v -0.028532 -0.057290 0.055229
v -0.010295 -0.070279 0.041778
v -0.008872 -0.070611 0.041434
v -0.025895 -0.055692 0.056884
v -0.028975 -0.056294 0.056260
v -0.006638 -0.068740 0.043373
v -0.007427 -0.070894 0.041142
v -0.029345 -0.055284 0.057306
v -0.029643 -0.054262 0.058365
v -0.005330 -0.068947 0.043158
v -0.005964 -0.071126 0.040902
v -0.004486 -0.071307 0.040714
v -0.029866 -0.053231 0.059432
v -0.001500 -0.071514 0.040499
v -0.002997 -0.071436 0.040580
v -0.026825 -0.052027 0.060678
v -0.030016 -0.052194 0.060507
v -0.001341 -0.069294 0.042798
v 0.000000 -0.071540 0.040472
v -0.030091 -0.051152 0.061585
v -0.030091 -0.050110 0.062664
v 0.001500 -0.071514 0.040499
v 0.001341 -0.069294 0.042798
v -0.026825 -0.049235 0.063571
v -0.030016 -0.049069 0.063743
v -0.029866 -0.048031 0.064817
v 0.004486 -0.071307 0.040714
v 0.002997 -0.071436 0.040580
v -0.026691 -0.048308 0.064531
v -0.029643 -0.047000 0.065884
v 0.005330 -0.068947 0.043158
v 0.005964 -0.071126 0.040902
v -0.029345 -0.045978 0.066943
v 0.006638 -0.068740 0.043373
v 0.007427 -0.070894 0.041142
v -0.025895 -0.045570 0.067365
v -0.028975 -0.044968 0.067989
v 0.008872 -0.070611 0.041434
v -0.025499 -0.044680 0.068287
v -0.028532 -0.043972 0.069020
v -0.028019 -0.042992 0.070035
v 0.010295 -0.070279 0.041778
v 0.011692 -0.069898 0.042173
v -0.027436 -0.042031 0.071030
v -0.026785 -0.041092 0.072002
v 0.011671 -0.067467 0.044691
v 0.013060 -0.069470 0.042617
v 0.014395 -0.068994 0.043109
v -0.023937 -0.042106 0.070952
v -0.023296 -0.041288 0.071800
v -0.026067 -0.040176 0.072951
v 0.015695 -0.068473 0.043649
v -0.025285 -0.039287 0.073872
v 0.016956 -0.067907 0.044235
v -0.024439 -0.038426 0.074764
v 0.018174 -0.067298 0.044865
v 0.016242 -0.065527 0.046700
v -0.023533 -0.037594 0.075624
v -0.021031 -0.038980 0.074189
v 0.019348 -0.066648 0.045538
v -0.022568 -0.036796 0.076451
v -0.020169 -0.038267 0.074928
v 0.020473 -0.065959 0.046252
v -0.021547 -0.036031 0.077243
v 0.021548 -0.065231 0.047006
v -0.020473 -0.035304 0.077997
v 0.022568 -0.064466 0.047798
v 0.020169 -0.062996 0.049321
v -0.019348 -0.034614 0.078711
v 0.021031 -0.062282 0.050060
v 0.023533 -0.063668 0.048625
v -0.018174 -0.033964 0.079384
v 0.024439 -0.062837 0.049485
v -0.016956 -0.033355 0.080014
v 0.025285 -0.061975 0.050377
v -0.015695 -0.032789 0.080600
v 0.026067 -0.061086 0.051298
v -0.014395 -0.032268 0.081140
v 0.026785 -0.060170 0.052247
v 0.023937 -0.059156 0.053297
v -0.013060 -0.031793 0.081632
v -0.010449 -0.033412 0.079955
v 0.027436 -0.059231 0.053219
v 0.024520 -0.058316 0.054166
v -0.011692 -0.031364 0.082076
v 0.028019 -0.058270 0.054214
v -0.010295 -0.030983 0.082471
v -0.007929 -0.032775 0.080615
v 0.028533 -0.057290 0.055229
v -0.008872 -0.030651 0.082815
v 0.025895 -0.055692 0.056884
v 0.028975 -0.056294 0.056260
v -0.007427 -0.030368 0.083107
v 0.029345 -0.055284 0.057306
v -0.005964 -0.030136 0.083347
v 0.029643 -0.054262 0.058365
v -0.004486 -0.029955 0.083535
v -0.002678 -0.032038 0.081379
v 0.029866 -0.053231 0.059432
v -0.002997 -0.029826 0.083669
v -0.001341 -0.031968 0.081451
v 0.030016 -0.052194 0.060507
v 0.026825 -0.052027 0.060678
v -0.001500 -0.029748 0.083750
v 0.030091 -0.051152 0.061585
v 0.000000 -0.029722 0.083777
v 0.000000 -0.031945 0.081475
v 0.030091 -0.050110 0.062664
v 0.001341 -0.031968 0.081451
v 0.001500 -0.029748 0.083750
v 0.002678 -0.032038 0.081379
v 0.030016 -0.049069 0.063743
v 0.026825 -0.049235 0.063571
v 0.002997 -0.029826 0.083669
v 0.029866 -0.048031 0.064817
v 0.026691 -0.048308 0.064531
v 0.004486 -0.029955 0.083535
v 0.029643 -0.047000 0.065884
v 0.005964 -0.030136 0.083347
v 0.029345 -0.045978 0.066943
v 0.007427 -0.030368 0.083107
v 0.028975 -0.044968 0.067989
v 0.025895 -0.045570 0.067365
v 0.007929 -0.032775 0.080615
v 0.008872 -0.030651 0.082815
v 0.028533 -0.043972 0.069020
v 0.025499 -0.044680 0.068287
v 0.010295 -0.030983 0.082471
v 0.028019 -0.042992 0.070035
v 0.010449 -0.033412 0.079955
v 0.011692 -0.031364 0.082076
v 0.027436 -0.042031 0.071030
v 0.013060 -0.031793 0.081632
v 0.026785 -0.041092 0.072002
v 0.023937 -0.042106 0.070952
v 0.014395 -0.032268 0.081140
v 0.026067 -0.040176 0.072951
v 0.023296 -0.041288 0.071800
v 0.015695 -0.032789 0.080600
v 0.025285 -0.039287 0.073872
v 0.016956 -0.033355 0.080014
v 0.024439 -0.038425 0.074764
v 0.018174 -0.033964 0.079384
v 0.023533 -0.037594 0.075624
v 0.021031 -0.038980 0.074189
v 0.019348 -0.034614 0.078711
v 0.020169 -0.038267 0.074928
v 0.022568 -0.036796 0.076451
v 0.020473 -0.035304 0.077997
v 0.021548 -0.036031 0.077243
v 0.000897 -0.065277 0.051277
v 0.000000 -0.065293 0.051260
v -0.001792 -0.065231 0.051325
v 0.002683 -0.065153 0.051405
v 0.004442 -0.064906 0.051661
v -0.003566 -0.065045 0.051517
v 0.006156 -0.064539 0.052041
v 0.006992 -0.064311 0.052277
v -0.006992 -0.064311 0.052277
v 0.007810 -0.064055 0.052543
v 0.006954 -0.049109 0.068020
v 0.009386 -0.063459 0.053160
v 0.010140 -0.063120 0.053510
v 0.010868 -0.062756 0.053887
v 0.011570 -0.062367 0.054290
v 0.012886 -0.061520 0.055168
v 0.013496 -0.061063 0.055641
v 0.014073 -0.060585 0.056135
v 0.014615 -0.060088 0.056650
v 0.015120 -0.059573 0.057184
v 0.015588 -0.059041 0.057734
v 0.016018 -0.058494 0.058301
v 0.016756 -0.057357 0.059478
v 0.017063 -0.056771 0.060085
v 0.017327 -0.056176 0.060702
v 0.017549 -0.055571 0.061327
v 0.017726 -0.054960 0.061960
v 0.017860 -0.054344 0.062599
v 0.017994 -0.052477 0.064531
v 0.017950 -0.051855 0.065176
v 0.007131 -0.048821 0.068317
v 0.017327 -0.049403 0.067715
v 0.017063 -0.048807 0.068332
v 0.016756 -0.048221 0.068939
v 0.016407 -0.047646 0.069534
v 0.016018 -0.047085 0.070116
v 0.015120 -0.046005 0.071234
v 0.014615 -0.045490 0.071767
v 0.014073 -0.044993 0.072281
v 0.013496 -0.044515 0.072776
v 0.012886 -0.044058 0.073249
v 0.011570 -0.043210 0.074127
v 0.010140 -0.042458 0.074907
v 0.009386 -0.042120 0.075257
v 0.006156 -0.041039 0.076376
v 0.005306 -0.040841 0.076581
v 0.003567 -0.040533 0.076900
v 0.002683 -0.040425 0.077012
v 0.001792 -0.040347 0.077092
v 0.000897 -0.040301 0.077141
v -0.006954 -0.049109 0.068020
v -0.017327 -0.056176 0.060702
v -0.016756 -0.057357 0.059478
v -0.016407 -0.057932 0.058883
v -0.015120 -0.059573 0.057184
v -0.014615 -0.060088 0.056650
v -0.013496 -0.061063 0.055641
v -0.012886 -0.061520 0.055168
v -0.011570 -0.062367 0.054290
v -0.010868 -0.062756 0.053887
v -0.010140 -0.063120 0.053510
v -0.009386 -0.063459 0.053160
v -0.008608 -0.063770 0.052837
v -0.017950 -0.051855 0.065176
v -0.017950 -0.053724 0.063241
v -0.017860 -0.054344 0.062599
v -0.017549 -0.055571 0.061327
v -0.007131 -0.048821 0.068317
v -0.001792 -0.040347 0.077092
v -0.004442 -0.040672 0.076756
v -0.006992 -0.041267 0.076140
v -0.007810 -0.041524 0.075874
v -0.008608 -0.041808 0.075580
v -0.009386 -0.042120 0.075257
v -0.011570 -0.043211 0.074127
v -0.012243 -0.043623 0.073700
v -0.012886 -0.044059 0.073249
v -0.015120 -0.046005 0.071234
v -0.016018 -0.047085 0.070116
v -0.017063 -0.048807 0.068332
v -0.017327 -0.049403 0.067715
v -0.017549 -0.050007 0.067090
v -0.017726 -0.050618 0.066457
v 0.001500 -0.031906 0.085834
v 0.000000 -0.031880 0.085861
v 0.000000 -0.029722 0.083777
v 0.002997 -0.031984 0.085753
v 0.002997 -0.029826 0.083669
v 0.004486 -0.032113 0.085619
v 0.004486 -0.029955 0.083535
v 0.005964 -0.032294 0.085431
v 0.005964 -0.030136 0.083347
v 0.007427 -0.032526 0.085191
v 0.007427 -0.030368 0.083107
v 0.008872 -0.032809 0.084899
v 0.010295 -0.033141 0.084555
v 0.010295 -0.030983 0.082471
v 0.011692 -0.033522 0.084160
v 0.011692 -0.031364 0.082076
v 0.013060 -0.031793 0.081632
v 0.013060 -0.033950 0.083716
v 0.014395 -0.034426 0.083224
v 0.015695 -0.034947 0.082684
v 0.016956 -0.035513 0.082098
v 0.018174 -0.036122 0.081468
v 0.019348 -0.036772 0.080795
v 0.019348 -0.034614 0.078711
v 0.020473 -0.037462 0.080081
v 0.020473 -0.035304 0.077997
v 0.021548 -0.038189 0.079327
v 0.022568 -0.038954 0.078535
v 0.023533 -0.039752 0.077708
v 0.024439 -0.040583 0.076848
v 0.024439 -0.038425 0.074764
v 0.025285 -0.041445 0.075956
v 0.026067 -0.042334 0.075035
v 0.026785 -0.043250 0.074086
v 0.027436 -0.044189 0.073114
v 0.027436 -0.042031 0.071030
v 0.028019 -0.045150 0.072119
v 0.028533 -0.046130 0.071104
v 0.028975 -0.044968 0.067989
v 0.028975 -0.047126 0.070073
v 0.029345 -0.048136 0.069027
v 0.029345 -0.045978 0.066943
v 0.029643 -0.049158 0.067968
v 0.029866 -0.050189 0.066901
v 0.029866 -0.048031 0.064817
v 0.030016 -0.051226 0.065827
v 0.030016 -0.049069 0.063743
v 0.030091 -0.052268 0.064748
v 0.030091 -0.053310 0.063669
v 0.030016 -0.052194 0.060507
v 0.030016 -0.054352 0.062590
v 0.029866 -0.055389 0.061516
v 0.029643 -0.056420 0.060449
v 0.029345 -0.055284 0.057306
v 0.029345 -0.057442 0.059390
v 0.028975 -0.058452 0.058344
v 0.028533 -0.059448 0.057313
v 0.028019 -0.060428 0.056298
v 0.027436 -0.061389 0.055303
v 0.027436 -0.059231 0.053219
v 0.026785 -0.062328 0.054331
v 0.026067 -0.063244 0.053382
v 0.025285 -0.064133 0.052461
v 0.025285 -0.061975 0.050377
v 0.024439 -0.064995 0.051569
v 0.024439 -0.062837 0.049485
v 0.023533 -0.065826 0.050709
v 0.023533 -0.063668 0.048625
v 0.022568 -0.066624 0.049882
v 0.021548 -0.065231 0.047006
v 0.021548 -0.067389 0.049090
v 0.020473 -0.068117 0.048336
v 0.020473 -0.065959 0.046252
v 0.019348 -0.068806 0.047622
v 0.018174 -0.069457 0.046949
v 0.016956 -0.070065 0.046319
v 0.015695 -0.070631 0.045733
v 0.014395 -0.071152 0.045193
v 0.013060 -0.071628 0.044701
v 0.011692 -0.072056 0.044257
v 0.010295 -0.072437 0.043862
v 0.008872 -0.072769 0.043518
v 0.007427 -0.073052 0.043226
v 0.005964 -0.073284 0.042986
v 0.004486 -0.073465 0.042798
v 0.004486 -0.071307 0.040714
v 0.002997 -0.073595 0.042664
v 0.002997 -0.071436 0.040580
v 0.001500 -0.073672 0.042583
v 0.000000 -0.073698 0.042556
v -0.001500 -0.073672 0.042583
v -0.002997 -0.073595 0.042664
v -0.002997 -0.071436 0.040580
v -0.004486 -0.073465 0.042798
v -0.004486 -0.071307 0.040714
v -0.005964 -0.073284 0.042986
v -0.007427 -0.073052 0.043226
v -0.008872 -0.072769 0.043518
v -0.010295 -0.072437 0.043862
v -0.011692 -0.072056 0.044257
v -0.013060 -0.071628 0.044701
v -0.014395 -0.071152 0.045193
v -0.015695 -0.070631 0.045733
v -0.016956 -0.070065 0.046319
v -0.018174 -0.069457 0.046949
v -0.019348 -0.068806 0.047622
v -0.020473 -0.068117 0.048336
v -0.020473 -0.065959 0.046252
v -0.021547 -0.067389 0.049090
v -0.021547 -0.065231 0.047006
v -0.022568 -0.066624 0.049882
v -0.023533 -0.065826 0.050709
v -0.023533 -0.063668 0.048625
v -0.024439 -0.064995 0.051569
v -0.024439 -0.062837 0.049485
v -0.025285 -0.064133 0.052461
v -0.025285 -0.061975 0.050377
v -0.026067 -0.063244 0.053382
v -0.026785 -0.062328 0.054331
v -0.027436 -0.061389 0.055303
v -0.027436 -0.059231 0.053219
v -0.028019 -0.060428 0.056298
v -0.028532 -0.059448 0.057313
v -0.028975 -0.058452 0.058344
v -0.029345 -0.057442 0.059390
v -0.029345 -0.055284 0.057306
v -0.029643 -0.056420 0.060449
v -0.029866 -0.055389 0.061516
v -0.030016 -0.054352 0.062590
v -0.030016 -0.052194 0.060507
v -0.030091 -0.053310 0.063669
v -0.030091 -0.052268 0.064748
v -0.030016 -0.051226 0.065827
v -0.030016 -0.049069 0.063743
v -0.029866 -0.050189 0.066901
v -0.029866 -0.048031 0.064817
v -0.029643 -0.049158 0.067968
v -0.029345 -0.048136 0.069027
v -0.029345 -0.045978 0.066943
v -0.028975 -0.047126 0.070073
v -0.028975 -0.044968 0.067989
v -0.028532 -0.046130 0.071104
v -0.028019 -0.045150 0.072119
v -0.027436 -0.044189 0.073114
v -0.027436 -0.042031 0.071030
v -0.026785 -0.043250 0.074086
v -0.026067 -0.042334 0.075035
v -0.025285 -0.041445 0.075956
v -0.024439 -0.040583 0.076848
v -0.024439 -0.038426 0.074764
v -0.023533 -0.039752 0.077708
v -0.022568 -0.038954 0.078535
v -0.021547 -0.038189 0.079327
v -0.020473 -0.035304 0.077997
v -0.020473 -0.037462 0.080081
v -0.019348 -0.036772 0.080795
v -0.019348 -0.034614 0.078711
v -0.018174 -0.036122 0.081468
v -0.016956 -0.035513 0.082098
v -0.015695 -0.034947 0.082684
v -0.014395 -0.034426 0.083224
v -0.013060 -0.033951 0.083716
v -0.013060 -0.031793 0.081632
v -0.011692 -0.033522 0.084160
v -0.010295 -0.033141 0.084555
v -0.008872 -0.032809 0.084899
v -0.008872 -0.030651 0.082815
v -0.007427 -0.032526 0.085191
v -0.007427 -0.030368 0.083107
v -0.005964 -0.032294 0.085431
v -0.005964 -0.030136 0.083347
v -0.004486 -0.032113 0.085619
v -0.004486 -0.029955 0.083535
v -0.002997 -0.031984 0.085753
v -0.002997 -0.029826 0.083669
v -0.001500 -0.031906 0.085834
v 0.075000 -0.075000 0.041209
v 0.030578 -0.030578 0.087209
v -0.075000 -0.075000 0.041208
v -0.030578 -0.030578 0.087209
v 0.050026 -0.066221 0.050300
v 0.050117 -0.065710 0.050829
v 0.050174 -0.065194 0.051362
v 0.050197 -0.064676 0.051899
v 0.050183 -0.064155 0.052439
v 0.050134 -0.063634 0.052978
v 0.050047 -0.063113 0.053518
v 0.049922 -0.062595 0.054055
v 0.049757 -0.062079 0.054588
v 0.049551 -0.061568 0.055117
v 0.031675 -0.039357 0.078117
v 0.031370 -0.038852 0.078641
v 0.031039 -0.038354 0.079156
v 0.030681 -0.037864 0.079664
v 0.030297 -0.037384 0.080161
v 0.029888 -0.036914 0.080648
v 0.029452 -0.036456 0.081122
v 0.028991 -0.036012 0.081582
v -0.050026 -0.066221 0.050300
v -0.050117 -0.065710 0.050829
v -0.050174 -0.065194 0.051362
v -0.050197 -0.064676 0.051899
v -0.050183 -0.064155 0.052439
v -0.050134 -0.063634 0.052978
v -0.050047 -0.063113 0.053518
v -0.049922 -0.062595 0.054055
v -0.049757 -0.062079 0.054588
v -0.049551 -0.061568 0.055117
v -0.031675 -0.039357 0.078117
v -0.031370 -0.038852 0.078641
v -0.031039 -0.038354 0.079156
v -0.030681 -0.037864 0.079664
v -0.030297 -0.037384 0.080161
v -0.029888 -0.036914 0.080648
v -0.029452 -0.036456 0.081122
v -0.028991 -0.036012 0.081582
v 0.041577 -0.046073 0.071163
v -0.041577 -0.046073 0.071163
v -0.075000 -0.075000 0.001208
v 0.075000 -0.075000 0.001208
v 0.069457 0.018174 0.046949
v 0.070065 0.016956 0.046319
v 0.075000 0.075000 0.041209
v 0.070631 0.015695 0.045733
v 0.071152 0.014395 0.045193
v 0.071628 0.013060 0.044701
v 0.072056 0.011692 0.044257
v 0.072437 0.010295 0.043862
v 0.072769 0.008872 0.043518
v 0.073052 0.007427 0.043226
v 0.073284 0.005964 0.042986
v 0.073465 0.004486 0.042798
v 0.073595 0.002997 0.042664
v 0.073672 0.001500 0.042583
v 0.073698 0.000000 0.042556
v 0.030578 0.030578 0.087209
v 0.034426 0.014395 0.083224
v 0.034947 0.015695 0.082684
v 0.033951 0.013060 0.083716
v 0.033522 0.011692 0.084160
v 0.033141 0.010295 0.084555
v 0.073672 -0.001500 0.042583
v 0.073595 -0.002997 0.042664
v 0.073465 -0.004486 0.042798
v 0.073284 -0.005964 0.042986
v 0.073052 -0.007427 0.043226
v 0.072769 -0.008872 0.043518
v 0.072437 -0.010295 0.043862
v 0.072056 -0.011692 0.044257
v 0.071628 -0.013060 0.044701
v 0.071152 -0.014395 0.045193
v 0.070631 -0.015695 0.045733
v 0.070065 -0.016956 0.046319
v 0.069457 -0.018174 0.046949
v 0.032809 0.008872 0.084899
v 0.034426 -0.014395 0.083224
v 0.034947 -0.015695 0.082684
v 0.033951 -0.013060 0.083716
v 0.033522 -0.011692 0.084160
v 0.033141 -0.010295 0.084555
v 0.032809 -0.008872 0.084899
v 0.031880 0.000000 0.085861
v 0.031906 0.001500 0.085834
v 0.031984 0.002997 0.085753
v 0.032113 0.004486 0.085619
v 0.032294 0.005964 0.085431
v 0.032526 0.007427 0.085191
v 0.031906 -0.001500 0.085834
v 0.031984 -0.002997 0.085753
v 0.032113 -0.004486 0.085619
v 0.032294 -0.005964 0.085431
v 0.032526 -0.007427 0.085191
v 0.066221 0.050026 0.050300
v 0.062328 0.026785 0.054331
v 0.061389 0.027436 0.055303
v 0.063244 0.026067 0.053382
v 0.064133 0.025285 0.052461
v 0.064995 0.024439 0.051569
v 0.065826 0.023533 0.050709
v 0.066624 0.022568 0.049882
v 0.067389 0.021548 0.049090
v 0.068117 0.020473 0.048336
v 0.068806 0.019348 0.047622
v 0.065710 0.050117 0.050829
v 0.060428 0.028019 0.056298
v 0.065194 0.050174 0.051362
v 0.064676 0.050197 0.051899
v 0.064155 0.050183 0.052439
v 0.059448 0.028533 0.057313
v 0.063634 0.050134 0.052978
v 0.063113 0.050047 0.053518
v 0.062595 0.049922 0.054055
v 0.058452 0.028975 0.058344
v 0.062079 0.049757 0.054588
v 0.052268 0.030091 0.064748
v 0.061568 0.049551 0.055117
v 0.051226 0.030016 0.065827
v 0.053310 0.030091 0.063669
v 0.054352 0.030016 0.062590
v 0.055389 0.029866 0.061516
v 0.056420 0.029643 0.060449
v 0.057442 0.029345 0.059390
v 0.040583 0.024439 0.076848
v 0.039357 0.031675 0.078117
v 0.039752 0.023533 0.077708
v 0.041445 0.025285 0.075956
v 0.042334 0.026067 0.075035
v 0.043250 0.026785 0.074086
v 0.044189 0.027436 0.073114
v 0.038852 0.031370 0.078641
v 0.038354 0.031039 0.079156
v 0.037864 0.030681 0.079664
v 0.038954 0.022568 0.078535
v 0.037384 0.030297 0.080161
v 0.036914 0.029888 0.080648
v 0.036456 0.029452 0.081122
v 0.036012 0.028991 0.081582
v 0.035513 0.016956 0.082098
v 0.036122 0.018174 0.081468
v 0.036772 0.019348 0.080795
v 0.037462 0.020473 0.080081
v 0.038189 0.021548 0.079327
v 0.066221 -0.050026 0.050300
v 0.068806 -0.019348 0.047622
v 0.068117 -0.020473 0.048336
v 0.067389 -0.021548 0.049090
v 0.066624 -0.022568 0.049882
v 0.065826 -0.023533 0.050709
v 0.064995 -0.024439 0.051569
v 0.064133 -0.025285 0.052461
v 0.063244 -0.026067 0.053382
v 0.062328 -0.026785 0.054331
v 0.061389 -0.027436 0.055303
v 0.065710 -0.050117 0.050829
v 0.060428 -0.028019 0.056298
v 0.065194 -0.050174 0.051362
v 0.064676 -0.050197 0.051899
v 0.064155 -0.050183 0.052439
v 0.059448 -0.028533 0.057313
v 0.063634 -0.050134 0.052978
v 0.063113 -0.050047 0.053518
v 0.062595 -0.049922 0.054055
v 0.058452 -0.028975 0.058344
v 0.062079 -0.049757 0.054588
v 0.061568 -0.049551 0.055117
v 0.057442 -0.029345 0.059390
v 0.056420 -0.029643 0.060449
v 0.055389 -0.029866 0.061516
v 0.054352 -0.030016 0.062590
v 0.053310 -0.030091 0.063669
v 0.052268 -0.030091 0.064748
v 0.051226 -0.030016 0.065827
v 0.043250 -0.026785 0.074086
v 0.039357 -0.031675 0.078117
v 0.044189 -0.027436 0.073114
v 0.042334 -0.026067 0.075035
v 0.041445 -0.025285 0.075956
v 0.040583 -0.024439 0.076848
v 0.039752 -0.023533 0.077708
v 0.038852 -0.031370 0.078641
v 0.038354 -0.031039 0.079156
v 0.037864 -0.030681 0.079664
v 0.038954 -0.022568 0.078535
v 0.037384 -0.030297 0.080161
v 0.036914 -0.029888 0.080648
v 0.036456 -0.029452 0.081122
v 0.038189 -0.021548 0.079327
v 0.036012 -0.028991 0.081582
v 0.037462 -0.020473 0.080081
v 0.036772 -0.019348 0.080795
v 0.036122 -0.018174 0.081468
v 0.035513 -0.016956 0.082098
v 0.046073 0.041577 0.071163
v 0.045150 0.028019 0.072119
v 0.046130 0.028533 0.071104
v 0.047126 0.028975 0.070073
v 0.048136 0.029345 0.069027
v 0.049158 0.029643 0.067968
v 0.050189 0.029866 0.066901
v 0.050189 -0.029866 0.066901
v 0.046073 -0.041577 0.071163
v 0.049158 -0.029643 0.067968
v 0.048136 -0.029345 0.069027
v 0.047126 -0.028975 0.070073
v 0.046130 -0.028533 0.071104
v 0.045150 -0.028019 0.072119
v -0.069457 -0.018174 0.046949
v -0.070065 -0.016956 0.046319
v -0.070631 -0.015695 0.045733
v -0.071152 -0.014395 0.045193
v -0.071628 -0.013060 0.044701
v -0.072056 -0.011692 0.044257
v -0.072437 -0.010295 0.043862
v -0.072769 -0.008872 0.043518
v -0.073052 -0.007427 0.043226
v -0.073284 -0.005964 0.042986
v -0.073465 -0.004486 0.042798
v -0.073595 -0.002997 0.042664
v -0.073672 -0.001500 0.042583
v -0.073698 -0.000000 0.042556
v -0.034426 -0.014395 0.083224
v -0.034947 -0.015695 0.082684
v -0.033951 -0.013060 0.083716
v -0.033522 -0.011692 0.084160
v -0.033141 -0.010295 0.084555
v -0.073672 0.001500 0.042583
v -0.075000 0.075000 0.041208
v -0.073595 0.002997 0.042664
v -0.073465 0.004486 0.042798
v -0.073284 0.005964 0.042986
v -0.073052 0.007427 0.043226
v -0.072769 0.008872 0.043518
v -0.072437 0.010295 0.043862
v -0.072056 0.011692 0.044257
v -0.071628 0.013060 0.044701
v -0.071152 0.014395 0.045193
v -0.070631 0.015695 0.045733
v -0.070065 0.016956 0.046319
v -0.069457 0.018174 0.046949
v -0.032809 -0.008872 0.084899
v -0.034426 0.014395 0.083224
v -0.030578 0.030578 0.087209
v -0.034947 0.015695 0.082684
v -0.033951 0.013060 0.083716
v -0.033522 0.011692 0.084160
v -0.033141 0.010295 0.084555
v -0.032809 0.008872 0.084899
v -0.031880 -0.000000 0.085861
v -0.031906 -0.001500 0.085834
v -0.031984 -0.002997 0.085753
v -0.032113 -0.004486 0.085619
v -0.032294 -0.005964 0.085431
v -0.032526 -0.007427 0.085191
v -0.031906 0.001500 0.085834
v -0.031984 0.002997 0.085753
v -0.032113 0.004486 0.085619
v -0.032294 0.005964 0.085431
v -0.032526 0.007427 0.085191
v -0.066221 -0.050026 0.050300
v -0.062328 -0.026785 0.054331
v -0.061389 -0.027436 0.055303
v -0.063244 -0.026067 0.053382
v -0.064133 -0.025285 0.052461
v -0.064995 -0.024439 0.051569
v -0.065826 -0.023533 0.050709
v -0.066624 -0.022568 0.049882
v -0.067389 -0.021548 0.049090
v -0.068117 -0.020473 0.048336
v -0.068806 -0.019348 0.047622
v -0.065710 -0.050117 0.050829
v -0.060428 -0.028019 0.056298
v -0.065194 -0.050174 0.051362
v -0.064676 -0.050197 0.051899
v -0.064155 -0.050183 0.052439
v -0.059448 -0.028533 0.057313
v -0.063634 -0.050134 0.052978
v -0.063113 -0.050047 0.053518
v -0.062595 -0.049922 0.054055
v -0.058452 -0.028975 0.058344
v -0.062079 -0.049757 0.054588
v -0.052268 -0.030091 0.064748
v -0.061568 -0.049551 0.055117
v -0.051226 -0.030016 0.065827
v -0.053310 -0.030091 0.063669
v -0.054352 -0.030016 0.062590
v -0.055389 -0.029866 0.061516
v -0.056420 -0.029643 0.060449
v -0.057442 -0.029345 0.059390
v -0.040583 -0.024439 0.076848
v -0.039357 -0.031675 0.078117
v -0.039752 -0.023533 0.077708
v -0.041445 -0.025285 0.075956
v -0.042334 -0.026067 0.075035
v -0.043250 -0.026785 0.074086
v -0.044189 -0.027436 0.073114
v -0.038852 -0.031370 0.078641
v -0.038354 -0.031039 0.079156
v -0.037864 -0.030681 0.079664
v -0.038954 -0.022568 0.078535
v -0.037384 -0.030297 0.080161
v -0.036914 -0.029888 0.080648
v -0.036456 -0.029452 0.081122
v -0.036012 -0.028991 0.081582
v -0.035513 -0.016956 0.082098
v -0.036122 -0.018174 0.081468
v -0.036772 -0.019348 0.080795
v -0.037462 -0.020473 0.080081
v -0.038189 -0.021548 0.079327
v -0.066221 0.050026 0.050300
v -0.068806 0.019348 0.047622
v -0.068117 0.020473 0.048336
v -0.067389 0.021548 0.049090
v -0.066624 0.022568 0.049882
v -0.065826 0.023533 0.050709
v -0.064995 0.024439 0.051569
v -0.064133 0.025285 0.052461
v -0.063244 0.026067 0.053382
v -0.062328 0.026785 0.054331
v -0.061389 0.027436 0.055303
v -0.065710 0.050117 0.050829
v -0.060428 0.028019 0.056298
v -0.065194 0.050174 0.051362
v -0.064676 0.050197 0.051899
v -0.064155 0.050183 0.052439
v -0.059448 0.028533 0.057313
v -0.063634 0.050134 0.052978
v -0.063113 0.050047 0.053518
v -0.062595 0.049921 0.054055
v -0.058452 0.028975 0.058344
v -0.062079 0.049757 0.054588
v -0.061568 0.049551 0.055117
v -0.057442 0.029345 0.059390
v -0.056420 0.029643 0.060449
v -0.055389 0.029866 0.061516
v -0.054352 0.030016 0.062590
v -0.053310 0.030091 0.063669
v -0.052268 0.030091 0.064748
v -0.051226 0.030016 0.065827
v -0.043250 0.026785 0.074086
v -0.039357 0.031675 0.078117
v -0.044189 0.027436 0.073114
v -0.042334 0.026067 0.075035
v -0.041445 0.025285 0.075956
v -0.040583 0.024439 0.076848
v -0.039752 0.023533 0.077708
v -0.038852 0.031370 0.078641
v -0.038354 0.031039 0.079156
v -0.037864 0.030681 0.079664
v -0.038954 0.022568 0.078535
v -0.037384 0.030297 0.080161
v -0.036914 0.029888 0.080648
v -0.036456 0.029452 0.081122
v -0.038189 0.021548 0.079327
v -0.036012 0.028991 0.081582
v -0.037462 0.020473 0.080081
v -0.036772 0.019348 0.080795
v -0.036122 0.018174 0.081468
v -0.035513 0.016956 0.082098
v -0.046073 -0.041577 0.071163
v -0.045150 -0.028019 0.072119
v -0.046130 -0.028533 0.071104
v -0.047126 -0.028975 0.070073
v -0.048136 -0.029345 0.069027
v -0.049158 -0.029643 0.067968
v -0.050189 -0.029866 0.066901
v -0.050189 0.029866 0.066901
v -0.046073 0.041577 0.071163
v -0.049158 0.029643 0.067968
v -0.048136 0.029345 0.069027
v -0.047126 0.028975 0.070073
v -0.046130 0.028533 0.071104
v -0.045150 0.028019 0.072119
v -0.000000 0.021100 0.087209
v -0.001052 0.021074 0.087209
v 0.001052 0.021074 0.087209
v 0.002101 0.020995 0.087209
v -0.002101 0.020995 0.087209
v 0.003145 0.020864 0.087209
v -0.003145 0.020864 0.087209
v 0.004181 0.020682 0.087209
v -0.004181 0.020682 0.087209
v 0.005206 0.020447 0.087209
v -0.005206 0.020447 0.087209
v 0.006219 0.020163 0.087209
v -0.006219 0.020163 0.087209
v 0.007217 0.019827 0.087209
v -0.007216 0.019827 0.087209
v 0.008196 0.019443 0.087209
v -0.008196 0.019443 0.087209
v 0.009155 0.019010 0.087209
v -0.009155 0.019010 0.087209
v 0.010091 0.018530 0.087209
v -0.010091 0.018530 0.087209
v 0.011002 0.018004 0.087209
v -0.011002 0.018004 0.087209
v 0.011886 0.017434 0.087209
v -0.011886 0.017434 0.087209
v 0.012740 0.016819 0.087209
v -0.012740 0.016819 0.087209
v 0.013563 0.016163 0.087209
v -0.013563 0.016163 0.087209
v 0.014352 0.015467 0.087209
v -0.014351 0.015467 0.087209
v 0.015105 0.014733 0.087209
v -0.015105 0.014733 0.087209
v 0.015820 0.013961 0.087209
v -0.015820 0.013961 0.087209
v 0.016497 0.013156 0.087209
v -0.016497 0.013156 0.087209
v 0.017132 0.012317 0.087209
v -0.017132 0.012317 0.087209
v 0.017724 0.011448 0.087209
v -0.017724 0.011448 0.087209
v 0.018273 0.010550 0.087209
v -0.018273 0.010550 0.087209
v 0.018776 0.009626 0.087209
v -0.018776 0.009626 0.087209
v 0.019233 0.008678 0.087209
v -0.019233 0.008678 0.087209
v 0.019641 0.007709 0.087209
v -0.019641 0.007709 0.087209
v 0.020001 0.006720 0.087209
v -0.020001 0.006720 0.087209
v 0.020311 0.005715 0.087209
v -0.020311 0.005715 0.087209
v 0.020571 0.004695 0.087209
v -0.020571 0.004695 0.087209
v 0.020779 0.003664 0.087209
v -0.020779 0.003664 0.087209
v 0.020936 0.002624 0.087209
v -0.020936 0.002624 0.087209
v 0.021041 0.001577 0.087209
v -0.021041 0.001577 0.087209
v 0.021093 0.000526 0.087209
v -0.021093 0.000526 0.087209
v 0.021093 -0.000526 0.087209
v -0.021093 -0.000526 0.087209
v 0.001052 -0.021074 0.087209
v -0.000000 -0.021100 0.087209
v 0.002101 -0.020995 0.087209
v 0.003145 -0.020864 0.087209
v 0.004181 -0.020682 0.087209
v 0.005206 -0.020447 0.087209
v 0.006219 -0.020163 0.087209
v 0.007217 -0.019827 0.087209
v 0.008196 -0.019443 0.087209
v 0.009155 -0.019010 0.087209
v 0.010091 -0.018530 0.087209
v 0.011002 -0.018004 0.087209
v 0.011886 -0.017434 0.087209
v 0.012740 -0.016819 0.087209
v 0.013563 -0.016163 0.087209
v 0.014352 -0.015467 0.087209
v 0.015105 -0.014733 0.087209
v 0.015820 -0.013961 0.087209
v 0.016497 -0.013156 0.087209
v 0.017132 -0.012317 0.087209
v 0.017724 -0.011448 0.087209
v 0.018273 -0.010550 0.087209
v 0.018776 -0.009626 0.087209
v 0.019233 -0.008678 0.087209
v 0.019641 -0.007709 0.087209
v 0.020001 -0.006720 0.087209
v 0.020311 -0.005715 0.087209
v 0.020571 -0.004695 0.087209
v 0.020779 -0.003664 0.087209
v 0.020936 -0.002624 0.087209
v 0.021041 -0.001577 0.087209
v -0.020936 -0.002624 0.087209
v -0.021041 -0.001577 0.087209
v -0.020779 -0.003664 0.087209
v -0.020571 -0.004695 0.087209
v -0.020311 -0.005715 0.087209
v -0.020001 -0.006720 0.087209
v -0.019641 -0.007709 0.087209
v -0.019233 -0.008678 0.087209
v -0.018776 -0.009626 0.087209
v -0.018273 -0.010550 0.087209
v -0.017724 -0.011448 0.087209
v -0.017132 -0.012317 0.087209
v -0.016497 -0.013156 0.087209
v -0.015820 -0.013961 0.087209
v -0.015105 -0.014733 0.087209
v -0.014351 -0.015467 0.087209
v -0.013563 -0.016163 0.087209
v -0.012740 -0.016819 0.087209
v -0.011886 -0.017434 0.087209
v -0.011002 -0.018004 0.087209
v -0.010091 -0.018530 0.087209
v -0.009155 -0.019010 0.087209
v -0.008196 -0.019443 0.087209
v -0.007216 -0.019827 0.087209
v -0.006219 -0.020163 0.087209
v -0.005206 -0.020447 0.087209
v -0.004181 -0.020682 0.087209
v -0.003145 -0.020864 0.087209
v -0.002101 -0.020995 0.087209
v -0.001052 -0.021074 0.087209
v 0.075000 0.075000 0.001208
v -0.075000 0.075000 0.001208
v -0.018174 0.069457 0.046949
v -0.016956 0.070065 0.046319
v -0.015695 0.070631 0.045733
v -0.014395 0.071152 0.045193
v -0.013060 0.071628 0.044701
v -0.011692 0.072056 0.044257
v -0.010295 0.072437 0.043862
v -0.008872 0.072769 0.043518
v -0.007427 0.073052 0.043226
v -0.005964 0.073284 0.042986
v -0.004486 0.073465 0.042798
v -0.002997 0.073595 0.042664
v -0.001500 0.073672 0.042583
v -0.000000 0.073698 0.042556
v -0.014395 0.034426 0.083224
v -0.015695 0.034947 0.082684
v -0.013060 0.033950 0.083716
v -0.011692 0.033522 0.084160
v -0.010295 0.033141 0.084555
v 0.001500 0.073672 0.042583
v 0.002997 0.073595 0.042664
v 0.004486 0.073465 0.042798
v 0.005964 0.073284 0.042986
v 0.007427 0.073052 0.043226
v 0.008872 0.072769 0.043518
v 0.010295 0.072437 0.043862
v 0.011692 0.072056 0.044257
v 0.013060 0.071628 0.044701
v 0.014395 0.071152 0.045193
v 0.015695 0.070631 0.045733
v 0.016956 0.070065 0.046319
v 0.018174 0.069457 0.046949
v -0.008872 0.032809 0.084899
v 0.014395 0.034426 0.083224
v 0.015695 0.034947 0.082684
v 0.013060 0.033951 0.083716
v 0.011692 0.033522 0.084160
v 0.010295 0.033141 0.084555
v 0.008872 0.032809 0.084899
v -0.000000 0.031880 0.085861
v -0.001500 0.031906 0.085834
v -0.002997 0.031984 0.085753
v -0.004486 0.032113 0.085619
v -0.005964 0.032294 0.085431
v -0.007427 0.032526 0.085191
v 0.001500 0.031906 0.085834
v 0.002997 0.031984 0.085753
v 0.004486 0.032113 0.085619
v 0.005964 0.032294 0.085431
v 0.007427 0.032526 0.085191
v -0.050026 0.066221 0.050300
v -0.026785 0.062328 0.054331
v -0.027436 0.061389 0.055303
v -0.026067 0.063244 0.053382
v -0.025285 0.064133 0.052461
v -0.024439 0.064995 0.051569
v -0.023533 0.065826 0.050709
v -0.022568 0.066624 0.049882
v -0.021548 0.067389 0.049090
v -0.020473 0.068117 0.048336
v -0.019348 0.068806 0.047622
v -0.050117 0.065710 0.050829
v -0.028019 0.060428 0.056298
v -0.050174 0.065194 0.051362
v -0.050197 0.064676 0.051899
v -0.050183 0.064155 0.052439
v -0.028533 0.059448 0.057313
v -0.050134 0.063634 0.052978
v -0.050047 0.063113 0.053518
v -0.049922 0.062595 0.054055
v -0.028975 0.058452 0.058344
v -0.049757 0.062079 0.054588
v -0.030091 0.052268 0.064748
v -0.049551 0.061568 0.055117
v -0.030016 0.051226 0.065827
v -0.030091 0.053310 0.063669
v -0.030016 0.054352 0.062590
v -0.029866 0.055389 0.061516
v -0.029643 0.056420 0.060449
v -0.029345 0.057442 0.059390
v -0.024439 0.040583 0.076848
v -0.031675 0.039357 0.078117
v -0.023533 0.039752 0.077708
v -0.025285 0.041445 0.075956
v -0.026067 0.042334 0.075035
v -0.026785 0.043250 0.074086
v -0.027436 0.044189 0.073114
v -0.031370 0.038852 0.078641
v -0.031039 0.038354 0.079156
v -0.030681 0.037864 0.079664
v -0.022568 0.038954 0.078535
v -0.030297 0.037384 0.080161
v -0.029888 0.036914 0.080648
v -0.029452 0.036456 0.081122
v -0.016956 0.035513 0.082098
v -0.028991 0.036012 0.081582
v -0.018174 0.036122 0.081468
v -0.019348 0.036772 0.080795
v -0.020473 0.037462 0.080081
v -0.021548 0.038189 0.079327
v 0.050026 0.066221 0.050300
v 0.019348 0.068806 0.047622
v 0.020473 0.068117 0.048336
v 0.021548 0.067389 0.049090
v 0.022568 0.066624 0.049882
v 0.023533 0.065826 0.050709
v 0.024439 0.064995 0.051569
v 0.025285 0.064133 0.052461
v 0.026067 0.063244 0.053382
v 0.026785 0.062328 0.054331
v 0.027436 0.061389 0.055303
v 0.050117 0.065710 0.050829
v 0.028019 0.060428 0.056298
v 0.050174 0.065194 0.051362
v 0.050197 0.064676 0.051899
v 0.050183 0.064155 0.052439
v 0.028533 0.059448 0.057313
v 0.050134 0.063634 0.052978
v 0.050047 0.063113 0.053518
v 0.049922 0.062595 0.054055
v 0.028975 0.058452 0.058344
v 0.049757 0.062079 0.054588
v 0.049551 0.061568 0.055117
v 0.029345 0.057442 0.059390
v 0.029643 0.056420 0.060449
v 0.029866 0.055389 0.061516
v 0.030016 0.054352 0.062590
v 0.030091 0.053310 0.063669
v 0.030091 0.052268 0.064748
v 0.030016 0.051226 0.065827
v 0.026785 0.043250 0.074086
v 0.031675 0.039357 0.078117
v 0.027436 0.044189 0.073114
v 0.026067 0.042334 0.075035
v 0.025285 0.041445 0.075956
v 0.024439 0.040583 0.076848
v 0.023533 0.039752 0.077708
v 0.031370 0.038852 0.078641
v 0.031039 0.038354 0.079156
v 0.022568 0.038954 0.078535
v 0.030681 0.037864 0.079664
v 0.030297 0.037384 0.080161
v 0.029888 0.036914 0.080648
v 0.029452 0.036456 0.081122
v 0.021548 0.038189 0.079327
v 0.028991 0.036012 0.081582
v 0.020473 0.037462 0.080081
v 0.019348 0.036772 0.080795
v 0.018174 0.036122 0.081468
v 0.016956 0.035513 0.082098
v -0.041577 0.046073 0.071163
v -0.028019 0.045150 0.072119
v -0.028533 0.046130 0.071104
v -0.028975 0.047126 0.070073
v -0.029345 0.048136 0.069027
v -0.029643 0.049158 0.067968
v -0.029866 0.050189 0.066901
v 0.029866 0.050189 0.066901
v 0.041577 0.046073 0.071163
v 0.029643 0.049158 0.067968
v 0.029345 0.048136 0.069027
v 0.028975 0.047126 0.070073
v 0.028533 0.046130 0.071104
v 0.028019 0.045150 0.072119
v 0.029722 0.000000 0.083777
v 0.029748 0.001500 0.083750
v 0.029826 0.002997 0.083669
v 0.029955 0.004486 0.083535
v 0.030136 0.005964 0.083347
v 0.030368 0.007427 0.083107
v 0.030651 0.008872 0.082815
v 0.030983 0.010295 0.082471
v 0.031364 0.011692 0.082076
v 0.031793 0.013060 0.081632
v 0.032268 0.014395 0.081140
v 0.032789 0.015695 0.080600
v 0.033355 0.016956 0.080014
v 0.033964 0.018174 0.079384
v 0.034614 0.019348 0.078711
v 0.035304 0.020473 0.077997
v 0.036031 0.021548 0.077243
v 0.036796 0.022568 0.076451
v 0.037594 0.023533 0.075624
v 0.038425 0.024439 0.074764
v 0.039287 0.025285 0.073872
v 0.040176 0.026067 0.072951
v 0.041092 0.026785 0.072002
v 0.042031 0.027436 0.071030
v 0.042992 0.028019 0.070035
v 0.043972 0.028533 0.069020
v 0.044968 0.028975 0.067989
v 0.045978 0.029345 0.066943
v 0.047000 0.029643 0.065884
v 0.048031 0.029866 0.064817
v 0.049069 0.030016 0.063743
v 0.050110 0.030091 0.062664
v 0.051152 0.030091 0.061585
v 0.052194 0.030016 0.060507
v 0.053231 0.029866 0.059432
v 0.054262 0.029643 0.058365
v 0.055284 0.029345 0.057306
v 0.056294 0.028975 0.056260
v 0.057290 0.028533 0.055229
v 0.058270 0.028019 0.054214
v 0.059231 0.027436 0.053219
v 0.060170 0.026785 0.052247
v 0.061086 0.026067 0.051298
v 0.061975 0.025285 0.050377
v 0.062837 0.024439 0.049485
v 0.063668 0.023533 0.048625
v 0.064466 0.022568 0.047798
v 0.065231 0.021548 0.047006
v 0.065959 0.020473 0.046252
v 0.066648 0.019348 0.045538
v 0.067298 0.018174 0.044865
v 0.067907 0.016956 0.044235
v 0.068473 0.015695 0.043649
v 0.068994 0.014395 0.043109
v 0.069470 0.013060 0.042617
v 0.069898 0.011692 0.042173
v 0.070279 0.010295 0.041778
v 0.070611 0.008872 0.041434
v 0.070894 0.007427 0.041142
v 0.071126 0.005964 0.040902
v 0.071307 0.004486 0.040714
v 0.071436 0.002997 0.040580
v 0.071514 0.001500 0.040499
v 0.073698 0.000000 0.042556
v 0.071540 0.000000 0.040472
v 0.071514 -0.001500 0.040499
v 0.071436 -0.002997 0.040580
v 0.071307 -0.004486 0.040714
v 0.071126 -0.005964 0.040902
v 0.070894 -0.007427 0.041142
v 0.070611 -0.008872 0.041434
v 0.070279 -0.010295 0.041778
v 0.069898 -0.011692 0.042173
v 0.069470 -0.013060 0.042617
v 0.068994 -0.014395 0.043109
v 0.068473 -0.015695 0.043649
v 0.067907 -0.016956 0.044235
v 0.067298 -0.018174 0.044865
v 0.066648 -0.019348 0.045538
v 0.065959 -0.020473 0.046252
v 0.065231 -0.021548 0.047006
v 0.064466 -0.022568 0.047798
v 0.063668 -0.023533 0.048625
v 0.062837 -0.024439 0.049485
v 0.061975 -0.025285 0.050377
v 0.061086 -0.026067 0.051298
v 0.060170 -0.026785 0.052247
v 0.059231 -0.027436 0.053219
v 0.058270 -0.028019 0.054214
v 0.057290 -0.028533 0.055229
v 0.056294 -0.028975 0.056260
v 0.055284 -0.029345 0.057306
v 0.054262 -0.029643 0.058365
v 0.053231 -0.029866 0.059432
v 0.052194 -0.030016 0.060507
v 0.051152 -0.030091 0.061585
v 0.050110 -0.030091 0.062664
v 0.049069 -0.030016 0.063743
v 0.048031 -0.029866 0.064817
v 0.047000 -0.029643 0.065884
v 0.045978 -0.029345 0.066943
v 0.044968 -0.028975 0.067989
v 0.043972 -0.028533 0.069020
v 0.042992 -0.028019 0.070035
v 0.042031 -0.027436 0.071030
v 0.041092 -0.026785 0.072002
v 0.040176 -0.026067 0.072951
v 0.039287 -0.025285 0.073872
v 0.038426 -0.024439 0.074764
v 0.037594 -0.023533 0.075624
v 0.036796 -0.022568 0.076451
v 0.036031 -0.021548 0.077243
v 0.035304 -0.020473 0.077997
v 0.034614 -0.019348 0.078711
v 0.033964 -0.018174 0.079384
v 0.033355 -0.016956 0.080014
v 0.032789 -0.015695 0.080600
v 0.032268 -0.014395 0.081140
v 0.031793 -0.013060 0.081632
v 0.031364 -0.011692 0.082076
v 0.030983 -0.010295 0.082471
v 0.030651 -0.008872 0.082815
v 0.030368 -0.007427 0.083107
v 0.030136 -0.005964 0.083347
v 0.029955 -0.004486 0.083535
v 0.029826 -0.002997 0.083669
v 0.029748 -0.001500 0.083750
v -0.029722 -0.000000 0.083777
v -0.029748 -0.001500 0.083750
v -0.029826 -0.002997 0.083669
v -0.029955 -0.004486 0.083535
v -0.030136 -0.005964 0.083347
v -0.030368 -0.007427 0.083107
v -0.030651 -0.008872 0.082815
v -0.030983 -0.010295 0.082471
v -0.031364 -0.011692 0.082076
v -0.031793 -0.013060 0.081632
v -0.032268 -0.014395 0.081140
v -0.032789 -0.015695 0.080600
v -0.033355 -0.016956 0.080014
v -0.033964 -0.018174 0.079384
v -0.034614 -0.019348 0.078711
v -0.035304 -0.020473 0.077997
v -0.036031 -0.021548 0.077243
v -0.036796 -0.022568 0.076451
v -0.037594 -0.023533 0.075624
v -0.038425 -0.024439 0.074764
v -0.039287 -0.025285 0.073872
v -0.040176 -0.026067 0.072951
v -0.041092 -0.026785 0.072002
v -0.042031 -0.027436 0.071030
v -0.042992 -0.028019 0.070035
v -0.043972 -0.028533 0.069020
v -0.044968 -0.028975 0.067989
v -0.045978 -0.029345 0.066943
v -0.047000 -0.029643 0.065884
v -0.048031 -0.029866 0.064817
v -0.049069 -0.030016 0.063743
v -0.050110 -0.030091 0.062664
v -0.051152 -0.030091 0.061585
v -0.052194 -0.030016 0.060507
v -0.053231 -0.029866 0.059432
v -0.054262 -0.029643 0.058365
v -0.055284 -0.029345 0.057306
v -0.056294 -0.028975 0.056260
v -0.057290 -0.028533 0.055229
v -0.058270 -0.028019 0.054214
v -0.059231 -0.027436 0.053219
v -0.060170 -0.026785 0.052247
v -0.061086 -0.026067 0.051298
v -0.061975 -0.025285 0.050377
v -0.062837 -0.024439 0.049485
v -0.063668 -0.023533 0.048625
v -0.064466 -0.022568 0.047798
v -0.065231 -0.021548 0.047006
v -0.065959 -0.020473 0.046252
v -0.066648 -0.019348 0.045538
v -0.067298 -0.018174 0.044865
v -0.067907 -0.016956 0.044235
v -0.068473 -0.015695 0.043649
v -0.068994 -0.014395 0.043109
v -0.069470 -0.013060 0.042617
v -0.069898 -0.011692 0.042173
v -0.070279 -0.010295 0.041778
v -0.070611 -0.008872 0.041434
v -0.070894 -0.007427 0.041142
v -0.071126 -0.005964 0.040902
v -0.071307 -0.004486 0.040714
v -0.071436 -0.002997 0.040580
v -0.071514 -0.001500 0.040499
v -0.071540 -0.000000 0.040472
v -0.071514 0.001500 0.040499
v -0.071436 0.002997 0.040580
v -0.071307 0.004486 0.040714
v -0.071126 0.005964 0.040902
v -0.070894 0.007427 0.041142
v -0.070611 0.008872 0.041434
v -0.070279 0.010295 0.041778
v -0.069898 0.011692 0.042173
v -0.069470 0.013060 0.042617
v -0.068994 0.014395 0.043109
v -0.068473 0.015695 0.043649
v -0.067907 0.016956 0.044235
v -0.067298 0.018174 0.044865
v -0.066648 0.019348 0.045538
v -0.065959 0.020473 0.046252
v -0.065231 0.021548 0.047006
v -0.064466 0.022568 0.047798
v -0.063668 0.023533 0.048625
v -0.062837 0.024439 0.049485
v -0.061975 0.025285 0.050377
v -0.061086 0.026067 0.051298
v -0.060170 0.026785 0.052247
v -0.059231 0.027436 0.053219
v -0.058270 0.028019 0.054214
v -0.057290 0.028533 0.055229
v -0.056294 0.028975 0.056260
v -0.055284 0.029345 0.057306
v -0.054262 0.029643 0.058365
v -0.053231 0.029866 0.059432
v -0.052194 0.030016 0.060507
v -0.051152 0.030091 0.061585
v -0.050110 0.030091 0.062664
v -0.049069 0.030016 0.063743
v -0.048031 0.029866 0.064817
v -0.047000 0.029643 0.065884
v -0.045978 0.029345 0.066943
v -0.044968 0.028975 0.067989
v -0.043972 0.028533 0.069020
v -0.042992 0.028019 0.070035
v -0.042031 0.027436 0.071030
v -0.041092 0.026785 0.072002
v -0.040176 0.026067 0.072951
v -0.039287 0.025285 0.073872
v -0.038425 0.024439 0.074764
v -0.037594 0.023533 0.075624
v -0.036796 0.022568 0.076451
v -0.036031 0.021548 0.077243
v -0.035304 0.020473 0.077997
v -0.034614 0.019348 0.078711
v -0.033964 0.018174 0.079384
v -0.033355 0.016956 0.080014
v -0.032789 0.015695 0.080600
v -0.032268 0.014395 0.081140
v -0.031793 0.013060 0.081632
v -0.031364 0.011692 0.082076
v -0.030983 0.010295 0.082471
v -0.030651 0.008872 0.082815
v -0.030368 0.007427 0.083107
v -0.030136 0.005964 0.083347
v -0.029955 0.004486 0.083535
v -0.029826 0.002997 0.083669
v -0.029748 0.001500 0.083750
v -0.000000 -0.021100 0.084209
v 0.001052 -0.021074 0.084209
v 0.002101 -0.020995 0.084209
v 0.003145 -0.020864 0.084209
v 0.004181 -0.020682 0.084209
v 0.005206 -0.020447 0.084209
v 0.006219 -0.020163 0.084209
v 0.007217 -0.019827 0.084209
v 0.008196 -0.019443 0.084209
v 0.009155 -0.019010 0.084209
v 0.010091 -0.018530 0.084209
v 0.011002 -0.018004 0.084209
v 0.011886 -0.017434 0.084209
v 0.012740 -0.016819 0.084209
v 0.013563 -0.016163 0.084209
v 0.014352 -0.015467 0.084209
v 0.015105 -0.014733 0.084209
v 0.015820 -0.013961 0.084209
v 0.016497 -0.013156 0.084209
v 0.017132 -0.012317 0.084209
v 0.017724 -0.011448 0.084209
v 0.018273 -0.010550 0.084209
v 0.018776 -0.009626 0.084209
v 0.019233 -0.008678 0.084209
v 0.019641 -0.007709 0.084209
v 0.020001 -0.006720 0.084209
v 0.020311 -0.005715 0.084209
v 0.020571 -0.004695 0.084209
v 0.020779 -0.003664 0.084209
v 0.020936 -0.002624 0.084209
v 0.021041 -0.001577 0.084209
v 0.021093 -0.000526 0.084209
v 0.021093 0.000526 0.084209
v 0.021041 0.001577 0.084209
v 0.020936 0.002624 0.084209
v 0.020779 0.003664 0.084209
v 0.020571 0.004695 0.084209
v 0.020311 0.005715 0.084209
v 0.020001 0.006720 0.084209
v 0.019641 0.007709 0.084209
v 0.019233 0.008678 0.084209
v 0.018776 0.009626 0.084209
v 0.018273 0.010550 0.084209
v 0.017724 0.011448 0.084209
v 0.017132 0.012317 0.084209
v 0.016497 0.013156 0.084209
v 0.015820 0.013961 0.084209
v 0.015105 0.014733 0.084209
v 0.014352 0.015467 0.084209
v 0.013563 0.016163 0.084209
v 0.012740 0.016819 0.084209
v 0.011886 0.017434 0.084209
v 0.011002 0.018004 0.084209
v 0.010091 0.018530 0.084209
v 0.009155 0.019010 0.084209
v 0.008196 0.019443 0.084209
v 0.007217 0.019827 0.084209
v 0.006219 0.020163 0.084209
v 0.005206 0.020447 0.084209
v 0.004181 0.020682 0.084209
v 0.003145 0.020864 0.084209
v 0.002101 0.020995 0.084209
v 0.001052 0.021074 0.084209
v -0.000000 0.021100 0.084209
v -0.001052 0.021074 0.084209
v -0.002101 0.020995 0.084209
v -0.003145 0.020864 0.084209
v -0.004181 0.020682 0.084209
v -0.005206 0.020447 0.084209
v -0.006219 0.020163 0.084209
v -0.007216 0.019827 0.084209
v -0.008196 0.019443 0.084209
v -0.009155 0.019010 0.084209
v -0.010091 0.018530 0.084209
v -0.011002 0.018004 0.084209
v -0.011886 0.017434 0.084209
v -0.012740 0.016819 0.084209
v -0.013563 0.016163 0.084209
v -0.014351 0.015467 0.084209
v -0.015105 0.014733 0.084209
v -0.015820 0.013961 0.084209
v -0.016497 0.013156 0.084209
v -0.017132 0.012317 0.084209
v -0.017724 0.011448 0.084209
v -0.018273 0.010550 0.084209
v -0.018776 0.009626 0.084209
v -0.019233 0.008678 0.084209
v -0.019641 0.007709 0.084209
v -0.020001 0.006720 0.084209
v -0.020311 0.005715 0.084209
v -0.020571 0.004695 0.084209
v -0.020779 0.003664 0.084209
v -0.020936 0.002624 0.084209
v -0.021041 0.001577 0.084209
v -0.021093 0.000526 0.084209
v -0.021093 -0.000526 0.084209
v -0.021041 -0.001577 0.084209
v -0.020936 -0.002624 0.084209
v -0.020779 -0.003664 0.084209
v -0.020571 -0.004695 0.084209
v -0.020311 -0.005715 0.084209
v -0.020001 -0.006720 0.084209
v -0.019641 -0.007709 0.084209
v -0.019233 -0.008678 0.084209
v -0.018776 -0.009626 0.084209
v -0.018273 -0.010550 0.084209
v -0.017724 -0.011448 0.084209
v -0.017132 -0.012317 0.084209
v -0.016497 -0.013156 0.084209
v -0.015820 -0.013961 0.084209
v -0.015105 -0.014733 0.084209
v -0.014351 -0.015467 0.084209
v -0.013563 -0.016163 0.084209
v -0.012740 -0.016819 0.084209
v -0.011886 -0.017434 0.084209
v -0.011002 -0.018004 0.084209
v -0.010091 -0.018530 0.084209
v -0.009155 -0.019010 0.084209
v -0.008196 -0.019443 0.084209
v -0.007216 -0.019827 0.084209
v -0.006219 -0.020163 0.084209
v -0.005206 -0.020447 0.084209
v -0.004181 -0.020682 0.084209
v -0.003145 -0.020864 0.084209
v -0.002101 -0.020995 0.084209
v -0.001052 -0.021074 0.084209
v -0.000000 0.029722 0.083777
v -0.001500 0.029748 0.083750
v -0.002997 0.029826 0.083669
v -0.004486 0.029955 0.083535
v -0.005964 0.030136 0.083347
v -0.007427 0.030368 0.083107
v -0.008872 0.030651 0.082815
v -0.010295 0.030983 0.082471
v -0.011692 0.031364 0.082076
v -0.013060 0.031793 0.081632
v -0.014395 0.032268 0.081140
v -0.015695 0.032789 0.080600
v -0.016956 0.033355 0.080014
v -0.018174 0.033964 0.079384
v -0.019348 0.034614 0.078711
v -0.020473 0.035304 0.077997
v -0.021548 0.036031 0.077243
v -0.022568 0.036796 0.076451
v -0.023533 0.037594 0.075624
v -0.024439 0.038425 0.074764
v -0.025285 0.039287 0.073872
v -0.026067 0.040176 0.072951
v -0.026785 0.041092 0.072002
v -0.027436 0.042031 0.071030
v -0.028019 0.042992 0.070035
v -0.028533 0.043972 0.069020
v -0.028975 0.044968 0.067989
v -0.029345 0.045978 0.066943
v -0.029643 0.047000 0.065884
v -0.029866 0.048031 0.064817
v -0.030016 0.049069 0.063743
v -0.030091 0.050110 0.062664
v -0.030091 0.051152 0.061585
v -0.030016 0.052194 0.060507
v -0.029866 0.053231 0.059432
v -0.029643 0.054262 0.058365
v -0.029345 0.055284 0.057306
v -0.028975 0.056294 0.056260
v -0.028533 0.057290 0.055229
v -0.028019 0.058270 0.054214
v -0.027436 0.059231 0.053219
v -0.026785 0.060170 0.052247
v -0.026067 0.061086 0.051298
v -0.025285 0.061975 0.050377
v -0.024439 0.062837 0.049485
v -0.023533 0.063668 0.048625
v -0.022568 0.064466 0.047798
v -0.021548 0.065231 0.047006
v -0.020473 0.065959 0.046252
v -0.019348 0.066648 0.045538
v -0.018174 0.067298 0.044865
v -0.016956 0.067907 0.044235
v -0.015695 0.068473 0.043649
v -0.014395 0.068994 0.043109
v -0.013060 0.069470 0.042617
v -0.011692 0.069898 0.042173
v -0.010295 0.070279 0.041778
v -0.008872 0.070611 0.041434
v -0.007427 0.070894 0.041142
v -0.005964 0.071126 0.040902
v -0.004486 0.071307 0.040714
v -0.002997 0.071436 0.040580
v -0.001500 0.071514 0.040499
v -0.000000 0.071540 0.040472
v 0.001500 0.071514 0.040499
v 0.002997 0.071436 0.040580
v 0.004486 0.071307 0.040714
v 0.005964 0.071126 0.040902
v 0.007427 0.070894 0.041142
v 0.008872 0.070611 0.041434
v 0.010295 0.070279 0.041778
v 0.011692 0.069898 0.042173
v 0.013060 0.069470 0.042617
v 0.014395 0.068994 0.043109
v 0.015695 0.068473 0.043649
v 0.016956 0.067907 0.044235
v 0.018174 0.067298 0.044865
v 0.019348 0.066648 0.045538
v 0.020473 0.065959 0.046252
v 0.021548 0.065231 0.047006
v 0.022568 0.064466 0.047798
v 0.023533 0.063668 0.048625
v 0.024439 0.062837 0.049485
v 0.025285 0.061975 0.050377
v 0.026067 0.061086 0.051298
v 0.026785 0.060170 0.052247
v 0.027436 0.059231 0.053219
v 0.028019 0.058270 0.054214
v 0.028533 0.057290 0.055229
v 0.028975 0.056294 0.056260
v 0.029345 0.055284 0.057306
v 0.029643 0.054262 0.058365
v 0.029866 0.053231 0.059432
v 0.030016 0.052194 0.060507
v 0.030091 0.051152 0.061585
v 0.030091 0.050110 0.062664
v 0.030016 0.049069 0.063743
v 0.029866 0.048031 0.064817
v 0.029643 0.047000 0.065884
v 0.029345 0.045978 0.066943
v 0.028975 0.044968 0.067989
v 0.028533 0.043972 0.069020
v 0.028019 0.042992 0.070035
v 0.027436 0.042031 0.071030
v 0.026785 0.041092 0.072002
v 0.026067 0.040176 0.072951
v 0.025285 0.039287 0.073872
v 0.024439 0.038425 0.074764
v 0.023533 0.037594 0.075624
v 0.022568 0.036796 0.076451
v 0.021548 0.036031 0.077243
v 0.020473 0.035304 0.077997
v 0.019348 0.034614 0.078711
v 0.018174 0.033964 0.079384
v 0.016956 0.033355 0.080014
v 0.015695 0.032789 0.080600
v 0.014395 0.032268 0.081140
v 0.013060 0.031793 0.081632
v 0.011692 0.031364 0.082076
v 0.010295 0.030983 0.082471
v 0.008872 0.030651 0.082815
v 0.007427 0.030368 0.083107
v 0.005964 0.030136 0.083347
v 0.004486 0.029955 0.083535
v 0.002997 0.029826 0.083669
v 0.001500 0.029748 0.083750
v 0.065959 -0.020473 0.046252
v 0.063679 -0.019257 0.048613
v 0.065231 -0.021548 0.047006
v 0.064329 -0.018297 0.047940
v 0.062996 -0.020169 0.049321
v 0.064946 -0.017291 0.047301
v 0.062282 -0.021031 0.050060
v 0.063668 -0.023533 0.048625
v 0.062837 -0.024439 0.049485
v 0.065527 -0.016242 0.046700
v 0.061539 -0.021841 0.050829
v 0.061975 -0.025285 0.050377
v 0.066070 -0.015153 0.046137
v 0.068473 -0.015695 0.043649
v 0.060769 -0.022597 0.051626
v 0.066576 -0.014027 0.045613
v 0.059974 -0.023296 0.052449
v 0.067042 -0.012865 0.045131
v 0.059156 -0.023937 0.053297
v 0.059231 -0.027436 0.053219
v 0.067467 -0.011671 0.044691
v 0.058316 -0.024519 0.054166
v 0.058270 -0.028019 0.054214
v 0.067850 -0.010449 0.044294
v 0.057458 -0.025040 0.055055
v 0.068190 -0.009200 0.043941
v 0.070279 -0.010295 0.041778
v 0.056582 -0.025499 0.055962
v 0.068487 -0.007929 0.043634
v 0.055692 -0.025895 0.056884
v 0.068740 -0.006638 0.043373
v 0.054789 -0.026225 0.057819
v 0.055284 -0.029345 0.057306
v 0.068947 -0.005330 0.043158
v 0.053876 -0.026491 0.058764
v 0.054262 -0.029643 0.058365
v 0.069109 -0.004009 0.042990
v 0.071307 -0.004486 0.040714
v 0.052955 -0.026691 0.059718
v 0.053231 -0.029866 0.059432
v 0.069225 -0.002678 0.042871
v 0.071436 -0.002997 0.040580
v 0.052027 -0.026825 0.060678
v 0.052194 -0.030016 0.060507
v 0.069294 -0.001341 0.042798
v 0.051097 -0.026892 0.061642
v 0.051152 -0.030091 0.061585
v 0.069317 0.000000 0.042774
v 0.050165 -0.026892 0.062607
v 0.071514 0.001500 0.040499
v 0.069294 0.001341 0.042798
v 0.049235 -0.026825 0.063571
v 0.049069 -0.030016 0.063743
v 0.048031 -0.029866 0.064817
v 0.071307 0.004486 0.040714
v 0.069225 0.002678 0.042871
v 0.071436 0.002997 0.040580
v 0.048308 -0.026691 0.064531
v 0.069109 0.004009 0.042990
v 0.047386 -0.026491 0.065485
v 0.068947 0.005330 0.043158
v 0.046473 -0.026225 0.066430
v 0.045978 -0.029345 0.066943
v 0.068740 0.006638 0.043373
v 0.045570 -0.025895 0.067365
v 0.044968 -0.028975 0.067989
v 0.068487 0.007929 0.043634
v 0.044680 -0.025499 0.068287
v 0.068190 0.009200 0.043941
v 0.070279 0.010295 0.041778
v 0.043804 -0.025040 0.069194
v 0.067850 0.010449 0.044294
v 0.069898 0.011692 0.042173
v 0.042946 -0.024519 0.070083
v 0.042031 -0.027436 0.071030
v 0.067467 0.011671 0.044691
v 0.042106 -0.023937 0.070952
v 0.067042 0.012865 0.045131
v 0.041288 -0.023296 0.071800
v 0.066576 0.014027 0.045613
v 0.040493 -0.022597 0.072623
v 0.039287 -0.025285 0.073872
v 0.066070 0.015153 0.046137
v 0.039723 -0.021841 0.073420
v 0.038426 -0.024439 0.074764
v 0.065527 0.016242 0.046700
v 0.038980 -0.021031 0.074189
v 0.037594 -0.023533 0.075624
v 0.064946 0.017291 0.047301
v 0.038267 -0.020169 0.074928
v 0.065959 0.020473 0.046252
v 0.064329 0.018297 0.047940
v 0.037584 -0.019257 0.075636
v 0.065231 0.021548 0.047006
v 0.063679 0.019257 0.048613
v 0.036933 -0.018297 0.076309
v 0.035304 -0.020473 0.077997
v 0.064466 0.022568 0.047798
v 0.062996 0.020169 0.049321
v 0.034614 -0.019348 0.078711
v 0.036317 -0.017291 0.076948
v 0.062282 0.021031 0.050060
v 0.063668 0.023533 0.048625
v 0.035736 -0.016242 0.077549
v 0.061539 0.021841 0.050829
v 0.062837 0.024439 0.049485
v 0.035192 -0.015153 0.078112
v 0.061975 0.025285 0.050377
v 0.060769 0.022597 0.051626
v 0.034686 -0.014027 0.078636
v 0.061086 0.026067 0.051298
v 0.059974 0.023296 0.052449
v 0.034220 -0.012865 0.079118
v 0.032268 -0.014395 0.081140
v 0.033795 -0.011671 0.079558
v 0.060170 0.026785 0.052247
v 0.059156 0.023937 0.053297
v 0.033412 -0.010449 0.079955
v 0.059231 0.027436 0.053219
v 0.058316 0.024520 0.054166
v 0.031364 -0.011692 0.082076
v 0.057458 0.025040 0.055055
v 0.058270 0.028019 0.054214
v 0.056582 0.025499 0.055962
v 0.033072 -0.009200 0.080308
v 0.030983 -0.010295 0.082471
v 0.032775 -0.007929 0.080615
v 0.055692 0.025895 0.056884
v 0.032523 -0.006638 0.080876
v 0.030368 -0.007427 0.083107
v 0.054789 0.026225 0.057819
v 0.055284 0.029345 0.057306
v 0.053876 0.026491 0.058764
v 0.032315 -0.005330 0.081091
v 0.030136 -0.005964 0.083347
v 0.052955 0.026691 0.059718
v 0.032153 -0.004009 0.081259
v 0.029955 -0.004486 0.083535
v 0.052027 0.026825 0.060678
v 0.029826 -0.002997 0.083669
v 0.032038 -0.002678 0.081379
v 0.031968 -0.001341 0.081451
v 0.052194 0.030016 0.060507
v 0.031945 0.000000 0.081475
v 0.051152 0.030091 0.061585
v 0.051097 0.026892 0.061642
v 0.050165 0.026892 0.062607
v 0.029722 0.000000 0.083777
v 0.050110 0.030091 0.062664
v 0.031968 0.001341 0.081451
v 0.032038 0.002678 0.081379
v 0.049069 0.030016 0.063743
v 0.049235 0.026825 0.063571
v 0.029826 0.002997 0.083669
v 0.048308 0.026691 0.064531
v 0.048031 0.029866 0.064817
v 0.047386 0.026491 0.065485
v 0.032153 0.004009 0.081259
v 0.029955 0.004486 0.083535
v 0.047000 0.029643 0.065884
v 0.032315 0.005330 0.081091
v 0.030136 0.005964 0.083347
v 0.046473 0.026225 0.066430
v 0.045978 0.029345 0.066943
v 0.045570 0.025895 0.067365
v 0.032523 0.006638 0.080876
v 0.030368 0.007427 0.083107
v 0.044968 0.028975 0.067989
v 0.032775 0.007929 0.080615
v 0.030651 0.008872 0.082815
v 0.033072 0.009200 0.080308
v 0.044680 0.025499 0.068287
v 0.033412 0.010449 0.079955
v 0.043804 0.025040 0.069194
v 0.042031 0.027436 0.071030
v 0.042946 0.024520 0.070083
v 0.042106 0.023937 0.070952
v 0.033795 0.011671 0.079558
v 0.034220 0.012865 0.079118
v 0.041288 0.023296 0.071800
v 0.032268 0.014395 0.081140
v 0.034686 0.014027 0.078636
v 0.032789 0.015695 0.080600
v 0.039287 0.025285 0.073872
v 0.040493 0.022597 0.072623
v 0.035192 0.015153 0.078112
v 0.035736 0.016242 0.077549
v 0.038425 0.024439 0.074764
v 0.039723 0.021841 0.073420
v 0.038980 0.021031 0.074189
v 0.036317 0.017291 0.076948
v 0.037594 0.023533 0.075624
v 0.038267 0.020169 0.074928
v 0.034614 0.019348 0.078711
v 0.036933 0.018297 0.076309
v 0.035304 0.020473 0.077997
v 0.037584 0.019257 0.075636
v -0.063679 0.019257 0.048613
v -0.064329 0.018297 0.047940
v -0.062996 0.020169 0.049321
v -0.064946 0.017291 0.047301
v -0.062282 0.021031 0.050060
v -0.063668 0.023533 0.048625
v -0.062837 0.024439 0.049485
v -0.065527 0.016242 0.046700
v -0.061539 0.021841 0.050829
v -0.066070 0.015153 0.046137
v -0.060769 0.022597 0.051626
v -0.061975 0.025285 0.050377
v -0.066576 0.014027 0.045613
v -0.059974 0.023296 0.052449
v -0.067042 0.012865 0.045131
v -0.059156 0.023937 0.053297
v -0.067467 0.011671 0.044691
v -0.058316 0.024519 0.054166
v -0.067850 0.010449 0.044294
v -0.057458 0.025040 0.055055
v -0.068190 0.009200 0.043941
v -0.056582 0.025499 0.055962
v -0.068487 0.007929 0.043634
v -0.055692 0.025895 0.056884
v -0.068740 0.006638 0.043373
v -0.054789 0.026225 0.057819
v -0.068947 0.005330 0.043158
v -0.053876 0.026491 0.058764
v -0.069109 0.004009 0.042990
v -0.052954 0.026691 0.059718
v -0.069225 0.002678 0.042871
v -0.052027 0.026825 0.060678
v -0.069294 0.001341 0.042798
v -0.051097 0.026892 0.061642
v -0.069317 -0.000000 0.042774
v -0.050165 0.026892 0.062607
v -0.069294 -0.001341 0.042798
v -0.049235 0.026825 0.063571
v -0.049069 0.030016 0.063743
v -0.069225 -0.002678 0.042871
v -0.048308 0.026691 0.064531
v -0.069109 -0.004009 0.042990
v -0.047386 0.026491 0.065485
v -0.068947 -0.005330 0.043158
v -0.046473 0.026225 0.066430
v -0.068740 -0.006638 0.043373
v -0.045570 0.025895 0.067365
v -0.068487 -0.007929 0.043634
v -0.044680 0.025499 0.068287
v -0.068190 -0.009200 0.043941
v -0.043804 0.025040 0.069194
v -0.067850 -0.010449 0.044294
v -0.042946 0.024519 0.070083
v -0.067467 -0.011671 0.044691
v -0.042106 0.023937 0.070952
v -0.067042 -0.012865 0.045131
v -0.041288 0.023296 0.071800
v -0.066576 -0.014027 0.045613
v -0.040493 0.022597 0.072623
v -0.066070 -0.015153 0.046137
v -0.039723 0.021841 0.073420
v -0.065527 -0.016242 0.046700
v -0.038980 0.021031 0.074189
v -0.064946 -0.017291 0.047301
v -0.038267 0.020169 0.074928
v -0.064329 -0.018297 0.047940
v -0.037584 0.019257 0.075636
v -0.063679 -0.019257 0.048613
v -0.036933 0.018297 0.076309
v -0.062996 -0.020169 0.049321
v -0.036317 0.017291 0.076948
v -0.062282 -0.021031 0.050060
v -0.063668 -0.023533 0.048625
v -0.035736 0.016242 0.077549
v -0.062837 -0.024439 0.049485
v -0.061539 -0.021841 0.050829
v -0.035192 0.015153 0.078112
v -0.061975 -0.025285 0.050377
v -0.060769 -0.022597 0.051626
v -0.059974 -0.023296 0.052449
v -0.034686 0.014027 0.078636
v -0.034220 0.012865 0.079118
v -0.033795 0.011671 0.079558
v -0.059156 -0.023937 0.053297
v -0.031793 0.013060 0.081632
v -0.033412 0.010449 0.079955
v -0.058316 -0.024520 0.054166
v -0.057458 -0.025040 0.055055
v -0.033072 0.009200 0.080308
v -0.032775 0.007929 0.080615
v -0.056582 -0.025499 0.055962
v -0.032522 0.006638 0.080876
v -0.030651 0.008872 0.082815
v -0.055692 -0.025895 0.056884
v -0.054789 -0.026225 0.057819
v -0.053876 -0.026491 0.058764
v -0.032315 0.005330 0.081091
v -0.032153 0.004009 0.081259
v -0.029955 0.004486 0.083535
v -0.032038 0.002678 0.081379
v -0.052954 -0.026691 0.059718
v -0.031968 0.001341 0.081451
v -0.052027 -0.026825 0.060678
v -0.051097 -0.026892 0.061642
v -0.031945 -0.000000 0.081475
v -0.050165 -0.026892 0.062607
v -0.031968 -0.001341 0.081451
v -0.032038 -0.002678 0.081379
v -0.049069 -0.030016 0.063743
v -0.049235 -0.026825 0.063571
v -0.032153 -0.004009 0.081259
v -0.048031 -0.029866 0.064817
v -0.048308 -0.026691 0.064531
v -0.029955 -0.004486 0.083535
v -0.047386 -0.026491 0.065485
v -0.032315 -0.005330 0.081091
v -0.046473 -0.026225 0.066430
v -0.032522 -0.006638 0.080876
v -0.030368 -0.007427 0.083107
v -0.045570 -0.025895 0.067365
v -0.032775 -0.007929 0.080615
v -0.033072 -0.009200 0.080308
v -0.044680 -0.025499 0.068287
v -0.030983 -0.010295 0.082471
v -0.043804 -0.025040 0.069194
v -0.042946 -0.024520 0.070083
v -0.033412 -0.010449 0.079955
v -0.031364 -0.011692 0.082076
v -0.033795 -0.011671 0.079558
v -0.031793 -0.013060 0.081632
v -0.042106 -0.023937 0.070952
v -0.034220 -0.012865 0.079118
v -0.041288 -0.023296 0.071800
v -0.034686 -0.014027 0.078636
v -0.035192 -0.015153 0.078112
v -0.040493 -0.022597 0.072623
v -0.039723 -0.021841 0.073420
v -0.035736 -0.016242 0.077549
v -0.038980 -0.021031 0.074189
v -0.036317 -0.017291 0.076948
v -0.038267 -0.020169 0.074928
v -0.037584 -0.019257 0.075636
v -0.036933 -0.018297 0.076309
v -0.015033 0.014663 0.084209
v -0.014284 0.015394 0.084209
v -0.015745 0.013895 0.084209
v -0.013498 0.016087 0.084209
v -0.016418 0.013093 0.084209
v -0.012680 0.016740 0.084209
v -0.017051 0.012259 0.084209
v -0.011830 0.017351 0.084209
v -0.017640 0.011393 0.084209
v -0.010950 0.017919 0.084209
v -0.018186 0.010500 0.084209
v -0.010043 0.018443 0.084209
v -0.018687 0.009580 0.084209
v -0.009111 0.018920 0.084209
v -0.019141 0.008637 0.084209
v -0.008157 0.019351 0.084209
v -0.019548 0.007672 0.084209
v -0.007182 0.019733 0.084209
v -0.019906 0.006688 0.084209
v -0.006190 0.020067 0.084209
v -0.020215 0.005687 0.084209
v -0.005182 0.020351 0.084209
v -0.020473 0.004673 0.084209
v -0.004161 0.020584 0.084209
v -0.020681 0.003646 0.084209
v -0.003130 0.020765 0.084209
v -0.020837 0.002611 0.084209
v -0.002091 0.020896 0.084209
v -0.020941 0.001569 0.084209
v -0.001047 0.020974 0.084209
v -0.020993 0.000524 0.084209
v -0.000000 0.021000 0.084209
v -0.020993 -0.000524 0.084209
v 0.001047 0.020974 0.084209
v -0.020941 -0.001569 0.084209
v 0.002091 0.020896 0.084209
v -0.020837 -0.002611 0.084209
v 0.003130 0.020765 0.084209
v -0.020681 -0.003646 0.084209
v 0.004161 0.020584 0.084209
v -0.020473 -0.004673 0.084209
v 0.005182 0.020351 0.084209
v -0.020215 -0.005687 0.084209
v 0.006190 0.020067 0.084209
v -0.019906 -0.006688 0.084209
v 0.007182 0.019733 0.084209
v -0.019548 -0.007672 0.084209
v 0.008157 0.019351 0.084209
v -0.019141 -0.008637 0.084209
v 0.009111 0.018920 0.084209
v -0.018687 -0.009580 0.084209
v 0.010043 0.018443 0.084209
v -0.018186 -0.010500 0.084209
v 0.010950 0.017919 0.084209
v -0.017640 -0.011393 0.084209
v 0.011830 0.017351 0.084209
v -0.017051 -0.012259 0.084209
v 0.012680 0.016740 0.084209
v -0.016418 -0.013093 0.084209
v 0.013498 0.016087 0.084209
v -0.015745 -0.013895 0.084209
v 0.014284 0.015394 0.084209
v -0.015033 -0.014663 0.084209
v 0.015033 0.014663 0.084209
v -0.014284 -0.015394 0.084209
v 0.015745 0.013895 0.084209
v -0.013498 -0.016087 0.084209
v 0.016418 0.013093 0.084209
v -0.012680 -0.016740 0.084209
v 0.017051 0.012259 0.084209
v -0.011830 -0.017351 0.084209
v 0.017640 0.011393 0.084209
v -0.010950 -0.017919 0.084209
v 0.018186 0.010500 0.084209
v -0.010043 -0.018443 0.084209
v 0.018687 0.009580 0.084209
v -0.009111 -0.018920 0.084209
v 0.019142 0.008637 0.084209
v -0.008157 -0.019351 0.084209
v 0.019548 0.007672 0.084209
v -0.007182 -0.019733 0.084209
v 0.019906 0.006688 0.084209
v -0.006190 -0.020067 0.084209
v 0.020215 0.005687 0.084209
v -0.005182 -0.020351 0.084209
v 0.020473 0.004673 0.084209
v -0.004161 -0.020584 0.084209
v 0.020681 0.003646 0.084209
v -0.003130 -0.020765 0.084209
v 0.020837 0.002611 0.084209
v -0.002091 -0.020896 0.084209
v 0.020941 0.001569 0.084209
v -0.001047 -0.020974 0.084209
v 0.020993 0.000524 0.084209
v -0.000000 -0.021000 0.084209
v 0.020993 -0.000524 0.084209
v 0.001047 -0.020974 0.084209
v 0.020941 -0.001569 0.084209
v 0.002091 -0.020896 0.084209
v 0.020837 -0.002611 0.084209
v 0.003130 -0.020765 0.084209
v 0.020681 -0.003646 0.084209
v 0.004161 -0.020584 0.084209
v 0.020473 -0.004673 0.084209
v 0.005182 -0.020351 0.084209
v 0.020215 -0.005687 0.084209
v 0.006190 -0.020067 0.084209
v 0.019906 -0.006688 0.084209
v 0.007182 -0.019733 0.084209
v 0.019548 -0.007672 0.084209
v 0.008157 -0.019351 0.084209
v 0.019142 -0.008637 0.084209
v 0.009111 -0.018920 0.084209
v 0.018687 -0.009580 0.084209
v 0.010043 -0.018443 0.084209
v 0.018186 -0.010500 0.084209
v 0.010950 -0.017919 0.084209
v 0.017640 -0.011393 0.084209
v 0.017051 -0.012259 0.084209
v 0.011830 -0.017351 0.084209
v 0.012680 -0.016740 0.084209
v 0.016418 -0.013093 0.084209
v 0.013498 -0.016087 0.084209
v 0.014284 -0.015394 0.084209
v 0.015745 -0.013895 0.084209
v 0.015033 -0.014663 0.084209
v 0.019257 0.063679 0.048613
v 0.020473 0.065959 0.046252
v 0.018297 0.064329 0.047940
v 0.020169 0.062996 0.049321
v 0.018174 0.067298 0.044865
v 0.017291 0.064946 0.047301
v 0.019348 0.066648 0.045538
v 0.021031 0.062282 0.050060
v 0.023533 0.063668 0.048625
v 0.024439 0.062837 0.049485
v 0.016242 0.065527 0.046700
v 0.021841 0.061539 0.050829
v 0.015153 0.066070 0.046137
v 0.022597 0.060769 0.051626
v 0.025285 0.061975 0.050377
v 0.014027 0.066576 0.045613
v 0.023296 0.059974 0.052449
v 0.026785 0.060170 0.052247
v 0.012865 0.067042 0.045131
v 0.023937 0.059156 0.053297
v 0.011671 0.067467 0.044691
v 0.024519 0.058316 0.054166
v 0.027436 0.059231 0.053219
v 0.010449 0.067850 0.044294
v 0.025040 0.057458 0.055055
v 0.028019 0.058270 0.054214
v 0.009200 0.068190 0.043941
v 0.025499 0.056582 0.055962
v 0.007929 0.068487 0.043634
v 0.025895 0.055692 0.056884
v 0.006638 0.068740 0.043373
v 0.026225 0.054789 0.057819
v 0.005330 0.068947 0.043158
v 0.026491 0.053876 0.058764
v 0.004009 0.069109 0.042990
v 0.026691 0.052954 0.059718
v 0.029866 0.053231 0.059432
v 0.002678 0.069225 0.042871
v 0.026825 0.052027 0.060678
v 0.030016 0.052194 0.060507
v 0.001341 0.069294 0.042798
v 0.026892 0.051097 0.061642
v 0.030091 0.051152 0.061585
v -0.000000 0.069317 0.042774
v 0.026892 0.050165 0.062607
v -0.001341 0.069294 0.042798
v 0.026825 0.049235 0.063571
v 0.030016 0.049069 0.063743
v 0.029866 0.048031 0.064817
v -0.002678 0.069225 0.042871
v 0.026691 0.048308 0.064531
v -0.004009 0.069109 0.042990
v 0.026491 0.047386 0.065485
v -0.005330 0.068947 0.043158
v 0.026225 0.046473 0.066430
v 0.029345 0.045978 0.066943
v -0.006638 0.068740 0.043373
v 0.025895 0.045570 0.067365
v 0.028975 0.044968 0.067989
v -0.007929 0.068487 0.043634
v 0.025499 0.044680 0.068287
v -0.009200 0.068190 0.043941
v 0.025040 0.043804 0.069194
v -0.010449 0.067850 0.044294
v 0.024519 0.042946 0.070083
v -0.011671 0.067467 0.044691
v 0.023937 0.042106 0.070952
v -0.012865 0.067042 0.045131
v 0.023296 0.041288 0.071800
v -0.014027 0.066576 0.045613
v 0.022597 0.040493 0.072623
v 0.025285 0.039287 0.073872
v -0.015153 0.066070 0.046137
v 0.024439 0.038425 0.074764
v 0.021841 0.039723 0.073420
v -0.018174 0.067298 0.044865
v -0.016242 0.065527 0.046700
v 0.023533 0.037594 0.075624
v 0.021031 0.038980 0.074189
v -0.019348 0.066648 0.045538
v -0.017291 0.064946 0.047301
v 0.020169 0.038267 0.074928
v -0.020473 0.065959 0.046252
v -0.018297 0.064329 0.047940
v 0.019257 0.037584 0.075636
v -0.019257 0.063679 0.048613
v 0.018297 0.036933 0.076309
v 0.020473 0.035304 0.077997
v -0.020169 0.062996 0.049321
v 0.017291 0.036317 0.076948
v 0.019348 0.034614 0.078711
v -0.021031 0.062282 0.050060
v -0.023533 0.063668 0.048625
v 0.018174 0.033964 0.079384
v 0.016242 0.035736 0.077549
v -0.021841 0.061539 0.050829
v 0.015153 0.035192 0.078112
v -0.022597 0.060769 0.051626
v -0.023296 0.059974 0.052449
v 0.014027 0.034686 0.078636
v 0.012865 0.034220 0.079118
v 0.014395 0.032268 0.081140
v 0.011671 0.033795 0.079558
v -0.026785 0.060170 0.052247
v -0.023937 0.059156 0.053297
v 0.010449 0.033412 0.079955
v -0.027436 0.059231 0.053219
v -0.024519 0.058316 0.054166
v 0.011692 0.031364 0.082076
v -0.028019 0.058270 0.054214
v -0.025040 0.057458 0.055055
v 0.009200 0.033072 0.080308
v 0.010295 0.030983 0.082471
v 0.007929 0.032775 0.080615
v -0.025499 0.056582 0.055962
v 0.006638 0.032522 0.080876
v -0.025895 0.055692 0.056884
v -0.026225 0.054789 0.057819
v 0.007427 0.030368 0.083107
v -0.026491 0.053876 0.058764
v 0.005330 0.032315 0.081091
v 0.005964 0.030136 0.083347
v 0.004009 0.032153 0.081259
v 0.004486 0.029955 0.083535
v 0.002678 0.032038 0.081379
v -0.029866 0.053231 0.059432
v -0.026691 0.052954 0.059718
v 0.001341 0.031968 0.081451
v -0.030016 0.052194 0.060507
v -0.026825 0.052027 0.060678
v -0.030091 0.051152 0.061585
v -0.026892 0.051097 0.061642
v -0.000000 0.031945 0.081475
v -0.026892 0.050165 0.062607
v -0.001341 0.031968 0.081451
v -0.002678 0.032038 0.081379
v -0.030016 0.049069 0.063743
v -0.026825 0.049235 0.063571
v -0.004009 0.032153 0.081259
v -0.029866 0.048031 0.064817
v -0.026691 0.048308 0.064531
v -0.004486 0.029955 0.083535
v -0.026491 0.047386 0.065485
v -0.005330 0.032315 0.081091
v -0.029345 0.045978 0.066943
v -0.026225 0.046473 0.066430
v -0.006638 0.032522 0.080876
v -0.028975 0.044968 0.067989
v -0.025895 0.045570 0.067365
v -0.007929 0.032775 0.080615
v -0.008872 0.030651 0.082815
v -0.009200 0.033072 0.080308
v -0.025499 0.044680 0.068287
v -0.025040 0.043804 0.069194
v -0.024519 0.042946 0.070083
v -0.010449 0.033412 0.079955
v -0.011671 0.033795 0.079558
v -0.023937 0.042106 0.070952
v -0.014395 0.032268 0.081140
v -0.012865 0.034220 0.079118
v -0.023296 0.041288 0.071800
v -0.014027 0.034686 0.078636
v -0.015153 0.035192 0.078112
v -0.025285 0.039287 0.073872
v -0.022597 0.040493 0.072623
v -0.021841 0.039723 0.073420
v -0.024439 0.038425 0.074764
v -0.018174 0.033964 0.079384
v -0.016242 0.035736 0.077549
v -0.023533 0.037594 0.075624
v -0.021031 0.038980 0.074189
v -0.017291 0.036317 0.076948
v -0.019348 0.034614 0.078711
v -0.020169 0.038267 0.074928
v -0.019257 0.037584 0.075636
v -0.018297 0.036933 0.076309
v -0.020473 0.035304 0.077997
v 0.034103 0.000000 0.083559
v 0.034126 0.001341 0.083535
v 0.031945 0.000000 0.081475
v 0.031968 0.001341 0.081451
v 0.034196 0.002678 0.083463
v 0.032038 0.002678 0.081379
v 0.034311 0.004009 0.083343
v 0.032153 0.004009 0.081259
v 0.034473 0.005330 0.083175
v 0.032315 0.005330 0.081091
v 0.034681 0.006638 0.082960
v 0.032523 0.006638 0.080876
v 0.032775 0.007929 0.080615
v 0.034933 0.007929 0.082699
v 0.035230 0.009200 0.082392
v 0.033412 0.010449 0.079955
v 0.035570 0.010449 0.082039
v 0.035953 0.011671 0.081643
v 0.036378 0.012865 0.081202
v 0.034686 0.014027 0.078636
v 0.036844 0.014027 0.080720
v 0.037350 0.015153 0.080196
v 0.037894 0.016242 0.079633
v 0.038474 0.017291 0.079032
v 0.039091 0.018297 0.078393
v 0.039742 0.019257 0.077720
v 0.037584 0.019257 0.075636
v 0.038267 0.020169 0.074928
v 0.040425 0.020169 0.077012
v 0.041138 0.021031 0.076273
v 0.038980 0.021031 0.074189
v 0.041881 0.021841 0.075504
v 0.042651 0.022597 0.074707
v 0.040493 0.022597 0.072623
v 0.043446 0.023296 0.073884
v 0.041288 0.023296 0.071800
v 0.042106 0.023937 0.070952
v 0.044264 0.023937 0.073036
v 0.045104 0.024520 0.072167
v 0.045962 0.025040 0.071278
v 0.046838 0.025499 0.070371
v 0.044680 0.025499 0.068287
v 0.047728 0.025895 0.069449
v 0.045570 0.025895 0.067365
v 0.048631 0.026225 0.068514
v 0.049544 0.026491 0.067569
v 0.048308 0.026691 0.064531
v 0.050466 0.026691 0.066615
v 0.049235 0.026825 0.063571
v 0.051393 0.026825 0.065655
v 0.052323 0.026892 0.064691
v 0.053255 0.026892 0.063726
v 0.054186 0.026825 0.062762
v 0.052027 0.026825 0.060678
v 0.052955 0.026691 0.059718
v 0.055113 0.026691 0.061802
v 0.056034 0.026491 0.060848
v 0.053876 0.026491 0.058764
v 0.056947 0.026225 0.059903
v 0.054789 0.026225 0.057819
v 0.057850 0.025895 0.058968
v 0.055692 0.025895 0.056884
v 0.058740 0.025499 0.058046
v 0.059616 0.025040 0.057139
v 0.060475 0.024520 0.056250
v 0.058316 0.024520 0.054166
v 0.061314 0.023937 0.055381
v 0.059156 0.023937 0.053297
v 0.062132 0.023296 0.054533
v 0.059974 0.023296 0.052449
v 0.062927 0.022597 0.053710
v 0.063697 0.021841 0.052913
v 0.064440 0.021031 0.052144
v 0.062282 0.021031 0.050060
v 0.065154 0.020169 0.051405
v 0.062996 0.020169 0.049321
v 0.065837 0.019257 0.050697
v 0.063679 0.019257 0.048613
v 0.066487 0.018297 0.050024
v 0.067104 0.017291 0.049385
v 0.067685 0.016242 0.048784
v 0.065527 0.016242 0.046700
v 0.068228 0.015153 0.048221
v 0.066070 0.015153 0.046137
v 0.068734 0.014027 0.047697
v 0.066576 0.014027 0.045613
v 0.067042 0.012865 0.045131
v 0.069200 0.012865 0.047215
v 0.069625 0.011671 0.046775
v 0.067467 0.011671 0.044691
v 0.070008 0.010449 0.046378
v 0.070349 0.009200 0.046025
v 0.070645 0.007929 0.045718
v 0.070898 0.006638 0.045457
v 0.068740 0.006638 0.043373
v 0.071105 0.005330 0.045242
v 0.068947 0.005330 0.043158
v 0.071267 0.004009 0.045074
v 0.069109 0.004009 0.042990
v 0.071383 0.002678 0.044954
v 0.071452 0.001341 0.044882
v 0.069294 0.001341 0.042798
v 0.071475 0.000000 0.044858
v 0.069317 0.000000 0.042774
v 0.071452 -0.001341 0.044882
v 0.069294 -0.001341 0.042798
v 0.071383 -0.002678 0.044954
v 0.069225 -0.002678 0.042871
v 0.071267 -0.004009 0.045074
v 0.071105 -0.005330 0.045242
v 0.068947 -0.005330 0.043158
v 0.070898 -0.006638 0.045457
v 0.068740 -0.006638 0.043373
v 0.070645 -0.007929 0.045718
v 0.070349 -0.009200 0.046025
v 0.068190 -0.009200 0.043941
v 0.070008 -0.010449 0.046378
v 0.069625 -0.011671 0.046775
v 0.067467 -0.011671 0.044691
v 0.069200 -0.012865 0.047215
v 0.068734 -0.014027 0.047697
v 0.066576 -0.014027 0.045613
v 0.068228 -0.015153 0.048221
v 0.067685 -0.016242 0.048784
v 0.065527 -0.016242 0.046700
v 0.067104 -0.017291 0.049385
v 0.066487 -0.018297 0.050024
v 0.064329 -0.018297 0.047940
v 0.065837 -0.019257 0.050697
v 0.063679 -0.019257 0.048613
v 0.065154 -0.020169 0.051405
v 0.062996 -0.020169 0.049321
v 0.064440 -0.021031 0.052144
v 0.062282 -0.021031 0.050060
v 0.063697 -0.021841 0.052913
v 0.062927 -0.022597 0.053710
v 0.060769 -0.022597 0.051626
v 0.062132 -0.023296 0.054533
v 0.059974 -0.023296 0.052449
v 0.061314 -0.023937 0.055381
v 0.059156 -0.023937 0.053297
v 0.060475 -0.024519 0.056250
v 0.058316 -0.024519 0.054166
v 0.059616 -0.025040 0.057139
v 0.058740 -0.025499 0.058046
v 0.056582 -0.025499 0.055962
v 0.057850 -0.025895 0.058968
v 0.055692 -0.025895 0.056884
v 0.056947 -0.026225 0.059903
v 0.056034 -0.026491 0.060848
v 0.055113 -0.026691 0.061802
v 0.052955 -0.026691 0.059718
v 0.054186 -0.026825 0.062762
v 0.052027 -0.026825 0.060678
v 0.053255 -0.026892 0.063726
v 0.051097 -0.026892 0.061642
v 0.052323 -0.026892 0.064691
v 0.050165 -0.026892 0.062607
v 0.051393 -0.026825 0.065655
v 0.049235 -0.026825 0.063571
v 0.050466 -0.026691 0.066615
v 0.048308 -0.026691 0.064531
v 0.049544 -0.026491 0.067569
v 0.047386 -0.026491 0.065485
v 0.048631 -0.026225 0.068514
v 0.046473 -0.026225 0.066430
v 0.047728 -0.025895 0.069449
v 0.045570 -0.025895 0.067365
v 0.044680 -0.025499 0.068287
v 0.046838 -0.025499 0.070371
v 0.045962 -0.025040 0.071278
v 0.045104 -0.024519 0.072167
v 0.042106 -0.023937 0.070952
v 0.044264 -0.023937 0.073036
v 0.041288 -0.023296 0.071800
v 0.043446 -0.023296 0.073884
v 0.042651 -0.022597 0.074707
v 0.041881 -0.021841 0.075504
v 0.041138 -0.021031 0.076273
v 0.038980 -0.021031 0.074189
v 0.040425 -0.020169 0.077012
v 0.038267 -0.020169 0.074928
v 0.039742 -0.019257 0.077720
v 0.037584 -0.019257 0.075636
v 0.039091 -0.018297 0.078393
v 0.038475 -0.017291 0.079032
v 0.035736 -0.016242 0.077549
v 0.037894 -0.016242 0.079633
v 0.037350 -0.015153 0.080196
v 0.035192 -0.015153 0.078112
v 0.034686 -0.014027 0.078636
v 0.036844 -0.014027 0.080720
v 0.036378 -0.012865 0.081202
v 0.035953 -0.011671 0.081643
v 0.035570 -0.010449 0.082039
v 0.033412 -0.010449 0.079955
v 0.035230 -0.009200 0.082392
v 0.034933 -0.007929 0.082699
v 0.032775 -0.007929 0.080615
v 0.034681 -0.006638 0.082960
v 0.032523 -0.006638 0.080876
v 0.034473 -0.005330 0.083175
v 0.032315 -0.005330 0.081091
v 0.032153 -0.004009 0.081259
v 0.034311 -0.004009 0.083343
v 0.034196 -0.002678 0.083463
v 0.032038 -0.002678 0.081379
v 0.031968 -0.001341 0.081451
v 0.034126 -0.001341 0.083535
v -0.034103 -0.000000 0.083559
v -0.034126 -0.001341 0.083535
v -0.034196 -0.002678 0.083463
v -0.034311 -0.004009 0.083343
v -0.034473 -0.005330 0.083175
v -0.034681 -0.006638 0.082960
v -0.034933 -0.007929 0.082699
v -0.035230 -0.009200 0.082392
v -0.035570 -0.010449 0.082039
v -0.035953 -0.011671 0.081643
v -0.036378 -0.012865 0.081202
v -0.036844 -0.014027 0.080720
v -0.037350 -0.015153 0.080196
v -0.037894 -0.016242 0.079633
v -0.038474 -0.017291 0.079032
v -0.039091 -0.018297 0.078393
v -0.039742 -0.019257 0.077720
v -0.040425 -0.020169 0.077012
v -0.041138 -0.021031 0.076273
v -0.041881 -0.021841 0.075504
v -0.042651 -0.022597 0.074707
v -0.043446 -0.023296 0.073884
v -0.044264 -0.023937 0.073036
v -0.045104 -0.024520 0.072167
v -0.045962 -0.025040 0.071278
v -0.046838 -0.025499 0.070371
v -0.047728 -0.025895 0.069449
v -0.048631 -0.026225 0.068514
v -0.049544 -0.026491 0.067569
v -0.050466 -0.026691 0.066615
v -0.051393 -0.026825 0.065655
v -0.052323 -0.026892 0.064691
v -0.053255 -0.026892 0.063726
v -0.054186 -0.026825 0.062762
v -0.055113 -0.026691 0.061802
v -0.056034 -0.026491 0.060848
v -0.056947 -0.026225 0.059903
v -0.057850 -0.025895 0.058968
v -0.058740 -0.025499 0.058046
v -0.059616 -0.025040 0.057139
v -0.060475 -0.024520 0.056250
v -0.061314 -0.023937 0.055381
v -0.062132 -0.023296 0.054533
v -0.062927 -0.022597 0.053710
v -0.063697 -0.021841 0.052913
v -0.064440 -0.021031 0.052144
v -0.062282 -0.021031 0.050060
v -0.065154 -0.020169 0.051405
v -0.062996 -0.020169 0.049321
v -0.065837 -0.019257 0.050697
v -0.066487 -0.018297 0.050024
v -0.067104 -0.017291 0.049385
v -0.067685 -0.016242 0.048784
v -0.068228 -0.015153 0.048221
v -0.068734 -0.014027 0.047697
v -0.069200 -0.012865 0.047215
v -0.069625 -0.011671 0.046775
v -0.070008 -0.010449 0.046378
v -0.070349 -0.009200 0.046025
v -0.070645 -0.007929 0.045718
v -0.070898 -0.006638 0.045457
v -0.071105 -0.005330 0.045242
v -0.071267 -0.004009 0.045074
v -0.071383 -0.002678 0.044954
v -0.071452 -0.001341 0.044882
v -0.071475 -0.000000 0.044858
v -0.071452 0.001341 0.044882
v -0.071383 0.002678 0.044954
v -0.071267 0.004009 0.045074
v -0.071105 0.005330 0.045242
v -0.070898 0.006638 0.045457
v -0.070645 0.007929 0.045718
v -0.070349 0.009200 0.046025
v -0.070008 0.010449 0.046378
v -0.069625 0.011671 0.046775
v -0.069200 0.012865 0.047215
v -0.068734 0.014027 0.047697
v -0.068228 0.015153 0.048221
v -0.067685 0.016242 0.048784
v -0.067104 0.017291 0.049385
v -0.066487 0.018297 0.050024
v -0.065837 0.019257 0.050697
v -0.063679 0.019257 0.048613
v -0.065154 0.020169 0.051405
v -0.064440 0.021031 0.052144
v -0.063697 0.021841 0.052913
v -0.062927 0.022597 0.053710
v -0.062132 0.023296 0.054533
v -0.061314 0.023937 0.055381
v -0.060475 0.024519 0.056250
v -0.059616 0.025040 0.057139
v -0.058740 0.025499 0.058046
v -0.057850 0.025895 0.058968
v -0.056947 0.026225 0.059903
v -0.056034 0.026491 0.060848
v -0.055113 0.026691 0.061802
v -0.054186 0.026825 0.062762
v -0.053255 0.026892 0.063726
v -0.052323 0.026892 0.064691
v -0.051393 0.026825 0.065655
v -0.049235 0.026825 0.063571
v -0.050466 0.026691 0.066615
v -0.049544 0.026491 0.067569
v -0.048631 0.026225 0.068514
v -0.047728 0.025895 0.069449
v -0.046838 0.025499 0.070371
v -0.045962 0.025040 0.071278
v -0.045104 0.024519 0.072167
v -0.044264 0.023937 0.073036
v -0.043446 0.023296 0.073884
v -0.042651 0.022597 0.074707
v -0.041881 0.021841 0.075504
v -0.041138 0.021031 0.076273
v -0.040425 0.020169 0.077012
v -0.039742 0.019257 0.077720
v -0.039091 0.018297 0.078393
v -0.038474 0.017291 0.079032
v -0.037894 0.016242 0.079633
v -0.037350 0.015153 0.080196
v -0.036844 0.014027 0.080720
v -0.036378 0.012865 0.081202
v -0.035953 0.011671 0.081643
v -0.035570 0.010449 0.082039
v -0.035230 0.009200 0.082392
v -0.034933 0.007929 0.082699
v -0.034681 0.006638 0.082960
v -0.034473 0.005330 0.083175
v -0.034311 0.004009 0.083343
v -0.034196 0.002678 0.083463
v -0.031968 0.001341 0.081451
v -0.034126 0.001341 0.083535
v 0.001047 -0.020974 0.195208
v -0.000000 -0.021000 0.195208
v 0.002091 -0.020896 0.195208
v 0.003130 -0.020765 0.195208
v 0.004161 -0.020584 0.195208
v 0.005182 -0.020351 0.195208
v 0.006190 -0.020067 0.195208
v 0.007182 -0.019733 0.195208
v 0.008157 -0.019351 0.195208
v 0.009111 -0.018920 0.195208
v 0.010043 -0.018443 0.195208
v 0.010950 -0.017919 0.195208
v 0.011830 -0.017351 0.195208
v 0.012680 -0.016740 0.195208
v 0.013498 -0.016087 0.195208
v 0.014284 -0.015394 0.195208
v 0.015033 -0.014663 0.195208
v 0.015745 -0.013895 0.195208
v 0.016418 -0.013093 0.195208
v 0.017051 -0.012259 0.195208
v 0.017640 -0.011393 0.195208
v 0.018186 -0.010500 0.195208
v 0.018687 -0.009580 0.195208
v 0.019142 -0.008637 0.195208
v 0.019548 -0.007672 0.195208
v 0.019906 -0.006688 0.195208
v 0.020215 -0.005687 0.195208
v 0.020473 -0.004673 0.195208
v 0.020681 -0.003646 0.195208
v 0.020837 -0.002611 0.195208
v 0.020941 -0.001569 0.195208
v 0.020993 -0.000524 0.195208
v 0.020993 0.000524 0.195208
v 0.020941 0.001569 0.195208
v 0.020837 0.002611 0.195208
v 0.020681 0.003646 0.195208
v 0.020473 0.004673 0.195208
v 0.020215 0.005687 0.195208
v 0.019906 0.006688 0.195208
v 0.019548 0.007672 0.195208
v 0.019142 0.008637 0.195208
v 0.018687 0.009580 0.195208
v 0.018186 0.010500 0.195208
v 0.017640 0.011393 0.195208
v 0.017051 0.012259 0.195208
v 0.016418 0.013093 0.195208
v 0.015745 0.013895 0.195208
v 0.015033 0.014663 0.195208
v 0.014284 0.015394 0.195208
v 0.013498 0.016087 0.195208
v 0.012680 0.016740 0.195208
v 0.011830 0.017351 0.195208
v 0.010950 0.017919 0.195208
v 0.010043 0.018443 0.195208
v 0.009111 0.018920 0.195208
v 0.008157 0.019351 0.195208
v 0.007182 0.019733 0.195208
v 0.006190 0.020067 0.195208
v 0.005182 0.020351 0.195208
v 0.004161 0.020584 0.195208
v 0.003130 0.020765 0.195208
v 0.002091 0.020896 0.195208
v 0.001047 0.020974 0.195208
v -0.000000 0.021000 0.195208
v -0.001047 0.020974 0.195208
v -0.002091 0.020896 0.195208
v -0.003130 0.020765 0.195208
v -0.004161 0.020584 0.195208
v -0.005182 0.020351 0.195208
v -0.006190 0.020067 0.195208
v -0.007182 0.019733 0.195208
v -0.008157 0.019351 0.195208
v -0.009111 0.018920 0.195208
v -0.010043 0.018443 0.195208
v -0.010950 0.017919 0.195208
v -0.011830 0.017351 0.195208
v -0.012680 0.016740 0.195208
v -0.013498 0.016087 0.195208
v -0.014284 0.015394 0.195208
v -0.015033 0.014663 0.195208
v -0.015745 0.013895 0.195208
v -0.016418 0.013093 0.195208
v -0.017051 0.012259 0.195208
v -0.017640 0.011393 0.195208
v -0.018186 0.010500 0.195208
v -0.018687 0.009580 0.195208
v -0.019142 0.008637 0.195208
v -0.019548 0.007672 0.195208
v -0.019906 0.006688 0.195208
v -0.020215 0.005687 0.195208
v -0.020473 0.004673 0.195208
v -0.020681 0.003646 0.195208
v -0.020837 0.002611 0.195208
v -0.020941 0.001569 0.195208
v -0.020993 0.000524 0.195208
v -0.020993 -0.000524 0.195208
v -0.020941 -0.001569 0.195208
v -0.020837 -0.002611 0.195208
v -0.020681 -0.003646 0.195208
v -0.020473 -0.004673 0.195208
v -0.020215 -0.005687 0.195208
v -0.019906 -0.006688 0.195208
v -0.019548 -0.007672 0.195208
v -0.019141 -0.008637 0.195208
v -0.018687 -0.009580 0.195208
v -0.018186 -0.010500 0.195208
v -0.017640 -0.011393 0.195208
v -0.017051 -0.012259 0.195208
v -0.016418 -0.013093 0.195208
v -0.015745 -0.013895 0.195208
v -0.015033 -0.014663 0.195208
v -0.014284 -0.015394 0.195208
v -0.013498 -0.016087 0.195208
v -0.012680 -0.016740 0.195208
v -0.011830 -0.017351 0.195208
v -0.010950 -0.017919 0.195208
v -0.010043 -0.018443 0.195208
v -0.009111 -0.018920 0.195208
v -0.008157 -0.019351 0.195208
v -0.007182 -0.019733 0.195208
v -0.006190 -0.020067 0.195208
v -0.005182 -0.020351 0.195208
v -0.004161 -0.020584 0.195208
v -0.003130 -0.020765 0.195208
v -0.002091 -0.020896 0.195208
v -0.001047 -0.020974 0.195208
v -0.000000 0.034103 0.083559
v -0.001341 0.034126 0.083535
v -0.000000 0.031945 0.081475
v -0.001341 0.031968 0.081451
v -0.002678 0.034196 0.083463
v -0.002678 0.032038 0.081379
v -0.004009 0.034311 0.083343
v -0.004009 0.032153 0.081259
v -0.005330 0.034473 0.083175
v -0.005330 0.032315 0.081091
v -0.006638 0.034681 0.082960
v -0.006638 0.032522 0.080876
v -0.007929 0.034933 0.082699
v -0.009200 0.035230 0.082392
v -0.010449 0.033412 0.079955
v -0.010449 0.035570 0.082039
v -0.011671 0.033795 0.079558
v -0.011671 0.035953 0.081643
v -0.012865 0.036378 0.081202
v -0.012865 0.034220 0.079118
v -0.014027 0.034686 0.078636
v -0.014027 0.036844 0.080720
v -0.015153 0.037350 0.080196
v -0.015153 0.035192 0.078112
v -0.016242 0.037894 0.079633
v -0.017291 0.038474 0.079032
v -0.018297 0.039091 0.078393
v -0.019257 0.039742 0.077720
v -0.019257 0.037584 0.075636
v -0.020169 0.038267 0.074928
v -0.020169 0.040425 0.077012
v -0.021031 0.041138 0.076273
v -0.021031 0.038980 0.074189
v -0.021841 0.041881 0.075504
v -0.022597 0.042651 0.074707
v -0.023296 0.043446 0.073884
v -0.023937 0.044264 0.073036
v -0.024519 0.045104 0.072167
v -0.025040 0.045962 0.071278
v -0.025499 0.046838 0.070371
v -0.025499 0.044680 0.068287
v -0.025895 0.047728 0.069449
v -0.025895 0.045570 0.067365
v -0.026225 0.048631 0.068514
v -0.026491 0.049544 0.067569
v -0.026691 0.048308 0.064531
v -0.026691 0.050466 0.066615
v -0.026825 0.049235 0.063571
v -0.026825 0.051393 0.065655
v -0.026892 0.052323 0.064691
v -0.026892 0.053255 0.063726
v -0.026825 0.054185 0.062762
v -0.026825 0.052027 0.060678
v -0.026691 0.052954 0.059718
v -0.026691 0.055113 0.061802
v -0.026491 0.056034 0.060848
v -0.026225 0.056947 0.059903
v -0.025895 0.057850 0.058968
v -0.025499 0.058740 0.058046
v -0.025040 0.059616 0.057139
v -0.024519 0.060475 0.056250
v -0.024519 0.058316 0.054166
v -0.023937 0.061314 0.055381
v -0.023937 0.059156 0.053297
v -0.023296 0.062132 0.054533
v -0.023296 0.059974 0.052449
v -0.022597 0.062927 0.053710
v -0.021841 0.063697 0.052913
v -0.021031 0.064440 0.052144
v -0.021031 0.062282 0.050060
v -0.020169 0.065154 0.051405
v -0.019257 0.065837 0.050697
v -0.019257 0.063679 0.048613
v -0.018297 0.066487 0.050024
v -0.017291 0.067104 0.049385
v -0.016242 0.067685 0.048784
v -0.016242 0.065527 0.046700
v -0.015153 0.068228 0.048221
v -0.015153 0.066070 0.046137
v -0.014027 0.068734 0.047697
v -0.014027 0.066576 0.045613
v -0.012865 0.067042 0.045131
v -0.012865 0.069200 0.047215
v -0.011671 0.069625 0.046775
v -0.011671 0.067467 0.044691
v -0.010449 0.070008 0.046378
v -0.009200 0.070349 0.046025
v -0.007929 0.070645 0.045718
v -0.006638 0.070898 0.045457
v -0.005330 0.071105 0.045242
v -0.004009 0.071267 0.045074
v -0.002678 0.071383 0.044954
v -0.001341 0.071452 0.044882
v -0.000000 0.071475 0.044858
v 0.001341 0.071452 0.044882
v 0.002678 0.071383 0.044954
v 0.004009 0.071267 0.045074
v 0.005330 0.071105 0.045242
v 0.006638 0.070898 0.045457
v 0.007929 0.070645 0.045718
v 0.009200 0.070349 0.046025
v 0.010449 0.070008 0.046378
v 0.011671 0.069625 0.046775
v 0.011671 0.067467 0.044691
v 0.012865 0.069200 0.047215
v 0.012865 0.067042 0.045131
v 0.014027 0.068734 0.047697
v 0.014027 0.066576 0.045613
v 0.015153 0.068228 0.048221
v 0.015153 0.066070 0.046137
v 0.016242 0.067685 0.048784
v 0.016242 0.065527 0.046700
v 0.017291 0.067104 0.049385
v 0.018297 0.066487 0.050024
v 0.019257 0.065837 0.050697
v 0.019257 0.063679 0.048613
v 0.020169 0.065154 0.051405
v 0.020169 0.062996 0.049321
v 0.021031 0.064440 0.052144
v 0.021031 0.062282 0.050060
v 0.021841 0.063697 0.052913
v 0.022597 0.062927 0.053710
v 0.023296 0.062132 0.054533
v 0.023296 0.059974 0.052449
v 0.023937 0.061314 0.055381
v 0.023937 0.059156 0.053297
v 0.024519 0.060475 0.056250
v 0.024519 0.058316 0.054166
v 0.025040 0.059616 0.057139
v 0.025499 0.058740 0.058046
v 0.025895 0.057850 0.058968
v 0.026225 0.056947 0.059903
v 0.026491 0.056034 0.060848
v 0.026691 0.055113 0.061802
v 0.026691 0.052954 0.059718
v 0.026825 0.054186 0.062762
v 0.026825 0.052027 0.060678
v 0.026892 0.053255 0.063726
v 0.026892 0.052323 0.064691
v 0.026825 0.051393 0.065655
v 0.026825 0.049235 0.063571
v 0.026691 0.050466 0.066615
v 0.026691 0.048308 0.064531
v 0.026491 0.049544 0.067569
v 0.026225 0.048631 0.068514
v 0.025895 0.047728 0.069449
v 0.025895 0.045570 0.067365
v 0.025499 0.044680 0.068287
v 0.025499 0.046838 0.070371
v 0.025040 0.045962 0.071278
v 0.024519 0.045104 0.072167
v 0.023937 0.044264 0.073036
v 0.023296 0.043446 0.073884
v 0.022597 0.042651 0.074707
v 0.021841 0.041881 0.075504
v 0.021031 0.041138 0.076273
v 0.021031 0.038980 0.074189
v 0.020169 0.040425 0.077012
v 0.020169 0.038267 0.074928
v 0.019257 0.039742 0.077720
v 0.019257 0.037584 0.075636
v 0.018297 0.039091 0.078393
v 0.017291 0.038475 0.079032
v 0.016242 0.037894 0.079633
v 0.015153 0.037350 0.080196
v 0.015153 0.035192 0.078112
v 0.014027 0.034686 0.078636
v 0.014027 0.036844 0.080720
v 0.012865 0.036378 0.081202
v 0.012865 0.034220 0.079118
v 0.011671 0.033795 0.079558
v 0.011671 0.035953 0.081643
v 0.010449 0.035570 0.082039
v 0.010449 0.033412 0.079955
v 0.009200 0.035230 0.082392
v 0.007929 0.034933 0.082699
v 0.006638 0.034681 0.082960
v 0.006638 0.032522 0.080876
v 0.005330 0.034473 0.083175
v 0.005330 0.032315 0.081091
v 0.004009 0.032153 0.081259
v 0.004009 0.034311 0.083343
v 0.002678 0.034196 0.083463
v 0.002678 0.032038 0.081379
v 0.001341 0.034126 0.083535
v 0.044094 0.016137 0.073213
v 0.044433 0.015251 0.072861
v 0.043968 0.015308 0.073343
v 0.045629 0.013172 0.071623
v 0.044793 0.014309 0.072489
v 0.044329 0.014400 0.072969
v 0.045173 0.013317 0.072096
v 0.044712 0.013439 0.072572
v 0.046023 0.012103 0.071215
v 0.045571 0.012278 0.071683
v 0.046433 0.010991 0.070790
v 0.045988 0.011196 0.071251
v 0.046859 0.009841 0.070349
v 0.034103 0.000000 0.083559
v 0.046422 0.010076 0.070802
v 0.046859 -0.009841 0.070349
v 0.046422 -0.010076 0.070802
v 0.046433 -0.010990 0.070790
v 0.045988 -0.011196 0.071251
v 0.046023 -0.012103 0.071215
v 0.045571 -0.012278 0.071683
v 0.045629 -0.013172 0.071623
v 0.045173 -0.013317 0.072096
v 0.044712 -0.013439 0.072572
v 0.044793 -0.014309 0.072489
v 0.044329 -0.014400 0.072969
v 0.044433 -0.015251 0.072861
v 0.043968 -0.015308 0.073343
v 0.044094 -0.016137 0.073213
v 0.056982 0.001358 0.059867
v 0.071475 0.000000 0.044858
v -0.044094 -0.016137 0.073213
v -0.044433 -0.015251 0.072861
v -0.043968 -0.015308 0.073343
v -0.045629 -0.013172 0.071623
v -0.044793 -0.014309 0.072489
v -0.044329 -0.014400 0.072969
v -0.045173 -0.013317 0.072096
v -0.044712 -0.013439 0.072572
v -0.046023 -0.012103 0.071215
v -0.045571 -0.012278 0.071683
v -0.046433 -0.010991 0.070790
v -0.045988 -0.011196 0.071251
v -0.046859 -0.009841 0.070349
v -0.046422 -0.010076 0.070802
v -0.046859 0.009841 0.070349
v -0.046422 0.010076 0.070802
v -0.046433 0.010990 0.070790
v -0.045988 0.011196 0.071251
v -0.046023 0.012103 0.071215
v -0.045571 0.012278 0.071683
v -0.045629 0.013172 0.071623
v -0.045173 0.013317 0.072096
v -0.044712 0.013439 0.072572
v -0.044793 0.014309 0.072489
v -0.044329 0.014400 0.072969
v -0.044433 0.015251 0.072861
v -0.043968 0.015308 0.073343
v -0.044094 0.016137 0.073213
v -0.056982 -0.001358 0.059867
v -0.012243 0.013195 0.195208
v -0.012886 0.012568 0.195208
v -0.013496 0.011910 0.195208
v -0.011570 0.013789 0.195208
v -0.014073 0.011223 0.195208
v -0.010868 0.014348 0.195208
v -0.014615 0.010507 0.195208
v -0.010140 0.014872 0.195208
v -0.015120 0.009766 0.195208
v -0.009386 0.015359 0.195208
v -0.015588 0.009000 0.195208
v -0.008608 0.015808 0.195208
v -0.016018 0.008212 0.195208
v -0.007810 0.016217 0.195208
v -0.016407 0.007403 0.195208
v -0.006992 0.016586 0.195208
v -0.016756 0.006576 0.195208
v -0.006156 0.016914 0.195208
v -0.017063 0.005733 0.195208
v -0.005306 0.017200 0.195208
v -0.017327 0.004875 0.195208
v -0.004442 0.017443 0.195208
v -0.017549 0.004005 0.195208
v -0.003567 0.017643 0.195208
v -0.017726 0.003126 0.195208
v -0.002683 0.017799 0.195208
v -0.017860 0.002238 0.195208
v -0.001792 0.017910 0.195208
v -0.017950 0.001345 0.195208
v -0.000897 0.017978 0.195208
v -0.017994 0.000449 0.195208
v -0.000000 0.018000 0.195208
v -0.017994 -0.000449 0.195208
v 0.000897 0.017978 0.195208
v -0.017950 -0.001345 0.195208
v 0.001792 0.017910 0.195208
v -0.017860 -0.002238 0.195208
v 0.002683 0.017799 0.195208
v -0.017726 -0.003126 0.195208
v 0.003567 0.017643 0.195208
v -0.017549 -0.004005 0.195208
v 0.004442 0.017443 0.195208
v -0.017327 -0.004875 0.195208
v 0.005306 0.017200 0.195208
v -0.017063 -0.005733 0.195208
v 0.006156 0.016914 0.195208
v -0.016756 -0.006576 0.195208
v 0.006992 0.016586 0.195208
v -0.016407 -0.007403 0.195208
v 0.007810 0.016217 0.195208
v -0.016018 -0.008212 0.195208
v 0.008609 0.015808 0.195208
v -0.015588 -0.009000 0.195208
v 0.009386 0.015359 0.195208
v -0.015120 -0.009766 0.195208
v 0.010140 0.014872 0.195208
v -0.014615 -0.010507 0.195208
v 0.010868 0.014348 0.195208
v -0.014073 -0.011223 0.195208
v 0.011570 0.013789 0.195208
v -0.013496 -0.011910 0.195208
v 0.012243 0.013195 0.195208
v -0.012886 -0.012568 0.195208
v 0.012886 0.012568 0.195208
v -0.012243 -0.013195 0.195208
v 0.013496 0.011910 0.195208
v -0.011570 -0.013789 0.195208
v 0.014073 0.011223 0.195208
v -0.010868 -0.014348 0.195208
v 0.014615 0.010507 0.195208
v -0.010140 -0.014872 0.195208
v 0.015120 0.009766 0.195208
v -0.009386 -0.015359 0.195208
v -0.008608 -0.015808 0.195208
v 0.015588 0.009000 0.195208
v 0.016018 0.008212 0.195208
v 0.016407 0.007403 0.195208
v -0.007810 -0.016217 0.195208
v -0.006992 -0.016586 0.195208
v -0.006156 -0.016914 0.195208
v 0.016756 0.006576 0.195208
v 0.017063 0.005733 0.195208
v -0.005306 -0.017200 0.195208
v 0.017327 0.004875 0.195208
v -0.004442 -0.017443 0.195208
v 0.017549 0.004005 0.195208
v -0.003567 -0.017643 0.195208
v -0.002683 -0.017799 0.195208
v 0.017726 0.003126 0.195208
v 0.017860 0.002238 0.195208
v -0.001792 -0.017910 0.195208
v 0.017950 0.001345 0.195208
v -0.000897 -0.017978 0.195208
v 0.017994 0.000449 0.195208
v -0.000000 -0.018000 0.195208
v 0.017994 -0.000449 0.195208
v 0.017950 -0.001345 0.195208
v 0.000897 -0.017978 0.195208
v 0.001792 -0.017910 0.195208
v 0.017860 -0.002238 0.195208
v 0.017726 -0.003126 0.195208
v 0.002683 -0.017799 0.195208
v 0.003567 -0.017643 0.195208
v 0.017549 -0.004005 0.195208
v 0.004442 -0.017443 0.195208
v 0.005306 -0.017200 0.195208
v 0.017327 -0.004875 0.195208
v 0.017063 -0.005733 0.195208
v 0.016756 -0.006576 0.195208
v 0.006156 -0.016914 0.195208
v 0.006992 -0.016586 0.195208
v 0.016407 -0.007403 0.195208
v 0.016018 -0.008212 0.195208
v 0.007810 -0.016217 0.195208
v 0.015588 -0.009000 0.195208
v 0.008609 -0.015808 0.195208
v 0.009386 -0.015359 0.195208
v 0.015120 -0.009766 0.195208
v 0.010140 -0.014872 0.195208
v 0.014615 -0.010507 0.195208
v 0.010868 -0.014348 0.195208
v 0.014073 -0.011223 0.195208
v 0.013496 -0.011910 0.195208
v 0.011570 -0.013789 0.195208
v 0.012243 -0.013195 0.195208
v 0.012886 -0.012568 0.195208
v -0.016137 0.044094 0.073213
v -0.015251 0.044433 0.072861
v -0.015309 0.043968 0.073343
v -0.013172 0.045629 0.071623
v -0.014309 0.044793 0.072489
v -0.014400 0.044329 0.072969
v -0.013317 0.045173 0.072096
v -0.013439 0.044712 0.072572
v -0.012103 0.046023 0.071215
v -0.012278 0.045571 0.071683
v -0.010991 0.046433 0.070790
v -0.011196 0.045988 0.071251
v -0.009841 0.046859 0.070349
v -0.010076 0.046422 0.070802
v 0.009841 0.046859 0.070349
v 0.010076 0.046422 0.070802
v 0.010990 0.046433 0.070790
v 0.011196 0.045988 0.071251
v 0.012103 0.046023 0.071215
v 0.012278 0.045571 0.071683
v 0.013172 0.045629 0.071623
v 0.013317 0.045173 0.072096
v 0.013439 0.044712 0.072572
v 0.014309 0.044793 0.072489
v 0.014400 0.044329 0.072969
v 0.015251 0.044433 0.072861
v 0.015309 0.043968 0.073343
v 0.016137 0.044094 0.073213
v -0.001358 0.056982 0.059867
v -0.000000 -0.018000 0.084209
v 0.000897 -0.017978 0.084209
v 0.001792 -0.017910 0.084209
v 0.002683 -0.017799 0.084209
v 0.003567 -0.017643 0.084209
v 0.004442 -0.017443 0.084209
v 0.005306 -0.017200 0.084209
v 0.006156 -0.016914 0.084209
v 0.006992 -0.016586 0.084209
v 0.007810 -0.016217 0.084209
v 0.008609 -0.015808 0.084209
v 0.009386 -0.015359 0.084209
v 0.010140 -0.014872 0.084209
v 0.010868 -0.014348 0.084209
v 0.011570 -0.013789 0.084209
v 0.012243 -0.013195 0.084209
v 0.012886 -0.012568 0.084209
v 0.013496 -0.011910 0.084209
v 0.014073 -0.011223 0.084209
v 0.014615 -0.010507 0.084209
v 0.015120 -0.009766 0.084209
v 0.015588 -0.009000 0.084209
v 0.016018 -0.008212 0.084209
v 0.016407 -0.007403 0.084209
v 0.016756 -0.006576 0.084209
v 0.017063 -0.005733 0.084209
v 0.017327 -0.004875 0.084209
v 0.017549 -0.004005 0.084209
v 0.017726 -0.003126 0.084209
v 0.017860 -0.002238 0.084209
v 0.017950 -0.001345 0.084209
v 0.017994 -0.000449 0.084209
v 0.017994 0.000449 0.084209
v 0.017950 0.001345 0.084209
v 0.017860 0.002238 0.084209
v 0.017726 0.003126 0.084209
v 0.017549 0.004005 0.084209
v 0.017327 0.004875 0.084209
v 0.017063 0.005733 0.084209
v 0.016756 0.006576 0.084209
v 0.016407 0.007403 0.084209
v 0.016018 0.008212 0.084209
v 0.015588 0.009000 0.084209
v 0.015120 0.009766 0.084209
v 0.014615 0.010507 0.084209
v 0.014073 0.011223 0.084209
v 0.013496 0.011910 0.084209
v 0.012886 0.012568 0.084209
v 0.012243 0.013195 0.084209
v 0.011570 0.013789 0.084209
v 0.010868 0.014348 0.084209
v 0.010140 0.014872 0.084209
v 0.009386 0.015359 0.084209
v 0.008609 0.015808 0.084209
v 0.007810 0.016217 0.084209
v 0.006992 0.016586 0.084209
v 0.006156 0.016914 0.084209
v 0.005306 0.017200 0.084209
v 0.004442 0.017443 0.084209
v 0.003567 0.017643 0.084209
v 0.002683 0.017799 0.084209
v 0.001792 0.017910 0.084209
v 0.000897 0.017978 0.084209
v -0.000000 0.018000 0.084209
v -0.000897 0.017978 0.084209
v -0.001792 0.017910 0.084209
v -0.002683 0.017799 0.084209
v -0.003567 0.017643 0.084209
v -0.004442 0.017443 0.084209
v -0.005306 0.017200 0.084209
v -0.006156 0.016914 0.084209
v -0.006992 0.016586 0.084209
v -0.007810 0.016217 0.084209
v -0.008608 0.015808 0.084209
v -0.009386 0.015359 0.084209
v -0.010140 0.014872 0.084209
v -0.010868 0.014348 0.084209
v -0.011570 0.013789 0.084209
v -0.012243 0.013195 0.084209
v -0.012886 0.012568 0.084209
v -0.013496 0.011910 0.084209
v -0.014073 0.011223 0.084209
v -0.014615 0.010507 0.084209
v -0.015120 0.009766 0.084209
v -0.015588 0.009000 0.084209
v -0.016018 0.008212 0.084209
v -0.016407 0.007403 0.084209
v -0.016756 0.006576 0.084209
v -0.017063 0.005733 0.084209
v -0.017327 0.004875 0.084209
v -0.017549 0.004005 0.084209
v -0.017726 0.003126 0.084209
v -0.017860 0.002238 0.084209
v -0.017950 0.001345 0.084209
v -0.017994 0.000449 0.084209
v -0.017994 -0.000449 0.084209
v -0.017950 -0.001345 0.084209
v -0.017860 -0.002238 0.084209
v -0.017726 -0.003126 0.084209
v -0.017549 -0.004005 0.084209
v -0.017327 -0.004875 0.084209
v -0.017063 -0.005733 0.084209
v -0.016756 -0.006576 0.084209
v -0.016407 -0.007403 0.084209
v -0.016018 -0.008212 0.084209
v -0.015588 -0.009000 0.084209
v -0.015120 -0.009766 0.084209
v -0.014615 -0.010507 0.084209
v -0.014073 -0.011223 0.084209
v -0.013496 -0.011910 0.084209
v -0.012886 -0.012568 0.084209
v -0.012243 -0.013195 0.084209
v -0.011570 -0.013789 0.084209
v -0.010868 -0.014348 0.084209
v -0.010140 -0.014872 0.084209
v -0.009386 -0.015359 0.084209
v -0.008608 -0.015808 0.084209
v -0.007810 -0.016217 0.084209
v -0.006992 -0.016586 0.084209
v -0.006156 -0.016914 0.084209
v -0.005306 -0.017200 0.084209
v -0.004442 -0.017443 0.084209
v -0.003567 -0.017643 0.084209
v -0.002683 -0.017799 0.084209
v -0.001792 -0.017910 0.084209
v -0.000897 -0.017978 0.084209
v -0.012175 0.013122 0.084209
v -0.012814 0.012498 0.084209
v -0.013421 0.011844 0.084209
v -0.011506 0.013712 0.084209
v -0.013995 0.011160 0.084209
v -0.010808 0.014269 0.084209
v -0.014534 0.010449 0.084209
v -0.010083 0.014790 0.084209
v -0.015036 0.009712 0.084209
v -0.009334 0.015274 0.084209
v -0.015502 0.008950 0.084209
v -0.008561 0.015720 0.084209
v -0.015929 0.008166 0.084209
v -0.007766 0.016127 0.084209
v -0.016316 0.007362 0.084209
v -0.006953 0.016494 0.084209
v -0.016663 0.006539 0.084209
v -0.006122 0.016820 0.084209
v -0.016968 0.005701 0.084209
v -0.005276 0.017105 0.084209
v -0.017231 0.004848 0.084209
v -0.004417 0.017346 0.084209
v -0.017451 0.003983 0.084209
v -0.003547 0.017545 0.084209
v -0.017628 0.003108 0.084209
v -0.002668 0.017700 0.084209
v -0.017761 0.002226 0.084209
v -0.001782 0.017811 0.084209
v -0.017850 0.001338 0.084209
v -0.000892 0.017878 0.084209
v -0.017894 0.000446 0.084209
v -0.000000 0.017900 0.084209
v -0.017894 -0.000446 0.084209
v 0.000892 0.017878 0.084209
v -0.017850 -0.001338 0.084209
v 0.001782 0.017811 0.084209
v -0.017761 -0.002226 0.084209
v 0.002668 0.017700 0.084209
v -0.017628 -0.003108 0.084209
v 0.003547 0.017545 0.084209
v -0.017451 -0.003983 0.084209
v 0.004417 0.017346 0.084209
v -0.017231 -0.004848 0.084209
v 0.005276 0.017105 0.084209
v -0.016968 -0.005701 0.084209
v 0.006122 0.016820 0.084209
v -0.016663 -0.006539 0.084209
v 0.006953 0.016494 0.084209
v -0.016316 -0.007362 0.084209
v 0.007766 0.016127 0.084209
v -0.015929 -0.008166 0.084209
v 0.008561 0.015720 0.084209
v -0.015502 -0.008950 0.084209
v 0.009334 0.015274 0.084209
v -0.015036 -0.009712 0.084209
v 0.010083 0.014790 0.084209
v -0.014534 -0.010449 0.084209
v 0.010808 0.014269 0.084209
v -0.013995 -0.011160 0.084209
v 0.011506 0.013712 0.084209
v -0.013421 -0.011844 0.084209
v 0.012175 0.013122 0.084209
v -0.012814 -0.012498 0.084209
v 0.012814 0.012498 0.084209
v -0.012175 -0.013122 0.084209
v 0.013421 0.011844 0.084209
v -0.011506 -0.013712 0.084209
v 0.013995 0.011160 0.084209
v -0.010808 -0.014269 0.084209
v 0.014534 0.010449 0.084209
v -0.010083 -0.014790 0.084209
v 0.015036 0.009712 0.084209
v -0.009334 -0.015274 0.084209
v 0.015502 0.008950 0.084209
v -0.008561 -0.015720 0.084209
v 0.015929 0.008166 0.084209
v -0.007766 -0.016127 0.084209
v 0.016316 0.007362 0.084209
v -0.006953 -0.016494 0.084209
v 0.016663 0.006539 0.084209
v -0.006122 -0.016820 0.084209
v 0.016968 0.005701 0.084209
v -0.005276 -0.017105 0.084209
v 0.017231 0.004848 0.084209
v -0.004417 -0.017346 0.084209
v 0.017451 0.003983 0.084209
v -0.003547 -0.017545 0.084209
v 0.017628 0.003108 0.084209
v -0.002668 -0.017700 0.084209
v 0.017761 0.002226 0.084209
v -0.001782 -0.017811 0.084209
v 0.017850 0.001338 0.084209
v -0.000892 -0.017878 0.084209
v 0.017894 0.000446 0.084209
v -0.000000 -0.017900 0.084209
v 0.017894 -0.000446 0.084209
v 0.000892 -0.017878 0.084209
v 0.017850 -0.001338 0.084209
v 0.001782 -0.017811 0.084209
v 0.017761 -0.002226 0.084209
v 0.002668 -0.017700 0.084209
v 0.017628 -0.003108 0.084209
v 0.003547 -0.017545 0.084209
v 0.017451 -0.003983 0.084209
v 0.004417 -0.017346 0.084209
v 0.017231 -0.004848 0.084209
v 0.005276 -0.017105 0.084209
v 0.016968 -0.005701 0.084209
v 0.006122 -0.016820 0.084209
v 0.016663 -0.006539 0.084209
v 0.006953 -0.016494 0.084209
v 0.016316 -0.007362 0.084209
v 0.007766 -0.016127 0.084209
v 0.015929 -0.008166 0.084209
v 0.008561 -0.015720 0.084209
v 0.015502 -0.008950 0.084209
v 0.009334 -0.015274 0.084209
v 0.015036 -0.009712 0.084209
v 0.010083 -0.014790 0.084209
v 0.010808 -0.014269 0.084209
v 0.014534 -0.010449 0.084209
v 0.013995 -0.011160 0.084209
v 0.011506 -0.013712 0.084209
v 0.013421 -0.011844 0.084209
v 0.012175 -0.013122 0.084209
v 0.012814 -0.012498 0.084209
v 0.000892 -0.017878 0.087209
v -0.000000 -0.017900 0.087209
v 0.001782 -0.017811 0.087209
v 0.002668 -0.017700 0.087209
v 0.003547 -0.017545 0.087209
v 0.004417 -0.017346 0.087209
v 0.005276 -0.017105 0.087209
v 0.006122 -0.016820 0.087209
v 0.006953 -0.016494 0.087209
v 0.007766 -0.016127 0.087209
v 0.008561 -0.015720 0.087209
v 0.009334 -0.015274 0.087209
v 0.010083 -0.014790 0.087209
v 0.010808 -0.014269 0.087209
v 0.011506 -0.013712 0.087209
v 0.012175 -0.013122 0.087209
v 0.012814 -0.012498 0.087209
v 0.013421 -0.011844 0.087209
v 0.013995 -0.011160 0.087209
v 0.014534 -0.010449 0.087209
v 0.015036 -0.009712 0.087209
v 0.015502 -0.008950 0.087209
v 0.015929 -0.008166 0.087209
v 0.016316 -0.007362 0.087209
v 0.016663 -0.006539 0.087209
v 0.016968 -0.005701 0.087209
v 0.017231 -0.004848 0.087209
v 0.017451 -0.003983 0.087209
v 0.017628 -0.003108 0.087209
v 0.017761 -0.002226 0.087209
v 0.017850 -0.001338 0.087209
v 0.017894 -0.000446 0.087209
v 0.017894 0.000446 0.087209
v 0.017850 0.001338 0.087209
v 0.017761 0.002226 0.087209
v 0.017628 0.003108 0.087209
v 0.017451 0.003983 0.087209
v 0.017231 0.004848 0.087209
v 0.016968 0.005701 0.087209
v 0.016663 0.006539 0.087209
v 0.016316 0.007362 0.087209
v 0.015929 0.008166 0.087209
v 0.015502 0.008950 0.087209
v 0.015036 0.009712 0.087209
v 0.014534 0.010449 0.087209
v 0.013995 0.011160 0.087209
v 0.013421 0.011844 0.087209
v 0.012814 0.012498 0.087209
v 0.012175 0.013122 0.087209
v 0.011506 0.013712 0.087209
v 0.010808 0.014269 0.087209
v 0.010083 0.014790 0.087209
v 0.009334 0.015274 0.087209
v 0.008561 0.015720 0.087209
v 0.007766 0.016127 0.087209
v 0.006953 0.016494 0.087209
v 0.006122 0.016820 0.087209
v 0.005276 0.017105 0.087209
v 0.004417 0.017346 0.087209
v 0.003547 0.017545 0.087209
v 0.002668 0.017700 0.087209
v 0.001782 0.017811 0.087209
v 0.000892 0.017878 0.087209
v -0.000000 0.017900 0.087209
v -0.000892 0.017878 0.087209
v -0.001782 0.017811 0.087209
v -0.002668 0.017700 0.087209
v -0.003547 0.017545 0.087209
v -0.004417 0.017346 0.087209
v -0.005276 0.017105 0.087209
v -0.006122 0.016820 0.087209
v -0.006953 0.016494 0.087209
v -0.007766 0.016127 0.087209
v -0.008561 0.015720 0.087209
v -0.009334 0.015274 0.087209
v -0.010083 0.014790 0.087209
v -0.010808 0.014269 0.087209
v -0.011506 0.013712 0.087209
v -0.012175 0.013122 0.087209
v -0.012814 0.012498 0.087209
v -0.013421 0.011844 0.087209
v -0.013995 0.011160 0.087209
v -0.014534 0.010449 0.087209
v -0.015036 0.009712 0.087209
v -0.015502 0.008950 0.087209
v -0.015929 0.008166 0.087209
v -0.016316 0.007362 0.087209
v -0.016663 0.006539 0.087209
v -0.016968 0.005701 0.087209
v -0.017231 0.004848 0.087209
v -0.017451 0.003983 0.087209
v -0.017628 0.003108 0.087209
v -0.017761 0.002226 0.087209
v -0.017850 0.001338 0.087209
v -0.017894 0.000446 0.087209
v -0.017894 -0.000446 0.087209
v -0.017850 -0.001338 0.087209
v -0.017761 -0.002226 0.087209
v -0.017628 -0.003108 0.087209
v -0.017451 -0.003983 0.087209
v -0.017231 -0.004848 0.087209
v -0.016968 -0.005701 0.087209
v -0.016663 -0.006539 0.087209
v -0.016316 -0.007362 0.087209
v -0.015929 -0.008166 0.087209
v -0.015502 -0.008950 0.087209
v -0.015036 -0.009712 0.087209
v -0.014534 -0.010449 0.087209
v -0.013995 -0.011160 0.087209
v -0.013421 -0.011844 0.087209
v -0.012814 -0.012498 0.087209
v -0.012175 -0.013122 0.087209
v -0.011506 -0.013712 0.087209
v -0.010808 -0.014269 0.087209
v -0.010083 -0.014790 0.087209
v -0.009334 -0.015274 0.087209
v -0.008561 -0.015720 0.087209
v -0.007766 -0.016127 0.087209
v -0.006953 -0.016494 0.087209
v -0.006122 -0.016820 0.087209
v -0.005276 -0.017105 0.087209
v -0.004417 -0.017346 0.087209
v -0.003547 -0.017545 0.087209
v -0.002668 -0.017700 0.087209
v -0.001782 -0.017811 0.087209
v -0.000892 -0.017878 0.087209
v -0.061823 -0.029863 0.075010
v -0.062859 -0.029900 0.073938
v -0.050630 -0.029900 0.062128
v -0.049595 -0.029863 0.063201
v -0.048562 -0.029751 0.064270
v -0.060791 -0.029751 0.076079
v -0.059763 -0.029566 0.077143
v -0.047534 -0.029566 0.065334
v -0.046514 -0.029307 0.066390
v -0.058743 -0.029307 0.078199
v -0.057733 -0.028975 0.079245
v -0.045505 -0.028975 0.067436
v -0.056737 -0.028572 0.080277
v -0.044508 -0.028572 0.068468
v -0.055755 -0.028097 0.081294
v -0.043526 -0.028097 0.069485
v -0.042562 -0.027552 0.070483
v -0.054791 -0.027552 0.082292
v -0.053847 -0.026939 0.083270
v -0.041618 -0.026939 0.071461
v -0.052925 -0.026259 0.084224
v -0.040696 -0.026259 0.072415
v -0.052028 -0.025513 0.085153
v -0.039800 -0.025513 0.073344
v -0.051158 -0.024704 0.086054
v -0.038930 -0.024704 0.074244
v -0.050317 -0.023834 0.086924
v -0.038089 -0.023834 0.075115
v -0.049508 -0.022905 0.087763
v -0.037279 -0.022905 0.075954
v -0.036503 -0.021918 0.076758
v -0.048731 -0.021918 0.088567
v -0.047990 -0.020877 0.089335
v -0.035761 -0.020877 0.077526
v -0.047285 -0.019784 0.090064
v -0.035057 -0.019784 0.078255
v -0.034391 -0.018642 0.078944
v -0.046620 -0.018642 0.090753
v -0.045995 -0.017454 0.091401
v -0.033766 -0.017454 0.079592
v -0.045411 -0.016222 0.092005
v -0.033182 -0.016222 0.080196
v -0.044871 -0.014950 0.092564
v -0.032642 -0.014950 0.080755
v -0.044376 -0.013641 0.093077
v -0.032147 -0.013641 0.081268
v -0.031698 -0.012297 0.081733
v -0.043926 -0.012297 0.093543
v -0.031295 -0.010924 0.082150
v -0.043524 -0.010924 0.093959
v -0.030941 -0.009523 0.082517
v -0.043170 -0.009523 0.094326
v -0.030636 -0.008098 0.082833
v -0.042865 -0.008098 0.094642
v -0.042609 -0.006653 0.094907
v -0.030380 -0.006653 0.083098
v -0.042404 -0.005192 0.095119
v -0.030175 -0.005192 0.083310
v -0.030021 -0.003718 0.083470
v -0.042250 -0.003718 0.095279
v -0.042147 -0.002234 0.095386
v -0.029918 -0.002234 0.083577
v -0.042095 -0.000745 0.095439
v -0.029866 -0.000745 0.083630
v -0.029866 0.000745 0.083630
v -0.042095 0.000745 0.095439
v -0.042147 0.002234 0.095386
v -0.029918 0.002234 0.083577
v -0.030021 0.003718 0.083470
v -0.042250 0.003718 0.095279
v -0.042404 0.005192 0.095119
v -0.030175 0.005192 0.083310
v -0.030380 0.006653 0.083098
v -0.042609 0.006653 0.094907
v -0.042865 0.008098 0.094642
v -0.030636 0.008098 0.082833
v -0.043170 0.009523 0.094326
v -0.030941 0.009523 0.082517
v -0.031295 0.010924 0.082150
v -0.043524 0.010924 0.093959
v -0.043926 0.012297 0.093543
v -0.031698 0.012297 0.081733
v -0.044376 0.013641 0.093077
v -0.032147 0.013641 0.081268
v -0.032642 0.014950 0.080755
v -0.044871 0.014950 0.092564
v -0.045411 0.016222 0.092005
v -0.033182 0.016222 0.080196
v -0.033766 0.017454 0.079592
v -0.045995 0.017454 0.091401
v -0.034391 0.018642 0.078944
v -0.046620 0.018642 0.090753
v -0.047285 0.019784 0.090064
v -0.035057 0.019784 0.078255
v -0.035761 0.020877 0.077526
v -0.047990 0.020877 0.089335
v -0.048731 0.021918 0.088567
v -0.036503 0.021918 0.076758
v -0.049508 0.022905 0.087763
v -0.037279 0.022905 0.075954
v -0.050317 0.023834 0.086924
v -0.038089 0.023834 0.075115
v -0.051158 0.024704 0.086054
v -0.038930 0.024704 0.074244
v -0.052028 0.025513 0.085153
v -0.039800 0.025513 0.073344
v -0.052925 0.026259 0.084224
v -0.040696 0.026259 0.072415
v -0.053847 0.026939 0.083270
v -0.041618 0.026939 0.071461
v -0.054791 0.027552 0.082292
v -0.042562 0.027552 0.070483
v -0.055755 0.028097 0.081294
v -0.043526 0.028097 0.069485
v -0.056737 0.028572 0.080277
v -0.044508 0.028572 0.068468
v -0.045505 0.028975 0.067436
v -0.057733 0.028975 0.079245
v -0.058743 0.029307 0.078199
v -0.046514 0.029307 0.066390
v -0.059763 0.029566 0.077143
v -0.047534 0.029566 0.065334
v -0.060791 0.029751 0.076079
v -0.048562 0.029751 0.064270
v -0.061823 0.029863 0.075010
v -0.049595 0.029863 0.063201
v -0.062859 0.029900 0.073938
v -0.050630 0.029900 0.062128
v -0.063894 0.029863 0.072866
v -0.051665 0.029863 0.061056
v -0.052698 0.029751 0.059987
v -0.064927 0.029751 0.071796
v -0.065954 0.029566 0.070732
v -0.053726 0.029566 0.058923
v -0.066974 0.029307 0.069676
v -0.054745 0.029307 0.057867
v -0.067984 0.028975 0.068630
v -0.055755 0.028975 0.056821
v -0.056752 0.028572 0.055789
v -0.068981 0.028572 0.067598
v -0.057734 0.028097 0.054772
v -0.069963 0.028097 0.066581
v -0.070927 0.027552 0.065583
v -0.058698 0.027552 0.053774
v -0.071871 0.026939 0.064606
v -0.059642 0.026939 0.052796
v -0.072792 0.026259 0.063651
v -0.060563 0.026259 0.051842
v -0.061460 0.025513 0.050913
v -0.073689 0.025513 0.062722
v -0.062330 0.024704 0.050012
v -0.074559 0.024704 0.061822
v -0.075400 0.023834 0.060951
v -0.063171 0.023834 0.049142
v -0.063981 0.022905 0.048303
v -0.076210 0.022905 0.060112
v -0.076986 0.021918 0.059308
v -0.064757 0.021918 0.047499
v -0.065499 0.020877 0.046731
v -0.077727 0.020877 0.058541
v -0.078432 0.019784 0.057811
v -0.066203 0.019784 0.046002
v -0.079098 0.018642 0.057122
v -0.066869 0.018642 0.045313
v -0.067494 0.017454 0.044665
v -0.079723 0.017454 0.056474
v -0.080306 0.016222 0.055870
v -0.068077 0.016222 0.044061
v -0.080846 0.014950 0.055311
v -0.068618 0.014950 0.043502
v -0.081341 0.013641 0.054798
v -0.069113 0.013641 0.042989
v -0.081791 0.012297 0.054333
v -0.069562 0.012297 0.042524
v -0.082193 0.010924 0.053916
v -0.069964 0.010924 0.042107
v -0.082547 0.009523 0.053549
v -0.070319 0.009523 0.041740
v -0.082853 0.008098 0.053233
v -0.070624 0.008098 0.041424
v -0.083108 0.006653 0.052969
v -0.070879 0.006653 0.041160
v -0.083313 0.005192 0.052756
v -0.071085 0.005192 0.040947
v -0.071239 0.003718 0.040787
v -0.083468 0.003718 0.052596
v -0.083571 0.002234 0.052490
v -0.071342 0.002234 0.040680
v -0.083623 0.000745 0.052436
v -0.071394 0.000745 0.040627
v -0.083623 -0.000745 0.052436
v -0.071394 -0.000745 0.040627
v -0.071342 -0.002234 0.040680
v -0.083571 -0.002234 0.052490
v -0.071239 -0.003718 0.040787
v -0.083468 -0.003718 0.052596
v -0.083313 -0.005192 0.052756
v -0.071085 -0.005192 0.040947
v -0.083108 -0.006653 0.052969
v -0.070879 -0.006653 0.041160
v -0.082853 -0.008098 0.053233
v -0.070624 -0.008098 0.041424
v -0.070319 -0.009523 0.041740
v -0.082547 -0.009523 0.053549
v -0.082193 -0.010924 0.053916
v -0.069964 -0.010924 0.042107
v -0.081791 -0.012297 0.054333
v -0.069562 -0.012297 0.042524
v -0.081341 -0.013641 0.054798
v -0.069113 -0.013641 0.042989
v -0.080846 -0.014950 0.055311
v -0.068618 -0.014950 0.043502
v -0.080306 -0.016222 0.055870
v -0.068077 -0.016222 0.044061
v -0.079723 -0.017454 0.056474
v -0.067494 -0.017454 0.044665
v -0.079098 -0.018642 0.057122
v -0.066869 -0.018642 0.045313
v -0.078432 -0.019784 0.057811
v -0.066203 -0.019784 0.046002
v -0.077727 -0.020877 0.058541
v -0.065499 -0.020877 0.046731
v -0.064757 -0.021918 0.047499
v -0.076986 -0.021918 0.059308
v -0.076210 -0.022905 0.060112
v -0.063981 -0.022905 0.048303
v -0.075400 -0.023834 0.060951
v -0.063171 -0.023834 0.049142
v -0.074559 -0.024704 0.061822
v -0.062330 -0.024704 0.050012
v -0.073689 -0.025513 0.062722
v -0.061460 -0.025513 0.050913
v -0.072792 -0.026259 0.063651
v -0.060563 -0.026259 0.051842
v -0.071870 -0.026939 0.064606
v -0.059642 -0.026939 0.052796
v -0.070927 -0.027552 0.065583
v -0.058698 -0.027552 0.053774
v -0.069963 -0.028097 0.066581
v -0.057734 -0.028097 0.054772
v -0.068981 -0.028572 0.067598
v -0.056752 -0.028572 0.055789
v -0.067984 -0.028975 0.068630
v -0.055755 -0.028975 0.056821
v -0.066974 -0.029307 0.069676
v -0.054745 -0.029307 0.057867
v -0.065954 -0.029566 0.070732
v -0.053726 -0.029566 0.058923
v -0.064927 -0.029751 0.071796
v -0.052698 -0.029751 0.059987
v -0.063894 -0.029863 0.072866
v -0.051665 -0.029863 0.061056
v -0.075663 0.019866 0.060678
v -0.076335 0.018922 0.059982
v -0.076973 0.017932 0.059321
v -0.074959 0.020760 0.061407
v -0.077577 0.016896 0.058697
v -0.074225 0.021602 0.062167
v -0.078144 0.015819 0.058110
v -0.073463 0.022391 0.062956
v -0.078672 0.014703 0.057562
v -0.072675 0.023124 0.063773
v -0.079162 0.013550 0.057055
v -0.071862 0.023800 0.064615
v -0.079611 0.012363 0.056590
v -0.071027 0.024416 0.065480
v -0.080018 0.011146 0.056169
v -0.070171 0.024972 0.066365
v -0.080383 0.009901 0.055791
v -0.069297 0.025466 0.067270
v -0.080704 0.008631 0.055459
v -0.068408 0.025896 0.068192
v -0.080980 0.007340 0.055172
v -0.067504 0.026262 0.069127
v -0.081212 0.006030 0.054932
v -0.066589 0.026563 0.070075
v -0.081398 0.004706 0.054740
v -0.065664 0.026797 0.071032
v -0.081538 0.003370 0.054595
v -0.064733 0.026965 0.071997
v -0.081631 0.002025 0.054498
v -0.063797 0.027066 0.072966
v -0.081678 0.000676 0.054450
v -0.062859 0.027100 0.073938
v -0.081678 -0.000676 0.054450
v -0.061920 0.027066 0.074909
v -0.081631 -0.002025 0.054498
v -0.060984 0.026965 0.075879
v -0.081538 -0.003370 0.054595
v -0.060053 0.026797 0.076843
v -0.081398 -0.004706 0.054740
v -0.059129 0.026563 0.077800
v -0.081212 -0.006030 0.054932
v -0.058213 0.026262 0.078748
v -0.080980 -0.007340 0.055172
v -0.057310 0.025896 0.079684
v -0.080704 -0.008631 0.055459
v -0.056420 0.025466 0.080605
v -0.080383 -0.009901 0.055791
v -0.055546 0.024972 0.081510
v -0.080018 -0.011146 0.056169
v -0.054691 0.024416 0.082396
v -0.079611 -0.012363 0.056590
v -0.053855 0.023800 0.083261
v -0.079162 -0.013550 0.057055
v -0.053043 0.023124 0.084103
v -0.078672 -0.014703 0.057562
v -0.052254 0.022391 0.084919
v -0.078144 -0.015819 0.058110
v -0.051492 0.021602 0.085708
v -0.077577 -0.016896 0.058697
v -0.050758 0.020760 0.086468
v -0.076973 -0.017932 0.059321
v -0.050054 0.019866 0.087197
v -0.076335 -0.018922 0.059982
v -0.049382 0.018922 0.087893
v -0.075663 -0.019866 0.060678
v -0.048744 0.017932 0.088554
v -0.074959 -0.020760 0.061407
v -0.048141 0.016896 0.089179
v -0.074225 -0.021602 0.062167
v -0.047574 0.015819 0.089766
v -0.073463 -0.022391 0.062956
v -0.047045 0.014703 0.090313
v -0.072675 -0.023124 0.063773
v -0.046556 0.013550 0.090820
v -0.046107 0.012363 0.091285
v -0.071862 -0.023800 0.064615
v -0.071027 -0.024416 0.065480
v -0.070171 -0.024972 0.066365
v -0.045699 0.011146 0.091707
v -0.045335 0.009901 0.092084
v -0.069297 -0.025466 0.067270
v -0.045014 0.008631 0.092417
v -0.068408 -0.025896 0.068192
v -0.044737 0.007340 0.092703
v -0.067504 -0.026262 0.069127
v -0.066589 -0.026563 0.070075
v -0.044505 0.006030 0.092943
v -0.065664 -0.026797 0.071032
v -0.044319 0.004706 0.093136
v -0.044179 0.003370 0.093280
v -0.044086 0.002025 0.093377
v -0.064733 -0.026965 0.071997
v -0.063797 -0.027066 0.072966
v -0.044039 0.000676 0.093426
v -0.062859 -0.027100 0.073938
v -0.044039 -0.000676 0.093426
v -0.061920 -0.027066 0.074909
v -0.044086 -0.002025 0.093377
v -0.044179 -0.003370 0.093280
v -0.060984 -0.026965 0.075879
v -0.060053 -0.026797 0.076843
v -0.059129 -0.026563 0.077800
v -0.044319 -0.004706 0.093136
v -0.044505 -0.006030 0.092943
v -0.058213 -0.026262 0.078748
v -0.044737 -0.007340 0.092703
v -0.057310 -0.025896 0.079684
v -0.056420 -0.025466 0.080605
v -0.045014 -0.008631 0.092417
v -0.045335 -0.009901 0.092084
v -0.055546 -0.024972 0.081510
v -0.045699 -0.011146 0.091707
v -0.054691 -0.024416 0.082396
v -0.046107 -0.012363 0.091285
v -0.046556 -0.013550 0.090820
v -0.053855 -0.023800 0.083261
v -0.053043 -0.023124 0.084103
v -0.047045 -0.014703 0.090313
v -0.052254 -0.022391 0.084919
v -0.047574 -0.015819 0.089766
v -0.048141 -0.016896 0.089179
v -0.051492 -0.021602 0.085708
v -0.050758 -0.020760 0.086468
v -0.048744 -0.017932 0.088554
v -0.049382 -0.018922 0.087893
v -0.050054 -0.019866 0.087197
v -0.063434 0.019866 0.048869
v -0.064106 0.018922 0.048173
v -0.064745 0.017932 0.047512
v -0.062731 0.020760 0.049598
v -0.065348 0.016896 0.046887
v -0.061997 0.021602 0.050358
v -0.065915 0.015819 0.046300
v -0.061235 0.022391 0.051147
v -0.066444 0.014703 0.045753
v -0.060446 0.023124 0.051964
v -0.066933 0.013550 0.045246
v -0.059633 0.023800 0.052805
v -0.067382 0.012363 0.044781
v -0.058798 0.024416 0.053670
v -0.067789 0.011146 0.044359
v -0.057942 0.024972 0.054556
v -0.068154 0.009901 0.043982
v -0.057069 0.025466 0.055461
v -0.068475 0.008631 0.043649
v -0.056179 0.025896 0.056382
v -0.068752 0.007340 0.043363
v -0.055275 0.026262 0.057318
v -0.068983 0.006030 0.043123
v -0.054360 0.026563 0.058266
v -0.069169 0.004706 0.042930
v -0.053436 0.026797 0.059223
v -0.069309 0.003370 0.042786
v -0.052504 0.026965 0.060188
v -0.069403 0.002025 0.042689
v -0.051568 0.027066 0.061157
v -0.069449 0.000676 0.042640
v -0.050630 0.027100 0.062128
v -0.069449 -0.000676 0.042640
v -0.049691 0.027066 0.063100
v -0.069403 -0.002025 0.042689
v -0.048756 0.026965 0.064070
v -0.069309 -0.003370 0.042786
v -0.047824 0.026797 0.065034
v -0.069169 -0.004706 0.042930
v -0.046900 0.026563 0.065991
v -0.068983 -0.006030 0.043123
v -0.045985 0.026262 0.066939
v -0.068752 -0.007340 0.043363
v -0.045081 0.025896 0.067874
v -0.068475 -0.008631 0.043649
v -0.044191 0.025466 0.068796
v -0.068154 -0.009901 0.043982
v -0.043317 0.024972 0.069701
v -0.067789 -0.011146 0.044359
v -0.042462 0.024416 0.070587
v -0.067382 -0.012363 0.044781
v -0.041627 0.023800 0.071452
v -0.066933 -0.013550 0.045246
v -0.040814 0.023124 0.072293
v -0.066444 -0.014703 0.045753
v -0.040025 0.022391 0.073110
v -0.065915 -0.015819 0.046300
v -0.039263 0.021602 0.073899
v -0.065348 -0.016896 0.046887
v -0.038529 0.020760 0.074659
v -0.064745 -0.017932 0.047512
v -0.037826 0.019866 0.075388
v -0.064106 -0.018922 0.048173
v -0.037154 0.018922 0.076084
v -0.063434 -0.019866 0.048869
v -0.036515 0.017932 0.076745
v -0.062731 -0.020760 0.049598
v -0.035912 0.016896 0.077370
v -0.061997 -0.021602 0.050358
v -0.035345 0.015819 0.077957
v -0.061235 -0.022391 0.051147
v -0.034816 0.014703 0.078504
v -0.060446 -0.023124 0.051964
v -0.034327 0.013550 0.079011
v -0.033878 0.012363 0.079476
v -0.059633 -0.023800 0.052805
v -0.058798 -0.024416 0.053670
v -0.057942 -0.024972 0.054556
v -0.033471 0.011146 0.079898
v -0.033106 0.009901 0.080275
v -0.057069 -0.025466 0.055461
v -0.032785 0.008631 0.080607
v -0.056179 -0.025896 0.056382
v -0.032508 0.007340 0.080894
v -0.055275 -0.026262 0.057318
v -0.054360 -0.026563 0.058266
v -0.032277 0.006030 0.081134
v -0.053436 -0.026797 0.059223
v -0.032091 0.004706 0.081326
v -0.031951 0.003370 0.081471
v -0.031857 0.002025 0.081568
v -0.052504 -0.026965 0.060188
v -0.051568 -0.027066 0.061157
v -0.031811 0.000676 0.081617
v -0.050630 -0.027100 0.062128
v -0.031811 -0.000676 0.081617
v -0.049691 -0.027066 0.063100
v -0.031857 -0.002025 0.081568
v -0.031951 -0.003370 0.081471
v -0.048756 -0.026965 0.064070
v -0.047824 -0.026797 0.065034
v -0.046900 -0.026563 0.065991
v -0.032091 -0.004706 0.081326
v -0.032277 -0.006030 0.081134
v -0.045985 -0.026262 0.066939
v -0.032508 -0.007340 0.080894
v -0.045081 -0.025896 0.067874
v -0.044191 -0.025466 0.068796
v -0.032785 -0.008631 0.080607
v -0.033106 -0.009901 0.080275
v -0.043317 -0.024972 0.069701
v -0.033471 -0.011146 0.079898
v -0.042462 -0.024416 0.070587
v -0.033878 -0.012363 0.079476
v -0.034327 -0.013550 0.079011
v -0.041627 -0.023800 0.071452
v -0.040814 -0.023124 0.072293
v -0.034816 -0.014703 0.078504
v -0.040025 -0.022391 0.073110
v -0.035345 -0.015819 0.077957
v -0.035912 -0.016896 0.077370
v -0.039263 -0.021602 0.073899
v -0.038529 -0.020760 0.074659
v -0.036515 -0.017932 0.076745
v -0.037154 -0.018922 0.076084
v -0.037826 -0.019866 0.075388
v 0.061823 0.029863 0.075010
v 0.062859 0.029900 0.073938
v 0.050630 0.029900 0.062128
v 0.049595 0.029863 0.063201
v 0.048562 0.029751 0.064270
v 0.060791 0.029751 0.076079
v 0.059763 0.029566 0.077143
v 0.047534 0.029566 0.065334
v 0.046514 0.029307 0.066390
v 0.058743 0.029307 0.078199
v 0.057733 0.028975 0.079245
v 0.045505 0.028975 0.067436
v 0.056737 0.028572 0.080277
v 0.044508 0.028572 0.068468
v 0.055755 0.028097 0.081294
v 0.043526 0.028097 0.069485
v 0.042562 0.027552 0.070483
v 0.054791 0.027552 0.082292
v 0.053847 0.026939 0.083270
v 0.041618 0.026939 0.071461
v 0.052925 0.026259 0.084224
v 0.040696 0.026259 0.072415
v 0.052028 0.025513 0.085153
v 0.039800 0.025513 0.073344
v 0.051158 0.024704 0.086054
v 0.038930 0.024704 0.074244
v 0.050317 0.023834 0.086924
v 0.038089 0.023834 0.075115
v 0.049508 0.022905 0.087763
v 0.037279 0.022905 0.075954
v 0.036503 0.021918 0.076758
v 0.048731 0.021918 0.088567
v 0.047990 0.020877 0.089335
v 0.035761 0.020877 0.077526
v 0.047285 0.019784 0.090064
v 0.035057 0.019784 0.078255
v 0.034391 0.018642 0.078944
v 0.046620 0.018642 0.090753
v 0.045995 0.017454 0.091401
v 0.033766 0.017454 0.079592
v 0.045411 0.016222 0.092005
v 0.033182 0.016222 0.080196
v 0.044871 0.014950 0.092564
v 0.032642 0.014950 0.080755
v 0.044376 0.013641 0.093077
v 0.032147 0.013641 0.081268
v 0.031698 0.012297 0.081733
v 0.043926 0.012297 0.093543
v 0.031295 0.010924 0.082150
v 0.043524 0.010924 0.093959
v 0.030941 0.009523 0.082517
v 0.043170 0.009523 0.094326
v 0.030636 0.008098 0.082833
v 0.042865 0.008098 0.094642
v 0.042609 0.006653 0.094907
v 0.030380 0.006653 0.083098
v 0.042404 0.005192 0.095119
v 0.030175 0.005192 0.083310
v 0.030021 0.003718 0.083470
v 0.042250 0.003718 0.095279
v 0.042147 0.002234 0.095386
v 0.029918 0.002234 0.083577
v 0.042095 0.000745 0.095439
v 0.029866 0.000745 0.083630
v 0.029866 -0.000745 0.083630
v 0.042095 -0.000745 0.095439
v 0.042147 -0.002234 0.095386
v 0.029918 -0.002234 0.083577
v 0.030021 -0.003718 0.083470
v 0.042250 -0.003718 0.095279
v 0.042404 -0.005192 0.095119
v 0.030175 -0.005192 0.083310
v 0.030380 -0.006653 0.083098
v 0.042609 -0.006653 0.094907
v 0.042865 -0.008098 0.094642
v 0.030636 -0.008098 0.082833
v 0.043170 -0.009523 0.094326
v 0.030941 -0.009523 0.082517
v 0.031295 -0.010924 0.082150
v 0.043524 -0.010924 0.093959
v 0.043926 -0.012297 0.093543
v 0.031698 -0.012297 0.081733
v 0.044376 -0.013641 0.093077
v 0.032147 -0.013641 0.081268
v 0.032642 -0.014950 0.080755
v 0.044871 -0.014950 0.092564
v 0.045411 -0.016222 0.092005
v 0.033182 -0.016222 0.080196
v 0.033766 -0.017454 0.079592
v 0.045995 -0.017454 0.091401
v 0.034391 -0.018642 0.078944
v 0.046620 -0.018642 0.090753
v 0.047285 -0.019784 0.090064
v 0.035057 -0.019784 0.078255
v 0.035761 -0.020877 0.077526
v 0.047990 -0.020877 0.089335
v 0.048731 -0.021918 0.088567
v 0.036503 -0.021918 0.076758
v 0.049508 -0.022905 0.087763
v 0.037279 -0.022905 0.075954
v 0.050317 -0.023834 0.086924
v 0.038089 -0.023834 0.075115
v 0.051158 -0.024704 0.086054
v 0.038930 -0.024704 0.074244
v 0.052028 -0.025513 0.085153
v 0.039800 -0.025513 0.073344
v 0.052925 -0.026259 0.084224
v 0.040697 -0.026259 0.072415
v 0.053847 -0.026939 0.083270
v 0.041618 -0.026939 0.071461
v 0.054791 -0.027552 0.082292
v 0.042562 -0.027552 0.070483
v 0.055755 -0.028097 0.081294
v 0.043526 -0.028097 0.069485
v 0.056737 -0.028572 0.080277
v 0.044508 -0.028572 0.068468
v 0.045505 -0.028975 0.067436
v 0.057733 -0.028975 0.079245
v 0.058743 -0.029307 0.078199
v 0.046514 -0.029307 0.066390
v 0.059763 -0.029566 0.077143
v 0.047534 -0.029566 0.065334
v 0.060791 -0.029751 0.076079
v 0.048562 -0.029751 0.064270
v 0.061823 -0.029863 0.075010
v 0.049595 -0.029863 0.063201
v 0.062859 -0.029900 0.073938
v 0.050630 -0.029900 0.062128
v 0.063894 -0.029863 0.072866
v 0.051665 -0.029863 0.061056
v 0.052698 -0.029751 0.059987
v 0.064927 -0.029751 0.071796
v 0.065954 -0.029566 0.070732
v 0.053726 -0.029566 0.058923
v 0.066974 -0.029307 0.069676
v 0.054746 -0.029307 0.057867
v 0.067984 -0.028975 0.068630
v 0.055755 -0.028975 0.056821
v 0.056752 -0.028572 0.055789
v 0.068981 -0.028572 0.067598
v 0.057734 -0.028097 0.054772
v 0.069963 -0.028097 0.066581
v 0.070927 -0.027552 0.065583
v 0.058698 -0.027552 0.053774
v 0.071871 -0.026939 0.064606
v 0.059642 -0.026939 0.052796
v 0.072792 -0.026259 0.063651
v 0.060563 -0.026259 0.051842
v 0.061460 -0.025513 0.050913
v 0.073689 -0.025513 0.062723
v 0.062330 -0.024704 0.050012
v 0.074559 -0.024704 0.061822
v 0.075400 -0.023834 0.060951
v 0.063171 -0.023834 0.049142
v 0.063981 -0.022905 0.048303
v 0.076210 -0.022905 0.060112
v 0.076986 -0.021918 0.059308
v 0.064757 -0.021918 0.047499
v 0.065499 -0.020877 0.046731
v 0.077727 -0.020877 0.058541
v 0.078432 -0.019784 0.057811
v 0.066203 -0.019784 0.046002
v 0.079098 -0.018642 0.057122
v 0.066869 -0.018642 0.045313
v 0.067494 -0.017454 0.044665
v 0.079723 -0.017454 0.056474
v 0.080306 -0.016222 0.055870
v 0.068078 -0.016222 0.044061
v 0.080846 -0.014950 0.055311
v 0.068618 -0.014950 0.043502
v 0.081342 -0.013641 0.054798
v 0.069113 -0.013641 0.042989
v 0.081791 -0.012297 0.054333
v 0.069562 -0.012297 0.042524
v 0.082193 -0.010924 0.053916
v 0.069964 -0.010924 0.042107
v 0.082547 -0.009523 0.053549
v 0.070319 -0.009523 0.041740
v 0.082853 -0.008098 0.053233
v 0.070624 -0.008098 0.041424
v 0.083108 -0.006653 0.052969
v 0.070879 -0.006653 0.041160
v 0.083313 -0.005192 0.052756
v 0.071085 -0.005192 0.040947
v 0.071239 -0.003718 0.040787
v 0.083468 -0.003718 0.052596
v 0.083571 -0.002234 0.052490
v 0.071342 -0.002234 0.040680
v 0.083623 -0.000745 0.052436
v 0.071394 -0.000745 0.040627
v 0.083623 0.000745 0.052436
v 0.071394 0.000745 0.040627
v 0.071342 0.002234 0.040680
v 0.083571 0.002234 0.052490
v 0.071239 0.003718 0.040787
v 0.083468 0.003718 0.052596
v 0.083313 0.005192 0.052756
v 0.071085 0.005192 0.040947
v 0.083108 0.006653 0.052969
v 0.070879 0.006653 0.041160
v 0.082853 0.008098 0.053233
v 0.070624 0.008098 0.041424
v 0.070319 0.009523 0.041740
v 0.082547 0.009523 0.053549
v 0.082193 0.010924 0.053916
v 0.069964 0.010924 0.042107
v 0.081791 0.012297 0.054333
v 0.069562 0.012297 0.042524
v 0.081342 0.013641 0.054798
v 0.069113 0.013641 0.042989
v 0.080846 0.014950 0.055311
v 0.068618 0.014950 0.043502
v 0.080306 0.016222 0.055870
v 0.068078 0.016222 0.044061
v 0.079723 0.017454 0.056474
v 0.067494 0.017454 0.044665
v 0.079098 0.018642 0.057122
v 0.066869 0.018642 0.045313
v 0.078432 0.019784 0.057811
v 0.066203 0.019784 0.046002
v 0.077727 0.020877 0.058541
v 0.065499 0.020877 0.046731
v 0.064757 0.021918 0.047499
v 0.076986 0.021918 0.059308
v 0.076210 0.022905 0.060112
v 0.063981 0.022905 0.048303
v 0.075400 0.023834 0.060951
v 0.063171 0.023834 0.049142
v 0.074559 0.024704 0.061822
v 0.062330 0.024704 0.050012
v 0.073689 0.025513 0.062723
v 0.061460 0.025513 0.050913
v 0.072792 0.026259 0.063651
v 0.060563 0.026259 0.051842
v 0.071871 0.026939 0.064606
v 0.059642 0.026939 0.052796
v 0.070927 0.027552 0.065583
v 0.058698 0.027552 0.053774
v 0.069963 0.028097 0.066581
v 0.057734 0.028097 0.054772
v 0.068981 0.028572 0.067598
v 0.056752 0.028572 0.055789
v 0.067984 0.028975 0.068630
v 0.055755 0.028975 0.056821
v 0.066974 0.029307 0.069676
v 0.054746 0.029307 0.057867
v 0.065954 0.029566 0.070732
v 0.053726 0.029566 0.058923
v 0.064927 0.029751 0.071796
v 0.052698 0.029751 0.059987
v 0.063894 0.029863 0.072866
v 0.051665 0.029863 0.061056
v 0.075663 -0.019866 0.060678
v 0.076335 -0.018922 0.059982
v 0.076974 -0.017932 0.059321
v 0.074959 -0.020760 0.061407
v 0.077577 -0.016896 0.058697
v 0.074225 -0.021602 0.062167
v 0.078144 -0.015819 0.058110
v 0.073463 -0.022391 0.062956
v 0.078672 -0.014703 0.057562
v 0.072675 -0.023124 0.063773
v 0.079162 -0.013550 0.057055
v 0.071862 -0.023800 0.064615
v 0.079611 -0.012363 0.056590
v 0.071027 -0.024416 0.065480
v 0.080018 -0.011146 0.056169
v 0.070171 -0.024972 0.066365
v 0.080383 -0.009901 0.055791
v 0.069297 -0.025466 0.067270
v 0.080704 -0.008631 0.055459
v 0.068408 -0.025896 0.068192
v 0.080980 -0.007340 0.055172
v 0.067504 -0.026262 0.069127
v 0.081212 -0.006030 0.054932
v 0.066589 -0.026563 0.070075
v 0.081398 -0.004706 0.054740
v 0.065664 -0.026797 0.071032
v 0.081538 -0.003370 0.054595
v 0.064733 -0.026965 0.071997
v 0.081631 -0.002025 0.054498
v 0.063797 -0.027066 0.072966
v 0.081678 -0.000676 0.054450
v 0.062859 -0.027100 0.073938
v 0.081678 0.000676 0.054450
v 0.061920 -0.027066 0.074909
v 0.081631 0.002025 0.054498
v 0.060984 -0.026965 0.075879
v 0.081538 0.003370 0.054595
v 0.060053 -0.026797 0.076843
v 0.081398 0.004706 0.054740
v 0.059129 -0.026563 0.077800
v 0.081212 0.006030 0.054932
v 0.058213 -0.026262 0.078748
v 0.080980 0.007340 0.055172
v 0.057310 -0.025896 0.079684
v 0.080704 0.008631 0.055459
v 0.056420 -0.025466 0.080605
v 0.080383 0.009901 0.055791
v 0.055546 -0.024972 0.081510
v 0.080018 0.011146 0.056169
v 0.054691 -0.024416 0.082396
v 0.079611 0.012363 0.056590
v 0.053855 -0.023800 0.083261
v 0.079162 0.013550 0.057055
v 0.053043 -0.023124 0.084103
v 0.078672 0.014703 0.057562
v 0.052254 -0.022391 0.084919
v 0.078144 0.015819 0.058110
v 0.051492 -0.021602 0.085708
v 0.077577 0.016896 0.058697
v 0.050758 -0.020760 0.086468
v 0.076974 0.017932 0.059321
v 0.050054 -0.019866 0.087197
v 0.076335 0.018922 0.059982
v 0.049382 -0.018922 0.087893
v 0.075663 0.019866 0.060678
v 0.048744 -0.017932 0.088554
v 0.074959 0.020760 0.061407
v 0.048141 -0.016896 0.089179
v 0.074225 0.021602 0.062167
v 0.047574 -0.015819 0.089766
v 0.073463 0.022391 0.062956
v 0.047045 -0.014703 0.090313
v 0.072675 0.023124 0.063773
v 0.046556 -0.013550 0.090820
v 0.046107 -0.012363 0.091285
v 0.071862 0.023800 0.064615
v 0.071027 0.024416 0.065480
v 0.070171 0.024972 0.066365
v 0.045699 -0.011146 0.091707
v 0.045335 -0.009901 0.092084
v 0.069297 0.025466 0.067270
v 0.045014 -0.008631 0.092417
v 0.068408 0.025896 0.068192
v 0.044737 -0.007340 0.092703
v 0.067504 0.026262 0.069127
v 0.066589 0.026563 0.070075
v 0.044505 -0.006030 0.092943
v 0.065664 0.026797 0.071032
v 0.044319 -0.004706 0.093136
v 0.044180 -0.003370 0.093280
v 0.044086 -0.002025 0.093377
v 0.064733 0.026965 0.071997
v 0.063797 0.027066 0.072966
v 0.044039 -0.000676 0.093426
v 0.062859 0.027100 0.073938
v 0.044039 0.000676 0.093426
v 0.061920 0.027066 0.074909
v 0.044086 0.002025 0.093377
v 0.044180 0.003370 0.093280
v 0.060984 0.026965 0.075879
v 0.060053 0.026797 0.076843
v 0.059129 0.026563 0.077800
v 0.044319 0.004706 0.093136
v 0.044505 0.006030 0.092943
v 0.058213 0.026262 0.078748
v 0.044737 0.007340 0.092703
v 0.057310 0.025896 0.079684
v 0.056420 0.025466 0.080605
v 0.045014 0.008631 0.092417
v 0.045335 0.009901 0.092084
v 0.055546 0.024972 0.081510
v 0.045699 0.011146 0.091707
v 0.054691 0.024416 0.082396
v 0.046107 0.012363 0.091285
v 0.046556 0.013550 0.090820
v 0.053855 0.023800 0.083261
v 0.053043 0.023124 0.084103
v 0.047045 0.014703 0.090313
v 0.052254 0.022391 0.084919
v 0.047574 0.015819 0.089766
v 0.048141 0.016896 0.089179
v 0.051492 0.021602 0.085708
v 0.050758 0.020760 0.086468
v 0.048744 0.017932 0.088554
v 0.049382 0.018922 0.087893
v 0.050054 0.019866 0.087197
v 0.063434 -0.019866 0.048869
v 0.064106 -0.018922 0.048173
v 0.064745 -0.017932 0.047512
v 0.062731 -0.020760 0.049598
v 0.065348 -0.016896 0.046887
v 0.061997 -0.021602 0.050358
v 0.065915 -0.015819 0.046300
v 0.061235 -0.022391 0.051147
v 0.066444 -0.014703 0.045753
v 0.060446 -0.023124 0.051964
v 0.066933 -0.013550 0.045246
v 0.059633 -0.023800 0.052805
v 0.067382 -0.012363 0.044781
v 0.058798 -0.024416 0.053670
v 0.067789 -0.011146 0.044360
v 0.057942 -0.024972 0.054556
v 0.068154 -0.009901 0.043982
v 0.057069 -0.025466 0.055461
v 0.068475 -0.008631 0.043649
v 0.056179 -0.025896 0.056382
v 0.068752 -0.007340 0.043363
v 0.055275 -0.026262 0.057318
v 0.068983 -0.006030 0.043123
v 0.054360 -0.026563 0.058266
v 0.069169 -0.004706 0.042930
v 0.053436 -0.026797 0.059223
v 0.069309 -0.003370 0.042786
v 0.052504 -0.026965 0.060188
v 0.069403 -0.002025 0.042689
v 0.051568 -0.027066 0.061157
v 0.069449 -0.000676 0.042640
v 0.050630 -0.027100 0.062128
v 0.069449 0.000676 0.042640
v 0.049692 -0.027066 0.063100
v 0.069403 0.002025 0.042689
v 0.048756 -0.026965 0.064070
v 0.069309 0.003370 0.042786
v 0.047824 -0.026797 0.065034
v 0.069169 0.004706 0.042930
v 0.046900 -0.026563 0.065991
v 0.068983 0.006030 0.043123
v 0.045985 -0.026262 0.066939
v 0.068752 0.007340 0.043363
v 0.045081 -0.025896 0.067874
v 0.068475 0.008631 0.043649
v 0.044191 -0.025466 0.068796
v 0.068154 0.009901 0.043982
v 0.043318 -0.024972 0.069701
v 0.067789 0.011146 0.044360
v 0.042462 -0.024416 0.070587
v 0.067382 0.012363 0.044781
v 0.041627 -0.023800 0.071452
v 0.066933 0.013550 0.045246
v 0.040814 -0.023124 0.072293
v 0.066444 0.014703 0.045753
v 0.040025 -0.022391 0.073110
v 0.065915 0.015819 0.046300
v 0.039263 -0.021602 0.073899
v 0.065348 0.016896 0.046887
v 0.038529 -0.020760 0.074659
v 0.064745 0.017932 0.047512
v 0.037826 -0.019866 0.075388
v 0.064106 0.018922 0.048173
v 0.037154 -0.018922 0.076084
v 0.063434 0.019866 0.048869
v 0.036515 -0.017932 0.076745
v 0.062731 0.020760 0.049598
v 0.035912 -0.016896 0.077370
v 0.061997 0.021602 0.050358
v 0.035345 -0.015819 0.077957
v 0.061235 0.022391 0.051147
v 0.034816 -0.014703 0.078504
v 0.060446 0.023124 0.051964
v 0.034327 -0.013550 0.079011
v 0.033878 -0.012363 0.079476
v 0.059633 0.023800 0.052805
v 0.058798 0.024416 0.053670
v 0.057942 0.024972 0.054556
v 0.033471 -0.011146 0.079898
v 0.033106 -0.009901 0.080275
v 0.057069 0.025466 0.055461
v 0.032785 -0.008631 0.080607
v 0.056179 0.025896 0.056382
v 0.032508 -0.007340 0.080894
v 0.055275 0.026262 0.057318
v 0.054360 0.026563 0.058266
v 0.032277 -0.006030 0.081134
v 0.053436 0.026797 0.059223
v 0.032091 -0.004706 0.081326
v 0.031951 -0.003370 0.081471
v 0.031857 -0.002025 0.081568
v 0.052504 0.026965 0.060188
v 0.051568 0.027066 0.061157
v 0.031811 -0.000676 0.081617
v 0.050630 0.027100 0.062128
v 0.031811 0.000676 0.081617
v 0.049692 0.027066 0.063100
v 0.031857 0.002025 0.081568
v 0.031951 0.003370 0.081471
v 0.048756 0.026965 0.064070
v 0.047824 0.026797 0.065034
v 0.046900 0.026563 0.065991
v 0.032091 0.004706 0.081326
v 0.032277 0.006030 0.081134
v 0.045985 0.026262 0.066939
v 0.032508 0.007340 0.080894
v 0.045081 0.025896 0.067874
v 0.044191 0.025466 0.068796
v 0.032785 0.008631 0.080607
v 0.033106 0.009901 0.080275
v 0.043318 0.024972 0.069701
v 0.033471 0.011146 0.079898
v 0.042462 0.024416 0.070587
v 0.033878 0.012363 0.079476
v 0.034327 0.013550 0.079011
v 0.041627 0.023800 0.071452
v 0.040814 0.023124 0.072293
v 0.034816 0.014703 0.078504
v 0.040025 0.022391 0.073110
v 0.035345 0.015819 0.077957
v 0.035912 0.016896 0.077370
v 0.039263 0.021602 0.073899
v 0.038529 0.020760 0.074659
v 0.036515 0.017932 0.076745
v 0.037154 0.018922 0.076084
v 0.037826 0.019866 0.075388
v -0.029863 0.061823 0.075010
v -0.029900 0.062859 0.073938
v -0.029900 0.050630 0.062128
v -0.029863 0.049595 0.063201
v -0.029751 0.048562 0.064270
v -0.029751 0.060791 0.076079
v -0.029566 0.059763 0.077143
v -0.029566 0.047534 0.065334
v -0.029307 0.046514 0.066390
v -0.029307 0.058743 0.078199
v -0.028975 0.057733 0.079245
v -0.028975 0.045505 0.067436
v -0.028572 0.056737 0.080277
v -0.028572 0.044508 0.068468
v -0.028097 0.055755 0.081294
v -0.028097 0.043526 0.069485
v -0.027552 0.042562 0.070483
v -0.027552 0.054791 0.082292
v -0.026939 0.053847 0.083270
v -0.026939 0.041618 0.071461
v -0.026259 0.052925 0.084224
v -0.026259 0.040696 0.072415
v -0.025513 0.052028 0.085153
v -0.025513 0.039800 0.073344
v -0.024704 0.051158 0.086054
v -0.024704 0.038930 0.074244
v -0.023834 0.050317 0.086924
v -0.023834 0.038089 0.075115
v -0.022905 0.049508 0.087763
v -0.022905 0.037279 0.075954
v -0.021918 0.036503 0.076758
v -0.021918 0.048731 0.088567
v -0.020877 0.047990 0.089335
v -0.020877 0.035761 0.077526
v -0.019784 0.047285 0.090064
v -0.019784 0.035057 0.078255
v -0.018642 0.034391 0.078944
v -0.018642 0.046620 0.090753
v -0.017454 0.045995 0.091401
v -0.017454 0.033766 0.079592
v -0.016222 0.045411 0.092005
v -0.016222 0.033182 0.080196
v -0.014950 0.044871 0.092564
v -0.014950 0.032642 0.080755
v -0.013641 0.044376 0.093077
v -0.013641 0.032147 0.081268
v -0.012297 0.031698 0.081733
v -0.012297 0.043926 0.093543
v -0.010924 0.031295 0.082150
v -0.010924 0.043524 0.093959
v -0.009523 0.030941 0.082517
v -0.009523 0.043170 0.094326
v -0.008098 0.030636 0.082833
v -0.008098 0.042865 0.094642
v -0.006653 0.042609 0.094907
v -0.006653 0.030380 0.083098
v -0.005192 0.042404 0.095119
v -0.005192 0.030175 0.083310
v -0.003718 0.030021 0.083470
v -0.003718 0.042250 0.095279
v -0.002234 0.042147 0.095386
v -0.002234 0.029918 0.083577
v -0.000745 0.042095 0.095439
v -0.000745 0.029866 0.083630
v 0.000745 0.029866 0.083630
v 0.000745 0.042095 0.095439
v 0.002234 0.042147 0.095386
v 0.002234 0.029918 0.083577
v 0.003718 0.030021 0.083470
v 0.003718 0.042250 0.095279
v 0.005192 0.042404 0.095119
v 0.005192 0.030175 0.083310
v 0.006653 0.030380 0.083098
v 0.006653 0.042609 0.094907
v 0.008098 0.042865 0.094642
v 0.008098 0.030636 0.082833
v 0.009523 0.043170 0.094326
v 0.009523 0.030941 0.082517
v 0.010924 0.031295 0.082150
v 0.010924 0.043524 0.093959
v 0.012297 0.043926 0.093543
v 0.012297 0.031698 0.081733
v 0.013641 0.044376 0.093077
v 0.013641 0.032147 0.081268
v 0.014950 0.032642 0.080755
v 0.014950 0.044871 0.092564
v 0.016222 0.045411 0.092005
v 0.016222 0.033182 0.080196
v 0.017454 0.033766 0.079592
v 0.017454 0.045995 0.091401
v 0.018642 0.034391 0.078944
v 0.018642 0.046620 0.090753
v 0.019784 0.047285 0.090064
v 0.019784 0.035057 0.078255
v 0.020877 0.035761 0.077526
v 0.020877 0.047990 0.089335
v 0.021918 0.048731 0.088567
v 0.021918 0.036503 0.076758
v 0.022905 0.049508 0.087763
v 0.022905 0.037279 0.075954
v 0.023834 0.050317 0.086924
v 0.023834 0.038089 0.075115
v 0.024704 0.051158 0.086054
v 0.024704 0.038930 0.074244
v 0.025513 0.052028 0.085153
v 0.025513 0.039800 0.073344
v 0.026259 0.052925 0.084224
v 0.026259 0.040697 0.072415
v 0.026939 0.053847 0.083270
v 0.026939 0.041618 0.071461
v 0.027552 0.054791 0.082292
v 0.027552 0.042562 0.070483
v 0.028097 0.055755 0.081294
v 0.028097 0.043526 0.069485
v 0.028572 0.056737 0.080277
v 0.028572 0.044508 0.068468
v 0.028975 0.045505 0.067436
v 0.028975 0.057733 0.079245
v 0.029307 0.058743 0.078199
v 0.029307 0.046514 0.066390
v 0.029566 0.059763 0.077143
v 0.029566 0.047534 0.065334
v 0.029751 0.060791 0.076079
v 0.029751 0.048562 0.064270
v 0.029863 0.061823 0.075010
v 0.029863 0.049595 0.063201
v 0.029900 0.062859 0.073938
v 0.029900 0.050630 0.062128
v 0.029863 0.063894 0.072866
v 0.029863 0.051665 0.061056
v 0.029751 0.052698 0.059987
v 0.029751 0.064927 0.071796
v 0.029566 0.065954 0.070732
v 0.029566 0.053726 0.058923
v 0.029307 0.066974 0.069676
v 0.029307 0.054745 0.057867
v 0.028975 0.067984 0.068630
v 0.028975 0.055755 0.056821
v 0.028572 0.056752 0.055789
v 0.028572 0.068981 0.067598
v 0.028097 0.057734 0.054772
v 0.028097 0.069963 0.066581
v 0.027552 0.070927 0.065583
v 0.027552 0.058698 0.053774
v 0.026939 0.071871 0.064606
v 0.026939 0.059642 0.052796
v 0.026259 0.072792 0.063651
v 0.026259 0.060563 0.051842
v 0.025513 0.061460 0.050913
v 0.025513 0.073689 0.062723
v 0.024704 0.062330 0.050012
v 0.024704 0.074559 0.061822
v 0.023834 0.075400 0.060951
v 0.023834 0.063171 0.049142
v 0.022905 0.063981 0.048303
v 0.022905 0.076210 0.060112
v 0.021918 0.076986 0.059308
v 0.021918 0.064757 0.047499
v 0.020877 0.065499 0.046731
v 0.020877 0.077727 0.058541
v 0.019784 0.078432 0.057811
v 0.019784 0.066203 0.046002
v 0.018642 0.079098 0.057122
v 0.018642 0.066869 0.045313
v 0.017454 0.067494 0.044665
v 0.017454 0.079723 0.056474
v 0.016222 0.080306 0.055870
v 0.016222 0.068078 0.044061
v 0.014950 0.080846 0.055311
v 0.014950 0.068618 0.043502
v 0.013641 0.081342 0.054798
v 0.013641 0.069113 0.042989
v 0.012297 0.081791 0.054333
v 0.012297 0.069562 0.042524
v 0.010924 0.082193 0.053916
v 0.010924 0.069964 0.042107
v 0.009523 0.082547 0.053549
v 0.009523 0.070319 0.041740
v 0.008098 0.082853 0.053233
v 0.008098 0.070624 0.041424
v 0.006653 0.083108 0.052969
v 0.006653 0.070879 0.041160
v 0.005192 0.083313 0.052756
v 0.005192 0.071085 0.040947
v 0.003718 0.071239 0.040787
v 0.003718 0.083468 0.052596
v 0.002234 0.083571 0.052490
v 0.002234 0.071342 0.040680
v 0.000745 0.083623 0.052436
v 0.000745 0.071394 0.040627
v -0.000745 0.083623 0.052436
v -0.000745 0.071394 0.040627
v -0.002234 0.071342 0.040680
v -0.002234 0.083571 0.052490
v -0.003718 0.071239 0.040787
v -0.003718 0.083468 0.052596
v -0.005192 0.083313 0.052756
v -0.005192 0.071085 0.040947
v -0.006653 0.083108 0.052969
v -0.006653 0.070879 0.041160
v -0.008098 0.082853 0.053233
v -0.008098 0.070624 0.041424
v -0.009523 0.070319 0.041740
v -0.009523 0.082547 0.053549
v -0.010924 0.082193 0.053916
v -0.010924 0.069964 0.042107
v -0.012297 0.081791 0.054333
v -0.012297 0.069562 0.042524
v -0.013641 0.081342 0.054798
v -0.013641 0.069113 0.042989
v -0.014950 0.080846 0.055311
v -0.014950 0.068618 0.043502
v -0.016222 0.080306 0.055870
v -0.016222 0.068078 0.044061
v -0.017454 0.079723 0.056474
v -0.017454 0.067494 0.044665
v -0.018642 0.079098 0.057122
v -0.018642 0.066869 0.045313
v -0.019784 0.078432 0.057811
v -0.019784 0.066203 0.046002
v -0.020877 0.077727 0.058541
v -0.020877 0.065499 0.046731
v -0.021918 0.064757 0.047499
v -0.021918 0.076986 0.059308
v -0.022905 0.076210 0.060112
v -0.022905 0.063981 0.048303
v -0.023834 0.075400 0.060951
v -0.023834 0.063171 0.049142
v -0.024704 0.074559 0.061822
v -0.024704 0.062330 0.050012
v -0.025513 0.073689 0.062723
v -0.025513 0.061460 0.050913
v -0.026259 0.072792 0.063651
v -0.026259 0.060563 0.051842
v -0.026939 0.071871 0.064606
v -0.026939 0.059642 0.052796
v -0.027552 0.070927 0.065583
v -0.027552 0.058698 0.053774
v -0.028097 0.069963 0.066581
v -0.028097 0.057734 0.054772
v -0.028572 0.068981 0.067598
v -0.028572 0.056752 0.055789
v -0.028975 0.067984 0.068630
v -0.028975 0.055755 0.056821
v -0.029307 0.066974 0.069676
v -0.029307 0.054745 0.057867
v -0.029566 0.065954 0.070732
v -0.029566 0.053726 0.058923
v -0.029751 0.064927 0.071796
v -0.029751 0.052698 0.059987
v -0.029863 0.063894 0.072866
v -0.029863 0.051665 0.061056
v 0.019866 0.075663 0.060678
v 0.018922 0.076335 0.059982
v 0.017932 0.076974 0.059321
v 0.020760 0.074959 0.061407
v 0.016896 0.077577 0.058697
v 0.021602 0.074225 0.062167
v 0.015819 0.078144 0.058110
v 0.022391 0.073463 0.062956
v 0.014703 0.078672 0.057562
v 0.023124 0.072675 0.063773
v 0.013550 0.079162 0.057055
v 0.023800 0.071862 0.064615
v 0.012363 0.079611 0.056590
v 0.024416 0.071027 0.065480
v 0.011146 0.080018 0.056169
v 0.024972 0.070171 0.066365
v 0.009901 0.080383 0.055791
v 0.025466 0.069297 0.067270
v 0.008631 0.080704 0.055459
v 0.025896 0.068408 0.068192
v 0.007340 0.080980 0.055172
v 0.026262 0.067504 0.069127
v 0.006030 0.081212 0.054932
v 0.026563 0.066589 0.070075
v 0.004706 0.081398 0.054740
v 0.026797 0.065664 0.071032
v 0.003370 0.081538 0.054595
v 0.026965 0.064733 0.071997
v 0.002025 0.081631 0.054498
v 0.027066 0.063797 0.072966
v 0.000676 0.081678 0.054450
v 0.027100 0.062859 0.073938
v -0.000676 0.081678 0.054450
v 0.027066 0.061920 0.074909
v -0.002025 0.081631 0.054498
v 0.026965 0.060984 0.075879
v -0.003370 0.081538 0.054595
v 0.026797 0.060053 0.076843
v -0.004706 0.081398 0.054740
v 0.026563 0.059129 0.077800
v -0.006030 0.081212 0.054932
v 0.026262 0.058213 0.078748
v -0.007340 0.080980 0.055172
v 0.025896 0.057310 0.079684
v -0.008631 0.080704 0.055459
v 0.025466 0.056420 0.080605
v -0.009901 0.080383 0.055791
v 0.024972 0.055546 0.081510
v -0.011146 0.080018 0.056169
v 0.024416 0.054691 0.082396
v -0.012363 0.079611 0.056590
v 0.023800 0.053855 0.083261
v -0.013550 0.079162 0.057055
v 0.023124 0.053043 0.084103
v -0.014703 0.078672 0.057562
v 0.022391 0.052254 0.084919
v -0.015819 0.078144 0.058110
v 0.021602 0.051492 0.085708
v -0.016896 0.077577 0.058697
v 0.020760 0.050758 0.086468
v -0.017932 0.076974 0.059321
v 0.019866 0.050054 0.087197
v -0.018922 0.076335 0.059982
v 0.018922 0.049382 0.087893
v -0.019866 0.075663 0.060678
v 0.017932 0.048744 0.088554
v -0.020760 0.074959 0.061407
v 0.016896 0.048141 0.089179
v -0.021602 0.074225 0.062167
v 0.015819 0.047574 0.089766
v -0.022391 0.073463 0.062956
v 0.014703 0.047045 0.090313
v -0.023124 0.072675 0.063773
v 0.013550 0.046556 0.090820
v 0.012363 0.046107 0.091285
v -0.023800 0.071862 0.064615
v -0.024416 0.071027 0.065480
v -0.024972 0.070171 0.066365
v 0.011146 0.045699 0.091707
v 0.009901 0.045335 0.092084
v -0.025466 0.069297 0.067270
v 0.008631 0.045014 0.092417
v -0.025896 0.068408 0.068192
v 0.007340 0.044737 0.092703
v -0.026262 0.067504 0.069127
v -0.026563 0.066589 0.070075
v 0.006030 0.044505 0.092943
v -0.026797 0.065664 0.071032
v 0.004706 0.044319 0.093136
v 0.003370 0.044179 0.093280
v 0.002025 0.044086 0.093377
v -0.026965 0.064733 0.071997
v -0.027066 0.063797 0.072966
v 0.000676 0.044039 0.093426
v -0.027100 0.062859 0.073938
v -0.000676 0.044039 0.093426
v -0.027066 0.061920 0.074909
v -0.002025 0.044086 0.093377
v -0.003370 0.044179 0.093280
v -0.026965 0.060984 0.075879
v -0.026797 0.060053 0.076843
v -0.026563 0.059129 0.077800
v -0.004706 0.044319 0.093136
v -0.006030 0.044505 0.092943
v -0.026262 0.058213 0.078748
v -0.007340 0.044737 0.092703
v -0.025896 0.057310 0.079684
v -0.025466 0.056420 0.080605
v -0.008631 0.045014 0.092417
v -0.009901 0.045335 0.092084
v -0.024972 0.055546 0.081510
v -0.011146 0.045699 0.091707
v -0.024416 0.054691 0.082396
v -0.012363 0.046107 0.091285
v -0.013550 0.046556 0.090820
v -0.023800 0.053855 0.083261
v -0.023124 0.053043 0.084103
v -0.014703 0.047045 0.090313
v -0.022391 0.052254 0.084919
v -0.015819 0.047574 0.089766
v -0.016896 0.048141 0.089179
v -0.021602 0.051492 0.085708
v -0.020760 0.050758 0.086468
v -0.017932 0.048744 0.088554
v -0.018922 0.049382 0.087893
v -0.019866 0.050054 0.087197
v 0.019866 0.063434 0.048869
v 0.018922 0.064106 0.048173
v 0.017932 0.064745 0.047512
v 0.020760 0.062731 0.049598
v 0.016896 0.065348 0.046887
v 0.021602 0.061997 0.050358
v 0.015819 0.065915 0.046300
v 0.022391 0.061235 0.051147
v 0.014703 0.066444 0.045753
v 0.023124 0.060446 0.051964
v 0.013550 0.066933 0.045246
v 0.023800 0.059633 0.052805
v 0.012363 0.067382 0.044781
v 0.024416 0.058798 0.053670
v 0.011146 0.067789 0.044360
v 0.024972 0.057942 0.054556
v 0.009901 0.068154 0.043982
v 0.025466 0.057069 0.055461
v 0.008631 0.068475 0.043649
v 0.025896 0.056179 0.056382
v 0.007340 0.068752 0.043363
v 0.026262 0.055275 0.057318
v 0.006030 0.068983 0.043123
v 0.026563 0.054360 0.058266
v 0.004706 0.069169 0.042930
v 0.026797 0.053436 0.059223
v 0.003370 0.069309 0.042786
v 0.026965 0.052504 0.060188
v 0.002025 0.069403 0.042689
v 0.027066 0.051568 0.061157
v 0.000676 0.069449 0.042640
v 0.027100 0.050630 0.062128
v -0.000676 0.069449 0.042640
v 0.027066 0.049691 0.063100
v -0.002025 0.069403 0.042689
v 0.026965 0.048756 0.064070
v -0.003370 0.069309 0.042786
v 0.026797 0.047824 0.065034
v -0.004706 0.069169 0.042930
v 0.026563 0.046900 0.065991
v -0.006030 0.068983 0.043123
v 0.026262 0.045985 0.066939
v -0.007340 0.068752 0.043363
v 0.025896 0.045081 0.067874
v -0.008631 0.068475 0.043649
v 0.025466 0.044191 0.068796
v -0.009901 0.068154 0.043982
v 0.024972 0.043317 0.069701
v -0.011146 0.067789 0.044360
v 0.024416 0.042462 0.070587
v -0.012363 0.067382 0.044781
v 0.023800 0.041627 0.071452
v -0.013550 0.066933 0.045246
v 0.023124 0.040814 0.072293
v -0.014703 0.066444 0.045753
v 0.022391 0.040025 0.073110
v -0.015819 0.065915 0.046300
v 0.021602 0.039263 0.073899
v -0.016896 0.065348 0.046887
v 0.020760 0.038529 0.074659
v -0.017932 0.064745 0.047512
v 0.019866 0.037826 0.075388
v -0.018922 0.064106 0.048173
v 0.018922 0.037154 0.076084
v -0.019866 0.063434 0.048869
v 0.017932 0.036515 0.076745
v -0.020760 0.062731 0.049598
v 0.016896 0.035912 0.077370
v -0.021602 0.061997 0.050358
v 0.015819 0.035345 0.077957
v -0.022391 0.061235 0.051147
v 0.014703 0.034816 0.078504
v -0.023124 0.060446 0.051964
v 0.013550 0.034327 0.079011
v 0.012363 0.033878 0.079476
v -0.023800 0.059633 0.052805
v -0.024416 0.058798 0.053670
v -0.024972 0.057942 0.054556
v 0.011146 0.033471 0.079898
v 0.009901 0.033106 0.080275
v -0.025466 0.057069 0.055461
v 0.008631 0.032785 0.080607
v -0.025896 0.056179 0.056382
v 0.007340 0.032508 0.080894
v -0.026262 0.055275 0.057318
v -0.026563 0.054360 0.058266
v 0.006030 0.032277 0.081134
v -0.026797 0.053436 0.059223
v 0.004706 0.032091 0.081326
v 0.003370 0.031951 0.081471
v 0.002025 0.031857 0.081568
v -0.026965 0.052504 0.060188
v -0.027066 0.051568 0.061157
v 0.000676 0.031811 0.081617
v -0.027100 0.050630 0.062128
v -0.000676 0.031811 0.081617
v -0.027066 0.049691 0.063100
v -0.002025 0.031857 0.081568
v -0.003370 0.031951 0.081471
v -0.026965 0.048756 0.064070
v -0.026797 0.047824 0.065034
v -0.026563 0.046900 0.065991
v -0.004706 0.032091 0.081326
v -0.006030 0.032277 0.081134
v -0.026262 0.045985 0.066939
v -0.007340 0.032508 0.080894
v -0.025896 0.045081 0.067874
v -0.025466 0.044191 0.068796
v -0.008631 0.032785 0.080607
v -0.009901 0.033106 0.080275
v -0.024972 0.043317 0.069701
v -0.011146 0.033471 0.079898
v -0.024416 0.042462 0.070587
v -0.012363 0.033878 0.079476
v -0.013550 0.034327 0.079011
v -0.023800 0.041627 0.071452
v -0.023124 0.040814 0.072293
v -0.014703 0.034816 0.078504
v -0.022391 0.040025 0.073110
v -0.015819 0.035345 0.077957
v -0.016896 0.035912 0.077370
v -0.021602 0.039263 0.073899
v -0.020760 0.038529 0.074659
v -0.017932 0.036515 0.076745
v -0.018922 0.037154 0.076084
v -0.019866 0.037826 0.075388
vn -0.5000 0.6228 0.6018
vn -0.5002 0.6228 0.6015
vn -0.5000 0.6230 0.6016
vn -0.0000 0.6946 -0.7194
vn -0.0000 0.6947 -0.7193
vn 0.0001 0.6947 -0.7193
vn -0.0001 0.6947 -0.7193
vn -0.0001 0.6946 -0.7194
vn 0.0001 0.6946 -0.7194
vn -0.0004 0.6945 -0.7195
vn 0.0001 0.6945 -0.7195
vn -0.0002 0.6946 -0.7194
vn 0.0002 0.6945 -0.7195
vn -0.0000 0.6948 -0.7192
vn -0.0002 0.6947 -0.7193
vn -0.0000 0.6944 -0.7196
vn 0.0003 0.6945 -0.7195
vn -0.0003 0.6948 -0.7192
vn 0.0004 0.6948 -0.7192
vn -0.0005 0.6948 -0.7192
vn -0.0001 0.6945 -0.7195
vn -0.0002 0.6948 -0.7192
vn 0.0003 0.6946 -0.7194
vn -0.0001 0.6948 -0.7192
vn 0.0003 0.6947 -0.7193
vn 0.0002 0.6946 -0.7194
vn -0.0003 0.6947 -0.7193
vn 0.0001 0.6948 -0.7192
vn 0.0001 0.6946 -0.7193
vn -0.0000 0.6949 -0.7191
vn -0.0000 0.6945 -0.7194
vn -0.0001 0.6949 -0.7191
vn -0.0000 0.6945 -0.7195
vn 0.0002 0.6947 -0.7193
vn -0.0003 0.6945 -0.7194
vn -0.0003 0.6946 -0.7194
vn -0.0000 0.6946 -0.7193
vn 0.0002 0.6948 -0.7192
vn 0.0003 0.6945 -0.7194
vn -0.0000 0.6950 -0.7191
vn -0.0001 0.6944 -0.7195
vn -0.0004 0.6946 -0.7194
vn -0.0002 0.6944 -0.7196
vn -0.0002 0.6945 -0.7194
vn -0.0004 0.6948 -0.7192
vn 0.0004 0.6947 -0.7193
vn 0.0003 0.6948 -0.7192
vn 0.0002 0.6950 -0.7190
vn -0.0003 0.6945 -0.7195
vn -0.0002 0.6945 -0.7195
vn 0.0001 0.6948 -0.7193
vn 0.0002 0.6949 -0.7191
vn 0.0002 0.6942 -0.7198
vn 0.0001 0.6949 -0.7191
vn -0.0003 0.6944 -0.7196
vn -0.0001 0.6949 -0.7192
vn 0.0007 0.6947 -0.7193
vn 0.0003 0.6944 -0.7196
vn -0.0000 0.6950 -0.7190
vn 0.0001 0.6944 -0.7196
vn -0.0002 0.6949 -0.7192
vn -0.0001 0.6945 -0.7194
vn 0.0001 0.6950 -0.7190
vn -0.0001 0.6944 -0.7196
vn -0.0000 0.6948 -0.7193
vn 0.0002 0.6944 -0.7196
vn -0.0001 0.6948 -0.7193
vn -0.0004 0.6949 -0.7191
vn 0.0006 0.6946 -0.7193
vn -0.0001 0.6950 -0.7190
vn -0.0001 0.6946 -0.7193
vn 0.0005 0.6944 -0.7196
vn -0.0002 0.6949 -0.7191
vn -1.0000 -0.0019 -0.0020
vn -0.9997 -0.0167 -0.0173
vn -0.9997 -0.0174 -0.0179
vn -0.9997 -0.0117 -0.0233
vn -0.9972 -0.0521 -0.0536
vn -0.9974 -0.0500 -0.0520
vn -0.9972 -0.0483 -0.0566
vn -0.9971 -0.0537 -0.0537
vn -0.9922 -0.0866 -0.0892
vn -0.9928 -0.0832 -0.0865
vn -0.9923 -0.0847 -0.0900
vn -0.9923 -0.0855 -0.0896
vn -0.9848 -0.1210 -0.1247
vn -0.9858 -0.1163 -0.1209
vn -0.9852 -0.1198 -0.1223
vn -0.9850 -0.1180 -0.1262
vn -0.9749 -0.1549 -0.1597
vn -0.9766 -0.1490 -0.1548
vn -0.9759 -0.1537 -0.1550
vn -0.9626 -0.1886 -0.1945
vn -0.9652 -0.1814 -0.1885
vn -0.9752 -0.1506 -0.1622
vn -0.9479 -0.2217 -0.2286
vn -0.9514 -0.2134 -0.2218
vn -0.9630 -0.1831 -0.1976
vn -0.9309 -0.2543 -0.2623
vn -0.9356 -0.2449 -0.2545
vn -0.9485 -0.2155 -0.2323
vn -0.9115 -0.2863 -0.2954
vn -0.9175 -0.2759 -0.2866
vn -0.9316 -0.2473 -0.2664
vn -0.8899 -0.3175 -0.3276
vn -0.8973 -0.3061 -0.3180
vn -0.9124 -0.2787 -0.2997
vn -0.8660 -0.3480 -0.3591
vn -0.8750 -0.3357 -0.3488
vn -0.8911 -0.3095 -0.3320
vn -0.8507 -0.3645 -0.3786
vn -0.8400 -0.3775 -0.3896
vn -0.8674 -0.3396 -0.3636
vn -0.8244 -0.3926 -0.4077
vn -0.8120 -0.4061 -0.4192
vn -0.8417 -0.3689 -0.3942
vn -0.7963 -0.4196 -0.4357
vn -0.7818 -0.4338 -0.4478
vn -0.8140 -0.3973 -0.4238
vn -0.7663 -0.4457 -0.4628
vn -0.7498 -0.4603 -0.4754
vn -0.7841 -0.4249 -0.4523
vn -0.7159 -0.4857 -0.5016
vn -0.7345 -0.4708 -0.4887
vn -0.7525 -0.4514 -0.4796
vn -0.6802 -0.5099 -0.5267
vn -0.7011 -0.4947 -0.5136
vn -0.7189 -0.4769 -0.5058
vn -0.6428 -0.5328 -0.5504
vn -0.6660 -0.5176 -0.5372
vn -0.6835 -0.5011 -0.5308
vn -0.6039 -0.5543 -0.5728
vn -0.6295 -0.5392 -0.5595
vn -0.6465 -0.5242 -0.5544
vn -0.5633 -0.5746 -0.5938
vn -0.5913 -0.5597 -0.5807
vn -0.6079 -0.5459 -0.5766
vn -0.5214 -0.5933 -0.6133
vn -0.5520 -0.5787 -0.6003
vn -0.5678 -0.5663 -0.5974
vn -0.4783 -0.6106 -0.6312
vn -0.5113 -0.5965 -0.6186
vn -0.5262 -0.5854 -0.6168
vn -0.4694 -0.6129 -0.6355
vn -0.4339 -0.6263 -0.6477
vn -0.4836 -0.6030 -0.6345
vn -0.4266 -0.6279 -0.6509
vn -0.3884 -0.6405 -0.6625
vn -0.4395 -0.6192 -0.6507
vn -0.3827 -0.6415 -0.6648
vn -0.3420 -0.6531 -0.6757
vn -0.3945 -0.6339 -0.6653
vn -0.3381 -0.6536 -0.6772
vn -0.2947 -0.6640 -0.6872
vn -0.3484 -0.6469 -0.6783
vn -0.2926 -0.6642 -0.6879
vn -0.3016 -0.6584 -0.6896
vn -0.2468 -0.6732 -0.6971
vn -0.2464 -0.6733 -0.6971
vn -0.1998 -0.6806 -0.7049
vn -0.1982 -0.6810 -0.7049
vn -0.2539 -0.6684 -0.6991
vn -0.1490 -0.6872 -0.7110
vn -0.1528 -0.6863 -0.7111
vn -0.2057 -0.6766 -0.7070
vn -0.1968 -0.6837 -0.7028
vn -0.0995 -0.6916 -0.7154
vn -0.1054 -0.6905 -0.7156
vn -0.1495 -0.6890 -0.7091
vn -0.1569 -0.6834 -0.7130
vn -0.0499 -0.6946 -0.7176
vn -0.0673 -0.6929 -0.7179
vn -0.1019 -0.6928 -0.7139
vn -0.1078 -0.6884 -0.7173
vn -0.0384 -0.6941 -0.7188
vn -0.0000 -0.6947 -0.7193
vn -0.0645 -0.6920 -0.7190
vn -0.0583 -0.6891 -0.7223
vn -0.0375 -0.6955 -0.7176
vn 0.0037 -0.6942 -0.7198
vn 0.0499 -0.6942 -0.7181
vn -0.0040 -0.6947 -0.7193
vn 0.0036 -0.6953 -0.7188
vn -0.0088 -0.6916 -0.7222
vn 0.0545 -0.6935 -0.7184
vn 0.0239 -0.6944 -0.7191
vn 0.0995 -0.6914 -0.7156
vn 0.1005 -0.6912 -0.7156
vn 0.0408 -0.6900 -0.7226
vn 0.1463 -0.6871 -0.7117
vn 0.1490 -0.6872 -0.7110
vn 0.0903 -0.6879 -0.7201
vn 0.1916 -0.6815 -0.7063
vn 0.1982 -0.6814 -0.7045
vn 0.1395 -0.6843 -0.7157
vn 0.1508 -0.6899 -0.7080
vn 0.2367 -0.6744 -0.6994
vn 0.2468 -0.6739 -0.6964
vn 0.1885 -0.6790 -0.7096
vn 0.1981 -0.6836 -0.7024
vn 0.2808 -0.6661 -0.6910
vn 0.2947 -0.6647 -0.6865
vn 0.2369 -0.6719 -0.7017
vn 0.2449 -0.6759 -0.6951
vn 0.3244 -0.6563 -0.6812
vn 0.3420 -0.6538 -0.6750
vn 0.2912 -0.6665 -0.6863
vn 0.2848 -0.6633 -0.6920
vn 0.3884 -0.6412 -0.6618
vn 0.3670 -0.6453 -0.6700
vn 0.3367 -0.6556 -0.6759
vn 0.3319 -0.6532 -0.6806
vn 0.4339 -0.6269 -0.6471
vn 0.4087 -0.6331 -0.6574
vn 0.3816 -0.6431 -0.6640
vn 0.3783 -0.6414 -0.6675
vn 0.4492 -0.6198 -0.6435
vn 0.4783 -0.6110 -0.6308
vn 0.4887 -0.6054 -0.6282
vn 0.4254 -0.6291 -0.6506
vn 0.4236 -0.6281 -0.6527
vn 0.5214 -0.5935 -0.6131
vn 0.5266 -0.5903 -0.6118
vn 0.4684 -0.6135 -0.6358
vn 0.4681 -0.6134 -0.6362
vn 0.5632 -0.5743 -0.5941
vn 0.5633 -0.5743 -0.5940
vn 0.5102 -0.5975 -0.6186
vn 0.5112 -0.5962 -0.6191
vn 0.6039 -0.5548 -0.5722
vn 0.5971 -0.5570 -0.5773
vn 0.5510 -0.5805 -0.5996
vn 0.5533 -0.5771 -0.6007
vn 0.6281 -0.5397 -0.5605
vn 0.6427 -0.5337 -0.5496
vn 0.5903 -0.5621 -0.5793
vn 0.6572 -0.5228 -0.5430
vn 0.5938 -0.5568 -0.5808
vn 0.6802 -0.5104 -0.5262
vn 0.6284 -0.5424 -0.5576
vn 0.6855 -0.5056 -0.5239
vn 0.6330 -0.5351 -0.5595
vn 0.7159 -0.4852 -0.5021
vn 0.6651 -0.5214 -0.5346
vn 0.7163 -0.4847 -0.5019
vn 0.6707 -0.5119 -0.5368
vn 0.7001 -0.4992 -0.5105
vn 0.7490 -0.4602 -0.4766
vn 0.7498 -0.4599 -0.4758
vn 0.7065 -0.4876 -0.5129
vn 0.7337 -0.4758 -0.4851
vn 0.7799 -0.4345 -0.4505
vn 0.7819 -0.4335 -0.4481
vn 0.7408 -0.4621 -0.4876
vn 0.8090 -0.4079 -0.4232
vn 0.8120 -0.4061 -0.4193
vn 0.7731 -0.4354 -0.4612
vn 0.8363 -0.3803 -0.3949
vn 0.8401 -0.3776 -0.3895
vn 0.8036 -0.4076 -0.4337
vn 0.8617 -0.3518 -0.3657
vn 0.8660 -0.3483 -0.3589
vn 0.8321 -0.3789 -0.4050
vn 0.8899 -0.3179 -0.3272
vn 0.8850 -0.3225 -0.3357
vn 0.8586 -0.3490 -0.3756
vn 0.9115 -0.2869 -0.2949
vn 0.9064 -0.2925 -0.3048
vn 0.8829 -0.3186 -0.3450
vn 0.9309 -0.2549 -0.2616
vn 0.9256 -0.2620 -0.2734
vn 0.9051 -0.2870 -0.3137
vn 0.9479 -0.2225 -0.2279
vn 0.9427 -0.2306 -0.2410
vn 0.9250 -0.2548 -0.2818
vn 0.9576 -0.1989 -0.2083
vn 0.9626 -0.1894 -0.1936
vn 0.9427 -0.2220 -0.2491
vn 0.9703 -0.1668 -0.1751
vn 0.9749 -0.1559 -0.1588
vn 0.9580 -0.1886 -0.2159
vn 0.9808 -0.1342 -0.1413
vn 0.9848 -0.1220 -0.1236
vn 0.9710 -0.1546 -0.1821
vn 0.9891 -0.1012 -0.1073
vn 0.9922 -0.0877 -0.0882
vn 0.9817 -0.1201 -0.1481
vn 0.9950 -0.0682 -0.0731
vn 0.9972 -0.0532 -0.0525
vn 0.9898 -0.0852 -0.1138
vn 0.9986 -0.0349 -0.0385
vn 0.9997 -0.0185 -0.0167
vn 0.9956 -0.0501 -0.0794
vn 1.0000 -0.0016 -0.0040
vn 0.9997 0.0161 0.0191
vn 0.9989 -0.0146 -0.0448
vn 0.9990 0.0316 0.0305
vn 0.9972 0.0508 0.0549
vn 0.9997 0.0209 -0.0101
vn 0.9958 0.0649 0.0651
vn 0.9922 0.0853 0.0905
vn 0.9981 0.0569 0.0240
vn 0.9902 0.0979 0.0994
vn 0.9848 0.1196 0.1259
vn 0.9940 0.0929 0.0579
vn 0.9824 0.1308 0.1337
vn 0.9749 0.1536 0.1610
vn 0.9874 0.1295 0.0909
vn 0.9723 0.1633 0.1675
vn 0.9626 0.1873 0.1957
vn 0.9783 0.1675 0.1217
vn 0.9599 0.1954 0.2010
vn 0.9479 0.2205 0.2298
vn 0.9666 0.2075 0.1502
vn 0.9454 0.2271 0.2340
vn 0.9309 0.2532 0.2634
vn 0.9529 0.2418 0.1831
vn 0.9286 0.2582 0.2665
vn 0.9115 0.2853 0.2963
vn 0.9097 0.2888 0.2984
vn 0.8899 0.3166 0.3284
vn 0.8888 0.3185 0.3296
vn 0.8660 0.3472 0.3598
vn 0.8639 0.3505 0.3617
vn 0.8794 0.3308 0.3424
vn 0.8419 0.3744 0.3887
vn 0.8400 0.3759 0.3912
vn 0.8638 0.3493 0.3630
vn 0.8703 0.3420 0.3543
vn 0.8612 0.3527 0.3659
vn 0.8259 0.3920 0.4052
vn 0.8119 0.4045 0.4209
vn 0.8036 0.4143 0.4273
vn 0.7818 0.4322 0.4494
vn 0.7741 0.4405 0.4546
vn 0.7498 0.4588 0.4767
vn 0.7428 0.4658 0.4810
vn 0.7158 0.4844 0.5030
vn 0.7098 0.4899 0.5062
vn 0.6802 0.5086 0.5279
vn 0.6751 0.5129 0.5302
vn 0.6428 0.5317 0.5515
vn 0.6390 0.5346 0.5530
vn 0.6038 0.5534 0.5737
vn 0.6013 0.5552 0.5746
vn 0.5634 0.5738 0.5945
vn 0.6324 0.5444 0.5511
vn 0.5623 0.5745 0.5948
vn 0.5933 0.5646 0.5738
vn 0.5219 0.5925 0.6137
vn 0.5214 0.5926 0.6139
vn 0.5527 0.5849 0.5937
vn 0.5310 0.5852 0.6128
vn 0.4782 0.6098 0.6320
vn 0.4804 0.6094 0.6308
vn 0.5107 0.6024 0.6134
vn 0.4985 0.6003 0.6254
vn 0.4339 0.6255 0.6485
vn 0.4377 0.6248 0.6465
vn 0.4676 0.6167 0.6333
vn 0.4647 0.6158 0.6363
vn 0.3884 0.6396 0.6634
vn 0.3941 0.6388 0.6607
vn 0.4309 0.6262 0.6498
vn 0.4231 0.6323 0.6490
vn 0.3420 0.6521 0.6766
vn 0.3495 0.6513 0.6735
vn 0.3964 0.6358 0.6623
vn 0.3776 0.6464 0.6630
vn 0.3607 0.6463 0.6725
vn 0.2948 0.6631 0.6881
vn 0.3041 0.6624 0.6847
vn 0.3314 0.6577 0.6765
vn 0.3242 0.6568 0.6808
vn 0.2467 0.6724 0.6979
vn 0.2580 0.6718 0.6943
vn 0.2871 0.6658 0.6887
vn 0.2842 0.6675 0.6883
vn 0.1982 0.6800 0.7059
vn 0.2113 0.6797 0.7023
vn 0.2500 0.6715 0.6975
vn 0.2363 0.6773 0.6967
vn 0.2120 0.6774 0.7044
vn 0.1490 0.6860 0.7122
vn 0.1642 0.6861 0.7088
vn 0.1879 0.6845 0.7044
vn 0.1737 0.6831 0.7094
vn 0.0996 0.6902 0.7167
vn 0.1167 0.6908 0.7136
vn 0.1348 0.6884 0.7127
vn 0.1390 0.6893 0.7111
vn 0.0499 0.6928 0.7194
vn 0.0689 0.6939 0.7167
vn 0.0958 0.6913 0.7161
vn 0.0897 0.6933 0.7151
vn -0.0000 0.6936 0.7204
vn 0.0209 0.6955 0.7182
vn 0.0583 0.6926 0.7190
vn -0.0272 0.6954 0.7181
vn -0.0499 0.6927 0.7195
vn 0.0403 0.6960 0.7169
vn 0.0219 0.6936 0.7200
vn -0.0996 0.6901 0.7168
vn -0.0751 0.6937 0.7163
vn -0.0093 0.6960 0.7180
vn -0.0173 0.6941 0.7197
vn -0.1490 0.6858 0.7123
vn -0.1229 0.6904 0.7129
vn -0.0588 0.6941 0.7175
vn -0.0599 0.6937 0.7177
vn -0.1019 0.6907 0.7159
vn -0.1982 0.6798 0.7061
vn -0.1703 0.6855 0.7079
vn -0.1082 0.6916 0.7141
vn -0.1440 0.6865 0.7127
vn -0.2467 0.6722 0.6981
vn -0.2175 0.6790 0.7012
vn -0.1573 0.6875 0.7090
vn -0.1858 0.6814 0.7079
vn -0.2948 0.6628 0.6883
vn -0.2641 0.6709 0.6929
vn -0.2061 0.6813 0.7024
vn -0.2274 0.6753 0.7016
vn -0.3100 0.6613 0.6831
vn -0.3420 0.6518 0.6769
vn -0.2543 0.6733 0.6943
vn -0.2686 0.6683 0.6937
vn -0.3553 0.6501 0.6716
vn -0.3884 0.6392 0.6637
vn -0.3019 0.6633 0.6847
vn -0.3094 0.6602 0.6844
vn -0.3999 0.6374 0.6586
vn -0.4339 0.6251 0.6488
vn -0.3488 0.6515 0.6737
vn -0.3496 0.6511 0.6737
vn -0.3892 0.6396 0.6628
vn -0.4432 0.6233 0.6442
vn -0.4782 0.6094 0.6324
vn -0.3948 0.6391 0.6600
vn -0.4280 0.6271 0.6508
vn -0.4859 0.6077 0.6282
vn -0.5214 0.5922 0.6144
vn -0.4661 0.6136 0.6373
vn -0.4398 0.6251 0.6448
vn -0.5273 0.5907 0.6108
vn -0.5634 0.5735 0.5948
vn -0.5033 0.5993 0.6225
vn -0.4837 0.6093 0.6283
vn -0.5674 0.5723 0.5920
vn -0.6038 0.5534 0.5737
vn -0.5266 0.5918 0.6103
vn -0.5398 0.5840 0.6063
vn -0.6063 0.5526 0.5718
vn -0.6428 0.5320 0.5512
vn -0.5752 0.5678 0.5888
vn -0.5681 0.5726 0.5911
vn -0.6437 0.5316 0.5504
vn -0.6097 0.5507 0.5701
vn -0.6081 0.5519 0.5706
vn -0.6798 0.5095 0.5276
vn -0.6802 0.5091 0.5274
vn -0.6468 0.5305 0.5480
vn -0.6750 0.5120 0.5313
vn -0.7158 0.4848 0.5026
vn -0.7142 0.4864 0.5034
vn -0.7059 0.4912 0.5103
vn -0.6837 0.5080 0.5240
vn -0.7498 0.4592 0.4764
vn -0.7469 0.4622 0.4780
vn -0.7354 0.4698 0.4883
vn -0.7191 0.4839 0.4988
vn -0.7818 0.4326 0.4490
vn -0.7780 0.4368 0.4515
vn -0.7636 0.4478 0.4652
vn -0.7526 0.4585 0.4726
vn -0.8120 0.4048 0.4205
vn -0.8073 0.4105 0.4240
vn -0.7906 0.4249 0.4409
vn -0.7843 0.4319 0.4454
vn -0.8400 0.3761 0.3911
vn -0.8347 0.3832 0.3956
vn -0.8160 0.4015 0.4158
vn -0.8141 0.4039 0.4172
vn -0.8400 0.3769 0.3904
vn -0.8620 0.3516 0.3651
vn -0.8660 0.3469 0.3601
vn -0.8620 0.3530 0.3637
vn -0.8418 0.3754 0.3877
vn -0.8899 0.3159 0.3290
vn -0.8655 0.3474 0.3609
vn -0.8676 0.3456 0.3577
vn -0.9115 0.2845 0.2970
vn -0.9309 0.2526 0.2639
vn -0.8911 0.3158 0.3257
vn -0.9479 0.2203 0.2299
vn -0.9125 0.2851 0.2933
vn -0.9317 0.2534 0.2603
vn -0.9626 0.1878 0.1953
vn -0.9485 0.2209 0.2270
vn -0.9749 0.1536 0.1609
vn -0.9631 0.1875 0.1932
vn -0.9848 0.1195 0.1261
vn -0.9922 0.0851 0.0906
vn -0.9752 0.1542 0.1586
vn -0.9972 0.0510 0.0547
vn -0.9850 0.1208 0.1234
vn -0.9997 0.0169 0.0183
vn -0.9923 0.0868 0.0880
vn -0.9972 0.0524 0.0526
vn -0.9997 0.0177 0.0174
vn 0.6000 0.5508 0.5802
vn 0.5643 0.5696 0.5976
vn 0.0553 -0.6973 -0.7147
vn 0.1033 -0.6944 -0.7122
vn 0.7654 -0.4515 -0.4586
vn 0.7954 -0.4260 -0.4311
vn 0.8236 -0.3995 -0.4025
vn 0.8498 -0.3723 -0.3731
vn 0.8742 -0.3440 -0.3427
vn 0.8965 -0.3152 -0.3114
vn 0.9167 -0.2854 -0.2795
vn 0.9349 -0.2552 -0.2469
vn 0.9508 -0.2245 -0.2136
vn 0.9645 -0.1933 -0.1798
vn 0.9761 -0.1616 -0.1455
vn 0.9853 -0.1296 -0.1109
vn 0.9923 -0.0974 -0.0759
vn 0.9970 -0.0653 -0.0405
vn 0.9994 -0.0330 -0.0047
vn 0.9995 -0.0010 0.0310
vn 0.9973 0.0308 0.0670
vn 0.9927 0.0618 0.1037
vn 0.9858 0.0914 0.1412
vn 0.9763 0.1180 0.1814
vn 0.9650 0.1473 0.2169
vn -0.9996 -0.0223 -0.0171
vn -0.9643 -0.1870 -0.1875
vn -0.9504 -0.2198 -0.2199
vn -0.9345 -0.2517 -0.2517
vn -0.9163 -0.2830 -0.2834
vn -0.8960 -0.3135 -0.3144
vn -0.8737 -0.3434 -0.3447
vn -0.8493 -0.3722 -0.3743
vn -0.8230 -0.4002 -0.4031
vn -0.7948 -0.4273 -0.4310
vn -0.7647 -0.4533 -0.4579
vn -0.7329 -0.4783 -0.4838
vn -0.6994 -0.5022 -0.5086
vn -0.6642 -0.5248 -0.5323
vn -0.6276 -0.5462 -0.5548
vn -0.5895 -0.5663 -0.5760
vn -0.5500 -0.5852 -0.5959
vn -0.5092 -0.6026 -0.6145
vn -0.4674 -0.6187 -0.6315
vn -0.4243 -0.6333 -0.6472
vn -0.3805 -0.6464 -0.6613
vn -0.3356 -0.6580 -0.6741
vn -0.2899 -0.6682 -0.6852
vn -0.2438 -0.6766 -0.6948
vn -0.0000 -0.7193 0.6947
vn -0.0000 -0.7194 0.6946
vn -0.0001 -0.7193 0.6947
vn 0.0001 -0.7194 0.6946
vn -0.0001 -0.7195 0.6945
vn 0.0001 -0.7193 0.6947
vn -0.0001 -0.7194 0.6946
vn -0.0000 -0.7193 0.6946
vn -0.0001 -0.7193 0.6946
vn -0.8392 -0.3913 -0.3778
vn -0.8387 -0.3953 -0.3746
vn -0.8124 -0.4155 -0.4092
vn -0.8106 -0.4275 -0.4003
vn -0.7836 -0.4411 -0.4375
vn -0.7805 -0.4574 -0.4261
vn -0.7532 -0.4653 -0.4649
vn -0.7485 -0.4863 -0.4508
vn -0.7209 -0.4900 -0.4901
vn -0.7148 -0.5127 -0.4755
vn -0.6899 -0.5131 -0.5106
vn -0.6791 -0.5420 -0.4950
vn -0.6607 -0.5305 -0.5311
vn -0.6420 -0.5650 -0.5183
vn -0.6304 -0.5518 -0.5460
vn -0.6032 -0.5801 -0.5474
vn -0.5939 -0.5754 -0.5624
vn -0.5630 -0.5981 -0.5703
vn -0.5577 -0.5965 -0.5772
vn -0.5243 -0.6132 -0.5908
vn -0.5213 -0.6162 -0.5904
vn -0.4930 -0.6243 -0.6060
vn -0.4792 -0.6342 -0.6067
vn -0.4599 -0.6371 -0.6186
vn -0.4370 -0.6494 -0.6223
vn -0.4258 -0.6498 -0.6296
vn -0.3936 -0.6625 -0.6373
vn -0.3908 -0.6624 -0.6392
vn -0.3554 -0.6721 -0.6496
vn -0.3494 -0.6754 -0.6494
vn -0.3195 -0.6806 -0.6594
vn -0.3045 -0.6871 -0.6597
vn -0.2827 -0.6888 -0.6676
vn -0.2588 -0.6965 -0.6692
vn -0.2453 -0.6965 -0.6743
vn -0.2125 -0.7040 -0.6776
vn -0.2073 -0.7036 -0.6797
vn -0.1692 -0.7091 -0.6845
vn -0.1659 -0.7102 -0.6841
vn -0.1187 -0.7156 -0.6883
vn -0.1307 -0.7125 -0.6894
vn -0.0919 -0.7153 -0.6927
vn -0.0713 -0.7190 -0.6914
vn -0.0238 -0.7202 -0.6934
vn -0.0544 -0.7176 -0.6944
vn -0.0180 -0.7192 -0.6946
vn 0.0238 -0.7197 -0.6939
vn 0.0210 -0.7192 -0.6945
vn 0.0713 -0.7184 -0.6919
vn 0.0632 -0.7174 -0.6938
vn 0.1187 -0.7154 -0.6886
vn 0.1052 -0.7146 -0.6916
vn 0.1472 -0.7106 -0.6881
vn 0.1659 -0.7106 -0.6838
vn 0.1889 -0.7054 -0.6832
vn 0.2125 -0.7041 -0.6776
vn 0.2302 -0.6991 -0.6769
vn 0.2588 -0.6959 -0.6699
vn 0.2713 -0.6917 -0.6693
vn 0.3045 -0.6860 -0.6608
vn 0.3120 -0.6830 -0.6604
vn 0.3494 -0.6744 -0.6504
vn 0.3520 -0.6733 -0.6502
vn 0.3915 -0.6619 -0.6392
vn 0.3937 -0.6617 -0.6381
vn 0.4302 -0.6490 -0.6275
vn 0.4370 -0.6477 -0.6241
vn 0.4681 -0.6350 -0.6145
vn 0.4792 -0.6323 -0.6087
vn 0.5213 -0.6150 -0.5916
vn 0.5052 -0.6200 -0.6003
vn 0.5630 -0.5956 -0.5730
vn 0.5415 -0.6039 -0.5849
vn 0.6033 -0.5746 -0.5531
vn 0.5768 -0.5869 -0.5682
vn 0.6421 -0.5520 -0.5321
vn 0.6111 -0.5690 -0.5503
vn 0.6441 -0.5503 -0.5313
vn 0.6793 -0.5285 -0.5092
vn 0.6762 -0.5299 -0.5118
vn 0.7148 -0.5039 -0.4848
vn 0.7070 -0.5083 -0.4918
vn 0.7486 -0.4779 -0.4595
vn 0.7364 -0.4859 -0.4707
vn 0.7806 -0.4506 -0.4331
vn 0.7645 -0.4630 -0.4486
vn 0.8106 -0.4220 -0.4059
vn 0.7914 -0.4391 -0.4254
vn 0.8386 -0.3923 -0.3778
vn 0.8167 -0.4147 -0.4013
vn 0.8406 -0.3897 -0.3763
vn 0.0001 -0.6947 0.7193
vn -0.0001 -0.6947 0.7193
vn -0.0001 -0.6946 0.7194
vn -0.0000 -0.6946 0.7194
vn -0.0001 -0.6946 0.7193
vn -0.0000 -0.6947 0.7193
vn 0.0001 -0.6946 0.7194
vn 0.0003 -0.6947 0.7193
vn 0.0001 -0.6946 0.7193
vn 0.0002 -0.6948 0.7192
vn 0.0003 -0.6949 0.7191
vn -0.0001 -0.6945 0.7195
vn 0.0002 -0.6947 0.7193
vn 0.0002 -0.6946 0.7194
vn -0.0003 -0.6945 0.7194
vn -0.0002 -0.6946 0.7194
vn 0.0003 -0.6946 0.7194
vn 0.0004 -0.6947 0.7193
vn -0.0000 -0.6949 0.7191
vn -0.0003 -0.6947 0.7193
vn -0.0002 -0.6947 0.7193
vn 0.0002 -0.6949 0.7191
vn -0.0003 -0.6945 0.7195
vn -0.0002 -0.6943 0.7196
vn -0.0002 -0.6945 0.7195
vn -0.0003 -0.6944 0.7196
vn 0.0004 -0.6948 0.7192
vn -0.0000 -0.6948 0.7192
vn -0.0000 -0.6946 0.7193
vn 0.0004 -0.6946 0.7194
vn 0.0001 -0.6948 0.7193
vn 0.0002 -0.6945 0.7195
vn -0.0000 -0.6945 0.7195
vn -0.0004 -0.6947 0.7193
vn 0.0001 -0.6948 0.7192
vn -0.0001 -0.6948 0.7192
vn -0.0000 -0.6948 0.7193
vn -0.0003 -0.6946 0.7194
vn 0.0003 -0.6948 0.7192
vn -0.0002 -0.6948 0.7192
vn 0.0001 -0.6945 0.7195
vn -0.0000 -0.6945 0.7194
vn 0.0001 -0.6944 0.7196
vn 0.0003 -0.6945 0.7195
vn -0.0001 -0.6945 0.7194
vn -0.0001 -0.6948 0.7193
vn -0.0002 -0.6949 0.7191
vn -0.0003 -0.6948 0.7192
vn -0.0001 -0.6949 0.7191
vn -0.0003 -0.6949 0.7191
vn -0.0002 -0.6950 0.7190
vn 0.0002 -0.6942 0.7198
vn -0.0002 -0.6944 0.7195
vn -0.0001 -0.6944 0.7195
vn -0.0005 -0.6948 0.7193
vn -0.0004 -0.6949 0.7191
vn 0.0002 -0.6948 0.7193
vn -0.0001 -0.6944 0.7196
vn -0.0003 -0.6949 0.7192
vn 0.0002 -0.6944 0.7196
vn -0.0000 -0.6950 0.7190
vn -0.0000 -0.6944 0.7196
vn -0.0002 -0.6946 0.7193
vn 0.0001 -0.6949 0.7191
vn -0.0002 -0.6944 0.7196
vn 0.0001 -0.6949 0.7192
vn -0.0000 -0.6949 0.7192
vn 0.0002 -0.6943 0.7197
vn -0.0001 -0.6943 0.7196
vn -0.0004 -0.6946 0.7194
vn 0.7933 0.4380 0.4229
vn 0.7618 0.4660 0.4500
vn 0.7931 0.4381 0.4231
vn 0.7287 0.4926 0.4757
vn 0.7619 0.4659 0.4499
vn 0.6939 0.5180 0.5002
vn 0.7286 0.4927 0.4758
vn 0.6573 0.5421 0.5235
vn 0.6940 0.5179 0.5001
vn 0.6188 0.5651 0.5457
vn 0.6572 0.5422 0.5236
vn 0.5792 0.5864 0.5663
vn 0.6191 0.5649 0.5455
vn 0.5381 0.6063 0.5855
vn 0.5791 0.5865 0.5663
vn 0.4957 0.6248 0.6033
vn 0.5382 0.6063 0.5855
vn 0.4518 0.6417 0.6197
vn 0.4955 0.6248 0.6034
vn 0.4066 0.6572 0.6346
vn 0.4517 0.6418 0.6197
vn 0.3609 0.6709 0.6478
vn 0.4067 0.6572 0.6346
vn 0.3145 0.6828 0.6594
vn 0.3610 0.6708 0.6478
vn 0.2666 0.6933 0.6695
vn 0.3143 0.6829 0.6595
vn 0.2668 0.6933 0.6695
vn 0.2188 0.7019 0.6778
vn 0.2186 0.7019 0.6779
vn 0.1696 0.7089 0.6846
vn 0.1698 0.7089 0.6846
vn 0.1207 0.7141 0.6896
vn 0.1206 0.7141 0.6896
vn 0.0712 0.7175 0.6929
vn 0.0711 0.7175 0.6929
vn 0.0216 0.7192 0.6945
vn 0.0215 0.7192 0.6945
vn 0.5000 0.6230 0.6016
vn -0.6088 0.5707 0.5511
vn -0.6466 0.5487 0.5299
vn -0.6829 0.5255 0.5075
vn -0.7175 0.5011 0.4839
vn -0.7505 0.4754 0.4591
vn -0.7175 0.5010 0.4839
vn -0.7817 0.4486 0.4332
vn -0.8111 0.4208 0.4063
vn -0.7817 0.4486 0.4333
vn -0.8385 0.3920 0.3786
vn -0.8111 0.4208 0.4064
vn -0.8385 0.3920 0.3785
vn 0.8036 -0.4281 -0.4134
vn 0.8038 -0.4280 -0.4133
vn 0.8312 -0.3999 -0.3862
vn 0.8567 -0.3711 -0.3583
vn 0.8567 -0.3711 -0.3584
vn 0.8801 -0.3415 -0.3298
vn 0.9015 -0.3113 -0.3006
vn 0.9016 -0.3112 -0.3005
vn 0.9212 -0.2799 -0.2703
vn 0.9212 -0.2800 -0.2704
vn 0.9385 -0.2484 -0.2398
vn 0.9385 -0.2483 -0.2398
vn 0.9538 -0.2160 -0.2086
vn 0.9671 -0.1831 -0.1768
vn 0.9539 -0.2160 -0.2086
vn 0.9780 -0.1501 -0.1450
vn 0.9868 -0.1165 -0.1125
vn 0.9933 -0.0828 -0.0800
vn 0.9934 -0.0828 -0.0800
vn 0.9977 -0.0489 -0.0472
vn 0.9998 -0.0147 -0.0142
vn 0.8778 -0.3446 -0.3327
vn 0.8778 -0.3445 -0.3327
vn 0.8997 -0.3140 -0.3033
vn 0.9195 -0.2827 -0.2730
vn 0.9373 -0.2506 -0.2420
vn 0.9529 -0.2181 -0.2106
vn 0.9663 -0.1851 -0.1788
vn 0.9663 -0.1852 -0.1788
vn 0.9776 -0.1515 -0.1463
vn 0.9865 -0.1177 -0.1136
vn 0.9865 -0.1177 -0.1137
vn 0.9932 -0.0835 -0.0807
vn 0.9977 -0.0493 -0.0476
vn 0.9998 -0.0149 -0.0144
vn 0.8771 -0.3455 -0.3336
vn 0.8771 -0.3454 -0.3336
vn 0.8980 -0.3165 -0.3056
vn 0.8980 -0.3164 -0.3056
vn 0.9170 -0.2869 -0.2770
vn 0.9342 -0.2567 -0.2479
vn 0.9494 -0.2259 -0.2182
vn 0.9494 -0.2259 -0.2181
vn 0.9627 -0.1947 -0.1881
vn 0.9739 -0.1632 -0.1576
vn 0.9626 -0.1948 -0.1881
vn 0.9739 -0.1631 -0.1575
vn 0.9832 -0.1311 -0.1266
vn 0.9905 -0.0990 -0.0956
vn -0.9740 -0.1630 -0.1574
vn -0.9626 -0.1949 -0.1882
vn -0.9491 -0.2265 -0.2188
vn -0.9491 -0.2266 -0.2188
vn -0.9337 -0.2576 -0.2488
vn -0.9337 -0.2576 -0.2487
vn -0.9163 -0.2881 -0.2782
vn -0.8969 -0.3182 -0.3072
vn -0.8757 -0.3474 -0.3355
vn -0.8969 -0.3181 -0.3072
vn -0.8756 -0.3474 -0.3355
vn -0.9240 0.2751 0.2656
vn -0.9239 0.2752 0.2657
vn -0.9419 0.2416 0.2333
vn -0.9574 0.2078 0.2006
vn -0.9706 0.1732 0.1673
vn -0.9813 0.1383 0.1336
vn -0.9897 0.1032 0.0997
vn -0.9896 0.1032 0.0997
vn -0.9956 0.0675 0.0652
vn -0.9990 0.0321 0.0309
vn -0.9990 0.0321 0.0310
vn -1.0000 -0.0037 -0.0035
vn -1.0000 -0.0037 -0.0036
vn -0.9985 -0.0396 -0.0383
vn -0.9946 -0.0750 -0.0724
vn -0.9881 -0.1106 -0.1068
vn -0.9881 -0.1105 -0.1068
vn -0.9793 -0.1457 -0.1407
vn -0.9681 -0.1804 -0.1742
vn -0.9681 -0.1803 -0.1742
vn -0.9543 -0.2150 -0.2076
vn -0.9543 -0.2150 -0.2077
vn -0.9384 -0.2486 -0.2400
vn -0.9384 -0.2485 -0.2400
vn -0.9200 -0.2819 -0.2722
vn -0.8993 -0.3146 -0.3038
vn -0.8994 -0.3145 -0.3037
vn -0.8767 -0.3460 -0.3341
vn -0.5000 -0.6230 -0.6016
vn 0.8910 -0.3260 -0.3159
vn 0.9124 -0.2935 -0.2851
vn 0.9316 -0.2605 -0.2535
vn 0.9485 -0.2271 -0.2210
vn 0.9630 -0.1933 -0.1877
vn 0.9752 -0.1588 -0.1544
vn 0.9850 -0.1234 -0.1209
vn 0.9923 -0.0879 -0.0869
vn 0.9972 -0.0526 -0.0526
vn 0.9997 -0.0173 -0.0178
vn 1.0000 -0.0000 -0.0000
vn 1.0000 0.0021 0.0021
vn 0.9974 0.0516 0.0502
vn 0.9996 0.0198 0.0188
vn 0.9928 0.0860 0.0834
vn 0.9972 0.0538 0.0516
vn 0.9859 0.1203 0.1164
vn 0.9926 0.0876 0.0844
vn 0.9767 0.1542 0.1490
vn 0.9857 0.1211 0.1169
vn 0.9653 0.1878 0.1814
vn 0.9767 0.1544 0.1491
vn 0.9655 0.1874 0.1811
vn 0.9516 0.2209 0.2136
vn 0.9520 0.2202 0.2125
vn 0.9358 0.2534 0.2450
vn 0.9365 0.2523 0.2434
vn 0.9178 0.2854 0.2761
vn 0.9189 0.2839 0.2738
vn 0.8977 0.3167 0.3064
vn 0.8993 0.3149 0.3036
vn 0.8755 0.3472 0.3361
vn 0.8776 0.3451 0.3327
vn 0.8513 0.3770 0.3649
vn 0.8539 0.3748 0.3612
vn 0.8251 0.4060 0.3929
vn 0.8282 0.4036 0.3889
vn 0.7971 0.4339 0.4200
vn 0.8005 0.4315 0.4158
vn 0.7711 0.4585 0.4418
vn 0.7672 0.4609 0.4461
vn 0.7399 0.4844 0.4668
vn 0.7355 0.4868 0.4712
vn 0.7071 0.5092 0.4906
vn 0.7022 0.5116 0.4952
vn 0.6672 0.5352 0.5181
vn 0.6727 0.5328 0.5134
vn 0.6366 0.5553 0.5351
vn 0.6309 0.5575 0.5396
vn 0.5928 0.5787 0.5601
vn 0.5993 0.5765 0.5554
vn 0.5537 0.5983 0.5792
vn 0.5606 0.5963 0.5746
vn 0.5131 0.6167 0.5970
vn 0.5205 0.6149 0.5925
vn 0.4714 0.6338 0.6133
vn 0.4784 0.6324 0.6092
vn 0.4287 0.6494 0.6281
vn 0.4342 0.6486 0.6251
vn 0.3850 0.6636 0.6415
vn 0.3891 0.6632 0.6394
vn 0.3405 0.6762 0.6533
vn 0.2952 0.6875 0.6635
vn 0.3428 0.6761 0.6522
vn 0.2960 0.6871 0.6635
vn 0.2492 0.6966 0.6728
vn 0.2028 0.7042 0.6805
vn 0.2482 0.6970 0.6727
vn 0.1559 0.7101 0.6866
vn 0.1998 0.7053 0.6802
vn 0.1086 0.7145 0.6912
vn 0.1510 0.7118 0.6860
vn 0.0707 0.7171 0.6934
vn 0.1018 0.7165 0.6902
vn 0.0419 0.7187 0.6941
vn 0.0524 0.7200 0.6920
vn -1.0000 -0.0000 -0.0000
vn -0.3826 -0.6646 -0.6418
vn -0.3373 -0.6772 -0.6540
vn -0.3827 -0.6646 -0.6418
vn -0.2912 -0.6882 -0.6646
vn -0.2445 -0.6975 -0.6736
vn -0.1971 -0.7052 -0.6810
vn -0.1493 -0.7113 -0.6869
vn -0.1970 -0.7052 -0.6810
vn -0.1010 -0.7157 -0.6911
vn -0.0527 -0.7183 -0.6937
vn -0.1011 -0.7156 -0.6911
vn -0.0526 -0.7183 -0.6937
vn 0.1131 0.7147 0.6902
vn 0.0659 0.7178 0.6931
vn 0.0188 0.7192 0.6945
vn 0.0185 0.7192 0.6945
vn -0.0287 0.7190 0.6944
vn -0.0765 0.7172 0.6926
vn -0.0289 0.7190 0.6944
vn -0.0762 0.7172 0.6926
vn -0.1232 0.7139 0.6894
vn -0.1234 0.7138 0.6894
vn -0.1702 0.7088 0.6845
vn -0.1704 0.7088 0.6845
vn -0.2174 0.7021 0.6780
vn -0.2171 0.7022 0.6781
vn -0.2627 0.6941 0.6703
vn -0.2170 0.7022 0.6781
vn -0.3085 0.6842 0.6608
vn -0.2626 0.6941 0.6703
vn -0.3532 0.6730 0.6499
vn -0.3969 0.6603 0.6376
vn -0.3970 0.6602 0.6376
vn -0.4401 0.6459 0.6238
vn -0.4401 0.6459 0.6237
vn -0.4821 0.6302 0.6086
vn -0.0238 0.7191 0.6945
vn -0.0241 0.7191 0.6945
vn -0.0716 0.7175 0.6929
vn -0.1196 0.7142 0.6897
vn -0.0718 0.7175 0.6929
vn -0.1195 0.7142 0.6897
vn -0.1668 0.7093 0.6849
vn -0.1669 0.7093 0.6849
vn -0.2140 0.7027 0.6786
vn -0.2604 0.6945 0.6707
vn -0.2138 0.7027 0.6786
vn -0.2605 0.6945 0.6707
vn -0.3062 0.6848 0.6613
vn -0.3516 0.6734 0.6503
vn -0.3961 0.6605 0.6378
vn -0.4395 0.6462 0.6240
vn -0.4820 0.6303 0.6086
vn -0.4819 0.6303 0.6087
vn -0.0227 0.7191 0.6945
vn -0.0226 0.7192 0.6945
vn -0.0681 0.7177 0.6930
vn -0.0680 0.7177 0.6931
vn -0.1131 0.7147 0.6902
vn -0.1581 0.7103 0.6859
vn -0.1132 0.7147 0.6902
vn -0.2027 0.7044 0.6802
vn -0.2026 0.7044 0.6803
vn -0.2469 0.6971 0.6731
vn -0.2906 0.6883 0.6647
vn -0.2471 0.6970 0.6731
vn -0.3336 0.6781 0.6549
vn -0.3762 0.6665 0.6436
vn -0.3761 0.6665 0.6437
vn 0.6832 -0.5253 -0.5073
vn 0.6833 -0.5252 -0.5072
vn 0.7159 -0.5022 -0.4850
vn 0.7473 -0.4780 -0.4616
vn 0.7160 -0.5022 -0.4850
vn 0.7770 -0.4528 -0.4373
vn 0.8051 -0.4267 -0.4120
vn 0.8050 -0.4267 -0.4121
vn 0.8314 -0.3998 -0.3860
vn 0.8560 -0.3719 -0.3591
vn 0.8561 -0.3718 -0.3590
vn 0.1310 -0.7131 -0.6887
vn 0.1311 -0.7131 -0.6887
vn 0.1800 -0.7076 -0.6833
vn 0.1797 -0.7076 -0.6833
vn 0.2286 -0.7003 -0.6763
vn 0.2288 -0.7003 -0.6762
vn 0.2768 -0.6912 -0.6675
vn 0.3239 -0.6806 -0.6572
vn 0.3242 -0.6805 -0.6571
vn 0.3709 -0.6680 -0.6451
vn 0.3706 -0.6681 -0.6452
vn 0.4159 -0.6542 -0.6317
vn 0.4163 -0.6541 -0.6316
vn 0.4611 -0.6383 -0.6164
vn 0.4612 -0.6383 -0.6164
vn 0.5043 -0.6212 -0.5999
vn 0.5042 -0.6212 -0.5999
vn 0.5469 -0.6022 -0.5816
vn 0.5876 -0.5820 -0.5621
vn 0.6272 -0.5603 -0.5411
vn 0.6272 -0.5603 -0.5410
vn 0.6649 -0.5373 -0.5188
vn 0.7013 -0.5128 -0.4952
vn 0.7358 -0.4872 -0.4705
vn 0.7686 -0.4602 -0.4444
vn 0.7685 -0.4603 -0.4445
vn 0.7995 -0.4321 -0.4173
vn 0.7996 -0.4320 -0.4171
vn 0.8285 -0.4028 -0.3890
vn 0.8284 -0.4029 -0.3891
vn 0.8281 -0.4032 -0.3894
vn 0.8551 -0.3730 -0.3602
vn 0.8550 -0.3730 -0.3602
vn -0.0506 0.7184 0.6938
vn -0.0966 0.7155 0.6919
vn -0.0524 0.7188 0.6932
vn -0.1422 0.7111 0.6885
vn -0.1018 0.7166 0.6900
vn -0.1874 0.7053 0.6837
vn -0.1510 0.7125 0.6852
vn -0.2324 0.6980 0.6773
vn -0.1998 0.7067 0.6787
vn -0.2764 0.6893 0.6696
vn -0.2482 0.6990 0.6707
vn -0.3198 0.6794 0.6604
vn -0.2959 0.6897 0.6609
vn -0.3624 0.6681 0.6499
vn -0.3428 0.6785 0.6497
vn -0.4039 0.6558 0.6378
vn -0.3891 0.6655 0.6370
vn -0.4441 0.6426 0.6243
vn -0.4342 0.6507 0.6230
vn -0.4833 0.6289 0.6090
vn -0.4784 0.6339 0.6077
vn -0.5215 0.6119 0.5946
vn -0.5179 0.6161 0.5934
vn -0.5587 0.5933 0.5796
vn -0.5531 0.6012 0.5767
vn -0.5923 0.5761 0.5633
vn -0.5872 0.5859 0.5585
vn -0.6205 0.5681 0.5405
vn 0.5003 -0.6232 -0.6010
vn 0.5000 -0.6232 -0.6013
vn 0.5000 -0.6230 -0.6016
vn 0.5001 -0.6229 -0.6016
vn 0.9914 0.0940 0.0908
vn 0.9839 0.1284 0.1240
vn 0.9741 0.1627 0.1571
vn 0.9620 0.1965 0.1897
vn 0.9476 0.2298 0.2219
vn 0.9310 0.2627 0.2537
vn 0.9121 0.2948 0.2847
vn 0.9309 0.2627 0.2537
vn 0.8912 0.3264 0.3152
vn 0.9122 0.2948 0.2847
vn -0.9169 -0.2871 -0.2772
vn -0.9170 -0.2870 -0.2771
vn -0.8971 -0.3178 -0.3069
vn -0.8750 -0.3482 -0.3363
vn -0.8751 -0.3481 -0.3362
vn -0.8514 -0.3773 -0.3644
vn -0.8253 -0.4062 -0.3923
vn -0.8513 -0.3775 -0.3645
vn -0.8256 -0.4059 -0.3920
vn -0.7977 -0.4338 -0.4189
vn -0.7976 -0.4339 -0.4190
vn -0.7683 -0.4604 -0.4446
vn -0.7684 -0.4604 -0.4446
vn -0.7367 -0.4864 -0.4697
vn -0.7043 -0.5107 -0.4932
vn -0.7369 -0.4863 -0.4696
vn -0.6696 -0.5343 -0.5160
vn -0.7039 -0.5109 -0.4934
vn -0.6337 -0.5564 -0.5374
vn -0.6341 -0.5562 -0.5371
vn -0.5963 -0.5774 -0.5576
vn -0.5576 -0.5971 -0.5766
vn -0.5575 -0.5972 -0.5767
vn -0.5175 -0.6155 -0.5944
vn -0.5177 -0.6154 -0.5943
vn -0.8537 -0.3746 -0.3617
vn -0.8537 -0.3746 -0.3618
vn -0.8280 -0.4033 -0.3895
vn -0.8001 -0.4316 -0.4167
vn -0.8280 -0.4034 -0.3895
vn -0.8001 -0.4315 -0.4167
vn -0.7704 -0.4586 -0.4429
vn -0.7705 -0.4586 -0.4428
vn -0.7392 -0.4845 -0.4679
vn -0.7059 -0.5095 -0.4920
vn -0.7391 -0.4845 -0.4679
vn -0.7060 -0.5095 -0.4920
vn -0.6711 -0.5333 -0.5150
vn -0.6710 -0.5333 -0.5150
vn -0.6349 -0.5557 -0.5367
vn -0.6350 -0.5557 -0.5366
vn -0.5974 -0.5769 -0.5571
vn -0.5973 -0.5769 -0.5571
vn -0.5581 -0.5969 -0.5764
vn -0.5178 -0.6154 -0.5943
vn -0.8545 -0.3737 -0.3609
vn -0.8300 -0.4012 -0.3874
vn -0.8039 -0.4279 -0.4132
vn -0.7761 -0.4536 -0.4380
vn -0.7761 -0.4536 -0.4381
vn -0.7466 -0.4785 -0.4621
vn -0.7467 -0.4785 -0.4621
vn -0.7158 -0.5023 -0.4851
vn -0.6833 -0.5252 -0.5072
vn -0.7157 -0.5024 -0.4851
vn -0.6496 -0.5469 -0.5281
vn -0.6144 -0.5676 -0.5481
vn 0.2908 0.6883 0.6646
vn 0.2908 0.6882 0.6646
vn 0.2464 0.6972 0.6732
vn 0.2021 0.7045 0.6803
vn 0.2466 0.6971 0.6732
vn 0.2019 0.7045 0.6803
vn 0.1566 0.7105 0.6861
vn 0.1567 0.7105 0.6861
vn 0.1112 0.7149 0.6903
vn 0.1113 0.7149 0.6903
vn 0.0654 0.7178 0.6932
vn 0.0196 0.7192 0.6945
vn 0.0655 0.7178 0.6932
vn -0.4793 -0.6314 -0.6097
vn -0.4791 -0.6314 -0.6097
vn -0.4366 -0.6471 -0.6249
vn -0.3928 -0.6615 -0.6388
vn -0.4366 -0.6472 -0.6250
vn -0.3485 -0.6742 -0.6511
vn -0.3032 -0.6855 -0.6619
vn -0.2573 -0.6951 -0.6713
vn -0.3032 -0.6855 -0.6620
vn -0.2572 -0.6951 -0.6713
vn -0.2106 -0.7032 -0.6791
vn -0.2107 -0.7032 -0.6791
vn -0.1637 -0.7096 -0.6853
vn -0.1636 -0.7096 -0.6853
vn -0.1160 -0.7145 -0.6900
vn -0.1162 -0.7145 -0.6900
vn -0.0686 -0.7176 -0.6930
vn -0.0685 -0.7176 -0.6930
vn -0.0207 -0.7192 -0.6945
vn -0.4802 -0.6310 -0.6093
vn -0.4399 -0.6460 -0.6238
vn -0.4400 -0.6460 -0.6238
vn -0.3989 -0.6596 -0.6370
vn -0.3568 -0.6720 -0.6489
vn -0.3987 -0.6597 -0.6370
vn -0.3141 -0.6829 -0.6595
vn -0.3140 -0.6830 -0.6595
vn -0.2706 -0.6925 -0.6687
vn -0.2268 -0.7006 -0.6766
vn -0.2707 -0.6925 -0.6687
vn -0.2267 -0.7006 -0.6766
vn -0.1823 -0.7073 -0.6830
vn -0.1824 -0.7073 -0.6830
vn -0.1375 -0.7125 -0.6881
vn -0.1376 -0.7125 -0.6881
vn -0.5949 -0.5782 -0.5584
vn -0.5948 -0.5783 -0.5584
vn -0.5560 -0.5979 -0.5774
vn -0.5558 -0.5980 -0.5775
vn -0.5159 -0.6162 -0.5951
vn -0.5161 -0.6161 -0.5950
vn -0.4750 -0.6330 -0.6113
vn -0.4322 -0.6487 -0.6264
vn -0.4747 -0.6331 -0.6114
vn -0.4325 -0.6486 -0.6263
vn -0.3892 -0.6626 -0.6399
vn -0.3453 -0.6751 -0.6519
vn -0.3452 -0.6751 -0.6520
vn -0.3003 -0.6861 -0.6626
vn -0.2547 -0.6956 -0.6717
vn -0.2086 -0.7035 -0.6794
vn -0.2548 -0.6956 -0.6717
vn -0.1620 -0.7098 -0.6855
vn -0.1150 -0.7146 -0.6901
vn -0.1153 -0.7145 -0.6900
vn -0.0677 -0.7177 -0.6931
vn -0.0676 -0.7177 -0.6931
vn -0.0203 -0.7192 -0.6945
vn -0.0204 -0.7192 -0.6945
vn -0.2265 0.7006 0.6766
vn -0.2267 0.7006 0.6766
vn -0.2711 0.6924 0.6686
vn -0.3149 0.6827 0.6593
vn -0.3581 0.6716 0.6486
vn -0.3580 0.6717 0.6486
vn -0.4007 0.6591 0.6365
vn -0.4006 0.6591 0.6365
vn -0.4420 0.6453 0.6231
vn -0.4831 0.6298 0.6082
vn -0.4422 0.6452 0.6231
vn -0.4830 0.6299 0.6082
vn 0.7940 0.4373 0.4223
vn 0.7650 0.4633 0.4474
vn 0.7344 0.4883 0.4715
vn 0.7343 0.4883 0.4715
vn 0.7021 0.5122 0.4946
vn 0.7022 0.5122 0.4946
vn 0.6684 0.5351 0.5167
vn 0.6333 0.5567 0.5376
vn 0.6684 0.5350 0.5167
vn 0.5967 0.5772 0.5574
vn 0.6332 0.5568 0.5377
vn 0.5968 0.5772 0.5574
vn 0.5589 0.5965 0.5760
vn 0.5200 0.6145 0.5934
vn 0.5199 0.6145 0.5934
vn 0.4790 0.6315 0.6098
vn 0.4791 0.6314 0.6098
vn 0.4366 0.6471 0.6249
vn 0.4369 0.6470 0.6248
vn 0.3935 0.6613 0.6386
vn 0.3933 0.6614 0.6387
vn 0.3489 0.6741 0.6510
vn 0.3037 0.6854 0.6618
vn 0.3040 0.6853 0.6618
vn 0.2583 0.6949 0.6711
vn 0.2579 0.6950 0.6712
vn 0.2115 0.7031 0.6789
vn 0.2119 0.7030 0.6789
vn 0.1649 0.7095 0.6852
vn 0.1172 0.7144 0.6899
vn 0.1645 0.7095 0.6852
vn 0.1174 0.7144 0.6899
vn 0.0698 0.7176 0.6930
vn 0.0701 0.7176 0.6930
vn 0.0223 0.7192 0.6945
vn -0.0257 0.7191 0.6944
vn -0.0255 0.7191 0.6944
vn -0.0730 0.7174 0.6928
vn -0.1210 0.7141 0.6896
vn -0.1209 0.7141 0.6896
vn -0.1680 0.7091 0.6848
vn -0.1678 0.7091 0.6848
vn -0.2148 0.7025 0.6784
vn -0.2149 0.7025 0.6784
vn -0.2613 0.6943 0.6705
vn -0.2611 0.6944 0.6706
vn -0.3069 0.6846 0.6611
vn -0.3071 0.6846 0.6611
vn -0.3520 0.6733 0.6502
vn -0.3518 0.6734 0.6503
vn -0.3965 0.6604 0.6377
vn -0.4395 0.6461 0.6240
vn -0.3963 0.6604 0.6378
vn -0.4398 0.6460 0.6239
vn -0.9997 -0.0173 -0.0167
vn -0.9974 -0.0516 -0.0498
vn -0.9928 -0.0860 -0.0830
vn -0.9860 -0.1200 -0.1159
vn -0.9769 -0.1538 -0.1485
vn -0.9654 -0.1875 -0.1810
vn -0.9519 -0.2203 -0.2128
vn -0.9520 -0.2203 -0.2127
vn -0.9362 -0.2528 -0.2442
vn -0.9362 -0.2528 -0.2441
vn -0.9183 -0.2848 -0.2750
vn -0.9182 -0.2849 -0.2751
vn -0.8983 -0.3161 -0.3053
vn -0.8983 -0.3161 -0.3052
vn -0.8761 -0.3468 -0.3349
vn -0.8761 -0.3469 -0.3350
vn -0.9997 -0.0164 -0.0158
vn -0.9977 -0.0488 -0.0472
vn -0.9936 -0.0814 -0.0786
vn -0.9874 -0.1137 -0.1098
vn -0.9792 -0.1458 -0.1408
vn -0.9690 -0.1776 -0.1715
vn -0.9568 -0.2090 -0.2019
vn -0.9568 -0.2091 -0.2019
vn -0.9427 -0.2400 -0.2318
vn -0.9266 -0.2706 -0.2613
vn -0.9936 0.0813 0.0785
vn -0.9978 0.0473 0.0457
vn -0.9978 0.0475 0.0459
vn -0.9998 0.0135 0.0130
vn -0.9996 -0.0206 -0.0199
vn -0.9971 -0.0549 -0.0530
vn -0.9971 -0.0549 -0.0531
vn -0.9924 -0.0886 -0.0856
vn -0.9923 -0.0889 -0.0858
vn -0.9854 -0.1226 -0.1184
vn -0.9762 -0.1560 -0.1507
vn -0.9649 -0.1890 -0.1826
vn -0.9512 -0.2219 -0.2143
vn -0.9649 -0.1890 -0.1825
vn -0.9356 -0.2539 -0.2452
vn -0.9357 -0.2539 -0.2452
vn -0.9177 -0.2858 -0.2760
vn -0.9177 -0.2857 -0.2759
vn -0.8979 -0.3166 -0.3057
vn -0.8979 -0.3167 -0.3058
vn -0.8762 -0.3466 -0.3347
vn -0.8762 -0.3467 -0.3348
vn 0.7302 0.4915 0.4746
vn 0.6981 0.5151 0.4974
vn 0.6645 0.5375 0.5191
vn 0.6982 0.5150 0.4973
vn 0.6644 0.5376 0.5192
vn 0.6296 0.5589 0.5397
vn 0.6297 0.5588 0.5396
vn 0.5932 0.5791 0.5592
vn 0.5931 0.5791 0.5593
vn 0.5557 0.5981 0.5775
vn 0.5169 0.6158 0.5946
vn 0.5170 0.6158 0.5946
vn 0.9235 -0.2760 -0.2665
vn 0.9402 -0.2449 -0.2365
vn 0.9550 -0.2134 -0.2060
vn 0.9550 -0.2133 -0.2060
vn 0.9677 -0.1813 -0.1751
vn 0.9784 -0.1489 -0.1438
vn 0.9869 -0.1161 -0.1121
vn 0.9933 -0.0831 -0.0802
vn 0.9976 -0.0500 -0.0483
vn 0.9997 -0.0167 -0.0161
vn 0.9997 0.0172 0.0166
vn 0.9974 0.0514 0.0496
vn 0.9929 0.0858 0.0828
vn 0.9861 0.1197 0.1156
vn 0.9770 0.1534 0.1482
vn 0.9861 0.1196 0.1155
vn 0.9657 0.1868 0.1804
vn 0.9523 0.2196 0.2121
vn 0.9522 0.2197 0.2122
vn 0.9366 0.2521 0.2435
vn 0.9187 0.2841 0.2743
vn 0.9366 0.2520 0.2434
vn 0.8988 0.3153 0.3045
vn 0.8771 0.3455 0.3336
vn 0.8771 0.3455 0.3337
vn 0.8529 0.3755 0.3627
vn 0.8529 0.3755 0.3626
vn 0.8270 0.4044 0.3905
vn 0.8271 0.4043 0.3904
vn 0.7993 0.4323 0.4174
vn 0.7994 0.4322 0.4174
vn 0.7697 0.4592 0.4434
vn 0.7383 0.4852 0.4685
vn 0.7383 0.4851 0.4685
vn 0.7055 0.5098 0.4923
vn 0.7053 0.5099 0.4925
vn 0.6705 0.5337 0.5154
vn 0.6708 0.5335 0.5152
vn 0.6345 0.5560 0.5369
vn 0.6346 0.5559 0.5369
vn 0.5969 0.5771 0.5573
vn 0.5581 0.5969 0.5764
vn 0.5970 0.5771 0.5573
vn 0.5578 0.5970 0.5765
vn 0.5177 0.6155 0.5943
vn 0.5175 0.6155 0.5944
vn -0.5205 0.6142 0.5931
vn -0.5206 0.6142 0.5931
vn -0.5609 0.5956 0.5751
vn -0.5999 0.5756 0.5558
vn -0.5608 0.5956 0.5751
vn -0.5999 0.5755 0.5558
vn -0.6376 0.5541 0.5351
vn -0.6735 0.5317 0.5135
vn -0.7083 0.5078 0.4903
vn -0.7412 0.4829 0.4663
vn -0.7725 0.4568 0.4411
vn -0.8022 0.4295 0.4148
vn -0.8021 0.4295 0.4148
vn -0.8296 0.4016 0.3878
vn -0.8555 0.3725 0.3597
vn -0.8556 0.3724 0.3596
vn -0.5196 0.6146 0.5935
vn -0.5195 0.6147 0.5936
vn -0.5578 0.5971 0.5766
vn -0.5577 0.5971 0.5766
vn -0.5948 0.5782 0.5584
vn -0.6306 0.5583 0.5391
vn -0.6652 0.5371 0.5187
vn -0.6651 0.5372 0.5187
vn -0.6983 0.5149 0.4972
vn -0.6984 0.5149 0.4972
vn -0.7301 0.4916 0.4747
vn -0.7603 0.4672 0.4512
vn -0.7603 0.4673 0.4513
vn -0.7890 0.4419 0.4268
vn -0.3987 0.6597 0.6371
vn -0.3985 0.6598 0.6371
vn -0.4419 0.6453 0.6231
vn -0.4417 0.6454 0.6232
vn -0.4838 0.6295 0.6079
vn -0.4839 0.6295 0.6079
vn -0.5249 0.6123 0.5913
vn -0.5645 0.5938 0.5734
vn -0.5646 0.5937 0.5734
vn -0.6032 0.5737 0.5541
vn -0.6031 0.5738 0.5541
vn -0.6402 0.5526 0.5336
vn -0.6758 0.5302 0.5120
vn -0.7101 0.5065 0.4891
vn -0.7426 0.4817 0.4652
vn -0.7426 0.4818 0.4652
vn -0.7736 0.4558 0.4402
vn -0.7737 0.4557 0.4401
vn -0.8027 0.4290 0.4143
vn -0.8301 0.4011 0.3873
vn -0.8301 0.4011 0.3874
vn -0.8558 0.3721 0.3594
vn -0.8557 0.3723 0.3595
vn 0.9568 -0.2092 -0.2020
vn 0.9568 -0.2091 -0.2020
vn 0.9691 -0.1773 -0.1712
vn 0.9794 -0.1453 -0.1404
vn 0.9794 -0.1453 -0.1403
vn 0.9877 -0.1126 -0.1087
vn 0.9877 -0.1126 -0.1088
vn 0.9938 -0.0800 -0.0772
vn 0.9938 -0.0799 -0.0772
vn 0.9978 -0.0472 -0.0456
vn 0.9998 -0.0142 -0.0137
vn 0.1294 -0.7133 -0.6888
vn 0.1753 -0.7082 -0.6839
vn 0.2206 -0.7016 -0.6775
vn 0.2656 -0.6935 -0.6697
vn 0.3100 -0.6839 -0.6604
vn 0.3537 -0.6729 -0.6498
vn 0.3966 -0.6604 -0.6377
vn 0.3536 -0.6729 -0.6498
vn 0.3966 -0.6603 -0.6377
vn 0.4387 -0.6464 -0.6243
vn 0.4387 -0.6464 -0.6242
vn 0.4798 -0.6311 -0.6095
vn 0.5204 -0.6143 -0.5932
vn 0.5206 -0.6142 -0.5931
vn 0.5605 -0.5957 -0.5753
vn 0.5608 -0.5956 -0.5751
vn 0.5996 -0.5757 -0.5559
vn 0.5997 -0.5756 -0.5559
vn 0.6370 -0.5545 -0.5355
vn 0.6734 -0.5318 -0.5136
vn 0.6369 -0.5546 -0.5356
vn 0.6733 -0.5319 -0.5136
vn 0.7077 -0.5082 -0.4908
vn 0.7076 -0.5083 -0.4908
vn 0.7405 -0.4834 -0.4668
vn 0.7719 -0.4573 -0.4416
vn 0.8014 -0.4303 -0.4155
vn 0.7720 -0.4572 -0.4415
vn 0.8010 -0.4306 -0.4158
vn 0.8290 -0.4023 -0.3885
vn 0.8546 -0.3735 -0.3607
vn 0.8547 -0.3734 -0.3606
vn 0.8787 -0.3434 -0.3316
vn 0.8786 -0.3435 -0.3318
vn 0.9002 -0.3132 -0.3024
vn 0.9002 -0.3133 -0.3025
vn 0.9201 -0.2817 -0.2720
vn 0.9201 -0.2817 -0.2721
vn 0.9377 -0.2500 -0.2414
vn 0.9532 -0.2175 -0.2100
vn 0.9532 -0.2175 -0.2101
vn 0.9666 -0.1844 -0.1781
vn 0.9777 -0.1510 -0.1459
vn 0.9866 -0.1173 -0.1133
vn 0.9933 -0.0832 -0.0804
vn 0.9977 -0.0491 -0.0474
vn 0.5609 -0.5955 -0.5751
vn 0.5609 -0.5956 -0.5751
vn 0.6376 -0.5541 -0.5351
vn 0.6376 -0.5542 -0.5352
vn 0.6736 -0.5316 -0.5134
vn 0.7083 -0.5078 -0.4903
vn 0.7083 -0.5078 -0.4904
vn 0.7412 -0.4829 -0.4663
vn 0.7726 -0.4567 -0.4410
vn 0.8020 -0.4297 -0.4149
vn 0.8020 -0.4296 -0.4149
vn 0.8298 -0.4014 -0.3877
vn 0.8555 -0.3724 -0.3597
vn 0.8555 -0.3725 -0.3597
vn 0.5196 -0.6146 -0.5935
vn 0.5195 -0.6147 -0.5936
vn 0.5578 -0.5970 -0.5765
vn 0.5577 -0.5971 -0.5766
vn 0.5947 -0.5783 -0.5585
vn 0.6307 -0.5582 -0.5391
vn 0.5948 -0.5782 -0.5584
vn 0.6306 -0.5583 -0.5391
vn 0.6651 -0.5372 -0.5187
vn 0.6651 -0.5371 -0.5187
vn 0.6984 -0.5149 -0.4972
vn 0.7301 -0.4916 -0.4747
vn 0.6984 -0.5148 -0.4972
vn 0.7603 -0.4672 -0.4512
vn 0.7603 -0.4673 -0.4512
vn 0.7890 -0.4420 -0.4268
vn 0.3988 -0.6597 -0.6370
vn 0.3989 -0.6596 -0.6370
vn 0.4411 -0.6456 -0.6234
vn 0.4412 -0.6455 -0.6234
vn 0.4416 -0.6454 -0.6232
vn 0.4839 -0.6295 -0.6079
vn 0.4841 -0.6294 -0.6078
vn 0.5249 -0.6123 -0.5913
vn 0.5645 -0.5938 -0.5734
vn 0.5246 -0.6124 -0.5914
vn 0.5646 -0.5937 -0.5733
vn 0.6032 -0.5738 -0.5541
vn 0.6031 -0.5738 -0.5541
vn 0.6402 -0.5526 -0.5336
vn 0.6401 -0.5526 -0.5337
vn 0.6759 -0.5301 -0.5119
vn 0.7100 -0.5065 -0.4892
vn 0.6760 -0.5301 -0.5119
vn 0.7428 -0.4816 -0.4651
vn 0.7102 -0.5064 -0.4890
vn 0.7427 -0.4817 -0.4652
vn 0.7735 -0.4559 -0.4403
vn 0.7735 -0.4559 -0.4402
vn 0.8027 -0.4290 -0.4142
vn 0.8027 -0.4290 -0.4143
vn 0.8302 -0.4010 -0.3872
vn 0.8556 -0.3724 -0.3596
vn -0.9568 0.2092 0.2020
vn -0.9568 0.2092 0.2021
vn -0.9691 0.1774 0.1713
vn -0.9794 0.1452 0.1402
vn -0.9794 0.1451 0.1401
vn -0.9877 0.1126 0.1087
vn -0.9877 0.1127 0.1088
vn -0.9938 0.0801 0.0774
vn -0.9938 0.0801 0.0773
vn -0.9979 0.0471 0.0455
vn -0.9998 0.0141 0.0136
vn -0.1294 0.7133 0.6888
vn -0.1295 0.7133 0.6888
vn -0.1753 0.7082 0.6839
vn -0.2206 0.7016 0.6775
vn -0.2656 0.6935 0.6697
vn -0.2657 0.6935 0.6697
vn -0.3099 0.6839 0.6605
vn -0.3536 0.6729 0.6498
vn -0.3966 0.6603 0.6377
vn -0.3537 0.6728 0.6498
vn -0.4387 0.6464 0.6242
vn -0.4386 0.6464 0.6243
vn -0.4798 0.6311 0.6095
vn -0.5207 0.6141 0.5931
vn -0.5995 0.5758 0.5560
vn -0.5997 0.5756 0.5559
vn -0.5994 0.5758 0.5560
vn -0.6371 0.5544 0.5354
vn -0.6732 0.5319 0.5137
vn -0.6372 0.5544 0.5354
vn -0.7077 0.5082 0.4908
vn -0.7075 0.5083 0.4909
vn -0.7405 0.4835 0.4669
vn -0.7406 0.4833 0.4667
vn -0.7719 0.4574 0.4417
vn -0.8013 0.4304 0.4156
vn -0.7717 0.4575 0.4418
vn -0.8013 0.4303 0.4156
vn -0.8291 0.4022 0.3884
vn -0.8290 0.4023 0.3885
vn -0.8546 0.3736 0.3607
vn -0.8546 0.3736 0.3608
vn -0.8786 0.3436 0.3318
vn -0.8786 0.3435 0.3317
vn -0.9002 0.3133 0.3025
vn -0.9002 0.3132 0.3025
vn -0.9201 0.2818 0.2721
vn -0.9377 0.2500 0.2414
vn -0.9376 0.2500 0.2415
vn -0.9533 0.2174 0.2099
vn -0.9533 0.2173 0.2099
vn -0.9666 0.1844 0.1781
vn -0.9666 0.1844 0.1780
vn -0.9777 0.1512 0.1460
vn -0.9866 0.1172 0.1132
vn -0.9932 0.0835 0.0806
vn -0.9977 0.0491 0.0475
vn -0.9998 0.0147 0.0143
vn -0.9998 0.0147 0.0142
vn 0.0581 -0.7181 -0.6935
vn 0.1045 -0.7154 -0.6909
vn 0.1509 -0.7111 -0.6867
vn 0.1968 -0.7053 -0.6811
vn 0.2424 -0.6979 -0.6739
vn 0.2874 -0.6890 -0.6653
vn 0.3317 -0.6786 -0.6553
vn 0.2873 -0.6890 -0.6654
vn 0.3755 -0.6667 -0.6438
vn 0.3319 -0.6785 -0.6553
vn 0.3754 -0.6667 -0.6439
vn -0.6832 0.5253 0.5073
vn -0.7161 0.5021 0.4849
vn -0.7473 0.4780 0.4616
vn -0.7472 0.4781 0.4617
vn -0.7770 0.4528 0.4373
vn -0.8049 0.4268 0.4122
vn -0.8050 0.4268 0.4121
vn -0.8314 0.3997 0.3860
vn -0.8561 0.3717 0.3590
vn -0.8315 0.3997 0.3859
vn -0.8561 0.3718 0.3590
vn -0.0239 0.7191 0.6945
vn -0.1192 0.7142 0.6897
vn -0.1191 0.7142 0.6897
vn -0.1666 0.7093 0.6849
vn -0.2135 0.7028 0.6786
vn -0.1660 0.7094 0.6850
vn -0.2595 0.6947 0.6709
vn -0.2596 0.6947 0.6708
vn -0.3054 0.6850 0.6615
vn -0.3055 0.6850 0.6615
vn -0.3504 0.6737 0.6506
vn -0.3948 0.6609 0.6382
vn -0.3505 0.6737 0.6506
vn -0.3947 0.6609 0.6383
vn -0.4383 0.6466 0.6244
vn -0.4381 0.6466 0.6244
vn -0.4807 0.6308 0.6092
vn -0.4807 0.6308 0.6091
vn -0.5219 0.6136 0.5925
vn -0.5219 0.6136 0.5926
vn -0.5622 0.5949 0.5745
vn -0.5619 0.5950 0.5746
vn -0.6011 0.5749 0.5552
vn -0.6006 0.5751 0.5554
vn -0.6382 0.5538 0.5348
vn -0.6383 0.5538 0.5348
vn -0.6746 0.5310 0.5128
vn -0.6745 0.5311 0.5128
vn -0.7088 0.5074 0.4900
vn -0.7087 0.5075 0.4901
vn -0.7416 0.4826 0.4660
vn -0.7416 0.4825 0.4660
vn -0.7728 0.4565 0.4408
vn -0.7729 0.4564 0.4408
vn -0.8023 0.4293 0.4146
vn -0.8298 0.4014 0.3876
vn -0.8024 0.4293 0.4146
vn -0.8297 0.4015 0.3877
vn -0.8555 0.3724 0.3596
vn 0.3837 0.6643 0.6415
vn 0.3405 0.6764 0.6532
vn 0.3405 0.6763 0.6531
vn 0.2965 0.6870 0.6634
vn 0.2966 0.6870 0.6634
vn 0.2521 0.6961 0.6722
vn 0.2520 0.6961 0.6722
vn 0.2069 0.7038 0.6796
vn 0.1615 0.7099 0.6855
vn 0.1155 0.7145 0.6900
vn 0.0694 0.7176 0.6930
vn 0.0695 0.7176 0.6930
vn 0.0232 0.7191 0.6945
vn 0.0231 0.7191 0.6945
vn -0.1133 -0.7147 -0.6902
vn -0.1129 -0.7147 -0.6902
vn -0.0660 -0.7178 -0.6931
vn -0.0655 -0.7178 -0.6932
vn -0.0184 -0.7192 -0.6945
vn -0.0183 -0.7192 -0.6945
vn 0.0287 -0.7190 -0.6944
vn 0.0762 -0.7172 -0.6926
vn 0.0286 -0.7190 -0.6944
vn 0.0764 -0.7172 -0.6926
vn 0.1236 -0.7138 -0.6893
vn 0.1234 -0.7138 -0.6894
vn 0.1702 -0.7088 -0.6845
vn 0.1701 -0.7089 -0.6845
vn 0.2167 -0.7022 -0.6782
vn 0.2628 -0.6941 -0.6702
vn 0.2170 -0.7022 -0.6781
vn 0.3083 -0.6843 -0.6608
vn 0.2631 -0.6940 -0.6702
vn 0.3081 -0.6843 -0.6609
vn 0.3530 -0.6730 -0.6499
vn 0.3531 -0.6730 -0.6499
vn 0.3971 -0.6602 -0.6375
vn 0.3971 -0.6602 -0.6376
vn 0.4401 -0.6459 -0.6238
vn 0.4823 -0.6301 -0.6085
vn 0.4821 -0.6302 -0.6086
vn 0.4824 -0.6301 -0.6085
vn 0.0866 -0.7166 -0.6920
vn 0.0868 -0.7166 -0.6920
vn 0.1329 -0.7130 -0.6885
vn 0.1328 -0.7130 -0.6885
vn 0.1785 -0.7078 -0.6835
vn 0.1787 -0.7078 -0.6835
vn 0.2240 -0.7011 -0.6770
vn 0.2238 -0.7011 -0.6770
vn 0.2688 -0.6929 -0.6691
vn 0.2689 -0.6929 -0.6691
vn 0.3131 -0.6832 -0.6597
vn 0.3132 -0.6831 -0.6597
vn 0.3567 -0.6720 -0.6490
vn 0.3566 -0.6721 -0.6490
vn 0.3997 -0.6594 -0.6368
vn 0.4416 -0.6454 -0.6233
vn 0.4826 -0.6300 -0.6084
vn 0.4827 -0.6300 -0.6084
vn 0.0153 -0.6946 -0.7192
vn 0.0248 -0.6926 -0.7209
vn 0.0743 -0.6915 -0.7185
vn 0.0749 -0.6914 -0.7186
vn 0.0157 -0.6946 -0.7193
vn 0.1243 -0.6879 -0.7151
vn 0.0249 -0.6945 -0.7191
vn 0.0554 -0.6935 -0.7183
vn 0.1736 -0.6826 -0.7098
vn 0.0751 -0.6927 -0.7173
vn 0.1045 -0.6908 -0.7154
vn 0.2225 -0.6757 -0.7028
vn 0.1240 -0.6893 -0.7137
vn 0.1530 -0.6864 -0.7109
vn 0.2709 -0.6671 -0.6940
vn 0.1742 -0.6841 -0.7083
vn 0.2014 -0.6804 -0.7046
vn 0.3184 -0.6569 -0.6835
vn 0.2220 -0.6774 -0.7013
vn 0.2492 -0.6727 -0.6967
vn 0.3654 -0.6449 -0.6712
vn 0.2708 -0.6687 -0.6924
vn 0.2964 -0.6634 -0.6871
vn 0.4113 -0.6314 -0.6574
vn 0.3429 -0.6525 -0.6758
vn 0.3187 -0.6585 -0.6818
vn 0.4562 -0.6163 -0.6419
vn 0.3655 -0.6466 -0.6695
vn 0.3885 -0.6400 -0.6629
vn 0.4999 -0.5997 -0.6248
vn 0.4112 -0.6333 -0.6557
vn 0.4334 -0.6260 -0.6483
vn 0.5425 -0.5816 -0.6061
vn 0.4770 -0.6105 -0.6323
vn 0.4563 -0.6182 -0.6401
vn 0.5837 -0.5621 -0.5859
vn 0.5196 -0.5935 -0.6146
vn 0.4996 -0.6018 -0.6231
vn 0.6236 -0.5410 -0.5643
vn 0.5609 -0.5751 -0.5956
vn 0.5427 -0.5835 -0.6041
vn 0.6616 -0.5188 -0.5414
vn 0.6007 -0.5553 -0.5751
vn 0.5839 -0.5640 -0.5839
vn 0.6982 -0.4952 -0.5170
vn 0.6393 -0.5341 -0.5532
vn 0.6233 -0.5433 -0.5625
vn 0.7331 -0.4704 -0.4913
vn 0.6762 -0.5117 -0.5300
vn 0.6616 -0.5210 -0.5394
vn 0.7661 -0.4443 -0.4645
vn 0.7116 -0.4880 -0.5054
vn 0.6982 -0.4973 -0.5149
vn 0.7971 -0.4172 -0.4365
vn 0.7453 -0.4631 -0.4797
vn 0.7333 -0.4723 -0.4890
vn 0.8262 -0.3891 -0.4074
vn 0.7770 -0.4373 -0.4529
vn 0.7660 -0.4466 -0.4624
vn 0.8533 -0.3599 -0.3773
vn 0.7972 -0.4195 -0.4343
vn 0.8070 -0.4102 -0.4249
vn 0.8782 -0.3299 -0.3463
vn 0.8350 -0.3822 -0.3958
vn 0.8263 -0.3913 -0.4052
vn 0.9010 -0.2991 -0.3144
vn 0.8532 -0.3624 -0.3752
vn 0.8609 -0.3533 -0.3660
vn 0.9215 -0.2675 -0.2817
vn 0.8849 -0.3235 -0.3351
vn 0.8783 -0.3322 -0.3439
vn 0.9397 -0.2353 -0.2483
vn 0.9067 -0.2929 -0.3034
vn 0.9009 -0.3015 -0.3121
vn 0.9556 -0.2024 -0.2143
vn 0.9263 -0.2618 -0.2711
vn 0.9215 -0.2698 -0.2793
vn 0.9691 -0.1690 -0.1798
vn 0.9436 -0.2299 -0.2381
vn 0.9396 -0.2377 -0.2461
vn 0.9802 -0.1352 -0.1448
vn 0.9588 -0.1974 -0.2045
vn 0.9556 -0.2048 -0.2120
vn 0.9888 -0.1011 -0.1095
vn 0.9716 -0.1645 -0.1704
vn 0.9691 -0.1714 -0.1775
vn 0.9950 -0.0668 -0.0740
vn 0.9820 -0.1312 -0.1360
vn 0.9802 -0.1377 -0.1425
vn 0.9988 -0.0323 -0.0382
vn 0.9901 -0.0976 -0.1011
vn 0.9888 -0.1035 -0.1071
vn 1.0000 0.0024 -0.0023
vn 0.9950 -0.0692 -0.0716
vn 0.9958 -0.0637 -0.0660
vn 0.9988 0.0370 0.0336
vn 0.9988 -0.0347 -0.0358
vn 0.9991 -0.0297 -0.0308
vn 0.9950 0.0715 0.0694
vn 1.0000 0.0044 0.0045
vn 0.9888 0.1058 0.1049
vn 0.9985 0.0385 0.0398
vn 0.9988 0.0346 0.0359
vn 0.9802 0.1399 0.1403
vn 0.9945 0.0724 0.0750
vn 0.9950 0.0692 0.0717
vn 0.9691 0.1737 0.1753
vn 0.9882 0.1062 0.1100
vn 0.9888 0.1035 0.1072
vn 0.9556 0.2069 0.2099
vn 0.9795 0.1398 0.1448
vn 0.9802 0.1376 0.1425
vn 0.9397 0.2397 0.2440
vn 0.9685 0.1731 0.1792
vn 0.9691 0.1714 0.1775
vn 0.9215 0.2719 0.2774
vn 0.9551 0.2059 0.2132
vn 0.9556 0.2048 0.2120
vn 0.9010 0.3034 0.3102
vn 0.9394 0.2381 0.2466
vn 0.9397 0.2375 0.2460
vn 0.8765 0.3346 0.3460
vn 0.8782 0.3341 0.3422
vn 0.9214 0.2699 0.2795
vn 0.9037 0.2974 0.3079
vn 0.8533 0.3657 0.3717
vn 0.9009 0.3014 0.3122
vn 0.8869 0.3210 0.3323
vn 0.8593 0.3547 0.3684
vn 0.8262 0.3946 0.4020
vn 0.8782 0.3322 0.3441
vn 0.8540 0.3614 0.3742
vn 0.8720 0.3400 0.3521
vn 0.7971 0.4210 0.4329
vn 0.8534 0.3621 0.3750
vn 0.8312 0.3863 0.4000
vn 0.7660 0.4480 0.4610
vn 0.8263 0.3912 0.4052
vn 0.8092 0.4082 0.4226
vn 0.7331 0.4737 0.4881
vn 0.7971 0.4194 0.4344
vn 0.7862 0.4293 0.4445
vn 0.6982 0.4984 0.5139
vn 0.7367 0.4698 0.4864
vn 0.7660 0.4465 0.4624
vn 0.7619 0.4499 0.4659
vn 0.6617 0.5217 0.5385
vn 0.7103 0.4890 0.5063
vn 0.7330 0.4725 0.4894
vn 0.6235 0.5438 0.5618
vn 0.6828 0.5076 0.5255
vn 0.6983 0.4972 0.5150
vn 0.5838 0.5644 0.5836
vn 0.6544 0.5253 0.5439
vn 0.6250 0.5422 0.5615
vn 0.6615 0.5209 0.5395
vn 0.5948 0.5584 0.5783
vn 0.6237 0.5429 0.5623
vn 0.5001 0.6019 0.6226
vn 0.5636 0.5739 0.5942
vn 0.5835 0.5641 0.5842
vn 0.4562 0.6188 0.6395
vn 0.5316 0.5884 0.6093
vn 0.5427 0.5834 0.6042
vn 0.4113 0.6341 0.6548
vn 0.4988 0.6021 0.6235
vn 0.4653 0.6149 0.6367
vn 0.5001 0.6015 0.6230
vn 0.3654 0.6477 0.6685
vn 0.4311 0.6268 0.6490
vn 0.4558 0.6183 0.6403
vn 0.3184 0.6600 0.6804
vn 0.3963 0.6378 0.6604
vn 0.4112 0.6332 0.6558
vn 0.2709 0.6704 0.6908
vn 0.3609 0.6478 0.6709
vn 0.3250 0.6569 0.6803
vn 0.3656 0.6465 0.6696
vn 0.2225 0.6792 0.6994
vn 0.2885 0.6651 0.6887
vn 0.3187 0.6584 0.6819
vn 0.1737 0.6863 0.7063
vn 0.2519 0.6723 0.6961
vn 0.2708 0.6686 0.6925
vn 0.1243 0.6917 0.7115
vn 0.2145 0.6785 0.7026
vn 0.1772 0.6837 0.7080
vn 0.2226 0.6772 0.7013
vn 0.0747 0.6954 0.7148
vn 0.1393 0.6879 0.7123
vn 0.1734 0.6841 0.7085
vn 0.0249 0.6973 0.7164
vn 0.1014 0.6911 0.7156
vn 0.1247 0.6892 0.7138
vn -0.0249 0.6975 0.7162
vn 0.0745 0.6927 0.7174
vn 0.0602 0.6934 0.7180
vn -0.0747 0.6959 0.7142
vn 0.0249 0.6944 0.7192
vn 0.0155 0.6946 0.7192
vn -0.1243 0.6925 0.7106
vn -0.0293 0.6944 0.7190
vn -0.0249 0.6944 0.7191
vn -0.0744 0.6927 0.7174
vn -0.1737 0.6875 0.7051
vn -0.0745 0.6927 0.7173
vn -0.1193 0.6897 0.7142
vn -0.2225 0.6809 0.6977
vn -0.1643 0.6852 0.7095
vn -0.1247 0.6892 0.7137
vn -0.2708 0.6724 0.6888
vn -0.2090 0.6794 0.7034
vn -0.1734 0.6841 0.7085
vn -0.3184 0.6623 0.6782
vn -0.2535 0.6720 0.6958
vn -0.2226 0.6772 0.7013
vn -0.3654 0.6505 0.6658
vn -0.2975 0.6633 0.6867
vn -0.2708 0.6686 0.6925
vn -0.4113 0.6372 0.6518
vn -0.3409 0.6531 0.6762
vn -0.3187 0.6584 0.6819
vn -0.4562 0.6221 0.6363
vn -0.3838 0.6415 0.6642
vn -0.3656 0.6465 0.6696
vn -0.5000 0.6056 0.6190
vn -0.4258 0.6286 0.6509
vn -0.4112 0.6332 0.6558
vn -0.5425 0.5876 0.6004
vn -0.4558 0.6183 0.6403
vn -0.4670 0.6143 0.6360
vn -0.5838 0.5681 0.5801
vn -0.5001 0.6015 0.6230
vn -0.5072 0.5987 0.6199
vn -0.6235 0.5471 0.5586
vn -0.5427 0.5834 0.6042
vn -0.5465 0.5818 0.6024
vn -0.6617 0.5248 0.5355
vn -0.5835 0.5641 0.5842
vn -0.5843 0.5637 0.5838
vn -0.6191 0.5455 0.5649
vn -0.6982 0.5012 0.5111
vn -0.6494 0.5283 0.5470
vn -0.6237 0.5429 0.5623
vn -0.7330 0.4763 0.4856
vn -0.6770 0.5113 0.5294
vn -0.6615 0.5209 0.5395
vn -0.7661 0.4503 0.4587
vn -0.7036 0.4936 0.5112
vn -0.7290 0.4755 0.4924
vn -0.6983 0.4972 0.5150
vn -0.7971 0.4232 0.4307
vn -0.7533 0.4569 0.4731
vn -0.7330 0.4725 0.4894
vn -0.8262 0.3950 0.4017
vn -0.7761 0.4380 0.4536
vn -0.7661 0.4465 0.4624
vn -0.8605 0.3533 0.3669
vn -0.8533 0.3657 0.3716
vn -0.7977 0.4189 0.4338
vn -0.8169 0.4006 0.4149
vn -0.7971 0.4194 0.4344
vn -0.8777 0.3332 0.3444
vn -0.8782 0.3331 0.3431
vn -0.8299 0.3876 0.4014
vn -0.8375 0.3796 0.3931
vn -0.8430 0.3737 0.3870
vn -0.8263 0.3913 0.4052
vn -0.9009 0.3044 0.3093
vn -0.8733 0.3385 0.3505
vn -0.8534 0.3621 0.3750
vn -0.8553 0.3600 0.3728
vn -0.9215 0.2731 0.2762
vn -0.8783 0.3321 0.3440
vn -0.8916 0.3146 0.3257
vn -0.9396 0.2406 0.2432
vn -0.9009 0.3014 0.3122
vn -0.9128 0.2837 0.2937
vn -0.9556 0.2071 0.2097
vn -0.9214 0.2698 0.2795
vn -0.9317 0.2524 0.2612
vn -0.9691 0.1732 0.1759
vn -0.9397 0.2375 0.2461
vn -0.9485 0.2202 0.2279
vn -0.9802 0.1384 0.1417
vn -0.9556 0.2047 0.2120
vn -0.9628 0.1877 0.1943
vn -0.9804 0.1370 0.1414
vn -0.9888 0.1047 0.1060
vn -0.9691 0.1714 0.1776
vn -0.9749 0.1546 0.1600
vn -0.9950 0.0711 0.0698
vn -0.9802 0.1376 0.1425
vn -0.9847 0.1211 0.1253
vn -0.9987 0.0370 0.0337
vn -0.9888 0.1034 0.1072
vn -0.9920 0.0875 0.0905
vn -1.0000 0.0026 -0.0025
vn -0.9970 0.0536 0.0554
vn -0.9950 0.0691 0.0717
vn -0.9987 -0.0320 -0.0385
vn -0.9988 0.0346 0.0360
vn -0.9996 0.0194 0.0200
vn -0.9950 -0.0666 -0.0742
vn -0.9998 -0.0146 -0.0152
vn -0.9888 -0.1012 -0.1094
vn -0.9988 -0.0347 -0.0359
vn -0.9975 -0.0487 -0.0505
vn -0.9802 -0.1358 -0.1443
vn -0.9950 -0.0692 -0.0716
vn -0.9929 -0.0827 -0.0857
vn -0.9691 -0.1702 -0.1787
vn -0.9888 -0.1035 -0.1071
vn -0.9859 -0.1164 -0.1206
vn -0.9556 -0.2043 -0.2124
vn -0.9556 -0.2044 -0.2124
vn -0.9802 -0.1377 -0.1425
vn -0.9765 -0.1498 -0.1552
vn -0.9397 -0.2365 -0.2472
vn -0.9691 -0.1715 -0.1775
vn -0.9647 -0.1830 -0.1896
vn -0.9215 -0.2681 -0.2811
vn -0.9556 -0.2048 -0.2120
vn -0.9506 -0.2156 -0.2233
vn -0.9010 -0.2994 -0.3141
vn -0.9396 -0.2378 -0.2461
vn -0.9342 -0.2478 -0.2567
vn -0.8782 -0.3299 -0.3462
vn -0.9156 -0.2793 -0.2893
vn -0.9215 -0.2698 -0.2793
vn -0.8533 -0.3599 -0.3772
vn -0.8947 -0.3102 -0.3213
vn -0.9009 -0.3015 -0.3121
vn -0.8262 -0.3892 -0.4073
vn -0.8718 -0.3403 -0.3525
vn -0.8783 -0.3322 -0.3439
vn -0.7971 -0.4176 -0.4362
vn -0.8467 -0.3696 -0.3828
vn -0.8532 -0.3624 -0.3752
vn -0.7661 -0.4450 -0.4637
vn -0.8195 -0.3980 -0.4123
vn -0.8262 -0.3914 -0.4052
vn -0.7330 -0.4717 -0.4902
vn -0.7330 -0.4716 -0.4901
vn -0.7904 -0.4255 -0.4407
vn -0.7972 -0.4195 -0.4343
vn -0.6982 -0.4955 -0.5167
vn -0.7593 -0.4520 -0.4681
vn -0.7661 -0.4465 -0.4623
vn -0.6616 -0.5190 -0.5412
vn -0.7265 -0.4773 -0.4943
vn -0.7333 -0.4723 -0.4890
vn -0.6236 -0.5419 -0.5635
vn -0.6919 -0.5015 -0.5194
vn -0.6982 -0.4973 -0.5149
vn -0.6203 -0.5447 -0.5644
vn -0.5837 -0.5627 -0.5853
vn -0.6557 -0.5245 -0.5431
vn -0.6616 -0.5209 -0.5394
vn -0.5425 -0.5818 -0.6060
vn -0.6179 -0.5462 -0.5656
vn -0.6233 -0.5432 -0.5625
vn -0.5308 -0.5888 -0.6096
vn -0.5102 -0.5974 -0.6187
vn -0.4999 -0.5999 -0.6247
vn -0.5785 -0.5666 -0.5868
vn -0.5839 -0.5640 -0.5839
vn -0.4562 -0.6164 -0.6418
vn -0.5377 -0.5857 -0.6065
vn -0.5427 -0.5835 -0.6042
vn -0.4113 -0.6317 -0.6571
vn -0.4996 -0.6017 -0.6231
vn -0.4958 -0.6032 -0.6247
vn -0.3654 -0.6455 -0.6707
vn -0.4563 -0.6182 -0.6401
vn -0.4525 -0.6195 -0.6415
vn -0.3184 -0.6578 -0.6825
vn -0.4082 -0.6341 -0.6567
vn -0.4112 -0.6332 -0.6557
vn -0.3157 -0.6592 -0.6825
vn -0.2730 -0.6682 -0.6921
vn -0.2709 -0.6681 -0.6931
vn -0.3629 -0.6473 -0.6703
vn -0.3655 -0.6466 -0.6696
vn -0.2225 -0.6754 -0.7031
vn -0.3168 -0.6589 -0.6823
vn -0.3187 -0.6585 -0.6818
vn -0.1753 -0.6829 -0.7091
vn -0.1736 -0.6827 -0.7098
vn -0.2699 -0.6689 -0.6927
vn -0.2708 -0.6687 -0.6925
vn -0.1243 -0.6874 -0.7155
vn -0.2222 -0.6773 -0.7014
vn -0.1742 -0.6840 -0.7083
vn -0.2220 -0.6773 -0.7014
vn -0.0749 -0.6911 -0.7188
vn -0.1256 -0.6891 -0.7136
vn -0.0202 -0.6945 -0.7192
vn -0.0248 -0.6933 -0.7202
vn -0.0860 -0.6921 -0.7167
vn -0.1240 -0.6893 -0.7138
vn -0.0557 -0.6936 -0.7182
vn -0.0752 -0.6927 -0.7173
vn -0.0203 -0.6945 -0.7192
vn -0.0249 -0.6945 -0.7191
vn -0.8402 0.3731 0.3935
vn -0.8125 0.4014 0.4228
vn -0.7829 0.4285 0.4510
vn -0.7514 0.4546 0.4783
vn -0.7182 0.4795 0.5042
vn -0.6832 0.5034 0.5290
vn -0.6465 0.5261 0.5525
vn -0.6084 0.5474 0.5746
vn -0.5686 0.5675 0.5955
vn -0.5276 0.5862 0.6148
vn -0.4853 0.6035 0.6327
vn -0.4418 0.6193 0.6490
vn -0.3972 0.6337 0.6638
vn -0.3517 0.6465 0.6770
vn -0.3053 0.6578 0.6885
vn -0.2584 0.6676 0.6983
vn -0.2104 0.6757 0.7065
vn -0.1623 0.6820 0.7131
vn -0.1138 0.6870 0.7177
vn -0.0648 0.6902 0.7207
vn -0.0157 0.6918 0.7219
vn 0.0332 0.6917 0.7214
vn 0.0823 0.6899 0.7192
vn 0.1310 0.6865 0.7153
vn 0.1796 0.6815 0.7095
vn 0.2277 0.6747 0.7021
vn 0.2750 0.6665 0.6929
vn 0.3221 0.6564 0.6822
vn 0.3681 0.6450 0.6697
vn 0.4132 0.6320 0.6556
vn 0.4575 0.6173 0.6400
vn 0.5005 0.6013 0.6228
vn 0.5424 0.5837 0.6043
vn 0.5425 0.5837 0.6041
vn 0.5830 0.5642 0.5846
vn 0.6221 0.5434 0.5636
vn 0.6598 0.5213 0.5412
vn 0.6959 0.4980 0.5174
vn 0.7303 0.4735 0.4924
vn 0.7629 0.4479 0.4663
vn 0.7938 0.4211 0.4388
vn 0.8194 0.3970 0.4135
vn 0.8406 0.3741 0.3917
vn 0.8972 0.3050 0.3195
vn 0.9178 0.2738 0.2875
vn 0.9362 0.2422 0.2549
vn 0.9523 0.2099 0.2216
vn 0.9661 0.1771 0.1878
vn 0.9776 0.1439 0.1535
vn 0.9868 0.1104 0.1188
vn 0.9935 0.0766 0.0838
vn 0.9979 0.0426 0.0488
vn 0.9999 0.0085 0.0135
vn 0.9994 -0.0257 -0.0218
vn 0.9966 -0.0596 -0.0570
vn 0.9913 -0.0935 -0.0922
vn 0.9837 -0.1273 -0.1271
vn 0.9737 -0.1606 -0.1617
vn 0.9613 -0.1936 -0.1959
vn 0.9466 -0.2262 -0.2296
vn 0.9297 -0.2581 -0.2627
vn 0.9105 -0.2895 -0.2953
vn 0.8891 -0.3201 -0.3271
vn 0.8656 -0.3500 -0.3581
vn 0.8399 -0.3792 -0.3883
vn 0.8123 -0.4073 -0.4174
vn 0.7827 -0.4345 -0.4457
vn 0.7512 -0.4606 -0.4728
vn 0.7180 -0.4856 -0.4987
vn 0.6829 -0.5095 -0.5236
vn 0.6462 -0.5321 -0.5471
vn 0.6079 -0.5535 -0.5693
vn 0.5683 -0.5735 -0.5901
vn 0.5273 -0.5921 -0.6095
vn 0.4848 -0.6093 -0.6275
vn 0.4414 -0.6250 -0.6438
vn 0.3968 -0.6393 -0.6587
vn 0.3513 -0.6520 -0.6719
vn 0.3048 -0.6631 -0.6836
vn 0.2578 -0.6727 -0.6936
vn 0.2100 -0.6806 -0.7019
vn 0.1618 -0.6869 -0.7086
vn 0.1132 -0.6915 -0.7135
vn 0.0455 -0.6946 -0.7180
vn -0.0630 -0.6944 -0.7169
vn -0.1081 -0.6919 -0.7138
vn -0.1455 -0.6879 -0.7110
vn -0.4805 -0.6106 -0.6295
vn -0.4404 -0.6249 -0.6446
vn -0.3995 -0.6378 -0.6585
vn -0.3580 -0.6493 -0.6710
vn -0.2360 -0.6754 -0.6987
vn -0.2053 -0.6805 -0.7034
vn -0.7069 -0.4920 -0.5082
vn -0.6793 -0.5110 -0.5268
vn -0.6503 -0.5286 -0.5457
vn -0.5892 -0.5614 -0.5811
vn -0.5575 -0.5777 -0.5963
vn -0.7608 -0.4516 -0.4661
vn -0.7894 -0.4277 -0.4404
vn -0.8163 -0.4028 -0.4139
vn -0.8417 -0.3769 -0.3867
vn -0.8652 -0.3502 -0.3589
vn -0.8870 -0.3225 -0.3305
vn -0.9069 -0.2941 -0.3016
vn -0.9250 -0.2649 -0.2723
vn -0.9413 -0.2350 -0.2425
vn -0.9679 -0.1750 -0.1804
vn -0.9783 -0.1450 -0.1480
vn -0.9867 -0.1147 -0.1155
vn -0.9930 -0.0839 -0.0830
vn -0.9973 -0.0528 -0.0503
vn -0.9996 -0.0216 -0.0178
vn -0.9998 0.0101 0.0147
vn -0.9980 0.0418 0.0467
vn -0.9942 0.0737 0.0783
vn -0.9883 0.1057 0.1100
vn -0.9705 0.1667 0.1742
vn -0.9586 0.1963 0.2064
vn -0.9447 0.2255 0.2379
vn -0.9289 0.2546 0.2688
vn -0.9129 0.2817 0.2955
vn -0.8968 0.3067 0.3189
vn 0.7326 0.4688 0.4934
vn 0.7102 0.5213 0.4732
vn 0.6818 0.5386 0.4950
vn 0.7006 0.4949 0.5140
vn 0.6522 0.5551 0.5162
vn 0.6671 0.5202 0.5332
vn 0.6218 0.5700 0.5371
vn 0.6322 0.5451 0.5506
vn 0.5901 0.5838 0.5576
vn 0.5961 0.5692 0.5663
vn 0.5579 0.5948 0.5787
vn 0.5311 0.6106 0.5875
vn 0.5585 0.5934 0.5796
vn 0.5103 0.6188 0.5973
vn 0.4803 0.6311 0.6091
vn 0.5197 0.6041 0.6041
vn 0.4398 0.6481 0.6217
vn 0.4791 0.6290 0.6122
vn 0.3983 0.6642 0.6326
vn 0.4365 0.6423 0.6300
vn 0.3561 0.6796 0.6414
vn 0.3930 0.6539 0.6465
vn 0.3129 0.6944 0.6479
vn 0.3484 0.6626 0.6630
vn 0.3031 0.6673 0.6803
vn 0.2688 0.7112 0.6496
vn 0.2569 0.6619 0.7041
vn 0.2309 0.7210 0.6533
vn 0.2096 0.6373 0.7416
vn 0.4998 0.6230 0.6017
vn -0.8936 0.3229 0.3118
vn -0.9136 0.2925 0.2825
vn -0.9315 0.2616 0.2526
vn -0.9475 0.2300 0.2221
vn -0.9614 0.1979 0.1911
vn -0.9732 0.1655 0.1598
vn -0.9829 0.1326 0.1280
vn -0.9904 0.0994 0.0960
vn 0.9740 0.1630 0.1574
vn 0.9626 0.1950 0.1883
vn 0.9491 0.2266 0.2188
vn 0.9625 0.1950 0.1883
vn 0.9337 0.2576 0.2487
vn 0.9337 0.2575 0.2487
vn 0.9162 0.2882 0.2783
vn 0.8969 0.3182 0.3072
vn 0.8758 0.3472 0.3353
vn 0.8969 0.3181 0.3072
vn 0.8757 0.3473 0.3354
vn 0.8776 -0.3448 -0.3329
vn 0.8777 -0.3447 -0.3329
vn 0.8995 -0.3143 -0.3035
vn 0.8996 -0.3141 -0.3034
vn 0.9193 -0.2831 -0.2733
vn 0.9193 -0.2831 -0.2734
vn 0.9372 -0.2508 -0.2422
vn 0.9527 -0.2186 -0.2111
vn 0.9372 -0.2509 -0.2423
vn 0.9661 -0.1857 -0.1793
vn 0.9660 -0.1860 -0.1796
vn 0.9773 -0.1523 -0.1471
vn 0.9774 -0.1520 -0.1468
vn 0.9864 -0.1184 -0.1143
vn 0.9931 -0.0845 -0.0816
vn 0.9931 -0.0843 -0.0814
vn 0.9976 -0.0502 -0.0485
vn 0.9976 -0.0503 -0.0485
vn 0.9998 -0.0160 -0.0155
vn 0.9997 0.0185 0.0178
vn 0.9997 0.0184 0.0178
vn 0.9973 0.0527 0.0509
vn 0.9927 0.0869 0.0839
vn 0.9858 0.1208 0.1166
vn 0.9859 0.1205 0.1164
vn 0.9767 0.1545 0.1492
vn 0.9652 0.1881 0.1816
vn 0.9652 0.1880 0.1816
vn 0.9517 0.2208 0.2132
vn 0.9360 0.2532 0.2445
vn 0.9359 0.2535 0.2448
vn 0.9182 0.2850 0.2752
vn 0.8981 0.3164 0.3055
vn 0.8762 0.3467 0.3348
vn 0.6080 -0.5711 -0.5515
vn 0.6079 -0.5712 -0.5516
vn 0.6440 -0.5503 -0.5314
vn 0.6787 -0.5283 -0.5101
vn 0.6787 -0.5283 -0.5102
vn 0.7121 -0.5051 -0.4877
vn 0.7121 -0.5050 -0.4877
vn 0.7438 -0.4808 -0.4643
vn 0.7740 -0.4555 -0.4398
vn 0.8024 -0.4293 -0.4146
vn 0.7740 -0.4555 -0.4399
vn 0.8292 -0.4020 -0.3882
vn 0.8293 -0.4020 -0.3882
vn 0.8542 -0.3740 -0.3612
vn -0.8039 0.4278 0.4132
vn -0.8038 0.4279 0.4132
vn -0.8312 0.4000 0.3863
vn -0.8311 0.4000 0.3863
vn -0.8568 0.3710 0.3582
vn -0.8567 0.3710 0.3583
vn -0.8799 0.3417 0.3300
vn -0.9017 0.3110 0.3004
vn -0.9016 0.3111 0.3004
vn -0.9212 0.2799 0.2703
vn -0.9212 0.2798 0.2702
vn -0.9385 0.2483 0.2398
vn -0.9384 0.2485 0.2400
vn -0.9539 0.2158 0.2084
vn -0.9669 0.1835 0.1772
vn -0.9539 0.2159 0.2084
vn -0.9780 0.1499 0.1448
vn -0.9780 0.1500 0.1448
vn -0.9868 0.1165 0.1125
vn -0.9934 0.0828 0.0800
vn -0.9933 0.0828 0.0800
vn -0.9977 0.0486 0.0470
vn -0.9977 0.0486 0.0469
vn -0.9062 0.3042 0.2938
vn -0.9247 0.2738 0.2644
vn -0.9414 0.2427 0.2343
vn -0.9248 0.2737 0.2643
vn -0.9559 0.2112 0.2039
vn -0.9686 0.1789 0.1727
vn -0.9559 0.2112 0.2040
vn -0.9790 0.1465 0.1415
vn -0.9686 0.1788 0.1727
vn -0.9874 0.1138 0.1099
vn -0.9937 0.0807 0.0780
vn -0.9978 0.0476 0.0460
vn -0.9998 0.0142 0.0137
vn -0.5001 -0.6229 -0.6015
vn -0.4999 -0.6230 -0.6016
vn 0.5001 -0.6229 -0.6015
vn 0.8356 0.3952 0.3816
vn 0.8090 0.4228 0.4083
vn 0.7807 0.4496 0.4341
vn 0.7507 0.4753 0.4589
vn 0.7806 0.4496 0.4341
vn 0.7190 0.4999 0.4828
vn 0.7507 0.4752 0.4589
vn 0.6858 0.5235 0.5056
vn 0.7190 0.5000 0.4828
vn 0.6510 0.5460 0.5273
vn 0.6150 0.5672 0.5478
vn -0.2909 -0.6882 -0.6646
vn -0.2907 -0.6883 -0.6647
vn -0.2467 -0.6971 -0.6732
vn -0.2019 -0.7045 -0.6803
vn -0.2465 -0.6971 -0.6732
vn -0.1567 -0.7105 -0.6861
vn -0.1566 -0.7105 -0.6861
vn -0.1112 -0.7149 -0.6903
vn -0.1112 -0.7149 -0.6904
vn -0.0657 -0.7178 -0.6932
vn -0.0195 -0.7192 -0.6945
vn -0.0656 -0.7178 -0.6932
vn -0.0197 -0.7192 -0.6945
vn -0.8538 -0.3745 -0.3617
vn -0.8281 -0.4032 -0.3894
vn -0.8002 -0.4315 -0.4167
vn -0.8282 -0.4031 -0.3893
vn -0.7708 -0.4583 -0.4426
vn -0.7395 -0.4842 -0.4676
vn -0.7711 -0.4581 -0.4423
vn -0.7393 -0.4844 -0.4677
vn -0.7066 -0.5090 -0.4916
vn -0.7065 -0.5091 -0.4917
vn -0.6719 -0.5327 -0.5145
vn -0.6358 -0.5552 -0.5362
vn -0.6721 -0.5327 -0.5144
vn -0.5982 -0.5764 -0.5566
vn -0.6357 -0.5553 -0.5362
vn -0.5985 -0.5763 -0.5565
vn -0.5593 -0.5963 -0.5758
vn -0.5591 -0.5964 -0.5760
vn -0.5192 -0.6148 -0.5937
vn -0.4776 -0.6320 -0.6103
vn -0.4352 -0.6476 -0.6254
vn -0.4779 -0.6319 -0.6102
vn -0.3918 -0.6618 -0.6391
vn -0.3917 -0.6619 -0.6392
vn -0.3474 -0.6745 -0.6514
vn -0.3476 -0.6745 -0.6513
vn -0.3022 -0.6857 -0.6622
vn -0.2564 -0.6953 -0.6714
vn -0.2566 -0.6953 -0.6714
vn -0.2101 -0.7033 -0.6792
vn -0.2102 -0.7033 -0.6791
vn -0.1633 -0.7097 -0.6853
vn -0.1628 -0.7097 -0.6854
vn -0.1155 -0.7145 -0.6900
vn -0.0685 -0.7177 -0.6930
vn -0.0683 -0.7177 -0.6930
vn -0.0205 -0.7192 -0.6945
vn -0.9916 -0.0932 -0.0900
vn -0.9845 -0.1260 -0.1217
vn -0.9754 -0.1587 -0.1533
vn -0.9641 -0.1911 -0.1845
vn -0.9507 -0.2230 -0.2153
vn -0.9354 -0.2543 -0.2456
vn -0.9180 -0.2853 -0.2755
vn -0.8986 -0.3156 -0.3047
vn -0.8987 -0.3155 -0.3047
vn -0.8774 -0.3451 -0.3333
vn 0.9171 0.2868 0.2770
vn 0.9171 0.2868 0.2769
vn 0.8970 0.3180 0.3071
vn 0.8970 0.3179 0.3070
vn 0.8752 0.3480 0.3361
vn 0.8513 0.3775 0.3645
vn 0.8254 0.4061 0.3922
vn 0.8512 0.3776 0.3646
vn 0.7977 0.4338 0.4189
vn 0.7681 0.4606 0.4448
vn 0.7370 0.4862 0.4695
vn 0.7039 0.5109 0.4934
vn 0.7371 0.4861 0.4695
vn 0.6696 0.5343 0.5160
vn 0.7041 0.5108 0.4933
vn 0.6696 0.5343 0.5159
vn 0.6337 0.5565 0.5374
vn 0.6338 0.5564 0.5373
vn 0.5962 0.5775 0.5577
vn 0.5576 0.5971 0.5766
vn 0.5575 0.5972 0.5767
vn 0.5178 0.6154 0.5943
vn 0.5176 0.6155 0.5944
vn 0.8194 0.4124 0.3982
vn 0.7919 0.4392 0.4242
vn 0.7629 0.4651 0.4491
vn 0.7920 0.4392 0.4241
vn 0.7321 0.4900 0.4732
vn 0.7628 0.4652 0.4492
vn 0.6998 0.5139 0.4962
vn 0.6659 0.5366 0.5182
vn 0.6998 0.5139 0.4963
vn 0.6306 0.5583 0.5391
vn 0.5941 0.5786 0.5588
vn 0.5562 0.5978 0.5773
vn 0.5171 0.6157 0.5946
vn -0.5001 0.6229 0.6015
vn -0.4999 0.6230 0.6016
vn 0.9974 0.0517 0.0499
vn 0.9929 0.0858 0.0829
vn 0.9860 0.1201 0.1160
vn 0.9769 0.1539 0.1486
vn 0.9655 0.1873 0.1809
vn 0.9519 0.2204 0.2128
vn 0.9362 0.2529 0.2442
vn 0.9183 0.2848 0.2750
vn 0.9183 0.2848 0.2751
vn 0.8982 0.3162 0.3053
vn 0.9997 0.0164 0.0158
vn 0.9977 0.0489 0.0472
vn 0.9936 0.0814 0.0786
vn 0.9874 0.1137 0.1098
vn 0.9792 0.1458 0.1408
vn 0.9690 0.1776 0.1716
vn 0.9569 0.2090 0.2018
vn 0.9690 0.1776 0.1715
vn 0.9427 0.2400 0.2318
vn 0.9266 0.2706 0.2613
vn 0.9936 -0.0813 -0.0785
vn 0.9936 -0.0814 -0.0786
vn 0.9978 -0.0474 -0.0458
vn 0.9998 -0.0133 -0.0129
vn 0.9996 0.0207 0.0200
vn 0.9971 0.0549 0.0530
vn 0.9971 0.0549 0.0531
vn 0.9924 0.0886 0.0856
vn 0.9853 0.1227 0.1185
vn 0.9854 0.1227 0.1185
vn 0.9762 0.1560 0.1507
vn 0.9648 0.1891 0.1826
vn 0.9762 0.1561 0.1507
vn 0.9513 0.2218 0.2142
vn 0.9356 0.2540 0.2453
vn 0.9178 0.2856 0.2758
vn 0.8980 0.3165 0.3056
vn 0.8980 0.3166 0.3057
vn 0.8761 0.3468 0.3349
vn 0.8761 0.3469 0.3350
vn -0.7303 -0.4914 -0.4746
vn -0.7303 -0.4914 -0.4745
vn -0.6981 -0.5150 -0.4974
vn -0.6644 -0.5376 -0.5192
vn -0.6645 -0.5376 -0.5191
vn -0.6297 -0.5588 -0.5397
vn -0.6295 -0.5589 -0.5397
vn -0.5931 -0.5791 -0.5593
vn -0.5933 -0.5791 -0.5592
vn -0.5555 -0.5981 -0.5776
vn -0.5170 -0.6157 -0.5946
vn -0.5555 -0.5982 -0.5776
vn -0.5171 -0.6157 -0.5946
vn -0.9235 0.2760 0.2665
vn -0.9403 0.2449 0.2365
vn -0.9550 0.2134 0.2060
vn -0.9550 0.2133 0.2060
vn -0.9677 0.1813 0.1751
vn -0.9783 0.1489 0.1438
vn -0.9869 0.1161 0.1121
vn -0.9784 0.1489 0.1438
vn -0.9933 0.0832 0.0803
vn -0.9976 0.0499 0.0482
vn -0.9997 0.0167 0.0161
vn -0.9997 -0.0172 -0.0166
vn -0.9974 -0.0514 -0.0497
vn -0.9929 -0.0856 -0.0827
vn -0.9861 -0.1197 -0.1156
vn -0.9770 -0.1532 -0.1480
vn -0.9771 -0.1532 -0.1480
vn -0.9658 -0.1866 -0.1802
vn -0.9657 -0.1868 -0.1803
vn -0.9521 -0.2199 -0.2123
vn -0.9365 -0.2522 -0.2436
vn -0.9188 -0.2840 -0.2742
vn -0.9366 -0.2521 -0.2434
vn -0.9187 -0.2841 -0.2744
vn -0.8990 -0.3150 -0.3042
vn -0.8768 -0.3459 -0.3340
vn -0.8531 -0.3753 -0.3624
vn -0.8271 -0.4043 -0.3905
vn -0.8270 -0.4044 -0.3905
vn -0.7993 -0.4323 -0.4175
vn -0.7696 -0.4593 -0.4435
vn -0.7697 -0.4593 -0.4435
vn -0.7385 -0.4850 -0.4684
vn -0.7384 -0.4851 -0.4684
vn -0.7054 -0.5099 -0.4924
vn -0.6708 -0.5335 -0.5152
vn -0.6345 -0.5560 -0.5369
vn -0.5966 -0.5773 -0.5575
vn -0.5579 -0.5970 -0.5765
vn -0.5969 -0.5772 -0.5574
vn -0.5582 -0.5968 -0.5763
vn 0.4792 0.6314 0.6097
vn 0.4791 0.6314 0.6097
vn 0.4366 0.6472 0.6250
vn 0.3930 0.6615 0.6388
vn 0.4366 0.6472 0.6249
vn 0.3484 0.6743 0.6511
vn 0.3033 0.6855 0.6619
vn 0.2571 0.6952 0.6713
vn 0.2572 0.6952 0.6713
vn 0.2108 0.7032 0.6790
vn 0.2106 0.7032 0.6791
vn 0.1637 0.7096 0.6853
vn 0.1160 0.7145 0.6900
vn 0.1164 0.7144 0.6899
vn 0.0685 0.7177 0.6930
vn 0.0682 0.7177 0.6930
vn 0.0207 0.7192 0.6945
vn 0.0208 0.7192 0.6945
vn 0.4801 0.6310 0.6094
vn 0.4802 0.6310 0.6093
vn 0.4400 0.6460 0.6238
vn 0.3987 0.6597 0.6371
vn 0.3568 0.6720 0.6489
vn 0.3988 0.6597 0.6370
vn 0.3141 0.6829 0.6595
vn 0.2707 0.6925 0.6687
vn 0.2268 0.7006 0.6766
vn 0.1824 0.7073 0.6830
vn 0.1376 0.7125 0.6881
vn 0.1375 0.7125 0.6881
vn 0.5947 0.5783 0.5585
vn 0.5948 0.5783 0.5584
vn 0.5560 0.5979 0.5774
vn 0.5561 0.5979 0.5773
vn 0.5159 0.6162 0.5951
vn 0.4749 0.6331 0.6113
vn 0.4323 0.6486 0.6264
vn 0.4747 0.6331 0.6114
vn 0.4326 0.6485 0.6263
vn 0.3892 0.6626 0.6399
vn 0.3891 0.6626 0.6399
vn 0.3452 0.6751 0.6520
vn 0.3453 0.6751 0.6519
vn 0.3003 0.6861 0.6626
vn 0.2547 0.6956 0.6718
vn 0.3001 0.6862 0.6626
vn 0.2088 0.7035 0.6794
vn 0.2546 0.6956 0.6718
vn 0.2086 0.7035 0.6794
vn 0.1621 0.7098 0.6855
vn 0.1619 0.7099 0.6855
vn 0.1150 0.7146 0.6901
vn 0.1148 0.7146 0.6901
vn 0.0677 0.7177 0.6931
vn 0.0680 0.7177 0.6931
vn 0.0205 0.7192 0.6945
vn 0.0202 0.7192 0.6945
vn 0.2266 -0.7006 -0.6766
vn 0.2710 -0.6924 -0.6687
vn 0.3149 -0.6827 -0.6593
vn 0.2711 -0.6924 -0.6686
vn 0.3148 -0.6828 -0.6593
vn 0.3581 -0.6716 -0.6486
vn 0.3582 -0.6716 -0.6486
vn 0.4006 -0.6591 -0.6365
vn 0.4005 -0.6591 -0.6365
vn 0.4423 -0.6452 -0.6230
vn 0.4828 -0.6299 -0.6083
vn 0.4422 -0.6452 -0.6231
vn 0.4830 -0.6299 -0.6083
vn -0.7940 -0.4373 -0.4223
vn -0.7649 -0.4633 -0.4474
vn -0.7344 -0.4883 -0.4715
vn -0.7343 -0.4883 -0.4715
vn -0.7022 -0.5122 -0.4946
vn -0.7021 -0.5122 -0.4946
vn -0.6684 -0.5351 -0.5167
vn -0.6332 -0.5567 -0.5376
vn -0.5968 -0.5772 -0.5574
vn -0.6333 -0.5567 -0.5376
vn -0.5967 -0.5772 -0.5574
vn -0.5589 -0.5965 -0.5760
vn -0.5199 -0.6145 -0.5934
vn -0.4793 -0.6313 -0.6097
vn -0.3936 -0.6613 -0.6386
vn -0.3935 -0.6613 -0.6386
vn -0.3490 -0.6741 -0.6510
vn -0.3038 -0.6853 -0.6618
vn -0.3040 -0.6853 -0.6618
vn -0.2577 -0.6950 -0.6712
vn -0.2579 -0.6950 -0.6712
vn -0.2117 -0.7030 -0.6789
vn -0.2119 -0.7030 -0.6789
vn -0.1647 -0.7095 -0.6852
vn -0.1176 -0.7143 -0.6898
vn -0.1649 -0.7095 -0.6851
vn -0.1175 -0.7144 -0.6899
vn -0.0702 -0.7176 -0.6929
vn -0.0699 -0.7176 -0.6930
vn -0.0219 -0.7192 -0.6945
vn -0.0220 -0.7192 -0.6945
vn 0.0255 -0.7191 -0.6944
vn 0.0256 -0.7191 -0.6944
vn 0.0729 -0.7174 -0.6928
vn 0.0732 -0.7174 -0.6928
vn 0.1207 -0.7141 -0.6896
vn 0.1208 -0.7141 -0.6896
vn 0.1681 -0.7091 -0.6848
vn 0.1679 -0.7091 -0.6848
vn 0.2149 -0.7025 -0.6784
vn 0.2146 -0.7026 -0.6785
vn 0.2612 -0.6944 -0.6706
vn 0.3069 -0.6846 -0.6611
vn 0.3070 -0.6846 -0.6611
vn 0.3522 -0.6733 -0.6501
vn 0.3523 -0.6732 -0.6501
vn 0.3962 -0.6605 -0.6378
vn 0.4398 -0.6460 -0.6239
vn 0.3960 -0.6605 -0.6379
vn 0.4399 -0.6460 -0.6238
vn 0.4820 -0.6303 -0.6086
vn 0.4819 -0.6303 -0.6087
vn -0.0000 0.7193 -0.6947
vn -0.0000 0.7194 -0.6946
vn -0.0001 0.7194 -0.6946
vn 0.0001 0.7193 -0.6947
vn -0.0001 0.7193 -0.6947
vn 0.0001 0.7193 -0.6946
vn 0.0001 0.7194 -0.6946
vn -0.0000 0.7193 -0.6946
vn 0.8909 -0.3272 -0.3149
vn 0.9121 -0.2957 -0.2838
vn 0.9313 -0.2631 -0.2521
vn 0.9480 -0.2298 -0.2201
vn 0.9625 -0.1957 -0.1878
vn 0.9747 -0.1611 -0.1548
vn 0.9845 -0.1269 -0.1210
vn 0.9919 -0.0921 -0.0871
vn 0.9970 -0.0568 -0.0531
vn 0.9996 -0.0212 -0.0191
vn 0.9997 0.0173 0.0179
vn 0.9972 0.0519 0.0537
vn 0.9972 0.0519 0.0538
vn 0.9922 0.0864 0.0894
vn 0.9848 0.1206 0.1249
vn 0.9749 0.1545 0.1600
vn 0.9749 0.1546 0.1600
vn 0.9626 0.1881 0.1948
vn 0.9479 0.2212 0.2291
vn 0.9309 0.2538 0.2628
vn 0.9115 0.2857 0.2958
vn 0.8898 0.3170 0.3282
vn 0.8898 0.3169 0.3282
vn 0.8660 0.3473 0.3597
vn 0.8400 0.3769 0.3903
vn 0.8119 0.4055 0.4199
vn 0.7818 0.4331 0.4485
vn 0.7819 0.4331 0.4485
vn 0.7497 0.4597 0.4760
vn 0.7498 0.4597 0.4760
vn 0.7159 0.4850 0.5023
vn 0.7159 0.4850 0.5022
vn 0.6802 0.5092 0.5273
vn 0.6428 0.5322 0.5511
vn 0.6427 0.5322 0.5511
vn 0.6038 0.5537 0.5734
vn 0.5633 0.5740 0.5943
vn 0.5633 0.5739 0.5943
vn 0.5214 0.5927 0.6138
vn 0.4783 0.6100 0.6317
vn 0.4338 0.6259 0.6481
vn 0.3885 0.6401 0.6628
vn 0.3421 0.6528 0.6760
vn 0.3884 0.6401 0.6629
vn 0.2947 0.6638 0.6874
vn 0.3420 0.6528 0.6760
vn 0.2948 0.6638 0.6874
vn 0.2468 0.6732 0.6971
vn 0.1981 0.6809 0.7051
vn 0.1490 0.6869 0.7113
vn 0.0996 0.6912 0.7158
vn 0.0499 0.6938 0.7184
vn -0.0000 0.6947 0.7193
vn -0.0499 0.6938 0.7184
vn -0.0996 0.6912 0.7158
vn -0.1490 0.6869 0.7113
vn -0.1981 0.6809 0.7051
vn -0.2468 0.6732 0.6971
vn -0.2948 0.6638 0.6874
vn -0.2947 0.6638 0.6874
vn -0.3421 0.6528 0.6760
vn -0.3420 0.6528 0.6760
vn -0.3884 0.6401 0.6629
vn -0.3885 0.6401 0.6628
vn -0.4338 0.6259 0.6481
vn -0.4783 0.6100 0.6317
vn -0.5214 0.5927 0.6138
vn -0.5633 0.5739 0.5943
vn -0.5633 0.5740 0.5943
vn -0.6038 0.5537 0.5734
vn -0.6427 0.5322 0.5511
vn -0.6802 0.5092 0.5273
vn -0.7159 0.4850 0.5023
vn -0.7159 0.4850 0.5022
vn -0.7498 0.4597 0.4760
vn -0.7497 0.4597 0.4760
vn -0.7818 0.4331 0.4485
vn -0.7819 0.4331 0.4485
vn -0.8119 0.4055 0.4199
vn -0.8400 0.3769 0.3903
vn -0.8660 0.3473 0.3597
vn -0.8660 0.3473 0.3596
vn -0.8898 0.3169 0.3282
vn -0.8898 0.3170 0.3282
vn -0.9115 0.2857 0.2958
vn -0.9309 0.2538 0.2628
vn -0.9479 0.2212 0.2291
vn -0.9626 0.1881 0.1948
vn -0.9749 0.1545 0.1600
vn -0.9848 0.1207 0.1249
vn -0.9848 0.1206 0.1249
vn -0.9922 0.0864 0.0895
vn -0.9972 0.0519 0.0538
vn -0.9972 0.0519 0.0537
vn -0.9997 0.0173 0.0179
vn -0.9997 -0.0173 -0.0179
vn -0.9972 -0.0519 -0.0538
vn -0.9922 -0.0864 -0.0895
vn -0.9848 -0.1206 -0.1249
vn -0.9749 -0.1546 -0.1600
vn -0.9749 -0.1546 -0.1601
vn -0.9626 -0.1881 -0.1948
vn -0.9479 -0.2212 -0.2291
vn -0.9309 -0.2538 -0.2628
vn -0.9115 -0.2857 -0.2958
vn -0.8899 -0.3169 -0.3282
vn -0.8660 -0.3473 -0.3597
vn -0.8400 -0.3769 -0.3903
vn -0.8660 -0.3473 -0.3596
vn -0.8119 -0.4055 -0.4199
vn -0.7819 -0.4331 -0.4485
vn -0.7498 -0.4597 -0.4760
vn -0.7159 -0.4850 -0.5022
vn -0.7159 -0.4850 -0.5023
vn -0.6802 -0.5092 -0.5273
vn -0.6427 -0.5322 -0.5511
vn -0.6038 -0.5538 -0.5734
vn -0.6038 -0.5537 -0.5734
vn -0.5634 -0.5739 -0.5943
vn -0.5215 -0.5927 -0.6138
vn -0.5214 -0.5928 -0.6138
vn -0.4783 -0.6101 -0.6317
vn -0.4782 -0.6101 -0.6317
vn -0.4338 -0.6259 -0.6481
vn -0.4339 -0.6259 -0.6481
vn -0.3885 -0.6401 -0.6628
vn -0.3884 -0.6401 -0.6629
vn -0.3420 -0.6528 -0.6760
vn -0.2947 -0.6638 -0.6874
vn -0.1981 -0.6809 -0.7051
vn -0.1491 -0.6869 -0.7113
vn -0.1490 -0.6869 -0.7113
vn -0.0996 -0.6912 -0.7158
vn -0.0499 -0.6938 -0.7184
vn 0.0499 -0.6938 -0.7184
vn 0.0996 -0.6912 -0.7158
vn 0.1491 -0.6869 -0.7113
vn 0.1490 -0.6869 -0.7113
vn 0.1981 -0.6809 -0.7051
vn 0.2468 -0.6732 -0.6971
vn 0.2947 -0.6638 -0.6874
vn 0.3420 -0.6528 -0.6760
vn 0.3885 -0.6401 -0.6628
vn 0.3884 -0.6401 -0.6629
vn 0.4338 -0.6259 -0.6481
vn 0.4339 -0.6259 -0.6481
vn 0.4783 -0.6101 -0.6317
vn 0.4782 -0.6101 -0.6317
vn 0.5215 -0.5927 -0.6138
vn 0.5214 -0.5928 -0.6138
vn 0.5634 -0.5739 -0.5943
vn 0.6038 -0.5538 -0.5734
vn 0.6038 -0.5537 -0.5734
vn 0.6427 -0.5322 -0.5511
vn 0.6428 -0.5321 -0.5511
vn 0.6802 -0.5092 -0.5273
vn 0.7159 -0.4850 -0.5023
vn 0.7498 -0.4597 -0.4760
vn 0.7819 -0.4331 -0.4485
vn 0.8119 -0.4055 -0.4199
vn 0.8400 -0.3769 -0.3903
vn 0.8660 -0.3473 -0.3597
vn 0.8899 -0.3169 -0.3282
vn 0.9115 -0.2857 -0.2958
vn 0.9309 -0.2538 -0.2628
vn 0.9479 -0.2212 -0.2291
vn 0.9626 -0.1881 -0.1948
vn 0.9749 -0.1546 -0.1600
vn 0.9749 -0.1546 -0.1601
vn 0.9848 -0.1206 -0.1249
vn 0.9922 -0.0864 -0.0894
vn 0.9922 -0.0864 -0.0895
vn 0.9972 -0.0519 -0.0538
vn 0.9997 -0.0173 -0.0179
vn -0.9301 -0.1648 -0.3284
vn -0.9194 -0.3325 -0.2100
vn -0.9046 -0.3457 -0.2493
vn -0.9145 -0.2144 -0.3430
vn -0.8884 -0.3509 -0.2962
vn -0.9012 -0.2938 -0.3185
vn -0.8870 -0.3324 -0.3206
vn -0.0733 -0.7517 -0.6554
vn -0.0439 -0.7076 -0.7052
vn -0.0148 -0.7210 -0.6928
vn -0.0239 -0.7356 -0.6770
vn 0.0239 -0.7167 -0.6970
vn 0.0248 -0.7189 -0.6947
vn 0.0713 -0.7175 -0.6929
vn 0.0705 -0.7162 -0.6943
vn 0.1187 -0.7158 -0.6881
vn 0.1658 -0.7118 -0.6825
vn 0.1159 -0.7122 -0.6923
vn 0.1614 -0.7070 -0.6886
vn 0.2126 -0.7002 -0.6816
vn 0.2059 -0.7063 -0.6774
vn 0.2588 -0.6920 -0.6739
vn 0.2508 -0.6988 -0.6699
vn 0.3045 -0.6823 -0.6647
vn 0.2953 -0.6900 -0.6609
vn 0.3495 -0.6710 -0.6540
vn 0.3392 -0.6795 -0.6505
vn 0.3936 -0.6582 -0.6417
vn 0.3825 -0.6675 -0.6388
vn 0.4249 -0.6542 -0.6257
vn 0.4369 -0.6439 -0.6281
vn 0.4666 -0.6393 -0.6112
vn 0.4793 -0.6281 -0.6130
vn 0.5207 -0.6106 -0.5967
vn 0.5072 -0.6231 -0.5954
vn 0.5469 -0.6055 -0.5781
vn 0.5614 -0.5916 -0.5787
vn 0.6005 -0.5713 -0.5595
vn 0.5852 -0.5868 -0.5597
vn 0.6384 -0.5495 -0.5389
vn 0.6204 -0.5672 -0.5417
vn 0.6510 -0.5481 -0.5251
vn 0.6748 -0.5308 -0.5127
vn 0.6784 -0.5247 -0.5143
vn 0.7096 -0.5032 -0.4932
vn 0.7056 -0.5098 -0.4922
vn 0.7427 -0.4760 -0.4710
vn 0.7315 -0.4931 -0.4709
vn 0.7562 -0.4741 -0.4510
vn 0.7742 -0.4563 -0.4387
vn 0.7776 -0.4451 -0.4440
vn 0.8038 -0.4186 -0.4228
vn 0.8005 -0.4305 -0.4169
vn 0.8212 -0.4164 -0.3901
vn 0.8290 -0.3853 -0.4053
vn 0.8302 -0.3601 -0.4256
vn -0.0012 0.6949 -0.7191
vn 0.0010 0.6945 -0.7195
vn 0.0622 0.6919 -0.7193
vn 0.0621 0.6919 -0.7193
vn -0.0976 0.6926 -0.7147
vn -0.0977 0.6926 -0.7147
vn -0.0009 0.6948 -0.7192
vn -0.0055 0.6947 -0.7193
vn -0.0203 0.6944 -0.7193
vn -0.0202 0.6944 -0.7193
vn 0.0001 -0.7193 0.6946
vn -0.0002 -0.7194 0.6946
vn 0.0002 -0.7191 0.6949
vn -0.0000 -0.7194 0.6945
vn -0.0002 -0.7193 0.6947
vn 0.0002 -0.7192 0.6948
vn -0.0004 -0.7196 0.6944
vn -0.0003 -0.7194 0.6946
vn 0.0001 -0.7191 0.6949
vn -0.0001 -0.7192 0.6948
vn 0.0001 -0.7192 0.6948
vn 0.0003 -0.7190 0.6950
vn -0.0005 -0.7196 0.6944
vn -0.0002 -0.7196 0.6944
vn -0.0003 -0.7196 0.6944
vn -0.0000 -0.7190 0.6950
vn 0.0002 -0.7193 0.6947
vn 0.0002 -0.7194 0.6946
vn -0.0000 -0.7191 0.6949
vn 0.0004 -0.7193 0.6947
vn 0.0003 -0.7194 0.6946
vn -0.0001 -0.7198 0.6942
vn -0.0007 -0.7196 0.6944
vn 0.0001 -0.7189 0.6952
vn 0.0003 -0.7192 0.6948
vn -0.0001 -0.7196 0.6944
vn -0.0000 -0.7195 0.6945
vn -0.0000 -0.7196 0.6944
vn -0.0001 -0.7193 0.6948
vn -0.0003 -0.7193 0.6947
vn -0.0004 -0.7193 0.6947
vn 0.0003 -0.7193 0.6947
vn -0.0002 -0.7195 0.6945
vn -0.0002 -0.7197 0.6943
vn -0.0003 -0.7192 0.6948
vn 0.0007 -0.7194 0.6946
vn -0.0002 -0.7191 0.6949
vn -0.0002 -0.7192 0.6949
vn 0.0003 -0.7195 0.6945
vn 0.0003 -0.7197 0.6943
vn -0.0005 -0.7193 0.6947
vn 0.0006 -0.7194 0.6946
vn -0.0001 -0.7191 0.6949
vn -0.0001 -0.7190 0.6950
vn -0.0001 -0.7192 0.6949
vn 0.0001 -0.7196 0.6944
vn -0.0002 -0.7192 0.6948
vn 0.0004 -0.7196 0.6943
vn 0.0002 -0.7197 0.6943
vn -0.0003 -0.7191 0.6949
vn 0.0002 -0.7195 0.6945
vn -0.0000 -0.7192 0.6948
vn -0.0003 -0.7190 0.6950
vn 0.0004 -0.7195 0.6945
vn 0.0005 -0.7194 0.6946
vn 0.0004 -0.7194 0.6946
vn 0.0001 -0.7195 0.6945
vn 0.0002 -0.7196 0.6944
vn -0.0003 -0.7189 0.6951
vn 0.0001 -0.7198 0.6942
vn -0.0004 -0.7194 0.6946
vn -0.0004 -0.7194 0.6945
vn -0.0006 -0.7194 0.6946
vn 0.0005 -0.7193 0.6947
vn 0.0002 -0.7190 0.6950
vn 0.0004 -0.7194 0.6945
vn -0.0000 -0.7196 0.6943
vn 0.0001 -0.7190 0.6951
vn 0.0002 -0.7192 0.6949
vn -0.0004 -0.7197 0.6943
vn -0.0003 -0.7195 0.6945
vn -0.0004 -0.7195 0.6945
vn -0.0003 -0.7197 0.6943
vn 0.0003 -0.7191 0.6949
vn 0.0249 0.6944 0.7191
vn 0.0748 0.6927 0.7173
vn 0.1242 0.6893 0.7138
vn 0.1243 0.6893 0.7137
vn 0.1737 0.6841 0.7084
vn 0.2225 0.6773 0.7013
vn 0.1736 0.6841 0.7084
vn 0.2709 0.6687 0.6924
vn 0.3185 0.6585 0.6819
vn 0.2708 0.6687 0.6925
vn 0.3653 0.6466 0.6696
vn 0.4113 0.6332 0.6557
vn 0.4562 0.6182 0.6401
vn 0.5000 0.6016 0.6230
vn 0.5426 0.5835 0.6042
vn 0.5425 0.5835 0.6043
vn 0.5837 0.5640 0.5841
vn 0.6235 0.5431 0.5624
vn 0.6617 0.5209 0.5394
vn 0.6616 0.5209 0.5394
vn 0.6982 0.4973 0.5150
vn 0.7331 0.4724 0.4893
vn 0.6983 0.4973 0.5149
vn 0.7330 0.4725 0.4893
vn 0.7661 0.4465 0.4624
vn 0.7972 0.4194 0.4343
vn 0.8262 0.3913 0.4052
vn 0.8533 0.3622 0.3751
vn 0.8782 0.3322 0.3440
vn 0.9010 0.3014 0.3121
vn 0.9215 0.2698 0.2794
vn 0.9397 0.2376 0.2460
vn 0.9397 0.2376 0.2461
vn 0.9556 0.2048 0.2121
vn 0.9691 0.1714 0.1774
vn 0.9802 0.1377 0.1426
vn 0.9950 0.0692 0.0716
vn 0.9988 0.0346 0.0358
vn 0.9988 -0.0346 -0.0358
vn 0.9888 -0.1035 -0.1072
vn 0.9802 -0.1377 -0.1426
vn 0.9691 -0.1714 -0.1774
vn 0.9556 -0.2048 -0.2121
vn 0.9397 -0.2376 -0.2461
vn 0.9397 -0.2376 -0.2460
vn 0.9215 -0.2698 -0.2794
vn 0.9009 -0.3014 -0.3122
vn 0.9010 -0.3014 -0.3121
vn 0.8782 -0.3322 -0.3440
vn 0.8533 -0.3622 -0.3751
vn 0.8262 -0.3913 -0.4052
vn 0.7971 -0.4194 -0.4343
vn 0.7972 -0.4194 -0.4343
vn 0.7660 -0.4465 -0.4624
vn 0.7661 -0.4465 -0.4624
vn 0.7331 -0.4725 -0.4893
vn 0.7330 -0.4725 -0.4893
vn 0.6982 -0.4973 -0.5150
vn 0.6617 -0.5208 -0.5393
vn 0.6617 -0.5208 -0.5394
vn 0.6235 -0.5431 -0.5624
vn 0.5838 -0.5640 -0.5840
vn 0.5838 -0.5640 -0.5841
vn 0.5425 -0.5835 -0.6043
vn 0.5000 -0.6016 -0.6230
vn 0.4562 -0.6182 -0.6401
vn 0.4113 -0.6332 -0.6557
vn 0.4114 -0.6332 -0.6557
vn 0.3653 -0.6466 -0.6696
vn 0.3184 -0.6585 -0.6819
vn 0.3185 -0.6585 -0.6819
vn 0.2709 -0.6687 -0.6925
vn 0.2225 -0.6772 -0.7013
vn 0.1736 -0.6841 -0.7084
vn 0.1243 -0.6893 -0.7138
vn 0.1244 -0.6893 -0.7138
vn 0.0747 -0.6927 -0.7173
vn 0.0748 -0.6927 -0.7173
vn 0.0249 -0.6944 -0.7191
vn -0.0249 -0.6944 -0.7191
vn -0.0748 -0.6927 -0.7173
vn -0.0747 -0.6927 -0.7173
vn -0.1244 -0.6893 -0.7138
vn -0.1243 -0.6893 -0.7138
vn -0.1737 -0.6841 -0.7084
vn -0.1736 -0.6841 -0.7084
vn -0.2225 -0.6772 -0.7013
vn -0.2709 -0.6687 -0.6925
vn -0.3184 -0.6585 -0.6819
vn -0.3185 -0.6585 -0.6819
vn -0.3653 -0.6466 -0.6696
vn -0.4114 -0.6332 -0.6557
vn -0.4113 -0.6332 -0.6557
vn -0.4562 -0.6182 -0.6401
vn -0.5000 -0.6016 -0.6230
vn -0.5425 -0.5835 -0.6043
vn -0.5838 -0.5640 -0.5841
vn -0.6235 -0.5431 -0.5624
vn -0.6617 -0.5208 -0.5393
vn -0.6982 -0.4973 -0.5150
vn -0.7331 -0.4725 -0.4893
vn -0.7660 -0.4465 -0.4624
vn -0.7661 -0.4465 -0.4624
vn -0.7972 -0.4194 -0.4343
vn -0.8262 -0.3913 -0.4052
vn -0.8263 -0.3913 -0.4052
vn -0.8533 -0.3622 -0.3751
vn -0.8782 -0.3322 -0.3440
vn -0.9010 -0.3014 -0.3121
vn -0.9009 -0.3015 -0.3122
vn -0.9215 -0.2698 -0.2794
vn -0.9215 -0.2697 -0.2794
vn -0.9397 -0.2376 -0.2461
vn -0.9555 -0.2048 -0.2121
vn -0.9556 -0.2048 -0.2121
vn -0.9691 -0.1713 -0.1774
vn -0.9802 -0.1377 -0.1426
vn -0.9888 -0.1035 -0.1072
vn -0.9950 -0.0692 -0.0717
vn -0.9988 -0.0346 -0.0358
vn -0.9988 0.0346 0.0358
vn -0.9950 0.0692 0.0717
vn -0.9888 0.1035 0.1072
vn -0.9802 0.1377 0.1426
vn -0.9691 0.1713 0.1774
vn -0.9555 0.2048 0.2121
vn -0.9397 0.2376 0.2460
vn -0.9397 0.2376 0.2461
vn -0.9215 0.2698 0.2794
vn -0.9010 0.3014 0.3121
vn -0.8782 0.3322 0.3440
vn -0.8533 0.3622 0.3751
vn -0.8262 0.3913 0.4052
vn -0.7972 0.4194 0.4343
vn -0.7660 0.4466 0.4624
vn -0.7331 0.4725 0.4892
vn -0.7660 0.4465 0.4624
vn -0.7330 0.4725 0.4893
vn -0.6982 0.4973 0.5150
vn -0.6617 0.5209 0.5394
vn -0.6235 0.5431 0.5624
vn -0.5837 0.5640 0.5841
vn -0.5425 0.5835 0.6043
vn -0.5426 0.5835 0.6042
vn -0.5000 0.6016 0.6230
vn -0.4562 0.6182 0.6401
vn -0.4562 0.6181 0.6401
vn -0.4113 0.6332 0.6557
vn -0.3653 0.6466 0.6696
vn -0.3185 0.6585 0.6819
vn -0.2709 0.6687 0.6925
vn -0.2708 0.6687 0.6925
vn -0.2225 0.6773 0.7013
vn -0.1737 0.6841 0.7084
vn -0.1242 0.6893 0.7138
vn -0.0748 0.6927 0.7173
vn -0.1243 0.6893 0.7138
vn -0.0253 0.6944 0.7191
vn -0.0747 0.6927 0.7173
vn -0.0742 0.6927 0.7174
vn -0.1736 0.6841 0.7084
vn -0.1735 0.6841 0.7084
vn -0.2225 0.6772 0.7013
vn -0.2227 0.6772 0.7013
vn -0.2709 0.6687 0.6924
vn -0.3186 0.6585 0.6819
vn -0.3182 0.6586 0.6820
vn -0.3654 0.6466 0.6696
vn -0.4116 0.6331 0.6556
vn -0.4560 0.6182 0.6402
vn -0.5001 0.6015 0.6229
vn -0.5424 0.5836 0.6043
vn -0.5838 0.5640 0.5840
vn -0.6236 0.5431 0.5624
vn -0.6615 0.5210 0.5395
vn -0.6616 0.5209 0.5394
vn -0.6985 0.4971 0.5148
vn -0.7331 0.4725 0.4893
vn -0.7659 0.4467 0.4625
vn -0.7971 0.4195 0.4344
vn -0.7971 0.4194 0.4343
vn -0.8533 0.3623 0.3751
vn -0.8532 0.3623 0.3752
vn -0.8783 0.3321 0.3439
vn -0.9009 0.3015 0.3123
vn -0.9215 0.2698 0.2793
vn -0.9691 0.1714 0.1775
vn -0.9888 0.1036 0.1072
vn -0.9888 0.1036 0.1073
vn -0.9950 0.0691 0.0716
vn -0.9950 0.0691 0.0715
vn -0.9988 0.0347 0.0359
vn -0.9950 -0.0691 -0.0716
vn -0.9888 -0.1036 -0.1072
vn -0.9888 -0.1036 -0.1073
vn -0.9802 -0.1376 -0.1425
vn -0.9691 -0.1714 -0.1775
vn -0.9556 -0.2047 -0.2120
vn -0.9397 -0.2376 -0.2460
vn -0.9215 -0.2697 -0.2793
vn -0.9008 -0.3016 -0.3123
vn -0.9010 -0.3013 -0.3121
vn -0.8783 -0.3321 -0.3439
vn -0.8532 -0.3623 -0.3751
vn -0.7971 -0.4195 -0.4344
vn -0.7662 -0.4464 -0.4623
vn -0.7330 -0.4725 -0.4893
vn -0.7331 -0.4725 -0.4892
vn -0.6981 -0.4974 -0.5150
vn -0.6983 -0.4972 -0.5149
vn -0.6619 -0.5207 -0.5392
vn -0.6234 -0.5432 -0.5625
vn -0.6231 -0.5433 -0.5626
vn -0.5839 -0.5639 -0.5840
vn -0.5838 -0.5640 -0.5840
vn -0.5424 -0.5836 -0.6043
vn -0.5425 -0.5836 -0.6043
vn -0.5002 -0.6015 -0.6229
vn -0.4565 -0.6180 -0.6400
vn -0.4110 -0.6333 -0.6558
vn -0.3654 -0.6466 -0.6696
vn -0.3188 -0.6584 -0.6818
vn -0.2703 -0.6688 -0.6926
vn -0.2227 -0.6772 -0.7013
vn -0.1734 -0.6841 -0.7084
vn -0.1247 -0.6892 -0.7137
vn -0.0742 -0.6927 -0.7174
vn -0.0250 -0.6944 -0.7191
vn -0.0254 -0.6944 -0.7191
vn 0.0254 -0.6944 -0.7191
vn 0.0250 -0.6944 -0.7191
vn 0.0742 -0.6927 -0.7174
vn 0.1247 -0.6892 -0.7137
vn 0.1734 -0.6841 -0.7084
vn 0.1737 -0.6841 -0.7084
vn 0.2227 -0.6772 -0.7013
vn 0.2708 -0.6687 -0.6925
vn 0.2703 -0.6688 -0.6926
vn 0.3188 -0.6584 -0.6818
vn 0.3654 -0.6466 -0.6696
vn 0.4110 -0.6333 -0.6558
vn 0.4565 -0.6180 -0.6400
vn 0.5002 -0.6015 -0.6229
vn 0.5425 -0.5836 -0.6043
vn 0.5839 -0.5639 -0.5840
vn 0.5424 -0.5836 -0.6043
vn 0.6234 -0.5432 -0.5625
vn 0.6231 -0.5433 -0.5626
vn 0.6983 -0.4972 -0.5149
vn 0.6619 -0.5207 -0.5392
vn 0.6981 -0.4974 -0.5150
vn 0.7331 -0.4725 -0.4892
vn 0.7662 -0.4464 -0.4623
vn 0.7970 -0.4195 -0.4344
vn 0.7971 -0.4195 -0.4344
vn 0.8532 -0.3623 -0.3751
vn 0.8783 -0.3321 -0.3439
vn 0.9008 -0.3016 -0.3123
vn 0.9215 -0.2697 -0.2793
vn 0.9397 -0.2375 -0.2460
vn 0.9555 -0.2048 -0.2121
vn 0.9556 -0.2047 -0.2120
vn 0.9690 -0.1715 -0.1776
vn 0.9802 -0.1376 -0.1425
vn 0.9888 -0.1036 -0.1072
vn 0.9988 -0.0346 -0.0359
vn 0.9988 0.0347 0.0359
vn 0.9950 0.0691 0.0716
vn 0.9888 0.1036 0.1072
vn 0.9690 0.1715 0.1776
vn 0.9691 0.1715 0.1776
vn 0.9556 0.2047 0.2120
vn 0.9215 0.2698 0.2793
vn 0.9008 0.3016 0.3123
vn 0.8783 0.3321 0.3439
vn 0.8532 0.3623 0.3752
vn 0.8532 0.3623 0.3751
vn 0.8263 0.3913 0.4052
vn 0.7971 0.4195 0.4344
vn 0.7659 0.4467 0.4625
vn 0.7331 0.4725 0.4893
vn 0.6985 0.4971 0.5148
vn 0.6615 0.5210 0.5395
vn 0.6236 0.5431 0.5624
vn 0.5838 0.5640 0.5840
vn 0.5424 0.5836 0.6043
vn 0.5001 0.6016 0.6229
vn 0.4560 0.6182 0.6402
vn 0.4116 0.6331 0.6556
vn 0.3654 0.6466 0.6696
vn 0.3182 0.6586 0.6820
vn 0.3186 0.6585 0.6819
vn 0.2227 0.6772 0.7013
vn 0.2225 0.6772 0.7013
vn 0.1735 0.6841 0.7084
vn 0.1247 0.6892 0.7137
vn 0.1243 0.6893 0.7138
vn 0.0747 0.6927 0.7173
vn 0.0742 0.6927 0.7174
vn 0.0253 0.6944 0.7191
vn -0.0000 -0.7181 0.6960
vn -0.0000 -0.7199 0.6941
vn -0.1243 -0.6893 -0.7137
vn -0.2709 -0.6687 -0.6924
vn -0.5837 -0.5640 -0.5841
vn -0.6234 -0.5431 -0.5624
vn -0.6617 -0.5208 -0.5394
vn -0.7971 -0.4194 -0.4343
vn -0.8782 -0.3322 -0.3441
vn -0.9988 -0.0346 -0.0359
vn -0.9988 0.0346 0.0359
vn -0.9556 0.2048 0.2120
vn -0.8533 0.3622 0.3750
vn -0.6983 0.4973 0.5149
vn -0.6617 0.5209 0.5393
vn -0.5426 0.5835 0.6043
vn -0.3653 0.6467 0.6696
vn -0.3185 0.6585 0.6818
vn -0.1244 0.6893 0.7138
vn -0.1244 0.6892 0.7138
vn -0.0249 0.6945 0.7191
vn 0.0249 0.6945 0.7191
vn 0.1244 0.6893 0.7138
vn 0.1244 0.6892 0.7138
vn 0.2709 0.6687 0.6925
vn 0.3653 0.6467 0.6696
vn 0.5425 0.5836 0.6043
vn 0.5838 0.5640 0.5841
vn 0.7971 0.4194 0.4343
vn 0.8262 0.3914 0.4052
vn 0.8533 0.3622 0.3750
vn 0.9988 -0.0347 -0.0359
vn 0.9950 -0.0691 -0.0716
vn 0.8782 -0.3322 -0.3441
vn 0.8262 -0.3914 -0.4052
vn 0.6983 -0.4973 -0.5149
vn 0.6234 -0.5431 -0.5624
vn 0.6616 -0.5209 -0.5394
vn 0.5837 -0.5640 -0.5840
vn 0.4562 -0.6181 -0.6401
vn -0.0000 -0.7197 0.6942
vn -0.0000 -0.7197 0.6943
vn -0.0000 -1.0000 -0.0000
vn 0.7194 -0.0000 0.6946
vn 0.7193 -0.0000 0.6947
vn 0.7194 -0.0000 0.6945
vn 0.7192 -0.0000 0.6948
vn 0.7196 -0.0000 0.6944
vn 0.7191 -0.0000 0.6949
vn 0.7190 -0.0000 0.6950
vn 0.7199 -0.0000 0.6941
vn 0.7195 -0.0000 0.6945
vn 0.7193 -0.0000 0.6948
vn 0.7192 0.0001 0.6948
vn 0.7193 -0.0000 0.6946
vn 0.7194 -0.0001 0.6946
vn 0.7193 0.0001 0.6947
vn 0.7193 0.0003 0.6947
vn 0.7193 -0.0001 0.6947
vn 0.7192 -0.0001 0.6948
vn 0.7194 0.0001 0.6946
vn 0.7193 -0.0003 0.6947
vn -0.7193 -0.0000 0.6947
vn -0.7194 -0.0000 0.6946
vn -0.7192 -0.0000 0.6948
vn -0.7201 -0.0000 0.6939
vn -0.7190 -0.0000 0.6950
vn -0.7191 -0.0000 0.6949
vn -0.7199 -0.0000 0.6941
vn -0.7195 -0.0000 0.6945
vn -0.7193 -0.0001 0.6947
vn -0.7194 0.0001 0.6946
vn -0.7192 -0.0001 0.6948
vn -0.7192 -0.0002 0.6948
vn -0.7194 -0.0000 0.6945
vn -0.7193 -0.0003 0.6947
vn -0.7193 0.0001 0.6947
vn -0.7193 0.0001 0.6948
vn -0.7194 -0.0001 0.6946
vn -0.7192 0.0002 0.6948
vn -0.7192 0.0001 0.6948
vn -0.7193 0.0003 0.6947
vn -0.7193 -0.0000 0.6946
vn -0.0000 -0.0000 1.0000
vn -0.0000 -0.0000 -1.0000
vn -0.0000 0.7194 0.6946
vn -0.0000 0.7193 0.6947
vn -0.0000 0.7194 0.6945
vn -0.0000 0.7192 0.6948
vn -0.0000 0.7196 0.6943
vn -0.0000 0.7199 0.6941
vn -0.0000 0.7190 0.6950
vn -0.0000 0.7197 0.6943
vn -0.0000 0.7195 0.6945
vn -0.0001 0.7192 0.6948
vn -0.0002 0.7192 0.6948
vn -0.0000 0.7193 0.6946
vn 0.0002 0.7195 0.6945
vn -0.0001 0.7193 0.6947
vn -0.0003 0.7193 0.6947
vn 0.0001 0.7193 0.6947
vn 0.0002 0.7192 0.6948
vn 0.0001 0.7192 0.6948
vn -0.0002 0.7195 0.6945
vn 0.0003 0.7193 0.6947
vn 0.6944 -0.0249 -0.7191
vn 0.6927 -0.0748 -0.7173
vn 0.6927 -0.0747 -0.7173
vn 0.6893 -0.1243 -0.7138
vn 0.6893 -0.1243 -0.7137
vn 0.6841 -0.1736 -0.7084
vn 0.6841 -0.1737 -0.7084
vn 0.6772 -0.2225 -0.7013
vn 0.6687 -0.2709 -0.6924
vn 0.6687 -0.2708 -0.6925
vn 0.6585 -0.3185 -0.6819
vn 0.6466 -0.3654 -0.6696
vn 0.6332 -0.4113 -0.6557
vn 0.6182 -0.4562 -0.6401
vn 0.6016 -0.5000 -0.6230
vn 0.5835 -0.5425 -0.6043
vn 0.5640 -0.5838 -0.5840
vn 0.5431 -0.6235 -0.5624
vn 0.5431 -0.6234 -0.5624
vn 0.5208 -0.6617 -0.5393
vn 0.4973 -0.6982 -0.5150
vn 0.4973 -0.6982 -0.5149
vn 0.4725 -0.7330 -0.4893
vn 0.4725 -0.7331 -0.4892
vn 0.4465 -0.7660 -0.4624
vn 0.4194 -0.7972 -0.4343
vn 0.3913 -0.8262 -0.4052
vn 0.4194 -0.7971 -0.4343
vn 0.3622 -0.8533 -0.3751
vn 0.3323 -0.8782 -0.3441
vn 0.3322 -0.8782 -0.3440
vn 0.3014 -0.9010 -0.3121
vn 0.2698 -0.9215 -0.2794
vn 0.2376 -0.9397 -0.2461
vn 0.2048 -0.9556 -0.2120
vn 0.1714 -0.9691 -0.1775
vn 0.1377 -0.9802 -0.1426
vn 0.1035 -0.9888 -0.1072
vn 0.0691 -0.9950 -0.0716
vn 0.0346 -0.9988 -0.0359
vn -0.0346 -0.9988 0.0359
vn -0.0691 -0.9950 0.0716
vn -0.1035 -0.9888 0.1072
vn -0.1377 -0.9802 0.1426
vn -0.1714 -0.9691 0.1775
vn -0.2048 -0.9556 0.2120
vn -0.2376 -0.9397 0.2461
vn -0.2698 -0.9215 0.2794
vn -0.3014 -0.9010 0.3121
vn -0.3323 -0.8782 0.3441
vn -0.3622 -0.8533 0.3751
vn -0.3622 -0.8533 0.3750
vn -0.3913 -0.8263 0.4052
vn -0.3913 -0.8262 0.4052
vn -0.4194 -0.7971 0.4343
vn -0.4465 -0.7661 0.4624
vn -0.4725 -0.7330 0.4893
vn -0.4973 -0.6983 0.5149
vn -0.5209 -0.6617 0.5394
vn -0.5431 -0.6235 0.5624
vn -0.5209 -0.6617 0.5393
vn -0.5640 -0.5838 0.5840
vn -0.5640 -0.5837 0.5841
vn -0.5835 -0.5425 0.6043
vn -0.5835 -0.5426 0.6043
vn -0.6016 -0.5000 0.6230
vn -0.6182 -0.4562 0.6401
vn -0.6332 -0.4113 0.6557
vn -0.6467 -0.3653 0.6696
vn -0.6585 -0.3185 0.6819
vn -0.6687 -0.2708 0.6925
vn -0.6687 -0.2709 0.6924
vn -0.6772 -0.2225 0.7013
vn -0.6841 -0.1736 0.7084
vn -0.6893 -0.1244 0.7138
vn -0.6892 -0.1244 0.7138
vn -0.6927 -0.0747 0.7173
vn -0.6927 -0.0748 0.7173
vn -0.6945 -0.0249 0.7191
vn -0.6945 0.0249 0.7191
vn -0.6927 0.0747 0.7173
vn -0.6927 0.0748 0.7173
vn -0.6893 0.1244 0.7138
vn -0.6892 0.1244 0.7138
vn -0.6841 0.1736 0.7084
vn -0.6772 0.2225 0.7013
vn -0.6687 0.2709 0.6925
vn -0.6687 0.2708 0.6925
vn -0.6585 0.3185 0.6819
vn -0.6467 0.3653 0.6696
vn -0.6466 0.3653 0.6696
vn -0.6332 0.4113 0.6557
vn -0.6181 0.4562 0.6401
vn -0.6016 0.5000 0.6230
vn -0.5835 0.5426 0.6043
vn -0.5836 0.5425 0.6043
vn -0.5640 0.5837 0.5841
vn -0.5640 0.5838 0.5841
vn -0.5431 0.6235 0.5624
vn -0.5208 0.6617 0.5394
vn -0.5209 0.6616 0.5394
vn -0.4973 0.6983 0.5149
vn -0.4725 0.7330 0.4893
vn -0.4465 0.7661 0.4624
vn -0.4194 0.7971 0.4343
vn -0.3913 0.8262 0.4052
vn -0.3913 0.8263 0.4052
vn -0.3622 0.8533 0.3750
vn -0.3622 0.8533 0.3751
vn -0.3323 0.8782 0.3441
vn -0.3014 0.9010 0.3121
vn -0.2698 0.9215 0.2794
vn -0.2376 0.9397 0.2461
vn -0.2048 0.9556 0.2120
vn -0.1714 0.9691 0.1775
vn -0.1377 0.9802 0.1426
vn -0.1035 0.9888 0.1072
vn -0.0691 0.9950 0.0716
vn -0.0347 0.9988 0.0359
vn -0.0000 1.0000 -0.0000
vn 0.0347 0.9988 -0.0359
vn 0.0691 0.9950 -0.0716
vn 0.1035 0.9888 -0.1072
vn 0.1377 0.9802 -0.1426
vn 0.1714 0.9691 -0.1775
vn 0.2048 0.9556 -0.2120
vn 0.2376 0.9397 -0.2461
vn 0.2377 0.9397 -0.2461
vn 0.2698 0.9215 -0.2794
vn 0.3014 0.9010 -0.3121
vn 0.3323 0.8782 -0.3441
vn 0.3322 0.8782 -0.3441
vn 0.3622 0.8533 -0.3751
vn 0.3913 0.8262 -0.4052
vn 0.4194 0.7972 -0.4343
vn 0.4194 0.7971 -0.4343
vn 0.4465 0.7660 -0.4624
vn 0.4725 0.7330 -0.4893
vn 0.4725 0.7331 -0.4893
vn 0.4973 0.6982 -0.5149
vn 0.4973 0.6982 -0.5150
vn 0.5208 0.6617 -0.5393
vn 0.5431 0.6234 -0.5624
vn 0.5431 0.6235 -0.5624
vn 0.5640 0.5838 -0.5840
vn 0.5835 0.5425 -0.6043
vn 0.6016 0.5000 -0.6230
vn 0.6182 0.4562 -0.6401
vn 0.6332 0.4113 -0.6557
vn 0.6466 0.3654 -0.6696
vn 0.6585 0.3185 -0.6819
vn 0.6687 0.2709 -0.6924
vn 0.6687 0.2708 -0.6925
vn 0.6772 0.2225 -0.7013
vn 0.6841 0.1736 -0.7084
vn 0.6841 0.1737 -0.7084
vn 0.6893 0.1243 -0.7137
vn 0.6893 0.1243 -0.7138
vn 0.6927 0.0747 -0.7173
vn 0.6944 0.0249 -0.7191
vn -0.6944 0.0249 -0.7191
vn -0.6927 0.0747 -0.7173
vn -0.6893 0.1243 -0.7138
vn -0.6893 0.1243 -0.7137
vn -0.6841 0.1736 -0.7084
vn -0.6841 0.1737 -0.7084
vn -0.6772 0.2225 -0.7013
vn -0.6687 0.2709 -0.6924
vn -0.6687 0.2708 -0.6925
vn -0.6585 0.3185 -0.6819
vn -0.6466 0.3653 -0.6696
vn -0.6332 0.4113 -0.6557
vn -0.6466 0.3654 -0.6696
vn -0.6182 0.4562 -0.6401
vn -0.6016 0.5000 -0.6230
vn -0.5835 0.5425 -0.6043
vn -0.5640 0.5838 -0.5840
vn -0.5431 0.6235 -0.5624
vn -0.5431 0.6234 -0.5624
vn -0.5208 0.6617 -0.5393
vn -0.5208 0.6617 -0.5394
vn -0.4973 0.6982 -0.5149
vn -0.4973 0.6982 -0.5150
vn -0.4725 0.7330 -0.4893
vn -0.4725 0.7331 -0.4892
vn -0.4465 0.7660 -0.4624
vn -0.4194 0.7972 -0.4343
vn -0.3913 0.8262 -0.4052
vn -0.4194 0.7971 -0.4343
vn -0.3622 0.8533 -0.3751
vn -0.3323 0.8782 -0.3441
vn -0.3322 0.8782 -0.3440
vn -0.3014 0.9010 -0.3121
vn -0.2698 0.9215 -0.2794
vn -0.2376 0.9397 -0.2461
vn -0.2048 0.9556 -0.2120
vn -0.1714 0.9691 -0.1775
vn -0.1377 0.9802 -0.1426
vn -0.1035 0.9888 -0.1072
vn -0.0691 0.9950 -0.0716
vn -0.0347 0.9988 -0.0359
vn 0.0347 0.9988 0.0359
vn 0.0691 0.9950 0.0716
vn 0.1035 0.9888 0.1072
vn 0.1377 0.9802 0.1426
vn 0.1714 0.9691 0.1775
vn 0.2048 0.9556 0.2120
vn 0.2376 0.9397 0.2461
vn 0.2698 0.9215 0.2794
vn 0.3014 0.9010 0.3121
vn 0.3323 0.8782 0.3441
vn 0.3622 0.8533 0.3751
vn 0.3622 0.8533 0.3750
vn 0.3913 0.8263 0.4052
vn 0.3913 0.8262 0.4052
vn 0.4194 0.7971 0.4343
vn 0.4465 0.7661 0.4624
vn 0.4725 0.7330 0.4893
vn 0.4973 0.6983 0.5149
vn 0.5209 0.6617 0.5394
vn 0.5209 0.6617 0.5393
vn 0.5431 0.6235 0.5624
vn 0.5640 0.5837 0.5841
vn 0.5835 0.5425 0.6043
vn 0.6016 0.5000 0.6230
vn 0.6181 0.4562 0.6401
vn 0.6332 0.4113 0.6557
vn 0.6467 0.3654 0.6696
vn 0.6466 0.3653 0.6696
vn 0.6585 0.3185 0.6819
vn 0.6585 0.3186 0.6818
vn 0.6687 0.2708 0.6925
vn 0.6687 0.2709 0.6925
vn 0.6772 0.2225 0.7013
vn 0.6841 0.1736 0.7084
vn 0.6892 0.1244 0.7138
vn 0.6927 0.0747 0.7174
vn 0.6927 0.0748 0.7173
vn 0.6945 0.0249 0.7191
vn 0.6944 0.0249 0.7191
vn 0.6944 -0.0249 0.7191
vn 0.6945 -0.0249 0.7191
vn 0.6927 -0.0747 0.7173
vn 0.6927 -0.0748 0.7173
vn 0.6892 -0.1244 0.7138
vn 0.6841 -0.1736 0.7084
vn 0.6772 -0.2225 0.7013
vn 0.6687 -0.2709 0.6925
vn 0.6687 -0.2708 0.6925
vn 0.6585 -0.3186 0.6819
vn 0.6585 -0.3185 0.6819
vn 0.6467 -0.3653 0.6696
vn 0.6466 -0.3653 0.6696
vn 0.6332 -0.4113 0.6557
vn 0.6182 -0.4562 0.6401
vn 0.6181 -0.4562 0.6401
vn 0.6016 -0.5000 0.6230
vn 0.5835 -0.5425 0.6043
vn 0.5836 -0.5425 0.6043
vn 0.5640 -0.5837 0.5841
vn 0.5431 -0.6235 0.5624
vn 0.5209 -0.6617 0.5393
vn 0.5209 -0.6617 0.5394
vn 0.4973 -0.6983 0.5149
vn 0.4725 -0.7330 0.4893
vn 0.4465 -0.7661 0.4624
vn 0.4194 -0.7971 0.4343
vn 0.3913 -0.8262 0.4052
vn 0.3913 -0.8263 0.4052
vn 0.3622 -0.8533 0.3750
vn 0.3622 -0.8533 0.3751
vn 0.3323 -0.8782 0.3441
vn 0.3014 -0.9010 0.3121
vn 0.2698 -0.9215 0.2794
vn 0.2376 -0.9397 0.2461
vn 0.2048 -0.9556 0.2120
vn 0.1714 -0.9691 0.1775
vn 0.1377 -0.9802 0.1426
vn 0.1035 -0.9888 0.1072
vn 0.0691 -0.9950 0.0716
vn 0.0346 -0.9988 0.0359
vn -0.0346 -0.9988 -0.0359
vn -0.0691 -0.9950 -0.0716
vn -0.1035 -0.9888 -0.1072
vn -0.1377 -0.9802 -0.1426
vn -0.1714 -0.9691 -0.1775
vn -0.2048 -0.9556 -0.2120
vn -0.2376 -0.9397 -0.2461
vn -0.2377 -0.9397 -0.2461
vn -0.2698 -0.9215 -0.2794
vn -0.3014 -0.9010 -0.3121
vn -0.3323 -0.8782 -0.3441
vn -0.3322 -0.8782 -0.3440
vn -0.3622 -0.8533 -0.3751
vn -0.3913 -0.8262 -0.4052
vn -0.4194 -0.7972 -0.4343
vn -0.4194 -0.7971 -0.4343
vn -0.4465 -0.7660 -0.4624
vn -0.4725 -0.7330 -0.4893
vn -0.4973 -0.6982 -0.5149
vn -0.4725 -0.7331 -0.4892
vn -0.4973 -0.6982 -0.5150
vn -0.5208 -0.6617 -0.5393
vn -0.5431 -0.6234 -0.5624
vn -0.5208 -0.6617 -0.5394
vn -0.5431 -0.6235 -0.5624
vn -0.5640 -0.5838 -0.5840
vn -0.5835 -0.5425 -0.6043
vn -0.6016 -0.5000 -0.6230
vn -0.6182 -0.4562 -0.6401
vn -0.6332 -0.4113 -0.6557
vn -0.6466 -0.3653 -0.6696
vn -0.6466 -0.3654 -0.6696
vn -0.6585 -0.3185 -0.6819
vn -0.6687 -0.2709 -0.6925
vn -0.6687 -0.2708 -0.6924
vn -0.6772 -0.2225 -0.7013
vn -0.6841 -0.1736 -0.7084
vn -0.6841 -0.1737 -0.7084
vn -0.6893 -0.1243 -0.7137
vn -0.6893 -0.1243 -0.7138
vn -0.6927 -0.0748 -0.7173
vn -0.6927 -0.0747 -0.7173
vn -0.6944 -0.0249 -0.7191
vn -0.0250 0.9997 -0.0000
vn -0.0747 0.9972 -0.0000
vn -0.1244 0.9922 -0.0000
vn -0.1736 0.9848 -0.0000
vn -0.2225 0.9749 -0.0000
vn -0.2708 0.9626 -0.0000
vn -0.3185 0.9479 -0.0000
vn -0.3653 0.9309 -0.0000
vn -0.4114 0.9115 -0.0000
vn -0.4563 0.8898 -0.0000
vn -0.5000 0.8660 -0.0000
vn -0.5425 0.8401 -0.0000
vn -0.5838 0.8119 -0.0000
vn -0.6235 0.7818 -0.0000
vn -0.6617 0.7497 -0.0000
vn -0.6982 0.7159 -0.0000
vn -0.7330 0.6802 -0.0000
vn -0.7661 0.6427 -0.0000
vn -0.7971 0.6038 -0.0000
vn -0.8263 0.5633 -0.0000
vn -0.8533 0.5215 -0.0000
vn -0.8782 0.4782 -0.0000
vn -0.9010 0.4339 -0.0000
vn -0.9215 0.3884 -0.0000
vn -0.9397 0.3420 -0.0000
vn -0.9556 0.2948 -0.0000
vn -0.9691 0.2467 -0.0000
vn -0.9802 0.1982 -0.0000
vn -0.9888 0.1491 -0.0000
vn -0.9950 0.0995 -0.0000
vn -0.9988 0.0498 -0.0000
vn -0.9988 -0.0498 -0.0000
vn -0.9950 -0.0995 -0.0000
vn -0.9888 -0.1491 -0.0000
vn -0.9802 -0.1982 -0.0000
vn -0.9691 -0.2467 -0.0000
vn -0.9556 -0.2948 -0.0000
vn -0.9397 -0.3420 -0.0000
vn -0.9215 -0.3884 -0.0000
vn -0.9010 -0.4339 -0.0000
vn -0.8782 -0.4782 -0.0000
vn -0.8533 -0.5215 -0.0000
vn -0.8263 -0.5633 -0.0000
vn -0.7971 -0.6038 -0.0000
vn -0.7661 -0.6427 -0.0000
vn -0.7330 -0.6802 -0.0000
vn -0.6982 -0.7159 -0.0000
vn -0.6617 -0.7497 -0.0000
vn -0.6235 -0.7818 -0.0000
vn -0.5838 -0.8119 -0.0000
vn -0.5425 -0.8401 -0.0000
vn -0.5000 -0.8660 -0.0000
vn -0.4563 -0.8898 -0.0000
vn -0.4114 -0.9115 -0.0000
vn -0.3653 -0.9309 -0.0000
vn -0.3185 -0.9479 -0.0000
vn -0.2708 -0.9626 -0.0000
vn -0.2225 -0.9749 -0.0000
vn -0.1736 -0.9848 -0.0000
vn -0.1244 -0.9922 -0.0000
vn -0.0747 -0.9972 -0.0000
vn -0.0250 -0.9997 -0.0000
vn 0.0250 -0.9997 -0.0000
vn 0.0747 -0.9972 -0.0000
vn 0.1244 -0.9922 -0.0000
vn 0.1736 -0.9848 -0.0000
vn 0.2225 -0.9749 -0.0000
vn 0.2708 -0.9626 -0.0000
vn 0.3185 -0.9479 -0.0000
vn 0.3653 -0.9309 -0.0000
vn 0.4114 -0.9115 -0.0000
vn 0.4563 -0.8898 -0.0000
vn 0.5000 -0.8660 -0.0000
vn 0.5425 -0.8401 -0.0000
vn 0.5838 -0.8119 -0.0000
vn 0.6235 -0.7818 -0.0000
vn 0.6617 -0.7497 -0.0000
vn 0.6982 -0.7159 -0.0000
vn 0.7330 -0.6802 -0.0000
vn 0.7661 -0.6427 -0.0000
vn 0.7971 -0.6038 -0.0000
vn 0.8263 -0.5633 -0.0000
vn 0.8533 -0.5215 -0.0000
vn 0.8782 -0.4782 -0.0000
vn 0.9009 -0.4340 -0.0000
vn 0.9215 -0.3884 -0.0000
vn 0.9397 -0.3420 -0.0000
vn 0.9556 -0.2948 -0.0000
vn 0.9691 -0.2467 -0.0000
vn 0.9802 -0.1982 -0.0000
vn 0.9888 -0.1491 -0.0000
vn 0.9950 -0.0995 -0.0000
vn 0.9988 -0.0498 -0.0000
vn 0.9988 0.0498 -0.0000
vn 0.9950 0.0995 -0.0000
vn 0.9888 0.1491 -0.0000
vn 0.9691 0.2467 -0.0000
vn 0.9802 0.1982 -0.0000
vn 0.9556 0.2948 -0.0000
vn 0.9397 0.3420 -0.0000
vn 0.9215 0.3884 -0.0000
vn 0.9009 0.4340 -0.0000
vn 0.8782 0.4782 -0.0000
vn 0.8533 0.5215 -0.0000
vn 0.8263 0.5633 -0.0000
vn 0.7971 0.6038 -0.0000
vn 0.7661 0.6427 -0.0000
vn 0.7330 0.6802 -0.0000
vn 0.6982 0.7159 -0.0000
vn 0.6617 0.7497 -0.0000
vn 0.6235 0.7818 -0.0000
vn 0.5838 0.8119 -0.0000
vn 0.5425 0.8401 -0.0000
vn 0.5000 0.8660 -0.0000
vn 0.4563 0.8898 -0.0000
vn 0.4114 0.9115 -0.0000
vn 0.3653 0.9309 -0.0000
vn 0.3185 0.9479 -0.0000
vn 0.2708 0.9626 -0.0000
vn 0.2225 0.9749 -0.0000
vn 0.1736 0.9848 -0.0000
vn 0.1244 0.9922 -0.0000
vn 0.0747 0.9972 -0.0000
vn 0.0250 0.9997 -0.0000
vn 0.0249 0.6944 -0.7191
vn 0.0249 0.6945 -0.7191
vn 0.0747 0.6927 -0.7173
vn 0.1243 0.6893 -0.7137
vn 0.1737 0.6841 -0.7084
vn 0.2225 0.6772 -0.7013
vn 0.2225 0.6773 -0.7013
vn 0.2709 0.6687 -0.6924
vn 0.3185 0.6585 -0.6819
vn 0.3653 0.6466 -0.6696
vn 0.3654 0.6466 -0.6696
vn 0.4113 0.6332 -0.6556
vn 0.4113 0.6332 -0.6557
vn 0.4562 0.6182 -0.6401
vn 0.5000 0.6016 -0.6230
vn 0.5000 0.6016 -0.6229
vn 0.5425 0.5836 -0.6043
vn 0.5425 0.5835 -0.6043
vn 0.5838 0.5640 -0.5840
vn 0.6235 0.5431 -0.5624
vn 0.6234 0.5431 -0.5624
vn 0.6617 0.5208 -0.5394
vn 0.6617 0.5209 -0.5394
vn 0.6982 0.4973 -0.5149
vn 0.6983 0.4973 -0.5149
vn 0.7330 0.4725 -0.4893
vn 0.7331 0.4725 -0.4892
vn 0.7660 0.4465 -0.4624
vn 0.7972 0.4194 -0.4343
vn 0.8262 0.3913 -0.4052
vn 0.8533 0.3622 -0.3750
vn 0.8533 0.3622 -0.3751
vn 0.8782 0.3322 -0.3441
vn 0.8782 0.3322 -0.3440
vn 0.9010 0.3014 -0.3121
vn 0.9215 0.2698 -0.2794
vn 0.9397 0.2376 -0.2461
vn 0.9556 0.2048 -0.2121
vn 0.9691 0.1714 -0.1775
vn 0.9802 0.1377 -0.1426
vn 0.9888 0.1035 -0.1072
vn 0.9950 0.0691 -0.0716
vn 0.9988 0.0347 -0.0359
vn 0.9988 -0.0347 0.0359
vn 0.9950 -0.0691 0.0716
vn 0.9888 -0.1035 0.1072
vn 0.9802 -0.1377 0.1426
vn 0.9691 -0.1714 0.1775
vn 0.9556 -0.2048 0.2121
vn 0.9397 -0.2376 0.2461
vn 0.9397 -0.2376 0.2460
vn 0.9215 -0.2698 0.2794
vn 0.9010 -0.3014 0.3121
vn 0.8782 -0.3322 0.3440
vn 0.8533 -0.3622 0.3751
vn 0.8533 -0.3622 0.3750
vn 0.8262 -0.3913 0.4052
vn 0.8262 -0.3913 0.4053
vn 0.7971 -0.4194 0.4343
vn 0.7661 -0.4465 0.4624
vn 0.7330 -0.4725 0.4893
vn 0.6983 -0.4973 0.5149
vn 0.6616 -0.5209 0.5394
vn 0.6235 -0.5431 0.5624
vn 0.6617 -0.5209 0.5394
vn 0.5838 -0.5640 0.5840
vn 0.5837 -0.5640 0.5841
vn 0.5425 -0.5835 0.6043
vn 0.5000 -0.6016 0.6230
vn 0.4562 -0.6182 0.6401
vn 0.4113 -0.6332 0.6557
vn 0.3653 -0.6467 0.6696
vn 0.3185 -0.6585 0.6819
vn 0.2708 -0.6687 0.6925
vn 0.2709 -0.6687 0.6924
vn 0.2225 -0.6772 0.7013
vn 0.1736 -0.6841 0.7084
vn 0.1244 -0.6893 0.7138
vn 0.1244 -0.6892 0.7138
vn 0.0747 -0.6927 0.7173
vn 0.0748 -0.6927 0.7173
vn 0.0249 -0.6945 0.7191
vn -0.0249 -0.6945 0.7191
vn -0.0747 -0.6927 0.7173
vn -0.0748 -0.6927 0.7173
vn -0.1244 -0.6893 0.7138
vn -0.1244 -0.6892 0.7138
vn -0.1736 -0.6841 0.7084
vn -0.2225 -0.6772 0.7013
vn -0.2709 -0.6687 0.6925
vn -0.2708 -0.6687 0.6925
vn -0.3185 -0.6585 0.6819
vn -0.3653 -0.6467 0.6696
vn -0.3653 -0.6466 0.6696
vn -0.4113 -0.6332 0.6557
vn -0.4562 -0.6182 0.6401
vn -0.5000 -0.6016 0.6230
vn -0.5426 -0.5835 0.6043
vn -0.5425 -0.5836 0.6043
vn -0.5837 -0.5640 0.5841
vn -0.6235 -0.5431 0.5624
vn -0.6617 -0.5208 0.5394
vn -0.6616 -0.5209 0.5394
vn -0.6983 -0.4973 0.5149
vn -0.7330 -0.4725 0.4893
vn -0.7661 -0.4465 0.4624
vn -0.7971 -0.4194 0.4343
vn -0.8262 -0.3914 0.4052
vn -0.8263 -0.3913 0.4052
vn -0.8533 -0.3622 0.3750
vn -0.8533 -0.3622 0.3751
vn -0.8782 -0.3322 0.3440
vn -0.9010 -0.3014 0.3121
vn -0.9215 -0.2698 0.2794
vn -0.9397 -0.2376 0.2461
vn -0.9556 -0.2048 0.2120
vn -0.9691 -0.1714 0.1775
vn -0.9802 -0.1377 0.1426
vn -0.9888 -0.1035 0.1072
vn -0.9950 -0.0691 0.0716
vn -0.9988 -0.0346 0.0359
vn -0.9988 0.0346 -0.0359
vn -0.9950 0.0691 -0.0716
vn -0.9888 0.1035 -0.1072
vn -0.9802 0.1377 -0.1426
vn -0.9691 0.1714 -0.1775
vn -0.9556 0.2048 -0.2120
vn -0.9397 0.2376 -0.2461
vn -0.9215 0.2698 -0.2794
vn -0.9010 0.3014 -0.3121
vn -0.8782 0.3322 -0.3440
vn -0.8533 0.3622 -0.3750
vn -0.8533 0.3622 -0.3751
vn -0.8262 0.3913 -0.4052
vn -0.7972 0.4194 -0.4343
vn -0.7660 0.4465 -0.4624
vn -0.7330 0.4725 -0.4893
vn -0.7331 0.4724 -0.4893
vn -0.6982 0.4973 -0.5149
vn -0.6982 0.4973 -0.5150
vn -0.6617 0.5208 -0.5393
vn -0.6234 0.5431 -0.5624
vn -0.6235 0.5431 -0.5624
vn -0.5837 0.5640 -0.5840
vn -0.5838 0.5640 -0.5840
vn -0.5425 0.5835 -0.6043
vn -0.5000 0.6016 -0.6230
vn -0.4562 0.6182 -0.6401
vn -0.4113 0.6332 -0.6557
vn -0.3653 0.6467 -0.6696
vn -0.3654 0.6466 -0.6696
vn -0.3185 0.6585 -0.6819
vn -0.2709 0.6687 -0.6924
vn -0.2225 0.6773 -0.7013
vn -0.1737 0.6841 -0.7084
vn -0.2225 0.6772 -0.7013
vn -0.1243 0.6893 -0.7137
vn -0.0747 0.6927 -0.7173
vn -0.0249 0.6944 -0.7191
vn -0.0249 0.6945 -0.7191
vn 0.7193 0.0001 0.6946
vn 0.7193 -0.0001 0.6946
vn -0.7193 -0.0001 0.6946
vn -0.0000 -0.0001 1.0000
vn -0.0000 0.0001 1.0000
vn -0.0000 0.0003 1.0000
vn -0.0000 -0.0003 1.0000
vn -0.0000 -0.0002 1.0000
vn -0.0000 0.0002 1.0000
vn -0.0001 0.7194 0.6946
vn 0.0001 0.7194 0.6946
vn -0.6944 0.0249 0.7191
vn -0.6893 0.1243 0.7138
vn -0.6841 0.1737 0.7084
vn -0.6182 0.4562 0.6401
vn -0.6016 0.4999 0.6230
vn -0.5835 0.5426 0.6042
vn -0.5835 0.5425 0.6043
vn -0.5209 0.6617 0.5394
vn -0.4973 0.6982 0.5150
vn -0.4724 0.7331 0.4892
vn -0.4973 0.6982 0.5149
vn -0.4466 0.7660 0.4624
vn -0.4194 0.7972 0.4343
vn -0.3322 0.8782 0.3441
vn -0.2697 0.9215 0.2793
vn -0.2698 0.9215 0.2793
vn -0.1714 0.9691 0.1774
vn -0.2048 0.9556 0.2121
vn -0.1713 0.9691 0.1774
vn -0.0692 0.9950 0.0717
vn -0.0346 0.9988 0.0358
vn 0.0346 0.9988 -0.0358
vn 0.0692 0.9950 -0.0717
vn 0.1713 0.9691 -0.1774
vn 0.2048 0.9556 -0.2121
vn 0.2697 0.9215 -0.2793
vn 0.3014 0.9009 -0.3122
vn 0.3322 0.8782 -0.3440
vn 0.3913 0.8263 -0.4052
vn 0.4725 0.7331 -0.4892
vn 0.5208 0.6617 -0.5394
vn 0.5640 0.5837 -0.5841
vn 0.5835 0.5426 -0.6043
vn 0.6016 0.4999 -0.6230
vn 0.6332 0.4114 -0.6557
vn 0.6466 0.3653 -0.6696
vn 0.6585 0.3184 -0.6819
vn 0.6687 0.2709 -0.6925
vn 0.6893 0.1244 -0.7138
vn 0.6927 0.0748 -0.7173
vn 0.6945 0.0249 -0.7191
vn 0.6945 -0.0249 -0.7191
vn 0.6893 -0.1244 -0.7138
vn 0.6687 -0.2709 -0.6925
vn 0.6585 -0.3184 -0.6819
vn 0.6466 -0.3653 -0.6696
vn 0.6332 -0.4114 -0.6557
vn 0.6016 -0.4999 -0.6230
vn 0.5835 -0.5426 -0.6043
vn 0.5640 -0.5837 -0.5841
vn 0.4724 -0.7331 -0.4893
vn 0.4725 -0.7331 -0.4893
vn 0.3913 -0.8263 -0.4052
vn 0.3323 -0.8782 -0.3440
vn 0.3015 -0.9009 -0.3121
vn 0.2698 -0.9215 -0.2793
vn 0.2697 -0.9215 -0.2793
vn 0.2377 -0.9397 -0.2461
vn 0.2048 -0.9556 -0.2121
vn 0.1713 -0.9691 -0.1774
vn 0.0692 -0.9950 -0.0717
vn 0.0346 -0.9988 -0.0358
vn -0.0346 -0.9988 0.0358
vn -0.0692 -0.9950 0.0717
vn -0.1713 -0.9691 0.1774
vn -0.2048 -0.9556 0.2121
vn -0.2697 -0.9215 0.2793
vn -0.2698 -0.9215 0.2793
vn -0.3322 -0.8782 0.3441
vn -0.4194 -0.7972 0.4343
vn -0.4466 -0.7660 0.4624
vn -0.4465 -0.7660 0.4624
vn -0.4724 -0.7331 0.4892
vn -0.4973 -0.6982 0.5150
vn -0.5835 -0.5426 0.6042
vn -0.6687 -0.2709 0.6925
vn -0.6773 -0.2225 0.7013
vn -0.6841 -0.1737 0.7084
vn -0.6893 -0.1243 0.7138
vn -0.6944 -0.0250 0.7191
vn 0.6893 -0.1243 0.7138
vn 0.6841 -0.1737 0.7084
vn 0.6687 -0.2709 0.6924
vn 0.6016 -0.4999 0.6230
vn 0.5835 -0.5426 0.6042
vn 0.4973 -0.6982 0.5150
vn 0.4724 -0.7331 0.4892
vn 0.4973 -0.6982 0.5149
vn 0.4466 -0.7660 0.4624
vn 0.4465 -0.7660 0.4624
vn 0.4194 -0.7972 0.4343
vn 0.3322 -0.8782 0.3441
vn 0.2697 -0.9215 0.2793
vn 0.2698 -0.9215 0.2793
vn 0.2048 -0.9556 0.2121
vn 0.1713 -0.9691 0.1774
vn 0.0692 -0.9950 0.0717
vn 0.0346 -0.9988 0.0358
vn -0.0346 -0.9988 -0.0358
vn -0.0692 -0.9950 -0.0717
vn -0.1713 -0.9691 -0.1774
vn -0.2048 -0.9556 -0.2121
vn -0.2697 -0.9215 -0.2793
vn -0.3014 -0.9009 -0.3122
vn -0.3913 -0.8263 -0.4052
vn -0.3913 -0.8262 -0.4053
vn -0.4465 -0.7661 -0.4624
vn -0.4725 -0.7331 -0.4893
vn -0.5640 -0.5837 -0.5841
vn -0.5835 -0.5426 -0.6043
vn -0.6016 -0.4999 -0.6230
vn -0.6182 -0.4562 -0.6402
vn -0.6332 -0.4114 -0.6557
vn -0.6585 -0.3184 -0.6819
vn -0.6687 -0.2709 -0.6924
vn -0.6687 -0.2708 -0.6925
vn -0.6892 -0.1243 -0.7138
vn -0.6893 -0.1244 -0.7138
vn -0.6945 -0.0250 -0.7191
vn -0.6945 0.0249 -0.7191
vn -0.6944 0.0250 -0.7191
vn -0.6927 0.0748 -0.7173
vn -0.6892 0.1244 -0.7138
vn -0.6687 0.2709 -0.6925
vn -0.6585 0.3184 -0.6819
vn -0.6332 0.4114 -0.6557
vn -0.6181 0.4562 -0.6401
vn -0.6016 0.4999 -0.6230
vn -0.5835 0.5426 -0.6043
vn -0.5640 0.5837 -0.5841
vn -0.5209 0.6617 -0.5394
vn -0.4725 0.7331 -0.4893
vn -0.4465 0.7661 -0.4624
vn -0.3913 0.8263 -0.4052
vn -0.3323 0.8782 -0.3440
vn -0.3015 0.9009 -0.3122
vn -0.2698 0.9215 -0.2793
vn -0.2697 0.9215 -0.2793
vn -0.2377 0.9397 -0.2461
vn -0.2048 0.9556 -0.2121
vn -0.1713 0.9691 -0.1774
vn -0.0692 0.9950 -0.0717
vn -0.0346 0.9988 -0.0358
vn 0.0346 0.9988 0.0358
vn 0.0692 0.9950 0.0717
vn 0.1713 0.9691 0.1774
vn 0.2048 0.9556 0.2121
vn 0.2697 0.9215 0.2793
vn 0.2698 0.9215 0.2793
vn 0.3322 0.8782 0.3441
vn 0.4194 0.7972 0.4343
vn 0.4466 0.7660 0.4624
vn 0.4725 0.7331 0.4892
vn 0.4465 0.7660 0.4624
vn 0.4973 0.6982 0.5150
vn 0.5835 0.5426 0.6042
vn 0.6182 0.4562 0.6401
vn 0.6467 0.3653 0.6696
vn 0.6841 0.1737 0.7084
vn 0.6893 0.1243 0.7138
vn 0.6944 0.0250 0.7191
vn 0.0249 -0.9997 -0.0000
vn 0.2709 -0.9626 -0.0000
vn 0.4113 -0.9115 -0.0000
vn 0.4562 -0.8899 -0.0000
vn 0.5425 -0.8400 -0.0000
vn 0.5837 -0.8120 -0.0000
vn 0.6616 -0.7498 -0.0000
vn 0.6983 -0.7158 -0.0000
vn 0.7661 -0.6428 -0.0000
vn 0.8263 -0.5632 -0.0000
vn 0.8782 -0.4783 -0.0000
vn 0.9010 -0.4339 -0.0000
vn 0.9397 -0.3421 -0.0000
vn 0.9556 -0.2947 -0.0000
vn 0.9691 -0.2468 -0.0000
vn 0.9802 -0.1981 -0.0000
vn 0.9888 -0.1490 -0.0000
vn 0.9950 -0.0996 -0.0000
vn 0.9988 -0.0499 -0.0000
vn 0.9988 0.0499 -0.0000
vn 0.9950 0.0996 -0.0000
vn 0.9888 0.1490 -0.0000
vn 0.9802 0.1981 -0.0000
vn 0.9691 0.2468 -0.0000
vn 0.9556 0.2947 -0.0000
vn 0.9397 0.3421 -0.0000
vn 0.9010 0.4339 -0.0000
vn 0.8782 0.4783 -0.0000
vn 0.8263 0.5632 -0.0000
vn 0.7661 0.6428 -0.0000
vn 0.6983 0.7158 -0.0000
vn 0.6616 0.7498 -0.0000
vn 0.5837 0.8120 -0.0000
vn 0.5425 0.8400 -0.0000
vn 0.4562 0.8899 -0.0000
vn 0.4113 0.9115 -0.0000
vn 0.2709 0.9626 -0.0000
vn 0.0249 0.9997 -0.0000
vn -0.0249 0.9997 -0.0000
vn -0.2709 0.9626 -0.0000
vn -0.4113 0.9115 -0.0000
vn -0.4562 0.8899 -0.0000
vn -0.5425 0.8400 -0.0000
vn -0.5837 0.8120 -0.0000
vn -0.6616 0.7498 -0.0000
vn -0.6983 0.7158 -0.0000
vn -0.7330 0.6803 -0.0000
vn -0.9397 0.3421 -0.0000
vn -0.9556 0.2947 -0.0000
vn -0.9691 0.2468 -0.0000
vn -0.9802 0.1981 -0.0000
vn -0.9888 0.1490 -0.0000
vn -0.9950 0.0996 -0.0000
vn -0.9988 0.0499 -0.0000
vn -0.9988 -0.0499 -0.0000
vn -0.9950 -0.0996 -0.0000
vn -0.9888 -0.1490 -0.0000
vn -0.9802 -0.1981 -0.0000
vn -0.9691 -0.2468 -0.0000
vn -0.9556 -0.2947 -0.0000
vn -0.9397 -0.3421 -0.0000
vn -0.7330 -0.6803 -0.0000
vn -0.6983 -0.7158 -0.0000
vn -0.6616 -0.7498 -0.0000
vn -0.5837 -0.8120 -0.0000
vn -0.5425 -0.8400 -0.0000
vn -0.4562 -0.8899 -0.0000
vn -0.4113 -0.9115 -0.0000
vn -0.2709 -0.9626 -0.0000
vn -0.0249 -0.9997 -0.0000
vn -0.0249 -0.6944 0.7191
vn -0.1243 -0.6893 0.7138
vn -0.1737 -0.6841 0.7084
vn -0.3184 -0.6585 0.6819
vn -0.5426 -0.5835 0.6042
vn -0.5425 -0.5835 0.6043
vn -0.5838 -0.5640 0.5841
vn -0.6982 -0.4973 0.5150
vn -0.7331 -0.4724 0.4892
vn -0.7660 -0.4466 0.4624
vn -0.7660 -0.4465 0.4624
vn -0.7972 -0.4194 0.4343
vn -0.8262 -0.3913 0.4052
vn -0.9397 -0.2376 0.2460
vn -0.9555 -0.2048 0.2121
vn -0.9691 -0.1713 0.1774
vn -0.9950 -0.0692 0.0717
vn -0.9988 -0.0346 0.0358
vn -0.9988 0.0346 -0.0358
vn -0.9950 0.0692 -0.0717
vn -0.9691 0.1713 -0.1774
vn -0.9556 0.2048 -0.2121
vn -0.9215 0.2698 -0.2793
vn -0.9009 0.3014 -0.3122
vn -0.8263 0.3913 -0.4052
vn -0.8262 0.3913 -0.4053
vn -0.7661 0.4465 -0.4624
vn -0.7331 0.4725 -0.4892
vn -0.7331 0.4725 -0.4893
vn -0.6617 0.5208 -0.5394
vn -0.5838 0.5640 -0.5841
vn -0.4114 0.6332 -0.6557
vn -0.3653 0.6466 -0.6696
vn -0.3184 0.6585 -0.6819
vn -0.2709 0.6687 -0.6925
vn -0.1736 0.6841 -0.7084
vn -0.1243 0.6893 -0.7138
vn -0.1244 0.6893 -0.7138
vn -0.0748 0.6927 -0.7173
vn 0.0748 0.6927 -0.7173
vn 0.1244 0.6893 -0.7138
vn 0.1243 0.6893 -0.7138
vn 0.1736 0.6841 -0.7084
vn 0.2709 0.6687 -0.6925
vn 0.3184 0.6585 -0.6819
vn 0.4114 0.6332 -0.6557
vn 0.5838 0.5640 -0.5841
vn 0.6982 0.4973 -0.5150
vn 0.7331 0.4725 -0.4893
vn 0.7661 0.4465 -0.4624
vn 0.7971 0.4194 -0.4343
vn 0.8263 0.3913 -0.4052
vn 0.9009 0.3015 -0.3121
vn 0.9556 0.2048 -0.2120
vn 0.9691 0.1714 -0.1774
vn 0.9950 0.0692 -0.0716
vn 0.9988 0.0346 -0.0358
vn 0.9988 -0.0346 0.0358
vn 0.9950 -0.0692 0.0716
vn 0.9691 -0.1713 0.1774
vn 0.9009 -0.3014 0.3121
vn 0.7972 -0.4194 0.4343
vn 0.7660 -0.4466 0.4624
vn 0.7331 -0.4724 0.4893
vn 0.6982 -0.4973 0.5150
vn 0.5838 -0.5640 0.5841
vn 0.5426 -0.5835 0.6042
vn 0.3653 -0.6466 0.6696
vn 0.3184 -0.6585 0.6819
vn 0.2709 -0.6687 0.6925
vn 0.1737 -0.6841 0.7084
vn 0.1243 -0.6893 0.7138
vn 0.0250 -0.6944 0.7191
vn 0.7192 -0.0002 0.6948
vn 0.7195 0.0002 0.6945
vn 0.7195 -0.0002 0.6945
vn 0.7192 0.0002 0.6948
vn -0.7195 -0.0002 0.6945
vn -0.7195 0.0002 0.6945
vn -0.0003 0.7195 0.6945
vn 0.0003 0.7192 0.6948
vn -0.0003 0.7192 0.6948
vn 0.0003 0.7195 0.6945
vn -0.0748 0.9972 -0.0000
vn -0.1243 0.9922 -0.0000
vn -0.2227 0.9749 -0.0000
vn -0.2707 0.9627 -0.0000
vn -0.3187 0.9479 -0.0000
vn -0.4561 0.8899 -0.0000
vn -0.5001 0.8660 -0.0000
vn -0.5839 0.8118 -0.0000
vn -0.6234 0.7819 -0.0000
vn -0.6617 0.7498 -0.0000
vn -0.6983 0.7159 -0.0000
vn -0.7331 0.6801 -0.0000
vn -0.7660 0.6428 -0.0000
vn -0.8782 0.4783 -0.0000
vn -0.9010 0.4338 -0.0000
vn -0.9215 0.3885 -0.0000
vn -0.9215 -0.3885 -0.0000
vn -0.9010 -0.4338 -0.0000
vn -0.8782 -0.4783 -0.0000
vn -0.7660 -0.6428 -0.0000
vn -0.7331 -0.6801 -0.0000
vn -0.6983 -0.7159 -0.0000
vn -0.6617 -0.7498 -0.0000
vn -0.6234 -0.7819 -0.0000
vn -0.5839 -0.8118 -0.0000
vn -0.5001 -0.8660 -0.0000
vn -0.4561 -0.8899 -0.0000
vn -0.3187 -0.9479 -0.0000
vn -0.2707 -0.9627 -0.0000
vn -0.2227 -0.9749 -0.0000
vn -0.1243 -0.9922 -0.0000
vn -0.0748 -0.9972 -0.0000
vn 0.0748 -0.9972 -0.0000
vn 0.1243 -0.9922 -0.0000
vn 0.2227 -0.9749 -0.0000
vn 0.2707 -0.9627 -0.0000
vn 0.3187 -0.9479 -0.0000
vn 0.4561 -0.8899 -0.0000
vn 0.5001 -0.8660 -0.0000
vn 0.5839 -0.8118 -0.0000
vn 0.6234 -0.7819 -0.0000
vn 0.6617 -0.7498 -0.0000
vn 0.6983 -0.7159 -0.0000
vn 0.7331 -0.6801 -0.0000
vn 0.7660 -0.6428 -0.0000
vn 0.7971 -0.6039 -0.0000
vn 0.9215 -0.3885 -0.0000
vn 0.9691 -0.2469 -0.0000
vn 0.9691 0.2469 -0.0000
vn 0.9215 0.3885 -0.0000
vn 0.7971 0.6039 -0.0000
vn 0.7660 0.6428 -0.0000
vn 0.7331 0.6801 -0.0000
vn 0.6983 0.7159 -0.0000
vn 0.6617 0.7498 -0.0000
vn 0.6234 0.7819 -0.0000
vn 0.5839 0.8118 -0.0000
vn 0.5001 0.8660 -0.0000
vn 0.4561 0.8899 -0.0000
vn 0.3187 0.9479 -0.0000
vn 0.2707 0.9627 -0.0000
vn 0.2227 0.9749 -0.0000
vn 0.1243 0.9922 -0.0000
vn 0.0748 0.9972 -0.0000
vn 0.0251 -0.9997 -0.0000
vn 0.1738 -0.9848 -0.0000
vn 0.3184 -0.9479 -0.0000
vn 0.3654 -0.9309 -0.0000
vn 0.4999 -0.8661 -0.0000
vn 0.5426 -0.8400 -0.0000
vn 0.7331 -0.6802 -0.0000
vn 0.8262 -0.5634 -0.0000
vn 0.8533 -0.5214 -0.0000
vn 0.9556 -0.2946 -0.0000
vn 0.9556 0.2946 -0.0000
vn 0.8533 0.5214 -0.0000
vn 0.8262 0.5634 -0.0000
vn 0.7331 0.6802 -0.0000
vn 0.5426 0.8400 -0.0000
vn 0.4999 0.8661 -0.0000
vn 0.3654 0.9309 -0.0000
vn 0.3184 0.9479 -0.0000
vn 0.1738 0.9848 -0.0000
vn 0.0251 0.9997 -0.0000
vn -0.0251 0.9997 -0.0000
vn -0.1738 0.9848 -0.0000
vn -0.3184 0.9479 -0.0000
vn -0.3654 0.9309 -0.0000
vn -0.4999 0.8661 -0.0000
vn -0.5426 0.8400 -0.0000
vn -0.7331 0.6802 -0.0000
vn -0.7661 0.6428 -0.0000
vn -0.8262 0.5634 -0.0000
vn -0.8533 0.5214 -0.0000
vn -0.9396 0.3422 -0.0000
vn -0.9556 0.2945 -0.0000
vn -0.9691 0.2469 -0.0000
vn -0.9691 -0.2469 -0.0000
vn -0.9556 -0.2945 -0.0000
vn -0.9396 -0.3422 -0.0000
vn -0.8533 -0.5214 -0.0000
vn -0.8262 -0.5634 -0.0000
vn -0.7661 -0.6428 -0.0000
vn -0.7331 -0.6802 -0.0000
vn -0.5426 -0.8400 -0.0000
vn -0.4999 -0.8661 -0.0000
vn -0.3654 -0.9309 -0.0000
vn -0.3184 -0.9479 -0.0000
vn -0.1738 -0.9848 -0.0000
vn -0.0251 -0.9997 -0.0000
vn 0.0173 -0.9997 0.0179
vn 0.0519 -0.9972 0.0537
vn 0.0519 -0.9972 0.0538
vn 0.0864 -0.9922 0.0895
vn 0.1206 -0.9848 0.1249
vn 0.1545 -0.9749 0.1600
vn 0.1546 -0.9749 0.1600
vn 0.1881 -0.9626 0.1948
vn 0.2212 -0.9479 0.2291
vn 0.2538 -0.9308 0.2629
vn 0.2856 -0.9115 0.2958
vn 0.3170 -0.8898 0.3282
vn 0.3473 -0.8660 0.3597
vn 0.3473 -0.8660 0.3596
vn 0.3769 -0.8400 0.3903
vn 0.4055 -0.8119 0.4199
vn 0.4331 -0.7819 0.4485
vn 0.4597 -0.7497 0.4760
vn 0.4850 -0.7159 0.5023
vn 0.4850 -0.7159 0.5022
vn 0.5092 -0.6802 0.5273
vn 0.5322 -0.6428 0.5511
vn 0.5322 -0.6427 0.5511
vn 0.5538 -0.6038 0.5734
vn 0.5739 -0.5633 0.5943
vn 0.5927 -0.5214 0.6138
vn 0.6100 -0.4783 0.6317
vn 0.6101 -0.4783 0.6317
vn 0.6259 -0.4338 0.6481
vn 0.6401 -0.3885 0.6628
vn 0.6259 -0.4339 0.6481
vn 0.6528 -0.3421 0.6759
vn 0.6401 -0.3884 0.6629
vn 0.6638 -0.2947 0.6874
vn 0.6528 -0.3420 0.6760
vn 0.6732 -0.2468 0.6971
vn 0.6809 -0.1981 0.7051
vn 0.6869 -0.1490 0.7113
vn 0.6912 -0.0996 0.7158
vn 0.6938 -0.0499 0.7184
vn 0.6947 -0.0000 0.7193
vn 0.6938 0.0499 0.7184
vn 0.6912 0.0996 0.7158
vn 0.6869 0.1490 0.7113
vn 0.6809 0.1981 0.7051
vn 0.6732 0.2468 0.6971
vn 0.6638 0.2947 0.6874
vn 0.6528 0.3421 0.6759
vn 0.6528 0.3420 0.6760
vn 0.6401 0.3884 0.6629
vn 0.6401 0.3885 0.6628
vn 0.6259 0.4338 0.6481
vn 0.6101 0.4783 0.6317
vn 0.6100 0.4783 0.6317
vn 0.5927 0.5215 0.6138
vn 0.5927 0.5214 0.6138
vn 0.5739 0.5633 0.5943
vn 0.5538 0.6038 0.5734
vn 0.5322 0.6427 0.5511
vn 0.5322 0.6428 0.5511
vn 0.5092 0.6802 0.5273
vn 0.4850 0.7159 0.5023
vn 0.4850 0.7159 0.5022
vn 0.4597 0.7497 0.4760
vn 0.4331 0.7819 0.4485
vn 0.4055 0.8119 0.4199
vn 0.3769 0.8400 0.3903
vn 0.3473 0.8660 0.3597
vn 0.3473 0.8660 0.3596
vn 0.3170 0.8898 0.3282
vn 0.2856 0.9115 0.2958
vn 0.2538 0.9308 0.2629
vn 0.2212 0.9479 0.2291
vn 0.1881 0.9626 0.1948
vn 0.1545 0.9749 0.1600
vn 0.1546 0.9749 0.1601
vn 0.1206 0.9848 0.1249
vn 0.0864 0.9922 0.0895
vn 0.0519 0.9972 0.0538
vn 0.0519 0.9972 0.0537
vn 0.0173 0.9997 0.0179
vn -0.0173 0.9997 -0.0179
vn -0.0519 0.9972 -0.0538
vn -0.0864 0.9922 -0.0895
vn -0.1206 0.9848 -0.1249
vn -0.1546 0.9749 -0.1600
vn -0.1546 0.9749 -0.1601
vn -0.1881 0.9626 -0.1948
vn -0.2212 0.9479 -0.2291
vn -0.2538 0.9308 -0.2629
vn -0.2538 0.9309 -0.2628
vn -0.2857 0.9115 -0.2958
vn -0.3170 0.8898 -0.3282
vn -0.3473 0.8660 -0.3597
vn -0.3769 0.8400 -0.3903
vn -0.3473 0.8660 -0.3596
vn -0.4056 0.8119 -0.4200
vn -0.4331 0.7819 -0.4484
vn -0.4055 0.8119 -0.4199
vn -0.4331 0.7819 -0.4485
vn -0.4597 0.7497 -0.4760
vn -0.4850 0.7159 -0.5022
vn -0.4850 0.7159 -0.5023
vn -0.5092 0.6802 -0.5273
vn -0.5322 0.6428 -0.5511
vn -0.5538 0.6037 -0.5734
vn -0.5322 0.6427 -0.5511
vn -0.5537 0.6038 -0.5734
vn -0.5739 0.5634 -0.5943
vn -0.5927 0.5215 -0.6138
vn -0.5928 0.5214 -0.6138
vn -0.6101 0.4783 -0.6317
vn -0.6101 0.4782 -0.6317
vn -0.6259 0.4338 -0.6481
vn -0.6259 0.4339 -0.6481
vn -0.6401 0.3885 -0.6628
vn -0.6401 0.3884 -0.6629
vn -0.6528 0.3420 -0.6760
vn -0.6638 0.2948 -0.6874
vn -0.6638 0.2947 -0.6874
vn -0.6732 0.2468 -0.6971
vn -0.6809 0.1981 -0.7051
vn -0.6869 0.1491 -0.7113
vn -0.6869 0.1490 -0.7113
vn -0.6912 0.0996 -0.7158
vn -0.6938 0.0498 -0.7184
vn -0.6938 0.0499 -0.7184
vn -0.6947 -0.0000 -0.7193
vn -0.6938 -0.0498 -0.7184
vn -0.6912 -0.0996 -0.7158
vn -0.6938 -0.0499 -0.7184
vn -0.6869 -0.1491 -0.7113
vn -0.6869 -0.1490 -0.7113
vn -0.6809 -0.1981 -0.7051
vn -0.6732 -0.2468 -0.6971
vn -0.6638 -0.2947 -0.6874
vn -0.6638 -0.2948 -0.6874
vn -0.6528 -0.3420 -0.6760
vn -0.6401 -0.3885 -0.6628
vn -0.6401 -0.3884 -0.6629
vn -0.6259 -0.4338 -0.6481
vn -0.6259 -0.4339 -0.6481
vn -0.6101 -0.4783 -0.6317
vn -0.6101 -0.4782 -0.6317
vn -0.5927 -0.5215 -0.6138
vn -0.5928 -0.5214 -0.6138
vn -0.5739 -0.5634 -0.5943
vn -0.5538 -0.6037 -0.5734
vn -0.5537 -0.6038 -0.5734
vn -0.5322 -0.6427 -0.5511
vn -0.5322 -0.6428 -0.5511
vn -0.5092 -0.6802 -0.5273
vn -0.4850 -0.7159 -0.5022
vn -0.4850 -0.7159 -0.5023
vn -0.4597 -0.7497 -0.4760
vn -0.4331 -0.7819 -0.4485
vn -0.4331 -0.7819 -0.4484
vn -0.4055 -0.8119 -0.4200
vn -0.4056 -0.8119 -0.4200
vn -0.3769 -0.8400 -0.3903
vn -0.3473 -0.8660 -0.3596
vn -0.3473 -0.8660 -0.3597
vn -0.3170 -0.8898 -0.3282
vn -0.2857 -0.9115 -0.2958
vn -0.2538 -0.9308 -0.2629
vn -0.2538 -0.9309 -0.2628
vn -0.2212 -0.9479 -0.2291
vn -0.1881 -0.9626 -0.1948
vn -0.1546 -0.9749 -0.1600
vn -0.1546 -0.9749 -0.1601
vn -0.1206 -0.9848 -0.1249
vn -0.0864 -0.9922 -0.0895
vn -0.0519 -0.9972 -0.0538
vn -0.0173 -0.9997 -0.0179
vn 0.7193 -0.0000 -0.6947
vn 0.7194 -0.0000 -0.6946
vn 0.7193 -0.0001 -0.6947
vn 0.7193 -0.0000 -0.6946
vn 0.7194 0.0001 -0.6946
vn 0.7193 0.0001 -0.6947
vn 0.7194 -0.0001 -0.6946
vn 0.7193 -0.0001 -0.6946
vn 0.7193 0.0001 -0.6946
vn -0.0864 0.9922 -0.0894
vn -0.1207 0.9848 -0.1250
vn -0.1207 0.9848 -0.1249
vn -0.1545 0.9749 -0.1600
vn -0.1882 0.9626 -0.1949
vn -0.1882 0.9626 -0.1948
vn -0.2858 0.9115 -0.2959
vn -0.2857 0.9115 -0.2959
vn -0.3169 0.8899 -0.3281
vn -0.3474 0.8660 -0.3597
vn -0.3769 0.8401 -0.3902
vn -0.4055 0.8120 -0.4199
vn -0.4331 0.7818 -0.4485
vn -0.4597 0.7498 -0.4760
vn -0.4596 0.7498 -0.4760
vn -0.4851 0.7158 -0.5023
vn -0.5321 0.6428 -0.5510
vn -0.5537 0.6039 -0.5734
vn -0.5739 0.5633 -0.5943
vn -0.5740 0.5633 -0.5944
vn -0.5927 0.5214 -0.6138
vn -0.6809 0.1982 -0.7051
vn -0.6912 0.0995 -0.7158
vn -0.6912 -0.0995 -0.7158
vn -0.6809 -0.1982 -0.7051
vn -0.6732 -0.2467 -0.6971
vn -0.5927 -0.5214 -0.6138
vn -0.5740 -0.5633 -0.5944
vn -0.5739 -0.5633 -0.5943
vn -0.5537 -0.6039 -0.5734
vn -0.5321 -0.6428 -0.5510
vn -0.4851 -0.7158 -0.5023
vn -0.4596 -0.7498 -0.4760
vn -0.4597 -0.7498 -0.4760
vn -0.4331 -0.7818 -0.4485
vn -0.4055 -0.8120 -0.4199
vn -0.3769 -0.8401 -0.3902
vn -0.3474 -0.8660 -0.3597
vn -0.3169 -0.8899 -0.3281
vn -0.2857 -0.9115 -0.2959
vn -0.2858 -0.9115 -0.2959
vn -0.1882 -0.9626 -0.1949
vn -0.1882 -0.9626 -0.1948
vn -0.1545 -0.9749 -0.1600
vn -0.1207 -0.9848 -0.1250
vn -0.1207 -0.9848 -0.1249
vn -0.0864 -0.9922 -0.0894
vn 0.0864 -0.9922 0.0894
vn 0.1207 -0.9848 0.1250
vn 0.1882 -0.9626 0.1949
vn 0.2538 -0.9309 0.2628
vn 0.2857 -0.9115 0.2959
vn 0.3169 -0.8899 0.3281
vn 0.3474 -0.8660 0.3597
vn 0.4055 -0.8120 0.4199
vn 0.4331 -0.7818 0.4485
vn 0.4596 -0.7498 0.4759
vn 0.4851 -0.7158 0.5023
vn 0.5092 -0.6801 0.5273
vn 0.5537 -0.6038 0.5734
vn 0.5321 -0.6428 0.5511
vn 0.5739 -0.5634 0.5943
vn 0.5740 -0.5633 0.5943
vn 0.5928 -0.5214 0.6138
vn 0.5927 -0.5215 0.6138
vn 0.6101 -0.4782 0.6318
vn 0.6528 -0.3419 0.6760
vn 0.6638 -0.2948 0.6874
vn 0.6732 -0.2467 0.6971
vn 0.6809 -0.1982 0.7051
vn 0.6869 -0.1491 0.7113
vn 0.6938 -0.0498 0.7184
vn 0.6809 0.1982 0.7051
vn 0.6732 0.2467 0.6971
vn 0.6638 0.2948 0.6874
vn 0.6528 0.3419 0.6760
vn 0.6259 0.4339 0.6481
vn 0.6101 0.4782 0.6318
vn 0.5928 0.5214 0.6138
vn 0.5739 0.5634 0.5943
vn 0.5740 0.5633 0.5943
vn 0.5537 0.6038 0.5734
vn 0.5321 0.6428 0.5511
vn 0.4851 0.7158 0.5023
vn 0.5092 0.6801 0.5273
vn 0.4596 0.7498 0.4760
vn 0.4331 0.7818 0.4485
vn 0.4055 0.8120 0.4199
vn 0.3474 0.8660 0.3597
vn 0.3169 0.8899 0.3281
vn 0.2857 0.9115 0.2959
vn 0.2538 0.9309 0.2628
vn 0.1882 0.9626 0.1949
vn 0.1207 0.9848 0.1250
vn 0.0864 0.9922 0.0894
vn -0.0173 0.9997 0.0179
vn -0.0519 0.9972 0.0537
vn -0.0519 0.9972 0.0538
vn -0.0864 0.9922 0.0895
vn -0.1206 0.9848 0.1249
vn -0.1546 0.9749 0.1600
vn -0.1881 0.9626 0.1948
vn -0.2212 0.9479 0.2291
vn -0.2538 0.9308 0.2629
vn -0.2856 0.9115 0.2958
vn -0.3170 0.8898 0.3282
vn -0.3473 0.8660 0.3597
vn -0.3473 0.8660 0.3596
vn -0.3769 0.8400 0.3903
vn -0.4055 0.8119 0.4199
vn -0.4331 0.7819 0.4485
vn -0.4597 0.7497 0.4760
vn -0.4850 0.7159 0.5023
vn -0.4850 0.7159 0.5022
vn -0.5092 0.6802 0.5273
vn -0.5322 0.6428 0.5511
vn -0.5322 0.6427 0.5511
vn -0.5537 0.6038 0.5734
vn -0.5538 0.6038 0.5734
vn -0.5740 0.5633 0.5943
vn -0.5739 0.5633 0.5943
vn -0.5927 0.5214 0.6138
vn -0.5928 0.5214 0.6138
vn -0.6100 0.4783 0.6317
vn -0.6259 0.4338 0.6481
vn -0.6401 0.3885 0.6628
vn -0.6259 0.4339 0.6481
vn -0.6528 0.3421 0.6759
vn -0.6401 0.3884 0.6629
vn -0.6638 0.2947 0.6874
vn -0.6528 0.3420 0.6760
vn -0.6732 0.2468 0.6971
vn -0.6809 0.1981 0.7051
vn -0.6869 0.1490 0.7113
vn -0.6912 0.0996 0.7158
vn -0.6938 0.0499 0.7184
vn -0.6947 -0.0000 0.7193
vn -0.6938 -0.0499 0.7184
vn -0.6912 -0.0996 0.7158
vn -0.6869 -0.1490 0.7113
vn -0.6809 -0.1981 0.7051
vn -0.6732 -0.2468 0.6971
vn -0.6638 -0.2947 0.6874
vn -0.6528 -0.3421 0.6759
vn -0.6528 -0.3420 0.6760
vn -0.6401 -0.3884 0.6629
vn -0.6401 -0.3885 0.6628
vn -0.6259 -0.4338 0.6481
vn -0.6100 -0.4783 0.6317
vn -0.5927 -0.5214 0.6138
vn -0.5739 -0.5633 0.5943
vn -0.5740 -0.5633 0.5943
vn -0.5538 -0.6038 0.5734
vn -0.5537 -0.6038 0.5734
vn -0.5322 -0.6427 0.5511
vn -0.5322 -0.6428 0.5511
vn -0.5092 -0.6802 0.5273
vn -0.4850 -0.7159 0.5023
vn -0.4850 -0.7159 0.5022
vn -0.4597 -0.7497 0.4760
vn -0.4331 -0.7819 0.4485
vn -0.4055 -0.8119 0.4199
vn -0.3769 -0.8400 0.3903
vn -0.3473 -0.8660 0.3597
vn -0.3473 -0.8660 0.3596
vn -0.3170 -0.8898 0.3282
vn -0.2856 -0.9115 0.2958
vn -0.2538 -0.9308 0.2629
vn -0.2212 -0.9479 0.2291
vn -0.1881 -0.9626 0.1948
vn -0.1545 -0.9749 0.1600
vn -0.1546 -0.9749 0.1601
vn -0.1206 -0.9848 0.1249
vn -0.0864 -0.9922 0.0895
vn -0.0519 -0.9972 0.0538
vn -0.0519 -0.9972 0.0537
vn -0.0173 -0.9997 0.0179
vn 0.0173 -0.9997 -0.0179
vn 0.0519 -0.9972 -0.0538
vn 0.0864 -0.9922 -0.0895
vn 0.1206 -0.9848 -0.1249
vn 0.1546 -0.9749 -0.1600
vn 0.1546 -0.9749 -0.1601
vn 0.1881 -0.9626 -0.1948
vn 0.2212 -0.9479 -0.2291
vn 0.2538 -0.9308 -0.2629
vn 0.2538 -0.9309 -0.2628
vn 0.2857 -0.9115 -0.2958
vn 0.3170 -0.8898 -0.3282
vn 0.3473 -0.8660 -0.3597
vn 0.3769 -0.8400 -0.3903
vn 0.3473 -0.8660 -0.3596
vn 0.4056 -0.8119 -0.4200
vn 0.4331 -0.7819 -0.4484
vn 0.4055 -0.8119 -0.4199
vn 0.4331 -0.7819 -0.4485
vn 0.4597 -0.7497 -0.4760
vn 0.4850 -0.7159 -0.5022
vn 0.4850 -0.7159 -0.5023
vn 0.5092 -0.6802 -0.5273
vn 0.5322 -0.6427 -0.5511
vn 0.5538 -0.6037 -0.5734
vn 0.5322 -0.6428 -0.5511
vn 0.5537 -0.6038 -0.5734
vn 0.5739 -0.5634 -0.5943
vn 0.5927 -0.5215 -0.6138
vn 0.5928 -0.5214 -0.6138
vn 0.6101 -0.4783 -0.6317
vn 0.6101 -0.4782 -0.6317
vn 0.6259 -0.4338 -0.6481
vn 0.6259 -0.4339 -0.6481
vn 0.6401 -0.3885 -0.6628
vn 0.6401 -0.3884 -0.6629
vn 0.6528 -0.3420 -0.6760
vn 0.6638 -0.2947 -0.6874
vn 0.6732 -0.2468 -0.6971
vn 0.6809 -0.1981 -0.7051
vn 0.6869 -0.1491 -0.7113
vn 0.6869 -0.1490 -0.7113
vn 0.6912 -0.0996 -0.7158
vn 0.6938 -0.0499 -0.7184
vn 0.6947 -0.0000 -0.7193
vn 0.6938 0.0499 -0.7184
vn 0.6912 0.0996 -0.7158
vn 0.6869 0.1491 -0.7113
vn 0.6869 0.1490 -0.7113
vn 0.6809 0.1981 -0.7051
vn 0.6732 0.2468 -0.6971
vn 0.6638 0.2947 -0.6874
vn 0.6528 0.3420 -0.6760
vn 0.6401 0.3885 -0.6628
vn 0.6401 0.3884 -0.6629
vn 0.6259 0.4338 -0.6481
vn 0.6259 0.4339 -0.6481
vn 0.6101 0.4783 -0.6317
vn 0.6101 0.4782 -0.6317
vn 0.5927 0.5215 -0.6138
vn 0.5928 0.5214 -0.6138
vn 0.5739 0.5634 -0.5943
vn 0.5538 0.6037 -0.5734
vn 0.5537 0.6038 -0.5734
vn 0.5322 0.6427 -0.5511
vn 0.5321 0.6428 -0.5511
vn 0.5092 0.6802 -0.5273
vn 0.4850 0.7159 -0.5022
vn 0.4850 0.7159 -0.5023
vn 0.4597 0.7497 -0.4760
vn 0.4331 0.7819 -0.4485
vn 0.4331 0.7819 -0.4484
vn 0.4055 0.8119 -0.4199
vn 0.4056 0.8119 -0.4200
vn 0.3769 0.8400 -0.3903
vn 0.3473 0.8660 -0.3596
vn 0.3473 0.8660 -0.3597
vn 0.3170 0.8898 -0.3282
vn 0.2857 0.9115 -0.2958
vn 0.2538 0.9308 -0.2629
vn 0.2538 0.9309 -0.2628
vn 0.2212 0.9479 -0.2291
vn 0.1881 0.9626 -0.1948
vn 0.1546 0.9749 -0.1600
vn 0.1546 0.9749 -0.1601
vn 0.1206 0.9848 -0.1249
vn 0.0864 0.9922 -0.0895
vn 0.0519 0.9972 -0.0538
vn 0.0173 0.9997 -0.0179
vn -0.7193 -0.0000 -0.6947
vn -0.7194 -0.0000 -0.6946
vn -0.7194 -0.0001 -0.6946
vn -0.7193 0.0001 -0.6947
vn -0.7193 -0.0000 -0.6946
vn -0.7193 -0.0001 -0.6947
vn -0.7193 0.0001 -0.6946
vn -0.7194 0.0001 -0.6946
vn -0.7193 -0.0001 -0.6948
vn -0.7193 -0.0001 -0.6946
vn 0.0864 -0.9922 -0.0894
vn 0.1207 -0.9848 -0.1250
vn 0.1207 -0.9848 -0.1249
vn 0.1545 -0.9749 -0.1600
vn 0.1882 -0.9626 -0.1949
vn 0.1882 -0.9626 -0.1948
vn 0.2858 -0.9115 -0.2959
vn 0.2857 -0.9115 -0.2959
vn 0.3169 -0.8899 -0.3281
vn 0.3474 -0.8660 -0.3597
vn 0.3769 -0.8401 -0.3902
vn 0.4055 -0.8120 -0.4199
vn 0.4331 -0.7818 -0.4485
vn 0.4597 -0.7498 -0.4760
vn 0.4596 -0.7498 -0.4760
vn 0.4851 -0.7158 -0.5023
vn 0.5321 -0.6428 -0.5510
vn 0.5537 -0.6039 -0.5734
vn 0.5739 -0.5633 -0.5943
vn 0.5740 -0.5633 -0.5944
vn 0.5927 -0.5214 -0.6138
vn 0.6638 -0.2948 -0.6874
vn 0.6809 -0.1982 -0.7051
vn 0.6912 -0.0995 -0.7158
vn 0.6912 0.0995 -0.7158
vn 0.6809 0.1982 -0.7051
vn 0.6732 0.2467 -0.6971
vn 0.6638 0.2948 -0.6874
vn 0.5927 0.5214 -0.6138
vn 0.5740 0.5633 -0.5944
vn 0.5739 0.5633 -0.5943
vn 0.5537 0.6039 -0.5734
vn 0.5321 0.6428 -0.5510
vn 0.5322 0.6428 -0.5511
vn 0.4851 0.7158 -0.5023
vn 0.4596 0.7498 -0.4760
vn 0.4597 0.7498 -0.4760
vn 0.4331 0.7818 -0.4485
vn 0.4055 0.8120 -0.4199
vn 0.3769 0.8401 -0.3902
vn 0.3474 0.8660 -0.3597
vn 0.3169 0.8899 -0.3281
vn 0.2858 0.9115 -0.2959
vn 0.1882 0.9626 -0.1949
vn 0.1882 0.9626 -0.1948
vn 0.1545 0.9749 -0.1600
vn 0.1207 0.9848 -0.1250
vn 0.1207 0.9848 -0.1249
vn 0.0864 0.9922 -0.0894
vn -0.0864 0.9922 0.0894
vn -0.1207 0.9848 0.1249
vn -0.1207 0.9848 0.1250
vn -0.1545 0.9749 0.1600
vn -0.1882 0.9626 0.1949
vn -0.2538 0.9309 0.2628
vn -0.2858 0.9115 0.2959
vn -0.2857 0.9115 0.2959
vn -0.3169 0.8899 0.3281
vn -0.3474 0.8660 0.3597
vn -0.4055 0.8120 0.4199
vn -0.4331 0.7818 0.4485
vn -0.4596 0.7498 0.4759
vn -0.4851 0.7158 0.5023
vn -0.5321 0.6428 0.5511
vn -0.5739 0.5634 0.5943
vn -0.5927 0.5215 0.6138
vn -0.6101 0.4782 0.6318
vn -0.6101 0.4783 0.6317
vn -0.6528 0.3419 0.6760
vn -0.6638 0.2948 0.6874
vn -0.6732 0.2467 0.6971
vn -0.6809 0.1982 0.7051
vn -0.6809 -0.1982 0.7051
vn -0.6732 -0.2467 0.6971
vn -0.6638 -0.2948 0.6874
vn -0.6528 -0.3419 0.6760
vn -0.6259 -0.4339 0.6481
vn -0.6101 -0.4782 0.6318
vn -0.6101 -0.4782 0.6317
vn -0.5928 -0.5214 0.6138
vn -0.5927 -0.5215 0.6138
vn -0.5739 -0.5634 0.5943
vn -0.5321 -0.6428 0.5511
vn -0.4851 -0.7158 0.5023
vn -0.5092 -0.6801 0.5273
vn -0.4596 -0.7498 0.4760
vn -0.4331 -0.7818 0.4485
vn -0.4055 -0.8120 0.4199
vn -0.3474 -0.8660 0.3597
vn -0.3169 -0.8899 0.3281
vn -0.2858 -0.9115 0.2959
vn -0.2857 -0.9115 0.2959
vn -0.2538 -0.9309 0.2628
vn -0.1882 -0.9626 0.1949
vn -0.1207 -0.9848 0.1249
vn -0.1207 -0.9848 0.1250
vn -0.0864 -0.9922 0.0894
vn -0.9997 -0.0173 0.0179
vn -0.9972 -0.0519 0.0537
vn -0.9972 -0.0519 0.0538
vn -0.9922 -0.0864 0.0895
vn -0.9848 -0.1207 0.1249
vn -0.9848 -0.1206 0.1249
vn -0.9749 -0.1545 0.1600
vn -0.9749 -0.1546 0.1600
vn -0.9626 -0.1881 0.1948
vn -0.9479 -0.2212 0.2291
vn -0.9309 -0.2538 0.2628
vn -0.9115 -0.2857 0.2958
vn -0.8898 -0.3170 0.3282
vn -0.8898 -0.3169 0.3282
vn -0.8660 -0.3473 0.3597
vn -0.8660 -0.3473 0.3596
vn -0.8400 -0.3769 0.3903
vn -0.8119 -0.4055 0.4199
vn -0.7818 -0.4331 0.4485
vn -0.7819 -0.4331 0.4485
vn -0.7497 -0.4597 0.4760
vn -0.7498 -0.4597 0.4760
vn -0.7159 -0.4850 0.5023
vn -0.7159 -0.4850 0.5022
vn -0.6802 -0.5092 0.5273
vn -0.6427 -0.5322 0.5511
vn -0.6038 -0.5537 0.5734
vn -0.5633 -0.5740 0.5943
vn -0.5633 -0.5739 0.5943
vn -0.5214 -0.5927 0.6138
vn -0.4783 -0.6100 0.6317
vn -0.4783 -0.6101 0.6317
vn -0.4338 -0.6259 0.6481
vn -0.3885 -0.6401 0.6628
vn -0.3421 -0.6528 0.6759
vn -0.3884 -0.6401 0.6629
vn -0.2947 -0.6638 0.6874
vn -0.3420 -0.6528 0.6760
vn -0.2468 -0.6732 0.6971
vn -0.1981 -0.6809 0.7051
vn -0.1490 -0.6869 0.7113
vn -0.0996 -0.6912 0.7158
vn -0.0499 -0.6938 0.7184
vn 0.0499 -0.6938 0.7184
vn 0.0996 -0.6912 0.7158
vn 0.1490 -0.6869 0.7113
vn 0.1981 -0.6809 0.7051
vn 0.2468 -0.6732 0.6971
vn 0.2947 -0.6638 0.6874
vn 0.3421 -0.6528 0.6760
vn 0.3420 -0.6528 0.6760
vn 0.3884 -0.6401 0.6629
vn 0.3885 -0.6401 0.6628
vn 0.4338 -0.6259 0.6481
vn 0.4783 -0.6101 0.6317
vn 0.4783 -0.6100 0.6317
vn 0.5214 -0.5927 0.6138
vn 0.5633 -0.5739 0.5943
vn 0.5633 -0.5740 0.5943
vn 0.6038 -0.5537 0.5734
vn 0.6427 -0.5322 0.5511
vn 0.6428 -0.5322 0.5511
vn 0.6802 -0.5092 0.5273
vn 0.7159 -0.4850 0.5023
vn 0.7159 -0.4850 0.5022
vn 0.7498 -0.4597 0.4760
vn 0.7497 -0.4597 0.4760
vn 0.7819 -0.4331 0.4485
vn 0.8119 -0.4055 0.4199
vn 0.8400 -0.3769 0.3903
vn 0.8660 -0.3473 0.3597
vn 0.8898 -0.3169 0.3282
vn 0.8898 -0.3170 0.3282
vn 0.9115 -0.2857 0.2958
vn 0.9309 -0.2538 0.2628
vn 0.9479 -0.2212 0.2291
vn 0.9626 -0.1881 0.1948
vn 0.9749 -0.1545 0.1600
vn 0.9749 -0.1546 0.1601
vn 0.9848 -0.1206 0.1249
vn 0.9922 -0.0864 0.0894
vn 0.9972 -0.0519 0.0538
vn 0.9972 -0.0519 0.0537
vn 0.9997 -0.0173 0.0179
vn 0.9997 0.0173 -0.0179
vn 0.9972 0.0519 -0.0538
vn 0.9922 0.0864 -0.0894
vn 0.9848 0.1206 -0.1249
vn 0.9749 0.1546 -0.1600
vn 0.9749 0.1546 -0.1601
vn 0.9626 0.1881 -0.1948
vn 0.9479 0.2212 -0.2291
vn 0.9309 0.2538 -0.2628
vn 0.9115 0.2857 -0.2958
vn 0.8899 0.3169 -0.3282
vn 0.8660 0.3473 -0.3597
vn 0.8400 0.3769 -0.3903
vn 0.8119 0.4055 -0.4199
vn 0.7819 0.4331 -0.4485
vn 0.7498 0.4597 -0.4760
vn 0.7159 0.4850 -0.5023
vn 0.6802 0.5092 -0.5273
vn 0.6427 0.5322 -0.5511
vn 0.6038 0.5538 -0.5734
vn 0.6428 0.5322 -0.5511
vn 0.6038 0.5537 -0.5734
vn 0.5634 0.5739 -0.5943
vn 0.5215 0.5927 -0.6138
vn 0.5214 0.5928 -0.6138
vn 0.4783 0.6101 -0.6317
vn 0.4782 0.6101 -0.6317
vn 0.4338 0.6259 -0.6481
vn 0.4339 0.6259 -0.6481
vn 0.3885 0.6401 -0.6628
vn 0.3884 0.6401 -0.6629
vn 0.3420 0.6528 -0.6760
vn 0.2947 0.6638 -0.6874
vn 0.2468 0.6732 -0.6971
vn 0.1981 0.6809 -0.7051
vn 0.1491 0.6869 -0.7113
vn 0.1490 0.6869 -0.7113
vn 0.0996 0.6912 -0.7158
vn 0.0499 0.6938 -0.7184
vn -0.0499 0.6938 -0.7184
vn -0.0996 0.6912 -0.7158
vn -0.1491 0.6869 -0.7113
vn -0.1490 0.6869 -0.7113
vn -0.1981 0.6809 -0.7051
vn -0.2468 0.6732 -0.6971
vn -0.2947 0.6638 -0.6874
vn -0.3420 0.6528 -0.6760
vn -0.3885 0.6401 -0.6628
vn -0.3884 0.6401 -0.6629
vn -0.4338 0.6259 -0.6481
vn -0.4339 0.6259 -0.6481
vn -0.4783 0.6101 -0.6317
vn -0.4782 0.6101 -0.6317
vn -0.5215 0.5927 -0.6138
vn -0.5214 0.5928 -0.6138
vn -0.5634 0.5739 -0.5943
vn -0.6038 0.5538 -0.5734
vn -0.6038 0.5537 -0.5734
vn -0.6427 0.5322 -0.5511
vn -0.6802 0.5092 -0.5273
vn -0.7159 0.4850 -0.5022
vn -0.7159 0.4850 -0.5023
vn -0.7498 0.4597 -0.4760
vn -0.7819 0.4331 -0.4485
vn -0.8119 0.4055 -0.4199
vn -0.8400 0.3769 -0.3903
vn -0.8660 0.3473 -0.3596
vn -0.8660 0.3473 -0.3597
vn -0.8899 0.3169 -0.3282
vn -0.9115 0.2857 -0.2958
vn -0.9309 0.2538 -0.2628
vn -0.9479 0.2212 -0.2291
vn -0.9626 0.1881 -0.1948
vn -0.9749 0.1546 -0.1600
vn -0.9749 0.1546 -0.1601
vn -0.9848 0.1206 -0.1249
vn -0.9922 0.0864 -0.0895
vn -0.9972 0.0519 -0.0538
vn -0.9997 0.0173 -0.0179
vn 0.0001 0.7193 0.6946
vn -0.0001 0.7193 0.6946
vn -0.0000 -0.7193 -0.6947
vn -0.0000 -0.7194 -0.6946
vn 0.0001 -0.7194 -0.6946
vn -0.0001 -0.7193 -0.6947
vn -0.0000 -0.7193 -0.6946
vn 0.0001 -0.7193 -0.6947
vn -0.0001 -0.7192 -0.6948
vn -0.0001 -0.7193 -0.6946
vn -0.0001 -0.7194 -0.6946
vn 0.0001 -0.7192 -0.6948
vn 0.9922 0.0864 -0.0895
vn 0.9626 0.1882 -0.1949
vn 0.9626 0.1882 -0.1948
vn 0.9115 0.2858 -0.2959
vn 0.9115 0.2857 -0.2959
vn 0.8899 0.3169 -0.3281
vn 0.8660 0.3474 -0.3597
vn 0.8401 0.3769 -0.3902
vn 0.7498 0.4596 -0.4760
vn 0.7158 0.4851 -0.5023
vn 0.6428 0.5321 -0.5511
vn 0.6039 0.5537 -0.5734
vn 0.5633 0.5739 -0.5943
vn 0.5633 0.5740 -0.5944
vn 0.2948 0.6638 -0.6874
vn 0.1982 0.6809 -0.7051
vn 0.0995 0.6912 -0.7158
vn -0.0995 0.6912 -0.7158
vn -0.1982 0.6809 -0.7051
vn -0.2948 0.6638 -0.6874
vn -0.5633 0.5740 -0.5944
vn -0.5633 0.5739 -0.5943
vn -0.6039 0.5537 -0.5734
vn -0.6428 0.5321 -0.5510
vn -0.6428 0.5322 -0.5511
vn -0.7158 0.4851 -0.5023
vn -0.7498 0.4596 -0.4760
vn -0.7818 0.4331 -0.4485
vn -0.8120 0.4055 -0.4199
vn -0.8660 0.3474 -0.3597
vn -0.8899 0.3169 -0.3281
vn -0.9115 0.2857 -0.2959
vn -0.9626 0.1882 -0.1949
vn -0.9626 0.1882 -0.1948
vn -0.9749 0.1545 -0.1600
vn -0.9848 0.1207 -0.1250
vn -0.9848 0.1207 -0.1249
vn -0.9922 0.0864 -0.0894
vn -0.9922 -0.0864 0.0894
vn -0.9848 -0.1207 0.1250
vn -0.9626 -0.1882 0.1949
vn -0.9115 -0.2857 0.2959
vn -0.8899 -0.3169 0.3281
vn -0.8660 -0.3474 0.3597
vn -0.8120 -0.4055 0.4199
vn -0.7498 -0.4596 0.4759
vn -0.7158 -0.4851 0.5023
vn -0.6801 -0.5092 0.5273
vn -0.6428 -0.5321 0.5511
vn -0.5634 -0.5739 0.5943
vn -0.5214 -0.5928 0.6138
vn -0.4782 -0.6101 0.6318
vn -0.4782 -0.6101 0.6317
vn -0.4339 -0.6259 0.6481
vn -0.3885 -0.6401 0.6629
vn -0.3419 -0.6528 0.6760
vn -0.2948 -0.6638 0.6874
vn -0.2467 -0.6732 0.6971
vn -0.1982 -0.6809 0.7051
vn -0.1491 -0.6869 0.7113
vn 0.1491 -0.6869 0.7113
vn 0.1982 -0.6809 0.7051
vn 0.2467 -0.6732 0.6971
vn 0.2948 -0.6638 0.6874
vn 0.3419 -0.6528 0.6760
vn 0.3885 -0.6401 0.6629
vn 0.4339 -0.6259 0.6481
vn 0.4782 -0.6101 0.6318
vn 0.5214 -0.5928 0.6138
vn 0.5215 -0.5927 0.6138
vn 0.5634 -0.5739 0.5943
vn 0.7158 -0.4851 0.5023
vn 0.7498 -0.4596 0.4760
vn 0.7818 -0.4331 0.4485
vn 0.8120 -0.4055 0.4199
vn 0.8660 -0.3474 0.3597
vn 0.8899 -0.3169 0.3281
vn 0.9115 -0.2858 0.2959
vn 0.9115 -0.2857 0.2959
vn 0.9626 -0.1882 0.1949
vn 0.9749 -0.1546 0.1600
vn 0.9922 -0.0864 0.0895
s 0
f 1//1 2//1 3//1
f 2//2 4//2 3//2
f 1//3 5//3 2//3
f 5//3 6//3 2//3
f 7//4 8//4 9//4
f 10//4 8//4 7//4
f 10//5 11//5 8//5
f 12//5 7//5 9//5
f 12//6 9//6 13//6
f 14//7 11//7 10//7
f 14//4 15//4 11//4
f 16//4 13//4 17//4
f 18//4 15//4 14//4
f 18//8 19//8 15//8
f 20//6 17//6 21//6
f 22//5 19//5 18//5
f 22//5 23//5 19//5
f 24//6 23//6 22//6
f 24//6 25//6 23//6
f 26//6 21//6 27//6
f 28//9 20//9 21//9
f 28//7 21//7 26//7
f 29//6 26//6 27//6
f 30//10 20//10 28//10
f 31//6 29//6 27//6
f 31//5 27//5 6//5
f 32//10 20//10 30//10
f 32//10 33//10 20//10
f 5//4 31//4 6//4
f 34//11 33//11 32//11
f 34//4 35//4 33//4
f 36//12 35//12 34//12
f 36//12 37//12 35//12
f 38//4 25//4 24//4
f 39//13 37//13 36//13
f 39//14 40//14 37//14
f 41//15 25//15 38//15
f 42//5 40//5 39//5
f 42//6 43//6 40//6
f 44//6 45//6 46//6
f 47//8 48//8 25//8
f 47//16 25//16 41//16
f 49//5 43//5 42//5
f 49//7 50//7 43//7
f 51//6 48//6 47//6
f 52//7 50//7 49//7
f 52//5 53//5 50//5
f 54//5 48//5 51//5
f 55//6 53//6 52//6
f 55//17 56//17 53//17
f 57//4 46//4 58//4
f 57//4 44//4 46//4
f 59//18 48//18 54//18
f 59//8 60//8 48//8
f 61//4 56//4 55//4
f 61//15 62//15 56//15
f 63//19 60//19 59//19
f 64//6 65//6 60//6
f 66//5 62//5 61//5
f 66//7 67//7 62//7
f 68//15 60//15 63//15
f 68//9 64//9 60//9
f 69//5 57//5 58//5
f 70//5 69//5 58//5
f 71//17 72//17 67//17
f 71//7 67//7 66//7
f 73//4 64//4 68//4
f 74//14 75//14 65//14
f 76//20 77//20 72//20
f 76//21 72//21 71//21
f 78//8 64//8 73//8
f 78//15 79//15 64//15
f 80//6 69//6 70//6
f 81//9 82//9 77//9
f 81//22 77//22 76//11
f 83//6 79//6 78//6
f 83//5 84//5 79//5
f 85//6 80//6 70//6
f 86//6 84//6 83//6
f 86//9 87//9 84//9
f 88//5 89//5 82//5
f 88//23 82//23 81//23
f 90//5 75//5 74//5
f 91//5 75//5 90//5
f 92//8 87//8 86//8
f 92//15 93//15 87//15
f 94//5 80//5 85//5
f 95//14 96//14 89//14
f 95//6 89//6 88//6
f 97//5 94//5 85//5
f 98//23 99//23 93//23
f 98//5 93//5 92//5
f 100//4 91//4 90//4
f 101//4 91//4 100//4
f 102//9 103//9 96//9
f 102//24 96//24 95//24
f 104//8 105//8 99//8
f 104//4 99//4 98//4
f 106//4 94//4 97//4
f 107//4 108//4 105//4
f 107//8 105//8 104//8
f 109//7 106//7 97//7
f 110//8 103//8 102//8
f 110//15 111//15 103//15
f 112//21 101//21 100//21
f 113//4 108//4 107//4
f 113//4 114//4 108//4
f 115//6 111//6 110//6
f 115//5 116//5 111//5
f 117//21 101//21 112//21
f 118//7 106//7 109//7
f 119//8 114//8 113//8
f 119//4 120//4 114//4
f 121//5 116//5 115//5
f 121//24 122//24 116//24
f 123//4 118//4 109//4
f 124//4 117//4 112//4
f 125//25 120//25 119//25
f 125//5 126//5 120//5
f 127//14 122//14 121//14
f 127//26 128//26 122//26
f 129//7 117//7 124//7
f 130//27 126//27 125//27
f 130//9 131//9 126//9
f 132//8 128//8 127//8
f 132//6 133//6 134//6
f 132//7 134//7 128//7
f 135//4 118//4 123//4
f 136//26 131//26 130//26
f 136//4 137//4 131//4
f 138//28 129//28 124//28
f 139//4 137//4 136//4
f 139//7 140//7 137//7
f 141//5 142//5 143//5
f 144//29 142//29 141//29
f 144//6 145//6 142//6
f 146//5 143//5 147//5
f 146//5 141//5 143//5
f 148//6 149//6 145//6
f 148//5 145//5 144//5
f 150//30 151//30 152//30
f 153//31 154//31 151//31
f 153//32 151//32 150//32
f 155//33 150//33 152//33
f 155//33 152//33 156//33
f 157//21 158//21 154//21
f 157//8 154//8 153//8
f 159//26 147//26 160//26
f 159//7 146//7 147//7
f 161//34 156//34 162//34
f 161//14 155//14 156//14
f 163//35 164//35 158//35
f 163//36 158//36 157//36
f 165//7 149//7 148//7
f 166//28 162//28 167//28
f 166//23 161//23 162//23
f 168//15 169//15 164//15
f 168//21 164//21 163//21
f 170//28 166//28 167//28
f 170//28 167//28 171//28
f 172//14 160//14 173//14
f 172//6 159//6 160//6
f 174//7 175//7 169//7
f 174//4 169//4 168//4
f 176//37 132//37 165//37
f 176//7 177//7 133//7
f 176//9 133//9 132//9
f 178//28 171//28 179//28
f 178//28 170//28 171//28
f 180//7 140//7 139//7
f 180//7 181//38 140//38
f 182//23 183//23 175//23
f 182//39 175//39 174//39
f 184//5 173//5 185//5
f 184//5 172//5 173//5
f 186//33 178//33 179//33
f 186//16 179//16 187//16
f 188//24 183//24 182//24
f 188//24 189//24 183//24
f 190//7 191//7 177//7
f 190//5 177//5 176//5
f 192//28 129//28 138//28
f 192//28 193//28 129//28
f 194//28 186//28 187//28
f 194//40 187//40 195//40
f 196//28 197//28 189//28
f 196//6 189//6 188//6
f 198//4 185//4 199//4
f 198//4 184//4 185//4
f 200//8 194//8 195//8
f 201//28 197//28 196//28
f 201//6 202//6 197//6
f 203//33 204//33 202//33
f 203//5 202//5 201//5
f 205//5 206//5 207//5
f 205//6 191//6 190//6
f 205//9 207//9 191//9
f 208//5 209//5 210//5
f 208//26 210//26 211//26
f 212//4 204//4 203//4
f 212//14 213//14 204//14
f 214//7 211//7 213//7
f 214//26 208//26 211//26
f 214//24 213//24 212//24
f 215//21 200//21 195//21
f 216//27 199//27 217//27
f 216//41 217//41 218//41
f 216//4 198//4 199//4
f 219//5 181//5 180//5
f 219//26 220//26 181//26
f 221//42 215//42 195//42
f 221//5 222//5 223//5
f 221//23 195//23 222//23
f 224//5 206//5 205//5
f 224//5 225//5 206//5
f 226//4 221//4 223//4
f 227//4 218//4 209//4
f 227//5 209//5 208//5
f 227//7 216//7 218//7
f 228//5 226//5 223//5
f 229//14 193//14 192//14
f 229//14 230//14 193//14
f 231//5 225//5 224//5
f 231//5 232//5 225//5
f 233//26 220//26 219//26
f 233//15 234//15 220//15
f 235//4 227//4 208//4
f 236//5 223//5 237//5
f 236//5 228//5 223//5
f 238//6 236//6 237//6
f 239//5 240//5 232//5
f 239//6 232//6 231//6
f 241//5 235//5 242//5
f 241//5 242//5 243//5
f 244//15 234//15 233//15
f 244//4 245//4 234//4
f 246//43 238//43 237//43
f 247//4 248//4 240//4
f 247//7 240//7 239//7
f 249//24 230//24 229//24
f 249//4 250//4 230//4
f 251//22 246//22 237//22
f 252//9 243//9 253//9
f 252//5 241//5 243//5
f 254//9 250//9 249//9
f 255//7 251//7 237//7
f 256//5 257//5 245//5
f 256//6 245//6 244//6
f 258//6 248//6 247//6
f 258//5 259//5 248//5
f 260//26 250//26 254//26
f 261//4 252//4 253//4
f 261//5 253//5 262//5
f 263//5 250//5 260//5
f 264//44 263//44 260//44
f 265//7 266//7 257//7
f 265//5 257//5 256//5
f 267//7 251//7 255//7
f 268//5 269//5 259//5
f 268//7 259//7 258//7
f 270//4 262//4 271//4
f 270//14 261//14 262//14
f 272//5 263//5 264//5
f 273//4 267//4 255//4
f 274//7 266//7 265//7
f 274//7 275//7 266//7
f 276//34 263//34 272//34
f 277//5 278//5 269//5
f 277//6 269//6 268//6
f 279//4 270//4 271//4
f 279//7 271//7 280//7
f 281//45 263//45 276//45
f 282//4 263//4 281//4
f 283//6 275//6 274//6
f 283//5 284//5 275//5
f 285//8 267//8 273//8
f 286//7 278//7 277//7
f 287//5 282//5 281//5
f 288//14 284//14 283//14
f 289//4 280//4 290//4
f 289//5 279//5 280//5
f 291//34 282//34 287//34
f 292//6 278//6 286//6
f 293//38 291//38 287//38
f 294//7 285//7 273//7
f 295//12 296//12 291//12
f 295//12 291//12 293//12
f 297//6 289//6 290//6
f 298//6 297//6 290//6
f 299//5 285//5 294//5
f 300//5 288//5 283//5
f 300//5 301//5 288//5
f 300//4 283//4 292//4
f 302//5 303//5 296//5
f 302//6 296//6 295//6
f 304//46 305//46 303//46
f 304//5 303//5 302//5
f 306//5 299//5 294//5
f 307//9 297//9 298//9
f 308//6 307//6 298//6
f 309//5 301//5 300//5
f 309//7 310//7 301//7
f 311//42 312//42 305//42
f 311//26 305//26 304//26
f 313//5 299//5 306//5
f 314//33 315//33 316//33
f 317//8 318//8 312//8
f 317//42 312//42 311//42
f 319//8 308//8 320//8
f 319//8 307//8 308//8
f 321//4 314//4 316//4
f 322//47 323//47 318//47
f 322//38 318//38 317//38
f 324//4 313//4 306//4
f 325//36 326//36 323//36
f 325//9 323//9 322//9
f 327//6 319//6 320//6
f 327//14 320//14 328//14
f 327//4 328//4 329//4
f 330//9 313//9 324//9
f 331//15 326//15 325//15
f 332//25 326//25 331//25
f 333//5 334//5 335//5
f 333//5 336//5 334//5
f 337//9 314//9 321//9
f 337//5 338//5 314//5
f 339//26 332//26 331//26
f 340//9 332//9 339//9
f 341//9 329//9 342//9
f 341//14 342//14 343//14
f 344//7 329//7 341//7
f 344//4 327//4 329//4
f 345//6 336//6 333//6
f 346//5 336//5 345//5
f 347//6 330//6 324//6
f 348//4 340//4 339//4
f 349//4 343//4 350//4
f 349//7 341//7 343//7
f 351//9 340//9 348//9
f 352//5 350//5 353//5
f 352//4 349//4 350//4
f 354//15 330//15 347//15
f 355//9 351//9 348//9
f 356//12 351//12 355//12
f 357//8 353//8 358//8
f 357//8 352//8 353//8
f 359//14 344//14 341//14
f 360//37 361//37 338//37
f 360//5 338//5 337//5
f 362//5 356//5 355//5
f 363//5 346//5 345//5
f 364//34 356//34 362//34
f 365//5 346//5 363//5
f 366//5 358//5 367//5
f 366//5 357//5 358//5
f 368//5 366//5 367//5
f 368//5 367//5 369//5
f 370//9 364//9 362//9
f 371//8 364//8 370//8
f 372//15 354//15 347//15
f 373//6 368//6 369//6
f 373//6 369//6 374//6
f 375//5 371//5 370//5
f 376//6 373//6 374//6
f 376//6 374//6 377//6
f 378//5 359//5 379//5
f 380//4 378//4 379//4
f 381//5 354//5 372//5
f 382//9 376//9 377//9
f 382//9 377//9 383//9
f 384//15 371//15 375//15
f 385//5 365//5 363//5
f 386//5 383//5 387//5
f 386//4 382//4 383//4
f 388//5 365//5 385//5
f 389//7 387//7 390//7
f 389//5 386//5 387//5
f 391//4 361//4 360//4
f 391//7 392//7 361//7
f 393//16 390//16 394//16
f 393//7 389//7 390//7
f 395//15 384//15 375//15
f 396//48 394//48 397//48
f 396//47 393//47 394//47
f 398//34 384//34 395//34
f 399//27 397//27 400//27
f 399//43 396//43 397//43
f 401//4 378//4 380//4
f 402//5 401//5 380//5
f 403//42 399//42 400//42
f 403//49 400//49 404//49
f 405//5 388//5 385//5
f 406//34 398//34 395//34
f 407//5 388//5 405//5
f 408//7 403//7 404//7
f 408//8 404//8 409//8
f 410//8 381//8 372//8
f 410//15 372//15 411//15
f 412//15 398//15 406//15
f 413//15 409//15 414//15
f 413//50 408//50 409//50
f 415//24 392//24 391//24
f 415//5 416//5 392//5
f 417//24 413//24 414//24
f 417//8 414//8 418//8
f 419//8 401//8 402//8
f 420//24 412//24 406//24
f 421//24 412//24 420//24
f 422//8 419//8 402//8
f 423//5 417//5 418//5
f 423//5 418//5 424//5
f 425//5 407//5 405//5
f 426//5 407//5 425//5
f 427//5 423//5 424//5
f 427//4 424//4 428//4
f 429//14 421//14 420//14
f 430//43 427//43 428//43
f 430//22 428//22 431//22
f 432//4 421//4 429//4
f 433//51 419//51 422//51
f 434//30 430//30 431//30
f 435//5 416//5 415//5
f 436//9 433//9 422//9
f 437//9 416//9 435//9
f 438//45 432//45 429//45
f 439//21 431//21 440//21
f 439//21 434//21 431//21
f 441//5 426//5 425//5
f 442//14 432//14 438//14
f 443//5 426//5 441//5
f 444//14 439//14 440//14
f 445//4 433//4 436//4
f 446//5 442//5 438//5
f 447//37 444//37 440//37
f 448//12 444//12 447//12
f 449//5 442//5 446//5
f 450//7 445//7 436//7
f 451//8 448//8 447//8
f 452//5 443//5 441//5
f 453//9 437//9 435//9
f 454//4 449//4 446//4
f 455//4 437//4 453//4
f 456//7 449//7 454//7
f 457//14 451//14 447//14
f 458//15 445//15 450//15
f 459//4 457//4 447//4
f 460//12 458//12 450//12
f 461//7 456//7 454//7
f 462//5 459//5 447//5
f 463//52 459//52 462//52
f 464//5 454//5 452//5
f 464//7 461//7 454//7
f 465//6 458//6 460//6
f 466//4 455//4 453//4
f 467//5 463//5 462//5
f 468//28 461//28 464//28
f 469//7 455//7 466//7
f 470//50 469//50 466//50
f 471//6 465//6 460//6
f 472//5 469//5 470//5
f 473//4 465//4 471//4
f 474//5 468//5 464//5
f 474//7 475//7 468//7
f 476//8 467//8 462//8
f 477//34 469//34 472//34
f 478//29 467//29 476//29
f 479//5 475//5 474//5
f 480//4 477//4 481//4
f 480//5 469//5 477//5
f 482//21 480//21 481//21
f 483//4 479//4 474//4
f 484//46 480//46 482//46
f 485//9 478//9 476//9
f 486//4 479//4 483//4
f 487//4 478//4 485//4
f 488//8 489//8 490//8
f 491//5 486//5 483//5
f 492//53 484//53 493//53
f 492//26 493//26 494//26
f 492//5 480//5 484//5
f 495//4 480//4 492//4
f 496//12 492//12 494//12
f 497//36 492//36 496//36
f 498//5 488//5 499//5
f 498//4 489//4 488//4
f 500//7 486//7 491//7
f 501//15 497//15 496//15
f 502//24 497//24 501//24
f 503//5 487//5 485//5
f 504//6 487//6 503//6
f 505//12 502//12 501//12
f 506//8 498//8 499//8
f 506//7 499//7 507//7
f 508//7 500//7 491//7
f 509//9 502//9 505//9
f 510//7 506//7 507//7
f 511//28 509//28 505//28
f 512//6 500//6 508//6
f 513//12 509//12 511//12
f 514//4 498//4 506//4
f 515//15 506//15 510//15
f 516//15 513//15 511//15
f 517//24 515//24 510//24
f 518//28 513//28 516//28
f 519//4 518//4 516//4
f 520//54 515//54 517//54
f 521//9 504//9 503//9
f 522//6 512//6 508//6
f 523//9 518//9 519//9
f 524//7 504//7 521//7
f 525//9 520//9 517//9
f 526//6 523//6 519//6
f 527//7 512//7 522//7
f 528//12 523//12 526//12
f 529//4 520//4 525//4
f 530//7 514//7 531//7
f 532//7 528//7 526//7
f 533//9 534//9 535//9
f 536//5 529//5 525//5
f 537//37 534//37 533//37
f 538//7 528//7 532//7
f 539//14 538//14 532//14
f 540//50 529//50 536//50
f 541//4 530//4 531//4
f 542//15 538//15 539//15
f 543//12 540//12 536//12
f 544//15 542//15 539//15
f 545//7 527//7 522//7
f 546//47 540//47 543//47
f 547//24 542//24 544//24
f 548//5 524//5 521//5
f 549//5 548//5 521//5
f 550//8 547//8 544//8
f 551//7 527//7 545//7
f 552//47 546//47 543//47
f 553//9 530//9 541//9
f 554//5 547//5 550//5
f 555//4 554//4 550//4
f 556//36 546//36 552//36
f 557//55 556//55 552//55
f 558//5 537//5 533//5
f 559//6 554//6 555//6
f 559//6 555//6 560//6
f 561//6 553//6 541//6
f 562//5 537//5 558//5
f 563//4 556//4 557//4
f 563//28 557//28 564//28
f 565//7 551//7 545//7
f 566//50 559//50 560//50
f 566//12 560//12 567//12
f 568//5 551//5 565//5
f 569//12 563//12 564//12
f 569//14 564//14 570//14
f 571//28 566//28 567//28
f 572//7 553//7 561//7
f 573//6 571//6 567//6
f 574//5 548//5 549//5
f 575//28 569//28 570//28
f 576//9 575//9 570//9
f 577//5 574//5 549//5
f 578//4 571//4 573//4
f 579//5 572//5 561//5
f 580//9 575//9 576//9
f 581//9 580//9 576//9
f 582//4 578//4 573//4
f 583//5 562//5 558//5
f 584//33 580//33 581//33
f 585//5 568//5 565//5
f 586//14 584//14 581//14
f 587//4 578//4 582//4
f 588//9 562//9 583//9
f 589//5 568//5 585//5
f 590//5 587//5 582//5
f 591//28 584//28 586//28
f 592//33 591//33 586//33
f 593//5 572//5 579//5
f 594//37 574//37 577//37
f 595//6 587//6 590//6
f 596//9 591//9 592//9
f 597//7 574//7 594//7
f 598//9 595//9 590//9
f 599//6 596//6 592//6
f 600//5 593//5 579//5
f 601//34 596//34 599//34
f 602//34 595//34 598//34
f 603//34 601//34 599//34
f 604//5 589//5 585//5
f 605//34 602//34 598//34
f 606//6 589//6 604//6
f 607//34 601//34 603//34
f 608//6 588//6 583//6
f 609//26 607//26 603//26
f 610//15 588//15 608//15
f 611//5 593//5 600//5
f 612//8 602//8 605//8
f 613//33 607//33 609//33
f 614//5 597//5 594//5
f 615//15 612//15 605//15
f 616//9 613//9 609//9
f 617//5 611//5 600//5
f 618//49 613//49 616//49
f 619//5 597//5 614//5
f 620//7 612//7 615//7
f 621//32 618//32 616//32
f 622//7 620//7 615//7
f 623//56 618//56 621//56
f 624//36 623//36 621//36
f 625//4 611//4 617//4
f 626//5 620//5 622//5
f 627//47 623//47 624//47
f 628//15 610//15 608//15
f 629//7 625//7 617//7
f 630//8 619//8 614//8
f 631//5 610//5 628//5
f 632//26 627//26 624//26
f 633//8 627//8 632//8
f 634//6 622//6 635//6
f 634//14 626//14 622//14
f 636//7 633//7 632//7
f 637//29 634//29 635//29
f 638//12 633//12 636//12
f 639//7 625//7 629//7
f 640//14 638//14 636//14
f 641//4 634//4 637//4
f 642//7 639//7 629//7
f 643//9 636//9 630//9
f 643//4 640//4 636//4
f 644//12 640//12 643//12
f 645//5 631//5 628//5
f 646//5 631//5 645//5
f 647//5 641//5 637//5
f 648//5 647//5 637//5
f 649//38 644//38 643//38
f 650//14 639//14 642//14
f 651//8 647//8 648//8
f 652//9 650//9 642//9
f 653//5 649//5 643//5
f 653//57 654//57 655//57
f 653//4 655//4 649//4
f 656//8 646//8 645//8
f 657//8 651//8 648//8
f 658//9 650//9 652//9
f 659//8 654//8 653//8
f 660//9 646//9 656//9
f 661//37 650//37 658//37
f 662//5 651//5 657//5
f 663//4 661//4 658//4
f 664//6 665//6 666//6
f 664//46 666//46 659//46
f 664//7 659//7 653//7
f 667//5 662//5 657//5
f 668//9 661//9 663//9
f 669//5 662//5 667//5
f 670//7 661//7 668//7
f 671//8 670//8 668//8
f 672//5 673//5 674//5
f 675//6 670//6 671//6
f 676//9 665//9 664//9
f 677//8 669//8 667//8
f 678//9 676//9 664//9
f 679//4 669//4 677//4
f 680//6 675//6 671//6
f 681//5 670//5 675//5
f 682//18 675//18 680//18
f 683//4 672//4 684//4
f 683//4 684//4 685//4
f 683//5 685//5 686//5
f 687//27 682//27 680//27
f 688//5 679//5 677//5
f 689//34 682//34 687//34
f 690//4 676//4 678//4
f 691//5 679//5 688//5
f 692//9 681//9 693//9
f 694//26 689//26 687//26
f 695//58 686//58 696//58
f 695//59 696//59 697//59
f 695//8 683//8 686//8
f 698//5 690//5 678//5
f 699//26 689//26 694//26
f 700//9 692//9 693//9
f 701//22 695//22 697//22
f 701//60 697//60 702//60
f 704//60 701//60 702//60
f 704//7 702//7 705//7
f 706//26 699//26 694//26
f 707//9 688//9 708//9
f 707//5 691//5 688//5
f 709//4 699//4 706//4
f 710//7 692//7 700//7
f 711//7 690//7 698//7
f 712//14 705//14 713//14
f 712//14 704//14 705//14
f 714//4 713//4 715//4
f 714//5 712//5 713//5
f 716//24 710//24 700//24
f 717//4 709//4 706//4
f 718//8 709//8 717//8
f 719//34 715//34 720//34
f 719//51 714//51 715//51
f 721//8 711//8 698//8
f 722//9 708//9 723//9
f 722//9 707//9 708//9
f 724//13 720//13 725//13
f 724//9 719//9 720//9
f 726//14 710//14 716//14
f 727//5 718//5 717//5
f 728//54 725//54 729//54
f 728//34 724//34 725//34
f 730//6 718//6 727//6
f 731//12 729//12 732//12
f 731//21 728//21 729//21
f 733//9 711//9 721//9
f 734//33 726//33 716//33
f 735//12 732//12 736//12
f 735//12 731//12 732//12
f 737//21 730//21 727//21
f 738//7 736//7 739//7
f 738//7 735//7 736//7
f 740//15 723//15 741//15
f 740//9 722//9 723//9
f 742//33 730//33 737//33
f 743//9 739//9 744//9
f 743//5 738//5 739//5
f 745//15 747//15 748//15
f 749//33 743//33 744//33
f 749//24 744//24 750//24
f 751//33 726//33 734//33
f 752//38 742//38 737//38
f 753//6 733//6 721//6
f 754//56 749//56 750//56
f 754//5 750//5 755//5
f 756//7 742//7 752//7
f 757//21 754//21 755//21
f 757//21 755//21 758//21
f 759//9 751//9 734//9
f 760//5 757//5 758//5
f 760//9 758//9 761//9
f 762//24 756//24 752//24
f 763//5 733//5 753//5
f 764//14 756//14 762//14
f 765//38 760//38 761//38
f 765//38 761//38 766//38
f 767//29 741//29 768//29
f 767//24 740//24 741//24
f 769//33 765//33 766//33
f 769//7 766//7 770//7
f 771//7 764//7 762//7
f 772//15 764//15 771//15
f 773//5 748//5 774//5
f 775//8 770//8 776//8
f 775//12 769//12 770//12
f 777//4 751//4 759//4
f 777//4 778//4 751//4
f 779//15 772//15 771//15
f 780//5 772//5 779//5
f 781//8 776//8 782//8
f 781//8 775//8 776//8
f 783//5 763//5 753//5
f 784//9 768//9 785//9
f 786//4 780//4 779//4
f 787//24 782//24 784//24
f 787//5 781//5 782//5
f 788//12 780//12 786//12
f 789//5 763//5 783//5
f 790//14 788//14 786//14
f 791//4 778//4 777//4
f 791//4 792//4 778//4
f 793//4 784//4 785//4
f 793//24 787//24 784//24
f 794//38 788//38 790//38
f 795//4 774//4 796//4
f 797//4 793//4 785//4
f 798//4 797//4 785//4
f 799//6 794//6 790//6
f 800//5 794//5 799//5
f 801//8 789//8 783//8
f 802//38 797//38 798//38
f 803//8 800//8 799//8
f 804//5 805//5 792//5
f 804//6 792//6 791//6
f 806//4 789//4 801//4
f 807//8 800//8 803//8
f 808//5 807//5 803//5
f 809//9 802//9 798//9
f 810//6 796//6 811//6
f 812//6 809//6 798//6
f 813//5 807//5 808//5
f 814//7 813//7 808//7
f 815//4 809//4 812//4
f 816//7 805//7 804//7
f 816//33 817//33 805//33
f 818//12 813//12 814//12
f 819//9 806//9 801//9
f 820//7 818//7 814//7
f 821//7 806//7 819//7
f 822//6 818//6 820//6
f 823//26 817//26 816//26
f 825//5 824//5 811//5
f 826//5 817//5 823//5
f 827//15 822//15 820//15
f 828//5 812//5 829//5
f 828//5 815//5 812//5
f 830//5 822//5 827//5
f 831//8 826//8 823//8
f 832//8 830//8 827//8
f 833//8 830//8 832//8
f 834//8 826//8 831//8
f 835//4 826//4 834//4
f 836//28 833//28 832//28
f 837//34 829//34 838//34
f 837//5 828//5 829//5
f 839//38 833//38 836//38
f 840//5 821//5 819//5
f 842//6 841//6 825//6
f 843//8 839//8 836//8
f 844//6 835//6 834//6
f 844//7 845//7 835//7
f 846//4 838//4 847//4
f 846//26 837//26 838//26
f 848//61 849//61 845//61
f 848//6 845//6 844//6
f 851//5 852//5 853//5
f 851//15 853//15 843//15
f 851//4 836//4 840//4
f 851//7 843//7 836//7
f 854//5 846//5 847//5
f 854//24 847//24 855//24
f 856//6 850//6 842//6
f 857//30 849//30 848//30
f 857//38 858//38 849//38
f 859//5 860//5 861//5
f 859//9 861//9 862//9
f 863//23 855//23 864//23
f 863//7 854//7 855//7
f 865//7 858//7 857//7
f 865//22 866//22 858//22
f 868//4 869//4 860//4
f 868//5 860//5 859//5
f 870//9 867//9 856//9
f 871//26 872//26 852//26
f 871//7 852//7 851//7
f 871//4 873//4 872//4
f 874//34 864//34 875//34
f 874//25 863//25 864//25
f 876//14 866//14 865//14
f 876//28 877//28 866//28
f 878//7 879//7 869//7
f 878//8 869//8 868//8
f 880//34 875//34 881//34
f 880//34 874//34 875//34
f 882//14 870//14 883//14
f 882//21 883//21 884//21
f 885//6 886//6 879//6
f 885//34 879//34 878//34
f 887//15 877//15 876//15
f 887//13 888//13 877//13
f 889//12 881//12 890//12
f 889//4 880//4 881//4
f 891//6 886//6 885//6
f 891//5 892//5 886//5
f 893//13 888//13 887//13
f 893//7 894//7 888//7
f 895//8 890//8 896//8
f 897//5 884//5 898//5
f 897//4 898//4 899//4
f 897//5 899//5 900//5
f 897//4 882//4 884//4
f 901//8 902//8 892//8
f 901//7 892//7 891//7
f 903//33 904//33 895//33
f 905//14 906//14 904//14
f 905//62 904//62 903//62
f 907//4 903//4 895//4
f 908//50 909//50 906//50
f 908//24 906//24 905//24
f 910//4 907//4 895//4
f 910//8 895//8 896//8
f 911//11 912//11 913//11
f 911//5 913//5 914//5
f 915//50 916//50 909//50
f 915//21 909//21 908//21
f 917//6 902//6 901//6
f 917//51 918//51 902//51
f 919//12 894//12 893//12
f 919//25 920//25 894//25
f 921//5 896//5 922//5
f 921//7 910//7 896//7
f 923//21 916//21 915//21
f 923//21 924//21 916//21
f 925//5 926//5 927//5
f 925//9 927//9 928//9
f 929//23 914//23 930//23
f 929//30 911//30 914//30
f 931//4 921//4 922//4
f 932//32 933//32 924//32
f 932//33 924//33 923//33
f 934//5 930//5 935//5
f 934//13 929//13 930//13
f 936//6 926//6 925//6
f 937//4 938//4 918//4
f 937//5 918//5 917//5
f 939//11 940//11 933//11
f 939//14 933//14 932//14
f 941//48 935//48 942//48
f 941//63 934//63 935//63
f 943//38 944//38 920//38
f 943//19 920//19 919//19
f 945//33 940//33 939//33
f 945//32 946//32 940//32
f 947//6 942//6 948//6
f 947//6 941//6 942//6
f 949//5 938//5 937//5
f 950//7 900//7 951//7
f 950//5 951//5 912//5
f 950//31 912//31 911//31
f 950//5 897//5 900//5
f 952//11 953//11 946//11
f 952//30 946//30 945//30
f 954//7 948//7 955//7
f 954//11 947//11 948//11
f 956//9 957//9 958//9
f 959//12 960//12 953//12
f 959//15 953//15 952//15
f 961//64 955//64 962//64
f 961//43 954//43 955//43
f 963//33 960//33 959//33
f 963//7 964//7 960//7
f 965//31 962//31 966//31
f 965//8 961//8 962//8
f 967//8 968//8 964//8
f 967//7 964//7 963//7
f 969//5 966//5 968//5
f 969//4 965//4 966//4
f 969//4 968//4 967//4
f 970//4 938//4 949//4
f 970//4 971//4 938//4
f 972//6 958//6 973//6
f 972//6 956//6 958//6
f 974//12 944//12 943//12
f 974//27 975//27 944//27
f 976//8 977//8 971//8
f 978//8 973//8 979//8
f 978//4 972//4 973//4
f 980//50 971//50 970//50
f 980//50 976//50 971//50
f 981//21 982//21 977//21
f 983//5 936//5 925//5
f 984//7 979//7 985//7
f 984//8 978//8 979//8
f 986//28 987//28 982//28
f 986//21 982//21 981//21
f 988//4 985//4 989//4
f 988//8 984//8 985//8
f 990//28 975//28 974//28
f 990//6 991//6 975//6
f 992//4 988//4 989//4
f 992//8 989//8 987//8
f 992//14 987//14 986//14
f 993//5 936//5 983//5
f 994//4 976//4 980//4
f 995//9 976//9 994//9
f 995//5 996//5 976//5
f 997//5 991//5 990//5
f 997//34 998//34 991//34
f 999//9 1000//9 996//9
f 999//65 996//65 995//65
f 1001//4 998//4 997//4
f 1001//12 1002//12 998//12
f 1003//4 993//4 983//4
f 1004//8 993//8 1003//8
f 1005//4 1000//4 999//4
f 1005//5 1006//5 1000//5
f 1007//6 1002//6 1001//6
f 1007//14 1008//14 1002//14
f 1009//9 1010//9 1011//9
f 1009//4 1011//4 1012//4
f 1013//7 1014//7 1006//7
f 1013//5 1006//5 1005//5
f 1015//15 1008//15 1007//15
f 1015//9 1016//9 1008//9
f 1017//7 1004//7 1003//7
f 1017//9 1018//9 1004//9
f 1019//8 1016//8 1015//8
f 1019//62 1020//62 1016//62
f 1021//5 1022//5 1014//5
f 1021//5 1014//5 1013//5
f 1023//5 1009//5 1012//5
f 1023//5 1012//5 1024//5
f 1025//26 1020//26 1019//26
f 1025//5 1026//5 1020//5
f 1027//66 1028//66 1022//66
f 1027//7 1022//7 1021//7
f 1029//5 1026//5 1025//5
f 1029//26 1030//26 1026//26
f 1031//9 1018//9 1017//9
f 1031//5 1032//5 1018//5
f 1033//5 1023//5 1024//5
f 1033//7 1024//7 1034//7
f 1035//9 1030//9 1029//9
f 1035//9 1036//9 1030//9
f 1037//18 1038//18 1028//18
f 1037//60 1028//60 1027//60
f 1039//45 1040//45 1036//45
f 1039//9 1036//9 1035//9
f 1041//24 1038//24 1037//24
f 1041//9 1042//9 1038//9
f 1043//5 1044//5 1032//5
f 1043//5 1032//5 1031//5
f 1045//24 1040//24 1039//24
f 1045//34 1046//34 1040//34
f 1047//67 1048//67 1042//67
f 1047//4 1042//4 1041//4
f 1049//12 1034//12 1050//12
f 1049//8 1033//8 1034//8
f 1051//5 1046//5 1045//5
f 1051//19 1052//19 1053//19
f 1051//22 1053//22 1046//22
f 1054//5 1048//5 1047//5
f 1054//17 1055//17 1048//17
f 1056//17 1055//17 1054//17
f 1056//6 1057//6 1055//6
f 1058//8 1044//8 1043//8
f 1059//15 1049//15 1050//15
f 1059//4 1050//4 1060//4
f 1061//27 1057//27 1056//27
f 1061//12 1062//12 1057//12
f 1063//39 1062//39 1061//39
f 1063//30 1064//30 1062//30
f 1065//68 1064//68 1063//68
f 1065//8 1066//8 1064//8
f 1067//26 1052//26 1051//26
f 1067//7 1068//7 1069//7
f 1067//7 1069//7 1052//7
f 1070//5 1059//5 1060//5
f 1070//7 1060//7 1071//7
f 1072//13 1066//13 1065//13
f 1072//14 1073//14 1066//14
f 1074//14 1073//14 1072//14
f 1074//14 1075//14 1073//14
f 1076//24 1075//24 1074//24
f 1076//5 1077//5 1075//5
f 1078//9 1079//9 1077//9
f 1078//9 1077//9 1076//9
f 1080//7 1068//7 1067//7
f 1080//34 1081//69 1082//34
f 1080//7 1082//7 1083//7
f 1080//24 1083//24 1068//24
f 1084//8 1070//8 1071//8
f 1084//4 1071//4 1085//4
f 1086//6 1087//6 1079//6
f 1086//13 1079//13 1078//13
f 1088//5 1087//5 1086//5
f 1088//32 1089//32 1087//32
f 1090//34 1089//34 1088//34
f 1090//28 1091//28 1092//28
f 1090//25 1092//25 1089//25
f 1093//4 1084//4 1085//4
f 1093//8 1085//8 1094//8
f 1093//4 1094//4 1095//4
f 1093//70 1095//70 1096//70
f 1097//8 1081//8 1080//8
f 1097//7 1098//7 1099//7
f 1097//8 1099//8 1100//8
f 1097//71 1100//71 1081//71
f 1101//12 1093//12 1096//12
f 1101//72 1096//72 1102//72
f 1101//24 1102//24 1103//24
f 1101//73 1103//73 1104//73
f 1105//34 1098//34 1097//34
f 1105//34 1106//34 1098//34
f 1107//8 1101//8 1104//8
f 1107//7 1091//7 1090//7
f 1107//13 1104//13 1108//13
f 1107//4 1108//4 1091//4
f 1109//5 1106//5 1105//5
f 1109//5 1110//5 1106//5
f 1111//7 1107//7 1090//7
f 1112//7 1110//7 1109//7
f 1112//5 1113//5 1110//5
f 1114//34 1111//34 1115//34
f 1114//7 1115//7 1116//7
f 1117//5 1113//5 1112//5
f 1117//4 1118//4 1113//4
f 1119//6 1118//6 1117//6
f 1119//6 1120//6 1118//6
f 1121//8 1114//8 1116//8
f 1121//4 1120//4 1119//4
f 1121//4 1116//4 1120//4
f 911//9 1011//9 950//9
f 950//29 1011//29 1010//29
f 976//8 981//8 977//8
f 636//9 619//9 630//9
f 341//6 379//6 359//6
f 64//6 74//6 65//6
f 454//5 443//5 452//5
f 132//7 149//7 165//7
f 195//5 135//5 123//5
f 195//34 123//34 222//34
f 675//4 693//4 681//4
f 1051//5 1044//5 1067//5
f 1067//9 1044//9 1058//9
f 784//9 767//9 768//9
f 492//4 535//4 495//4
f 495//4 535//4 534//4
f 20//5 16//5 17//5
f 16//6 12//6 13//6
f 283//5 278//5 292//5
f 431//22 410//22 411//22
f 431//4 411//4 440//4
f 208//4 242//4 235//4
f 836//6 821//6 840//6
f 506//28 531//28 514//28
f 291//7 316//7 282//7
f 282//11 316//11 315//11
f 622//4 606//4 635//4
f 635//4 606//4 604//4
f 695//6 747//6 703//6
f 895//7 889//7 890//7
f 1090//26 1115//26 1111//26
f 845//4 862//4 861//4
f 845//5 861//5 835//5
f 1122//74 1123//74 1124//74
f 1124//75 1125//75 1126//75
f 1126//76 1125//76 1127//76
f 1122//77 1128//77 1123//77
f 1127//78 1129//78 1130//78
f 1125//79 1129//79 1127//79
f 1128//80 1131//80 1132//80
f 1132//81 1131//81 1133//81
f 1130//82 1134//82 1135//82
f 1129//83 1134//83 1130//83
f 1131//84 1136//84 1133//84
f 1133//85 1136//85 1137//85
f 1135//86 1138//86 1139//86
f 1134//87 1138//87 1135//87
f 1136//88 1140//88 1137//88
f 1136//89 1141//89 1140//89
f 1139//90 1142//90 1143//90
f 1138//91 1142//91 1139//91
f 1141//92 1144//92 1140//92
f 1143//93 1145//93 1146//93
f 1142//94 1145//94 1143//94
f 1141//95 1147//95 1144//95
f 1146//96 1148//96 1149//96
f 1145//97 1148//97 1146//97
f 1147//98 1150//98 1151//98
f 1149//99 1152//99 1153//99
f 1148//100 1152//100 1149//100
f 1150//101 1154//101 1155//101
f 1153//102 1156//102 1157//102
f 1152//103 1156//103 1153//103
f 1154//104 1158//104 1159//104
f 1157//105 1160//105 1161//105
f 1156//106 1160//106 1157//106
f 1158//107 1162//107 1163//107
f 1161//108 1164//108 1165//108
f 1160//109 1164//109 1161//109
f 1162//110 1166//110 1167//110
f 1164//111 1168//111 1165//111
f 1165//112 1168//112 1169//112
f 1166//113 1170//113 1171//113
f 1168//114 1172//114 1169//114
f 1169//115 1172//115 1173//115
f 1170//116 1174//116 1175//116
f 1172//117 1176//117 1173//117
f 1173//118 1176//118 1177//118
f 1174//119 1178//119 1179//119
f 1176//120 1180//120 1177//120
f 1177//121 1180//121 1181//121
f 1178//122 1182//122 1183//122
f 1181//123 1184//123 1185//123
f 1180//124 1184//124 1181//124
f 1182//125 1186//125 1187//125
f 1185//126 1188//126 1189//126
f 1184//127 1188//127 1185//127
f 1186//128 1190//128 1191//128
f 1189//129 1192//129 1193//129
f 1188//130 1192//130 1189//130
f 1190//131 1194//131 1195//131
f 1193//132 1196//132 1197//132
f 1192//133 1196//133 1193//133
f 1194//134 1198//134 1199//134
f 1197//135 1200//135 1201//135
f 1196//136 1200//136 1197//136
f 1198//137 1202//137 1203//137
f 1201//138 1204//138 1205//138
f 1200//139 1204//139 1201//139
f 1202//140 1206//140 1207//140
f 1205//141 1208//141 1209//141
f 1204//142 1208//142 1205//142
f 1206//143 1210//143 1211//143
f 1208//144 1212//144 1209//144
f 1209//145 1212//145 1213//145
f 1210//146 1214//146 1215//146
f 1212//147 1216//147 1213//147
f 1213//148 1216//148 1217//148
f 1214//149 1218//149 1219//149
f 1216//150 1220//150 1217//150
f 1217//151 1220//151 1221//151
f 1218//152 1222//152 1223//152
f 1220//153 1224//153 1221//153
f 1224//154 1225//154 1221//154
f 1222//155 1226//155 1227//155
f 1224//156 1228//156 1225//156
f 1226//157 1229//157 1230//157
f 1225//158 1231//158 1232//158
f 1228//159 1231//159 1225//159
f 1231//160 1233//160 1232//160
f 1232//161 1233//161 1234//161
f 1229//162 1235//162 1236//162
f 1234//163 1237//163 1238//163
f 1233//164 1237//164 1234//164
f 1235//165 1239//165 1240//165
f 1239//166 1241//166 1240//166
f 1238//167 1242//167 1243//167
f 1237//168 1242//168 1238//168
f 1241//169 1244//169 1245//169
f 1239//170 1244//170 1241//170
f 1243//171 1246//171 1247//171
f 1242//172 1246//172 1243//172
f 1245//173 1248//173 1249//173
f 1244//174 1248//174 1245//174
f 1246//175 1250//175 1247//175
f 1250//176 1251//176 1247//176
f 1248//177 1252//177 1249//177
f 1248//178 1253//178 1252//178
f 1253//179 1254//179 1252//179
f 1250//180 1255//180 1251//180
f 1255//181 1256//181 1251//181
f 1254//182 1257//182 1250//182
f 1250//183 1257//183 1255//183
f 1253//184 1257//184 1254//184
f 1255//185 1258//185 1256//185
f 1257//186 1259//186 1255//186
f 1258//187 1260//187 1256//187
f 1258//188 1261//188 1260//188
f 1257//189 1262//189 1259//189
f 1261//190 1263//190 1260//190
f 1260//191 1263//191 1264//191
f 1262//192 1265//192 1266//192
f 1263//193 1267//193 1264//193
f 1264//194 1267//194 1268//194
f 1265//195 1269//195 1270//195
f 1269//196 1271//196 1270//196
f 1267//197 1272//197 1268//197
f 1268//198 1272//198 1273//198
f 1269//199 1274//199 1271//199
f 1274//200 1275//200 1271//200
f 1272//201 1276//201 1273//201
f 1273//202 1276//202 1277//202
f 1274//203 1278//203 1275//203
f 1278//204 1279//204 1275//204
f 1276//205 1280//205 1277//205
f 1277//206 1280//206 1281//206
f 1279//207 1282//207 1283//207
f 1278//208 1282//208 1279//208
f 1281//209 1284//209 1285//209
f 1280//210 1284//210 1281//210
f 1283//211 1286//211 1287//211
f 1282//212 1286//212 1283//212
f 1285//213 1288//213 1289//213
f 1284//214 1288//214 1285//214
f 1287//215 1290//215 1291//215
f 1286//216 1290//216 1287//216
f 1288//217 1292//217 1289//217
f 1292//218 1293//218 1289//218
f 1292//219 1294//219 1293//219
f 1291//220 1295//220 1296//220
f 1290//221 1295//221 1291//221
f 1294//222 1297//222 1293//222
f 1294//223 1298//223 1297//223
f 1296//224 1299//224 1300//224
f 1295//225 1299//225 1296//225
f 1297//226 1301//226 1302//226
f 1298//227 1301//227 1297//227
f 1299//228 1303//228 1300//228
f 1299//229 1304//229 1303//229
f 1302//230 1305//230 1306//230
f 1301//231 1305//231 1302//231
f 1304//232 1307//232 1303//232
f 1304//233 1308//233 1307//233
f 1305//234 614//234 1306//234
f 614//235 1309//235 1306//235
f 1308//236 1310//236 1307//236
f 614//237 594//237 1309//237
f 1308//238 1311//238 1310//238
f 594//239 1312//239 1309//239
f 1311//240 1313//240 1310//240
f 594//241 577//241 1312//241
f 1311//242 1314//242 1313//242
f 577//243 1315//243 1312//243
f 1314//244 1316//244 1313//244
f 577//245 549//245 1315//245
f 1314//246 1317//246 1316//246
f 1317//247 1318//247 1316//247
f 549//248 521//248 1315//248
f 1315//249 521//249 1319//249
f 1317//250 1320//250 1318//250
f 1320//251 1321//251 1318//251
f 521//252 503//252 1319//252
f 1319//253 503//253 1322//253
f 1320//254 1323//254 1321//254
f 503//255 485//255 1322//255
f 1322//256 485//256 1324//256
f 1323//257 1325//257 1326//257
f 485//258 476//258 1324//258
f 1324//259 476//259 1327//259
f 1325//260 1328//260 1329//260
f 476//261 462//261 1327//261
f 1327//262 462//262 1330//262
f 1328//263 1331//263 1332//263
f 1330//264 447//264 1333//264
f 462//265 447//265 1330//265
f 1331//266 1334//266 1335//266
f 1333//267 440//267 1336//267
f 447//268 440//268 1333//268
f 1334//269 1337//269 1338//269
f 1336//270 411//270 1339//270
f 440//271 411//271 1336//271
f 1337//272 1340//272 1341//272
f 1339//273 372//273 1342//273
f 411//274 372//274 1339//274
f 1340//275 1343//275 1344//275
f 372//276 347//276 1342//276
f 1342//277 347//277 1345//277
f 1343//278 1346//278 1347//278
f 347//279 324//279 1345//279
f 1345//280 324//280 1348//280
f 1346//281 1349//281 1350//281
f 324//282 306//282 1348//282
f 1348//283 306//283 1351//283
f 1349//284 1352//284 1353//284
f 306//285 294//285 1351//285
f 1351//286 294//286 1354//286
f 1352//287 1355//287 1356//287
f 294//288 273//288 1354//288
f 1354//289 273//289 1357//289
f 1355//290 1358//290 1359//290
f 273//291 255//291 1357//291
f 255//292 1360//292 1357//292
f 1358//293 1361//293 1362//293
f 255//294 237//294 1360//294
f 237//295 1363//295 1360//295
f 1361//296 1364//296 1365//296
f 237//297 223//297 1363//297
f 223//298 1366//298 1363//298
f 1364//299 1367//299 1368//299
f 223//300 222//300 1366//300
f 222//301 1369//301 1366//301
f 1367//302 1370//302 1371//302
f 222//303 123//303 1369//303
f 123//304 1372//304 1369//304
f 1370//305 1373//305 1374//305
f 123//306 109//306 1372//306
f 109//307 1375//307 1372//307
f 1373//308 1376//308 1377//308
f 109//309 97//309 1375//309
f 97//310 1378//310 1375//310
f 1376//311 1379//311 1380//311
f 97//312 85//312 1378//312
f 85//313 1381//313 1378//313
f 1379//314 1382//314 1383//314
f 85//315 70//315 1381//315
f 70//316 1384//316 1381//316
f 1382//317 1385//317 1386//317
f 70//318 58//318 1384//318
f 58//319 1387//319 1384//319
f 58//320 46//320 1387//320
f 46//321 1388//321 1387//321
f 46//322 45//322 1388//322
f 45//323 1389//323 1388//323
f 45//324 6//324 1389//324
f 1390//325 1391//325 45//325
f 6//326 27//326 1389//326
f 1389//327 27//327 1392//327
f 45//328 1393//328 6//328
f 1391//329 1393//329 45//329
f 1393//330 2//330 6//330
f 27//331 21//331 1392//331
f 21//332 1394//332 1392//332
f 21//333 17//333 1394//333
f 17//334 1395//334 1394//334
f 17//335 13//335 1395//335
f 13//336 1396//336 1395//336
f 13//337 9//337 1396//337
f 9//338 1397//338 1396//338
f 9//339 8//339 1397//339
f 8//340 1398//340 1397//340
f 8//341 11//341 1398//341
f 11//342 1399//342 1398//342
f 11//343 15//343 1399//343
f 15//344 1400//344 1399//344
f 15//345 19//345 1400//345
f 19//346 1401//346 1400//346
f 1402//347 1403//347 1404//347
f 19//348 23//348 1401//348
f 1403//349 1405//349 1406//349
f 23//350 25//350 1401//350
f 1401//351 25//351 1407//351
f 1405//352 1408//352 1409//352
f 1408//353 1410//353 1409//353
f 1407//354 48//354 1411//354
f 25//355 48//355 1407//355
f 1408//356 1412//356 1410//356
f 1412//357 1413//357 1410//357
f 1411//358 60//358 1414//358
f 48//359 60//359 1411//359
f 1412//360 1415//360 1413//360
f 1413//361 1415//361 1416//361
f 1414//362 65//362 1417//362
f 60//363 65//363 1414//363
f 1415//364 1418//364 1416//364
f 1415//365 1419//365 1418//365
f 1417//366 75//366 1420//366
f 65//367 75//367 1417//367
f 1419//368 1421//368 1418//368
f 1419//369 1422//369 1421//369
f 1422//370 1423//370 1421//370
f 1420//371 91//371 1424//371
f 75//372 91//372 1420//372
f 1422//373 1425//373 1423//373
f 1423//374 1425//374 1426//374
f 1424//375 101//375 1427//375
f 91//376 101//376 1424//376
f 1425//377 1428//377 1426//377
f 1425//378 1429//378 1428//378
f 1427//379 117//379 1430//379
f 101//380 117//380 1427//380
f 1429//381 1431//381 1428//381
f 1429//382 1432//382 1431//382
f 1432//383 1433//383 1431//383
f 1430//384 129//384 1434//384
f 117//385 129//385 1430//385
f 1432//386 1435//386 1433//386
f 1433//387 1435//387 1436//387
f 1434//388 193//388 1437//388
f 129//389 193//389 1434//389
f 1436//390 1438//390 1439//390
f 1435//391 1438//391 1436//391
f 1437//392 230//392 1440//392
f 193//393 230//393 1437//393
f 1438//394 1441//394 1439//394
f 1438//395 1442//395 1441//395
f 1440//396 250//396 1443//396
f 230//397 250//397 1440//397
f 1442//398 1444//398 1441//398
f 250//399 263//399 1443//399
f 1443//400 263//400 1445//400
f 1442//401 1446//401 1444//401
f 1444//402 1446//402 1447//402
f 1445//403 282//403 1448//403
f 263//404 282//404 1445//404
f 1446//405 1449//405 1447//405
f 1447//406 1449//406 1450//406
f 1448//407 315//407 1451//407
f 282//408 315//408 1448//408
f 1449//409 1452//409 1450//409
f 1450//410 1452//410 1453//410
f 1452//411 1454//411 1453//411
f 1451//412 314//412 1455//412
f 315//413 314//413 1451//413
f 1452//414 1456//414 1454//414
f 1456//415 1457//415 1454//415
f 1455//416 338//416 1458//416
f 314//417 338//417 1455//417
f 1456//418 1459//418 1457//418
f 1459//419 1460//419 1457//419
f 1458//420 361//420 1461//420
f 338//421 361//421 1458//421
f 1459//422 1462//422 1460//422
f 1460//423 1462//423 1463//423
f 361//424 392//424 1461//424
f 392//425 1464//425 1461//425
f 1462//426 1465//426 1463//426
f 1463//427 1465//427 1466//427
f 392//428 416//428 1464//428
f 416//429 1467//429 1464//429
f 1465//430 1468//430 1466//430
f 1466//431 1468//431 1469//431
f 416//432 437//432 1467//432
f 437//433 1470//433 1467//433
f 1468//434 1471//434 1469//434
f 1469//435 1471//435 1472//435
f 1471//436 1473//436 1472//436
f 437//437 455//437 1470//437
f 455//438 1474//438 1470//438
f 1471//439 1475//439 1473//439
f 1475//440 1476//440 1473//440
f 455//441 469//441 1474//441
f 469//442 1477//442 1474//442
f 1476//443 1478//443 1479//443
f 1475//444 1478//444 1476//444
f 469//445 480//445 1477//445
f 480//446 1480//446 1477//446
f 1479//447 1481//447 1482//447
f 1478//448 1481//448 1479//448
f 480//449 495//449 1480//449
f 495//450 1483//450 1480//450
f 1481//451 1484//451 1482//451
f 1482//452 1484//452 1485//452
f 495//453 534//453 1483//453
f 534//454 1486//454 1483//454
f 1485//455 1487//455 1488//455
f 1484//456 1487//456 1485//456
f 534//457 537//457 1486//457
f 1488//458 1489//458 1490//458
f 1487//459 1489//459 1488//459
f 1489//454 1491//454 1490//454
f 537//460 562//460 1486//460
f 1486//461 562//461 1492//461
f 1489//462 1493//462 1491//462
f 1493//463 1494//463 1491//463
f 1492//464 588//464 1495//464
f 562//465 588//465 1492//465
f 1494//466 1496//466 1497//466
f 1493//467 1496//467 1494//467
f 1495//468 610//468 1498//468
f 588//469 610//469 1495//469
f 1497//470 1499//470 1500//470
f 1496//471 1499//471 1497//471
f 1498//472 631//472 1501//472
f 610//473 631//473 1498//473
f 1500//474 1502//474 1503//474
f 1499//475 1502//475 1500//475
f 1501//476 646//476 1504//476
f 631//477 646//477 1501//477
f 1503//478 1505//478 1506//478
f 1502//479 1505//479 1503//479
f 1504//480 660//480 1507//480
f 646//481 660//481 1504//481
f 1506//482 1508//482 1509//482
f 1505//483 1508//483 1506//483
f 1508//484 1510//484 1509//484
f 1510//485 673//485 660//485
f 1507//486 673//486 1511//486
f 660//487 673//487 1507//487
f 1508//488 1512//488 1510//488
f 1511//489 683//489 1513//489
f 1512//490 1514//490 1510//490
f 1512//491 1515//491 1514//491
f 1513//492 703//492 1516//492
f 746//493 1518//493 1516//493
f 1515//494 1520//494 1517//494
f 745//495 1522//495 1518//495
f 1520//496 1523//496 1519//496
f 1523//497 1525//497 1521//497
f 1522//498 795//498 1527//498
f 1525//499 1528//499 1524//499
f 1527//500 810//500 1530//500
f 1528//501 1531//501 1526//501
f 1530//502 824//502 1533//502
f 841//503 1535//503 1533//503
f 1531//504 1536//504 1532//504
f 850//505 1538//505 1535//505
f 1536//506 1539//506 1534//506
f 867//507 1126//507 1538//507
f 1539//508 1541//508 1537//508
f 1541//509 1543//509 1540//509
f 1543//510 1122//510 1542//510
f 1406//511 1404//511 1403//511
f 1409//512 1406//512 1405//512
f 1266//513 1259//513 1262//513
f 1270//514 1266//514 1265//514
f 1326//515 1321//515 1323//515
f 1329//516 1326//516 1325//516
f 1332//517 1329//517 1328//517
f 1335//518 1332//518 1331//518
f 1338//519 1335//519 1334//519
f 1341//520 1338//520 1337//520
f 1344//521 1341//521 1340//521
f 1347//522 1344//522 1343//522
f 1350//523 1347//523 1346//523
f 1353//524 1350//524 1349//524
f 1356//525 1353//525 1352//525
f 1359//526 1356//526 1355//526
f 1362//527 1359//527 1358//527
f 1365//528 1362//528 1361//528
f 1368//529 1365//529 1364//529
f 1371//530 1368//530 1367//530
f 1374//531 1371//531 1370//531
f 1377//532 1374//532 1373//532
f 1380//533 1377//533 1376//533
f 1383//534 1380//534 1379//534
f 1386//535 1383//535 1382//535
f 1132//536 1123//536 1128//536
f 1151//537 1144//537 1147//537
f 1155//538 1151//538 1150//538
f 1159//539 1155//539 1154//539
f 1163//540 1159//540 1158//540
f 1167//541 1163//541 1162//541
f 1171//542 1167//542 1166//542
f 1175//543 1171//543 1170//543
f 1179//544 1175//544 1174//544
f 1183//545 1179//545 1178//545
f 1187//546 1183//546 1182//546
f 1191//547 1187//547 1186//547
f 1195//548 1191//548 1190//548
f 1199//549 1195//549 1194//549
f 1203//550 1199//550 1198//550
f 1207//551 1203//551 1202//551
f 1211//552 1207//552 1206//552
f 1215//553 1211//553 1210//553
f 1219//554 1215//554 1214//554
f 1223//555 1219//555 1218//555
f 1227//556 1223//556 1222//556
f 1230//557 1227//557 1226//557
f 1236//558 1230//558 1229//558
f 1240//559 1236//559 1235//559
f 1544//560 1545//560 1546//560
f 1547//561 1548//561 1545//561
f 1547//561 1545//561 1544//561
f 1549//560 1546//560 1550//560
f 1549//562 1544//562 1546//562
f 1402//560 1550//560 1551//560
f 1402//560 1549//560 1550//560
f 1552//560 1548//560 1547//560
f 1552//560 1553//560 1548//560
f 1403//560 1402//560 1551//560
f 1403//561 1551//561 1554//561
f 1555//561 1553//561 1552//561
f 1555//561 1556//561 1553//561
f 1405//563 1403//563 1554//563
f 1405//562 1554//562 1557//562
f 1558//561 1556//561 1555//561
f 1558//560 1559//560 1556//560
f 1408//562 1405//562 1557//562
f 1408//560 1557//560 1560//560
f 4//560 1559//560 1558//560
f 1393//563 1559//563 4//563
f 1393//564 4//564 2//564
f 1393//561 1561//561 1559//561
f 1412//560 1408//560 1560//560
f 1412//560 1560//560 1562//560
f 1391//562 1561//562 1393//562
f 1563//561 1561//561 1391//561
f 1563//560 1564//560 1561//560
f 1390//564 1563//564 1391//564
f 1565//561 1564//561 1563//561
f 1415//560 1562//560 1566//560
f 1415//560 1412//560 1562//560
f 1567//560 1564//560 1565//560
f 1567//561 1568//561 1564//561
f 1419//561 1566//561 1569//561
f 1419//560 1415//560 1566//560
f 1570//560 1568//560 1567//560
f 1570//560 1571//560 1568//560
f 1422//561 1419//561 1569//561
f 1422//562 1569//562 1572//562
f 1573//561 1571//561 1570//561
f 1573//561 1574//561 1571//561
f 1425//560 1422//560 1572//560
f 1425//563 1572//563 1575//563
f 1382//560 1573//560 1385//560
f 1382//560 1574//560 1573//560
f 1382//561 1576//561 1574//561
f 1429//561 1425//561 1575//561
f 1429//560 1575//560 1577//560
f 1379//561 1576//561 1382//561
f 1379//560 1578//560 1576//560
f 1432//560 1429//560 1577//560
f 1432//560 1577//560 1579//560
f 1376//561 1580//561 1578//561
f 1376//560 1578//560 1379//560
f 1435//560 1432//560 1579//560
f 1435//560 1579//560 1581//560
f 1373//560 1582//560 1580//560
f 1373//561 1580//561 1376//561
f 1438//560 1435//560 1581//560
f 1438//560 1581//560 1583//560
f 1370//560 1584//560 1582//560
f 1370//560 1582//560 1373//560
f 1442//560 1438//560 1583//560
f 1442//560 1583//560 1585//560
f 1367//560 1586//560 1584//560
f 1367//561 1584//561 1370//561
f 1446//560 1585//560 1587//560
f 1446//560 1442//560 1585//560
f 1364//560 1588//560 1586//560
f 1364//560 1586//560 1367//560
f 1449//562 1446//562 1587//562
f 1449//561 1587//561 1589//561
f 1361//561 1588//561 1364//561
f 1361//560 1590//560 1588//560
f 1452//561 1449//561 1589//561
f 1452//560 1589//560 1591//560
f 1358//560 1590//560 1361//560
f 1358//561 1592//561 1590//561
f 1456//561 1452//561 1591//561
f 1456//561 1591//561 1593//561
f 1355//560 1592//560 1358//560
f 1355//560 1594//560 1592//560
f 1459//561 1456//561 1593//561
f 1459//561 1593//561 1595//561
f 1352//561 1594//561 1355//561
f 1352//560 1596//560 1594//560
f 1462//560 1459//560 1595//560
f 1462//560 1595//560 1597//560
f 1349//560 1596//560 1352//560
f 1349//561 1598//561 1596//561
f 1465//562 1597//562 1599//562
f 1465//565 1462//565 1597//565
f 1346//561 1598//561 1349//561
f 1346//561 1600//561 1598//561
f 1468//565 1599//565 1601//565
f 1468//566 1465//566 1599//566
f 1343//560 1600//560 1346//560
f 1343//567 1602//567 1600//567
f 1471//565 1468//565 1601//565
f 1603//561 1471//561 1601//561
f 1340//560 1604//560 1602//560
f 1340//561 1602//561 1343//561
f 1475//561 1471//561 1603//561
f 1605//560 1475//560 1603//560
f 1337//560 1604//560 1340//560
f 1606//561 1604//561 1337//561
f 1478//565 1475//565 1605//565
f 1607//561 1478//561 1605//561
f 1334//561 1606//561 1337//561
f 1608//560 1606//560 1334//560
f 1481//560 1478//560 1607//560
f 1609//560 1481//560 1607//560
f 1331//560 1608//560 1334//560
f 1610//560 1608//560 1331//560
f 1484//560 1481//560 1609//560
f 1611//560 1484//560 1609//560
f 1328//561 1610//561 1331//561
f 1487//560 1484//560 1611//560
f 1612//560 1610//560 1328//560
f 1613//561 1487//561 1611//561
f 1325//560 1612//560 1328//560
f 1489//566 1487//566 1613//566
f 1614//560 1612//560 1325//560
f 1323//560 1614//560 1325//560
f 1615//561 1489//561 1613//561
f 1493//560 1489//560 1615//560
f 1616//566 1614//566 1323//566
f 1320//560 1616//560 1323//560
f 1617//560 1493//560 1615//560
f 1496//560 1493//560 1617//560
f 1618//560 1616//560 1320//560
f 1317//567 1618//567 1320//567
f 1619//560 1496//560 1617//560
f 1499//561 1496//561 1619//561
f 1620//560 1618//560 1317//560
f 1314//565 1620//565 1317//565
f 1621//561 1499//561 1619//561
f 1621//567 1502//567 1499//567
f 1622//561 1620//561 1314//561
f 1311//561 1622//561 1314//561
f 1623//561 1505//561 1502//561
f 1623//560 1502//560 1621//560
f 1624//560 1622//560 1311//560
f 1624//566 1311//566 1308//566
f 1625//560 1508//560 1505//560
f 1625//561 1505//561 1623//561
f 1626//560 1624//560 1308//560
f 1626//560 1308//560 1304//560
f 1627//561 1512//561 1508//561
f 1627//560 1508//560 1625//560
f 1628//560 1626//560 1304//560
f 1628//560 1304//560 1299//560
f 1629//560 1515//560 1512//560
f 1629//561 1512//561 1627//561
f 1630//560 1299//560 1295//560
f 1630//560 1628//560 1299//560
f 1631//561 1520//561 1515//561
f 1631//560 1515//560 1629//560
f 1632//560 1295//560 1290//560
f 1632//560 1630//560 1295//560
f 1633//560 1523//560 1520//560
f 1633//561 1520//561 1631//561
f 1634//565 1290//565 1286//565
f 1634//568 1632//568 1290//568
f 1635//560 1525//560 1523//560
f 1635//560 1523//560 1633//560
f 1636//562 1286//562 1282//562
f 1636//565 1634//565 1286//565
f 1637//560 1528//560 1525//560
f 1637//561 1525//561 1635//561
f 1638//560 1636//560 1282//560
f 1638//560 1282//560 1278//560
f 1639//561 1528//561 1637//561
f 1639//561 1531//561 1528//561
f 1640//560 1638//560 1278//560
f 1640//560 1278//560 1274//560
f 1641//560 1531//560 1639//560
f 1641//560 1536//560 1531//560
f 1642//560 1640//560 1274//560
f 1642//560 1274//560 1269//560
f 1643//561 1536//561 1641//561
f 1643//560 1539//560 1536//560
f 1644//560 1642//560 1269//560
f 1644//560 1269//560 1265//560
f 1645//560 1539//560 1643//560
f 1645//560 1541//560 1539//560
f 1646//567 1644//567 1265//567
f 1646//561 1265//561 1262//561
f 1647//561 1543//561 1541//561
f 1647//560 1541//560 1645//560
f 1648//560 1646//560 1262//560
f 1648//560 1262//560 1257//560
f 1649//560 1128//560 1122//560
f 1649//561 1122//561 1543//561
f 1649//560 1543//560 1647//560
f 1650//560 1648//560 1257//560
f 1650//561 1257//561 1253//561
f 1651//560 1131//560 1128//560
f 1651//560 1128//560 1649//560
f 1652//561 1253//561 1248//561
f 1652//561 1650//561 1253//561
f 1653//560 1136//560 1131//560
f 1653//560 1131//560 1651//560
f 1654//562 1248//562 1244//562
f 1654//561 1652//561 1248//561
f 1655//561 1141//561 1136//561
f 1655//561 1136//561 1653//561
f 1656//563 1244//563 1239//563
f 1656//560 1654//560 1244//560
f 1657//560 1147//560 1141//560
f 1657//560 1141//560 1655//560
f 1658//561 1656//561 1239//561
f 1658//562 1239//562 1235//562
f 1659//560 1150//560 1147//560
f 1659//560 1147//560 1657//560
f 1660//560 1658//560 1235//560
f 1660//560 1235//560 1229//560
f 1661//561 1154//561 1150//561
f 1661//561 1150//561 1659//561
f 1662//560 1660//560 1229//560
f 1662//560 1229//560 1226//560
f 1663//561 1154//561 1661//561
f 1663//560 1158//560 1154//560
f 1664//560 1662//560 1226//560
f 1664//563 1226//563 1222//563
f 1665//560 1158//560 1663//560
f 1665//561 1162//561 1158//561
f 1666//561 1664//561 1222//561
f 1666//560 1222//560 1218//560
f 1667//560 1166//560 1162//560
f 1667//560 1162//560 1665//560
f 1668//561 1666//561 1218//561
f 1668//560 1218//560 1214//560
f 1669//561 1166//561 1667//561
f 1669//560 1170//560 1166//560
f 1670//560 1214//560 1210//560
f 1670//562 1668//562 1214//562
f 1671//560 1170//560 1669//560
f 1671//560 1174//560 1170//560
f 1672//561 1670//561 1210//561
f 1672//560 1210//560 1206//560
f 1673//560 1174//560 1671//560
f 1673//560 1178//560 1174//560
f 1674//561 1206//561 1202//561
f 1674//560 1672//560 1206//560
f 1675//560 1178//560 1673//560
f 1675//560 1182//560 1178//560
f 1676//560 1674//560 1202//560
f 1676//562 1202//562 1198//562
f 1677//560 1186//560 1182//560
f 1677//560 1182//560 1675//560
f 1678//560 1198//560 1194//560
f 1678//560 1676//560 1198//560
f 1679//560 1190//560 1186//560
f 1679//561 1186//561 1677//561
f 1680//561 1194//561 1190//561
f 1680//560 1678//560 1194//560
f 1680//561 1190//561 1679//561
f 4//569 1558//569 3//569
f 3//570 1558//570 1681//570
f 1558//571 1555//571 1681//571
f 1681//572 1555//572 1682//572
f 1555//573 1552//573 1682//573
f 1552//574 1683//574 1682//574
f 1552//575 1547//575 1683//575
f 1547//576 1684//576 1683//576
f 1547//577 1544//577 1684//577
f 1544//578 1685//578 1684//578
f 1544//579 1549//579 1685//579
f 1549//580 1686//580 1685//580
f 1549//581 1402//581 1686//581
f 1402//582 1687//582 1686//582
f 1402//583 1404//583 1687//583
f 1404//584 1688//584 1687//584
f 1404//585 1406//585 1688//585
f 1406//586 1689//586 1688//586
f 1406//587 1409//587 1689//587
f 1409//588 1410//588 1689//588
f 1689//589 1410//589 1690//589
f 1410//590 1413//590 1690//590
f 1690//591 1413//591 1691//591
f 1413//592 1416//592 1691//592
f 1691//593 1416//593 1692//593
f 1416//594 1418//594 1692//594
f 1418//595 1693//595 1692//595
f 1418//596 1421//596 1693//596
f 1421//597 1423//597 1693//597
f 1693//598 1423//598 1694//598
f 1423//599 1426//599 1694//599
f 1694//600 1426//600 1695//600
f 1426//601 1428//601 1695//601
f 1695//602 1428//602 1696//602
f 1428//603 1431//603 1696//603
f 1696//604 1431//604 1697//604
f 1431//605 1433//605 1697//605
f 1433//606 1436//606 1697//606
f 1697//607 1436//607 1698//607
f 1698//608 1439//608 1699//608
f 1436//609 1439//609 1698//609
f 1439//610 1441//610 1699//610
f 1699//611 1441//611 1700//611
f 1700//612 1444//612 1701//612
f 1441//613 1444//613 1700//613
f 1444//614 1447//614 1701//614
f 1701//615 1450//615 1702//615
f 1447//616 1450//616 1701//616
f 1702//617 1453//617 1703//617
f 1450//618 1453//618 1702//618
f 1703//619 1454//619 1704//619
f 1453//620 1454//620 1703//620
f 1454//621 1457//621 1704//621
f 1704//622 1457//622 1705//622
f 1457//623 1460//623 1705//623
f 1705//624 1460//624 1706//624
f 1460//625 1463//625 1706//625
f 1706//626 1463//626 1707//626
f 1463//627 1466//627 1707//627
f 1707//628 1466//628 1708//628
f 1466//629 1469//629 1708//629
f 1708//630 1469//630 1709//630
f 1469//631 1472//631 1709//631
f 1472//632 1473//632 1709//632
f 1709//633 1473//633 1710//633
f 1473//634 1476//634 1710//634
f 1710//635 1476//635 1711//635
f 1476//636 1479//636 1711//636
f 1711//637 1479//637 1712//637
f 1712//638 1482//638 1713//638
f 1479//639 1482//639 1712//639
f 1713//640 1485//640 1714//640
f 1482//641 1485//641 1713//641
f 1714//642 1488//642 1715//642
f 1485//643 1488//643 1714//643
f 1715//644 1490//644 1716//644
f 1488//645 1490//645 1715//645
f 1490//646 1491//646 1716//646
f 1716//647 1494//647 1717//647
f 1491//648 1494//648 1716//648
f 1717//649 1497//649 1718//649
f 1494//650 1497//650 1717//650
f 1718//651 1500//651 1719//651
f 1497//652 1500//652 1718//652
f 1719//653 1503//653 1720//653
f 1500//654 1503//654 1719//654
f 1720//655 1506//655 1721//655
f 1503//656 1506//656 1720//656
f 1721//657 1509//657 1722//657
f 1506//658 1509//658 1721//658
f 1509//659 1510//659 1722//659
f 1723//660 1684//660 1685//660
f 1724//661 1723//661 1685//661
f 1724//662 1685//662 1686//662
f 1725//660 1684//660 1723//660
f 1725//662 1683//662 1684//662
f 1726//663 1724//663 1686//663
f 1726//660 1686//660 1687//660
f 1727//664 1683//664 1725//664
f 1727//665 1682//665 1683//665
f 1728//661 1726//661 1687//661
f 1728//661 1687//661 1688//661
f 1729//665 1681//665 1682//665
f 1730//665 1728//665 1688//665
f 1730//665 1688//665 1689//665
f 1731//666 1730//666 1689//666
f 1731//663 1689//663 1690//663
f 1732//666 1681//666 1729//666
f 1732//663 1733//663 1681//663
f 1734//667 1681//667 1733//667
f 1734//663 3//663 1681//663
f 1735//662 1732//662 1729//662
f 1736//665 3//665 1734//665
f 1737//666 1729//666 1738//666
f 1737//668 1735//668 1729//668
f 1//665 3//665 1736//665
f 1739//669 1738//669 1740//670
f 1739//662 1737//662 1738//662
f 1741//663 1740//663 1742//663
f 1741//662 1739//662 1740//662
f 1743//663 1731//663 1690//663
f 1744//660 1742//660 1745//660
f 1744//663 1741//663 1742//663
f 1746//671 1743//671 1690//671
f 1747//660 1745//660 1748//660
f 1747//672 1744//672 1745//672
f 1749//661 1750//661 1751//661
f 1752//665 1690//665 1691//665
f 1752//663 1746//663 1690//663
f 1753//665 1748//665 1754//665
f 1753//662 1747//662 1748//662
f 1755//673 1752//673 1691//673
f 1756//661 1753//661 1754//661
f 1756//674 1754//674 1757//674
f 1758//675 1755//675 1691//675
f 1759//676 1756//676 1757//676
f 1759//677 1757//677 1760//677
f 1761//665 1762//665 1750//665
f 1761//662 1750//662 1749//662
f 1763//669 1758//669 1691//669
f 1763//666 1691//666 1692//666
f 1764//678 1760//678 1765//678
f 1764//679 1759//679 1760//679
f 1766//680 1763//680 1692//680
f 1767//665 1692//665 1693//665
f 1768//681 1764//681 1765//681
f 1768//675 1765//675 1769//675
f 1770//665 1692//665 1767//665
f 1770//665 1766//665 1692//665
f 1771//661 1772//661 1762//661
f 1771//665 1762//665 1761//665
f 1385//665 1573//665 1772//665
f 1773//662 1768//662 1769//662
f 1773//665 1769//665 1774//665
f 1775//668 1770//668 1767//668
f 1776//661 1693//661 1694//661
f 1777//682 1774//682 1778//682
f 1777//660 1773//660 1774//660
f 1779//672 1775//672 1767//672
f 1779//683 1767//683 1780//683
f 1781//661 1772//661 1771//661
f 1781//665 1385//665 1772//665
f 1782//669 1778//669 1783//669
f 1782//684 1777//684 1778//684
f 1784//685 1779//685 1780//685
f 1784//686 1780//686 1785//686
f 1786//687 1784//687 1785//687
f 1786//680 1785//680 1787//680
f 1788//665 1783//665 1789//665
f 1788//669 1782//669 1783//669
f 1790//666 1694//666 1695//666
f 1790//666 1776//666 1694//666
f 1791//661 1786//661 1787//661
f 1791//661 1787//661 1792//661
f 1793//663 1385//663 1781//663
f 1793//688 1386//688 1385//688
f 1794//663 1789//663 1795//663
f 1794//665 1788//665 1789//665
f 1796//669 1792//669 1797//669
f 1796//665 1791//665 1792//665
f 1798//661 1790//661 1695//661
f 1798//661 1695//661 1696//661
f 1799//663 1794//663 1795//663
f 1799//663 1795//663 1800//663
f 1801//687 1796//687 1797//687
f 1801//661 1797//661 1802//661
f 1803//665 1386//665 1793//665
f 1803//675 1383//675 1386//675
f 1804//661 1801//661 1802//661
f 1804//661 1802//661 1805//661
f 1806//663 1799//663 1800//663
f 1806//665 1800//665 1807//665
f 1808//665 1798//665 1696//665
f 1808//665 1696//665 1697//665
f 1809//689 1804//689 1805//689
f 1809//676 1805//676 1810//676
f 1811//665 1806//665 1807//665
f 1811//665 1807//665 1812//665
f 1813//680 1383//680 1803//680
f 1813//665 1380//665 1383//665
f 1814//680 1809//680 1810//680
f 1814//690 1810//690 1815//690
f 1816//665 1811//665 1812//665
f 1816//661 1812//661 1817//661
f 1818//666 1808//666 1697//666
f 1698//663 1818//663 1697//663
f 1819//660 1814//660 1815//660
f 1819//679 1815//679 1820//679
f 1821//665 1816//665 1817//665
f 1821//662 1817//662 1822//662
f 1823//662 1819//662 1820//662
f 1823//667 1820//667 1824//667
f 1825//666 1821//666 1822//666
f 1825//691 1826//691 1827//691
f 1825//692 1822//692 1826//692
f 1828//663 1380//663 1813//663
f 1828//663 1377//663 1380//663
f 1829//693 1824//693 1830//693
f 1829//694 1823//694 1824//694
f 1831//663 1832//663 1833//663
f 1834//662 1818//662 1698//662
f 1835//695 1833//695 1836//695
f 1835//695 1836//695 1837//695
f 1835//663 1831//663 1833//663
f 1838//688 1839//688 1832//688
f 1838//663 1832//663 1831//663
f 1840//665 1835//665 1837//665
f 1841//665 1839//665 1838//665
f 1841//660 1842//660 1839//660
f 1699//665 1834//665 1698//665
f 1843//661 1840//661 1825//661
f 1843//661 1825//661 1827//661
f 1844//666 1842//666 1841//666
f 1844//663 1845//663 1842//663
f 1846//673 1830//673 1847//673
f 1846//662 1829//662 1830//662
f 1848//688 1849//688 1850//688
f 1851//687 1850//687 1852//687
f 1851//663 1848//663 1850//663
f 1853//666 1854//666 1849//666
f 1853//692 1849//692 1848//692
f 1855//680 1852//680 1856//680
f 1855//661 1851//661 1852//661
f 1857//665 1843//665 1827//665
f 1857//663 1858//663 1859//663
f 1857//663 1827//663 1858//663
f 1860//665 1861//665 1854//665
f 1860//694 1854//694 1853//694
f 1862//687 1856//687 1863//687
f 1862//696 1855//696 1856//696
f 1864//665 1865//665 1845//665
f 1864//665 1845//665 1844//665
f 1866//661 1867//661 1861//661
f 1866//665 1861//665 1860//665
f 1868//697 1863//697 1869//697
f 1868//697 1862//697 1863//697
f 1870//665 1871//665 1867//665
f 1870//662 1867//662 1866//662
f 1872//694 1869//694 1873//694
f 1872//694 1868//694 1869//694
f 1874//663 1875//663 1871//663
f 1874//666 1871//666 1870//666
f 1876//698 1847//698 1877//698
f 1876//699 1846//699 1847//699
f 1878//662 1873//662 1879//662
f 1878//662 1872//662 1873//662
f 1880//666 1857//666 1859//666
f 1880//660 1859//660 1881//660
f 1882//673 1883//673 1865//673
f 1882//663 1865//663 1864//663
f 1884//695 1885//695 1875//695
f 1884//695 1875//695 1874//695
f 1886//663 1879//663 1887//663
f 1886//660 1878//660 1879//660
f 1888//665 1834//665 1699//665
f 1889//663 1885//663 1884//663
f 1889//660 1890//660 1885//660
f 1891//663 1886//663 1887//663
f 1891//665 1887//665 1892//665
f 1893//665 1880//665 1881//665
f 1893//692 1881//692 1894//692
f 1895//665 1890//665 1889//665
f 1896//673 1883//673 1882//673
f 1896//673 1897//673 1883//673
f 1896//692 1898//692 1897//692
f 1899//665 1891//665 1892//665
f 1899//692 1892//692 1900//692
f 1700//661 1888//661 1699//661
f 1901//666 1900//666 1902//666
f 1901//700 1899//700 1900//700
f 1903//697 1904//697 1905//697
f 1903//661 1906//661 1904//661
f 1907//660 1902//660 1908//660
f 1907//666 1901//666 1902//666
f 1909//699 1908//699 1906//699
f 1909//680 1907//680 1908//680
f 1909//695 1906//695 1903//695
f 1910//662 1374//662 1890//662
f 1910//663 1890//663 1895//663
f 1911//665 1877//665 1912//665
f 1911//698 1876//698 1877//698
f 1913//701 1893//701 1894//701
f 1913//665 1894//665 1914//665
f 1915//665 1374//665 1910//665
f 1915//661 1371//661 1374//661
f 1916//660 1905//660 1898//660
f 1916//663 1903//663 1905//663
f 1916//665 1898//665 1896//665
f 1917//702 1371//702 1915//702
f 1918//665 1371//665 1917//665
f 1919//660 1913//660 1914//660
f 1919//666 1914//666 1920//666
f 1921//663 1919//663 1920//663
f 1922//663 1888//663 1700//663
f 1923//665 1903//665 1916//665
f 1924//665 1912//665 1925//665
f 1924//660 1911//660 1912//660
f 1926//665 1371//665 1918//665
f 1701//663 1922//663 1700//663
f 1927//660 1371//660 1926//660
f 1927//662 1368//662 1371//662
f 1928//665 1919//665 1921//665
f 1929//665 1928//665 1921//665
f 1930//661 1931//661 1932//661
f 1930//665 1932//665 1923//665
f 1933//666 1925//666 1934//666
f 1933//660 1924//660 1925//660
f 1935//661 1368//661 1927//661
f 1936//665 1922//665 1701//665
f 1937//661 1368//661 1935//661
f 1938//661 1928//661 1929//661
f 1939//661 1938//661 1929//661
f 1940//660 1941//660 1931//660
f 1940//663 1931//663 1930//663
f 1942//665 1936//665 1701//665
f 1943//680 1934//680 1944//680
f 1943//680 1933//680 1934//680
f 1365//662 1368//662 1937//662
f 1945//669 1942//669 1701//669
f 1945//663 1701//663 1702//663
f 1946//700 1938//700 1939//700
f 1947//700 1946//700 1939//700
f 1948//663 1949//663 1941//663
f 1948//672 1941//672 1940//672
f 1950//663 1945//663 1702//663
f 1951//672 1944//672 1952//672
f 1951//660 1943//660 1944//660
f 1953//663 1365//663 1937//663
f 1954//693 1950//693 1702//693
f 1955//663 1946//663 1947//663
f 1956//663 1955//663 1947//663
f 1957//665 1958//665 1949//665
f 1957//665 1949//665 1948//665
f 1959//684 1952//684 1960//684
f 1959//660 1951//660 1952//660
f 1961//660 1954//660 1702//660
f 1703//660 1961//660 1702//660
f 1362//665 1365//665 1953//665
f 1962//703 1961//703 1703//703
f 1963//700 1955//700 1956//700
f 1964//660 1960//660 1965//660
f 1964//684 1959//684 1960//684
f 1966//665 1958//665 1957//665
f 1966//665 1967//665 1958//665
f 1968//665 1362//665 1953//665
f 1969//699 1962//699 1703//699
f 1970//680 1964//680 1965//680
f 1971//660 1969//660 1703//660
f 1972//673 1969//673 1971//673
f 1973//704 1964//704 1970//704
f 1973//663 1963//663 1964//663
f 1704//665 1971//665 1703//665
f 1974//666 1975//666 1967//666
f 1974//663 1967//663 1966//663
f 1359//665 1362//665 1968//665
f 1976//669 1971//669 1977//669
f 1976//705 1972//705 1971//705
f 1978//673 1970//673 1979//673
f 1978//700 1973//700 1970//700
f 1980//667 1359//667 1968//667
f 1981//695 1977//695 1982//695
f 1981//679 1976//679 1977//679
f 1983//663 1984//663 1975//663
f 1983//660 1975//660 1974//660
f 1985//661 1979//661 1986//661
f 1985//675 1978//675 1979//675
f 1987//662 1982//662 1988//662
f 1987//673 1981//673 1982//673
f 1705//663 1989//663 1704//663
f 1990//660 1988//660 1991//660
f 1990//680 1987//680 1988//680
f 1992//698 1359//698 1980//698
f 1992//663 1356//663 1359//663
f 1993//665 1994//665 1984//665
f 1993//665 1984//665 1983//665
f 1993//663 1995//663 1994//663
f 1996//665 1991//665 1997//665
f 1996//660 1990//660 1991//660
f 1998//665 1989//665 1705//665
f 1999//662 1997//662 2000//662
f 1999//673 1996//673 1997//673
f 2001//700 2000//700 2002//700
f 2001//663 1999//663 2000//663
f 1706//665 1998//665 1705//665
f 2003//663 1995//663 1993//663
f 2003//663 2004//663 1995//663
f 2005//678 2006//678 2007//678
f 2008//688 1356//688 1992//688
f 2008//662 1353//662 1356//662
f 2009//662 2001//662 2002//662
f 2010//675 2009//675 2002//675
f 2011//666 2006//666 2005//666
f 2012//665 1998//665 1706//665
f 2013//675 2009//675 2010//675
f 2014//666 2013//666 2010//666
f 2015//663 2016//663 2017//663
f 2015//665 2017//665 2018//665
f 2019//663 2004//663 2003//663
f 2019//660 2015//660 2018//660
f 2019//665 2018//665 2004//665
f 2020//663 2011//663 2005//663
f 2021//665 2013//665 2014//665
f 2022//661 2023//661 2016//661
f 2022//661 2016//661 2015//661
f 2024//693 2021//693 2014//661
f 1707//660 2012//660 1706//660
f 2025//695 2011//695 2020//695
f 2026//666 2027//666 2023//666
f 2026//663 2023//663 2022//663
f 2028//662 1353//662 2008//662
f 2028//665 1350//665 1353//665
f 2029//661 2021//661 2024//661
f 2030//665 2029//665 2024//665
f 2031//660 2032//660 2027//660
f 2031//666 2027//666 2026//666
f 2033//660 2015//660 2019//660
f 2034//687 2012//687 1707//687
f 2035//703 2029//703 2030//703
f 2036//671 2035//671 2030//671
f 2037//694 2025//694 2020//694
f 2038//673 2039//673 2032//673
f 2038//673 2032//673 2031//673
f 2040//665 2041//665 2039//665
f 2040//660 2039//660 2038//660
f 2042//679 2035//679 2036//679
f 2043//660 2025//660 2037//660
f 2044//673 2042//673 2036//673
f 2045//671 2046//671 2041//671
f 2045//663 2041//663 2040//663
f 1708//695 2034//695 1707//695
f 2047//687 2042//687 2044//687
f 2048//706 2049//706 2046//706
f 2048//707 2046//707 2045//707
f 2050//660 1350//660 2028//660
f 2050//672 1347//672 1350//672
f 2051//708 2052//708 2049//708
f 2051//699 2049//699 2048//699
f 2053//695 2047//695 2044//695
f 2054//660 2055//660 2033//660
f 2054//666 2056//666 2055//666
f 2057//663 2052//678 2051//663
f 2057//665 2058//665 2052//665
f 2059//662 2043//662 2037//662
f 2060//663 2058//663 2057//663
f 2060//671 2061//671 2058//671
f 2062//663 2034//663 1708//663
f 2063//699 2064//699 2061//699
f 2063//699 2061//699 2060//699
f 2065//665 2047//665 2053//665
f 2066//662 2043//662 2059//662
f 2067//680 2068//680 2064//680
f 2067//695 2064//695 2063//695
f 2069//660 2065//660 2053//660
f 2070//704 2071//704 2068//704
f 2070//671 2068//671 2067//671
f 2072//680 2071//680 2070//680
f 2072//695 2073//695 2071//695
f 2074//660 2075//660 2056//660
f 2074//663 2056//663 2054//663
f 2076//660 2065//660 2069//660
f 1709//663 2062//663 1708//663
f 2077//663 2066//663 2059//663
f 2078//700 2073//700 2072//700
f 2078//666 2079//666 2073//666
f 2080//694 1347//694 2050//694
f 2081//672 2076//672 2069//672
f 1344//675 1347//675 2080//675
f 2082//695 2079//695 2078//695
f 2082//662 2083//662 2079//662
f 2084//663 2066//663 2077//663
f 2085//665 2062//665 1709//665
f 2086//662 2083//662 2082//662
f 2086//708 2087//708 2083//708
f 2088//672 2076//672 2081//672
f 2089//660 2088//660 2081//660
f 2090//673 2087//673 2086//673
f 2090//673 2091//673 2087//673
f 2092//660 2075//660 2074//660
f 2092//663 2093//663 2075//663
f 2094//663 2084//663 2077//663
f 2095//660 2091//660 2090//660
f 2095//666 2096//666 2091//666
f 2097//660 2088//660 2089//660
f 2098//666 2099//666 2096//666
f 2098//666 2096//666 2095//666
f 1710//665 2085//665 1709//665
f 2100//680 2097//680 2089//680
f 2101//663 2084//663 2094//663
f 1341//660 1344//660 2099//660
f 2102//709 2099//709 2098//709
f 2103//663 2085//663 1710//663
f 2104//675 2097//675 2100//675
f 2105//665 2093//665 2092//665
f 2105//662 2106//662 2093//662
f 2107//665 1341//665 2099//665
f 2107//684 2099//684 2102//684
f 2108//666 2104//666 2100//666
f 2109//662 2101//662 2094//662
f 2110//665 1341//665 2107//665
f 2111//660 2104//660 2108//660
f 2112//662 2101//662 2109//662
f 2113//663 1341//663 2110//663
f 2114//660 2111//660 2108//660
f 1711//662 2103//662 1710//662
f 1338//666 1341//666 2113//666
f 2115//707 1338//707 2113//707
f 2116//665 2117//665 2106//665
f 2116//663 2106//663 2105//663
f 2118//662 2103//662 1711//662
f 2119//660 2111//660 2114//660
f 2120//665 2119//665 2114//665
f 2121//662 1338//662 2115//662
f 2122//663 2112//663 2119//663
f 2122//666 2119//666 2120//666
f 2123//671 1338//671 2121//671
f 2124//666 2122//666 2120//666
f 2125//665 2126//665 2117//665
f 2125//665 2117//665 2116//665
f 1712//663 2118//663 1711//663
f 1335//663 1338//663 2123//663
f 1335//675 2123//675 2127//675
f 2128//663 2118//663 1712//663
f 2129//675 1335//675 2127//675
f 2130//687 2122//687 2124//687
f 2130//694 2124//694 2131//694
f 2132//662 2128//662 1712//662
f 2133//666 2132//666 1712//666
f 2134//694 2130//694 2131//694
f 2135//663 2126//663 2125//663
f 2135//663 2136//663 2126//663
f 1713//663 2133//663 1712//663
f 1713//710 2137//710 2133//710
f 2138//662 1335//662 2129//662
f 1332//687 1335//687 2138//687
f 2139//660 2130//660 2134//660
f 2139//660 2134//660 2140//660
f 2141//673 2137//673 1713//673
f 2142//661 2141//661 1713//661
f 2143//660 2139//660 2140//660
f 2143//665 2140//665 2144//665
f 2145//711 2146//711 2147//711
f 2148//660 1332//660 2138//660
f 1714//665 2142//665 1713//665
f 1714//665 2149//665 2142//665
f 1714//665 2150//665 2149//665
f 2151//665 2146//665 2145//665
f 1329//663 1332//663 2148//663
f 2152//673 2150//673 1714//673
f 2152//673 2153//673 2150//673
f 2154//694 2153//694 2152//694
f 2155//694 2154//694 2152//694
f 2156//661 2143//661 2144//661
f 2157//665 2158//665 2151//665
f 2157//665 2151//665 2145//665
f 2159//712 2143//712 2156//712
f 2160//673 2154//673 2155//673
f 2161//673 2160//673 2155//673
f 2162//663 1329//663 2148//663
f 2163//680 2160//680 2161//680
f 2164//663 2158//663 2157//663
f 2164//665 2165//665 2158//665
f 1326//663 1329//663 2162//663
f 2166//666 2163//666 2161//666
f 2167//663 2165//663 2164//663
f 2168//666 2163//666 2166//666
f 2169//713 2159//713 2156//713
f 2170//693 2168//693 2166//693
f 2171//666 2167//666 2164//666
f 2172//663 2164//663 2157//663
f 2173//687 2159//687 2169//687
f 2174//714 2168//714 2170//714
f 2175//687 2167//687 2171//687
f 2176//666 2174//666 2170//666
f 2177//700 2174//700 2176//700
f 2178//672 2175//672 2171//672
f 2179//666 2177//666 2176//666
f 2180//663 1326//663 2162//663
f 2181//672 2175//672 2178//672
f 2182//665 2177//665 2179//665
f 1321//665 1326//665 2180//665
f 2183//660 2173//660 2169//660
f 1716//665 2184//665 1715//665
f 2185//663 2182//663 2179//663
f 2186//687 2181//687 2178//687
f 2187//665 2182//665 2185//665
f 2188//665 2189//665 2172//665
f 2190//663 2184//663 1716//663
f 2191//663 2181//663 2186//663
f 2192//694 2173//694 2183//694
f 2193//707 2187//707 2185//707
f 2194//684 2187//684 2193//684
f 2195//663 2191//663 2186//663
f 2196//663 2189//663 2188//663
f 2197//684 2194//684 2193//684
f 2198//663 2191//663 2195//663
f 2199//680 2194//680 2197//680
f 2200//679 2198//679 2195//679
f 2201//663 2199//663 2197//663
f 2202//665 1321//665 2180//665
f 2203//663 2199//663 2201//663
f 2204//694 2192//694 2183//694
f 2205//679 2198//679 2200//679
f 2206//662 2196//662 2188//662
f 2207//661 2203//661 2201//661
f 2208//662 2203//662 2207//662
f 2209//660 2192//660 2204//660
f 1318//663 1321//663 2202//663
f 2210//664 2205//664 2200//664
f 1717//663 2190//663 1716//663
f 2211//661 2205//661 2210//661
f 2212//665 2190//665 1717//665
f 2213//680 2214//680 2208//680
f 2213//680 2208//680 2207//680
f 2215//662 2196//662 2206//662
f 2216//660 2217//660 2211//660
f 2216//666 2211//666 2210//666
f 2218//680 2219//680 2214//680
f 2218//680 2214//680 2213//680
f 2220//665 2209//665 2204//665
f 2221//676 2222//676 2217//676
f 2221//676 2217//676 2216//676
f 2223//692 2219//692 2218//692
f 2224//666 2219//666 2223//666
f 2225//662 1318//662 2202//662
f 2226//662 2215//662 2206//662
f 2227//665 2222//665 2221//665
f 2228//665 2222//665 2227//665
f 2229//665 2209//665 2220//665
f 2230//661 2224//661 2223//661
f 2231//661 2215//661 2226//661
f 2232//666 2228//666 2227//666
f 2233//660 2228//660 2232//660
f 2234//661 2224//661 2230//661
f 1316//662 1318//662 2225//662
f 1718//665 2212//665 1717//665
f 2235//663 2212//663 1718//663
f 2236//660 2233//660 2232//660
f 2237//666 2233//666 2236//666
f 2238//666 2234//666 2230//666
f 2239//668 2229//668 2220//668
f 2240//660 2234//660 2238//660
f 2241//700 2237//700 2236//700
f 2242//666 2237//666 2241//666
f 2243//665 2231//665 2226//665
f 2244//665 2240//665 2238//665
f 2245//660 2229//660 2239//660
f 2246//715 2242//715 2241//715
f 2247//662 1316//662 2225//662
f 2248//665 2240//665 2244//665
f 2249//665 2242//665 2246//665
f 2250//665 2231//665 2243//665
f 2251//666 2249//666 2246//666
f 2252//665 2248//665 2244//665
f 2253//689 2249//689 2251//689
f 1313//663 1316//663 2247//663
f 2254//662 2248//662 2252//662
f 2255//660 2245//660 2239//660
f 2256//661 2253//661 2251//661
f 1719//663 2235//663 1718//663
f 1719//663 2257//663 2235//663
f 2258//663 2253//663 2256//663
f 2259//666 2250//666 2243//666
f 2260//662 2254//662 2252//662
f 2261//666 2258//666 2256//666
f 2262//660 2245//660 2255//660
f 2263//661 2254//661 2260//661
f 2264//700 2258//700 2261//700
f 2265//660 2250//660 2259//660
f 2266//662 2264//662 2261//662
f 2267//673 2263//673 2260//673
f 2268//699 2264//699 2266//699
f 2269//716 2263//716 2267//716
f 2270//676 2268//676 2266//676
f 2271//676 2268//676 2270//676
f 2272//665 2265//665 2259//665
f 1310//663 1313//663 2273//663
f 2274//694 2269//694 2267//694
f 2275//693 2271//693 2270//693
f 2276//661 2262//661 2269//661
f 2276//668 2269//668 2274//668
f 1720//688 2257//688 1719//688
f 1720//665 2277//665 2257//665
f 2278//665 2265//665 2272//665
f 2279//697 2271//697 2275//697
f 2280//692 2279//692 2275//692
f 2281//665 2276//665 2274//665
f 2282//663 2279//663 2280//663
f 2283//693 2282//693 2280//693
f 2284//660 2278//660 2272//660
f 2285//717 2282//717 2283//717
f 2286//692 2276//692 2281//692
f 2287//666 2278//666 2284//666
f 2288//660 2276//660 2286//660
f 1307//665 1310//665 2282//665
f 1307//661 2282//661 2285//661
f 2289//661 1307//661 2285//661
f 1721//665 2277//665 1720//665
f 1721//662 2290//662 2277//662
f 2291//665 2288//665 2286//665
f 2292//663 1307//663 2289//663
f 2293//665 2287//665 2284//665
f 2294//665 2287//665 2293//665
f 2295//680 2291//680 2296//680
f 2295//665 2288//665 2291//665
f 1303//663 1307//663 2292//663
f 1303//665 2297//665 2298//665
f 1303//672 2292//672 2297//672
f 2299//661 2290//661 1721//661
f 2300//663 2294//663 2293//663
f 2301//699 1303//699 2298//699
f 1722//660 2299//660 1721//660
f 2302//663 2300//663 2293//663
f 2303//692 1303//692 2301//692
f 2304//663 2295//663 2296//663
f 2305//662 2295//662 2304//662
f 2306//663 2300//663 2302//663
f 2307//665 2306//665 2302//665
f 1300//665 1303//665 2303//665
f 1300//661 2303//661 2308//661
f 2309//665 2307//665 2302//665
f 2310//662 2305//662 2304//662
f 2311//665 2305//665 2310//665
f 2312//665 2313//665 2314//665
f 2315//665 2307//665 2309//665
f 2315//671 2316//671 2307//671
f 2317//663 1300//663 2308//663
f 2318//718 2312//718 2314//718
f 2319//665 2315//665 2309//665
f 2320//665 2311//665 2310//665
f 2321//680 2316//680 2315//680
f 1296//665 1300//665 2317//665
f 2322//667 2321//667 2315//667
f 2323//663 2311//663 2320//663
f 2324//667 2321//667 2322//667
f 2325//687 2326//687 2318//687
f 2325//700 2327//700 2326//700
f 2325//665 2318//665 2314//665
f 2328//661 2324//661 2322//661
f 2329//665 2330//665 2319//665
f 2331//665 1296//665 2317//665
f 2332//662 2323//662 2320//662
f 2333//665 2323//665 2332//665
f 2334//661 2324//661 2328//661
f 2335//660 2336//660 2327//660
f 2335//692 2337//692 2336//692
f 2335//663 2327//663 2325//663
f 2338//660 2334//660 2328//660
f 1291//660 1296//660 2331//660
f 2339//665 2330//665 2329//665
f 2340//678 2341//678 2337//678
f 2340//661 2337//661 2335//661
f 2342//665 2339//665 2329//665
f 2343//719 2344//719 2341//719
f 2343//691 2341//691 2340//691
f 2345//694 2334//694 2338//694
f 2346//665 2333//665 2332//665
f 2347//694 2345//694 2338//694
f 2348//663 2335//663 2325//663
f 2349//665 1291//665 2331//665
f 2350//695 2351//695 2344//695
f 2350//695 2344//695 2343//695
f 2352//662 2333//662 2346//662
f 2353//661 2351//661 2350//661
f 2353//661 2354//661 2351//661
f 2355//665 2339//665 2342//665
f 2356//673 2345//673 2347//673
f 2357//663 2356//663 2347//663
f 2358//661 2354//661 2353//661
f 2358//687 2359//687 2354//687
f 2360//665 2355//665 2342//665
f 1287//663 1291//663 2349//663
f 2361//663 2352//663 2346//663
f 2362//666 2359//666 2358//666
f 2362//692 2363//692 2359//692
f 2364//695 2356//695 2357//695
f 2365//660 2366//660 2363//660
f 2365//671 2363//671 2362//671
f 2367//665 2352//665 2361//665
f 2368//665 2364//665 2357//665
f 2369//668 2366//668 2365//668
f 2369//660 2370//660 2366//660
f 2371//663 1287//663 2349//663
f 2372//665 2355//665 2360//665
f 2373//665 2374//665 2348//665
f 2375//695 2376//695 2370//695
f 2375//720 2370//720 2369//720
f 2377//665 2372//665 2360//665
f 2378//665 2364//665 2368//665
f 2379//700 2380//700 2376//700
f 2379//692 2376//692 2375//692
f 2381//665 2374//665 2373//665
f 2382//660 2367//660 2361//660
f 2383//672 2378//672 2368//672
f 2384//721 2385//721 2380//721
f 2384//666 2380//666 2379//666
f 2386//687 2387//687 2385//687
f 2386//661 2385//661 2384//661
f 2388//673 2378//673 2383//673
f 1283//665 1287//665 2371//665
f 2389//668 2367//668 2382//668
f 2390//665 2391//665 2387//665
f 2390//665 2387//665 2386//665
f 2392//680 2388//680 2383//680
f 2393//666 2394//666 2391//666
f 2393//663 2391//663 2390//663
f 2395//666 2372//666 2377//666
f 2396//663 2394//663 2393//663
f 2396//663 2397//663 2394//663
f 2398//662 2388//662 2392//662
f 2399//666 2395//666 2377//666
f 2400//665 1283//665 2371//665
f 2401//675 2398//675 2392//675
f 2402//665 2403//665 2397//665
f 2402//661 2397//661 2396//661
f 2404//665 2389//665 2382//665
f 2405//665 2381//665 2373//665
f 2406//665 2403//665 2402//665
f 2406//665 2407//665 2403//665
f 2408//700 2398//700 2401//700
f 2409//663 2381//663 2405//663
f 2410//691 2408//691 2401//691
f 2411//688 2389//688 2404//688
f 2412//665 2413//665 2407//665
f 2412//665 2407//665 2406//665
f 2414//665 2395//665 2399//665
f 2415//665 2408//665 2410//665
f 2416//680 2415//680 2410//680
f 2417//665 2414//665 2399//665
f 1279//665 1283//665 2400//665
f 2418//673 2419//673 2413//673
f 2418//673 2413//673 2412//673
f 2420//692 2415//692 2416//692
f 2421//672 2422//672 2419//672
f 2421//673 2419//673 2418//673
f 2423//703 2420//703 2416//703
f 2424//663 1279//663 2400//663
f 2425//662 2411//662 2422//662
f 2426//687 2420//687 2423//687
f 2427//665 2414//665 2417//665
f 2428//676 2422//676 2421//676
f 2429//662 2409//662 2405//662
f 2430//662 2409//662 2429//662
f 2431//695 2426//695 2423//695
f 2432//661 2427//661 2417//661
f 2433//666 2425//666 2422//666
f 2433//689 2422//689 2428//689
f 2434//661 2426//661 2431//661
f 2435//687 2434//687 2431//687
f 1275//663 1279//663 2424//663
f 2436//665 2437//665 2425//665
f 2436//660 2425//660 2433//660
f 2438//666 2434//666 2435//666
f 2439//666 2427//666 2432//666
f 2440//663 1275//663 2424//663
f 2441//666 2438//666 2435//666
f 2442//666 2439//666 2432//666
f 2443//666 2438//666 2441//666
f 2444//665 2437//665 2436//665
f 2445//664 2443//664 2441//664
f 2446//665 2447//665 2430//665
f 2446//663 2430//663 2429//663
f 2448//699 2443//699 2445//699
f 2449//665 2437//665 2444//665
f 2449//662 2450//662 2437//662
f 2451//661 2439//661 2442//661
f 2452//667 2448//667 2445//667
f 1271//665 1275//665 2440//665
f 2453//689 2448//689 2452//689
f 2454//663 2453//663 2452//663
f 2455//672 2451//672 2442//672
f 2455//675 2442//675 2456//675
f 2457//661 2453//661 2454//661
f 2458//665 2459//665 2450//665
f 2458//675 2450//675 2449//675
f 2460//673 2457//673 2454//673
f 2461//665 2447//665 2446//665
f 2461//662 2462//662 2447//662
f 2463//660 2456//660 2464//660
f 2463//662 2455//662 2456//662
f 2465//673 2457//673 2460//673
f 2466//661 2465//661 2460//661
f 1270//687 1271//687 2467//687
f 2468//665 2464//665 2469//665
f 2468//665 2463//665 2464//665
f 2470//661 2465//661 2466//661
f 2471//665 2472//665 2459//665
f 2471//665 2459//665 2458//665
f 2473//672 2470//672 2466//672
f 2474//663 2468//663 2469//663
f 2474//665 2469//665 2475//665
f 2476//720 2470//720 2473//720
f 2477//663 2468//663 2474//663
f 2478//662 2462//662 2461//662
f 2478//665 2479//665 2462//665
f 2480//662 2481//662 2472//662
f 2480//665 2472//665 2471//665
f 2482//671 2474//671 2483//671
f 2482//666 2477//666 2474//666
f 1266//663 2476//663 2484//663
f 1266//663 1270//663 2470//663
f 1266//663 2470//663 2476//663
f 2485//663 2475//663 2486//663
f 2487//665 1266//665 2484//665
f 2488//661 2489//661 2481//661
f 2488//661 2481//661 2480//661
f 2490//663 2483//663 2491//663
f 2490//671 2482//671 2483//671
f 2492//663 2485//663 2486//663
f 2492//660 2493//660 2494//660
f 2492//665 2486//665 2493//665
f 2495//665 2479//665 2478//665
f 2495//663 2496//663 2479//663
f 2497//663 2489//663 2488//663
f 2497//660 2498//660 2489//660
f 2499//661 2490//661 2491//661
f 2499//665 2491//665 2500//665
f 1259//665 1266//665 2487//665
f 1259//694 2501//694 2502//694
f 1259//694 2487//694 2501//694
f 2503//687 2492//687 2494//687
f 2503//661 2494//661 2504//661
f 2505//666 2498//666 2497//666
f 2505//666 2506//666 2498//666
f 2507//660 2499//660 2500//660
f 2507//665 2500//665 2508//665
f 2509//665 2503//665 2504//665
f 2509//665 2504//665 2510//665
f 1123//661 2496//661 2495//661
f 1123//663 2511//663 2512//663
f 1123//665 2512//665 2496//665
f 2513//663 2514//663 2506//663
f 2513//665 2506//665 2505//665
f 2515//661 2510//661 2516//661
f 2515//661 2509//661 2510//661
f 2517//663 2508//663 2518//663
f 2517//663 2507//663 2508//663
f 2519//663 2514//663 2513//663
f 2520//665 2516//665 2521//665
f 2520//665 2515//665 2516//665
f 1252//665 1254//665 2522//665
f 2523//665 1252//665 2522//665
f 2524//660 2518//660 2525//660
f 2524//665 2517//665 2518//665
f 1132//665 2526//665 2511//665
f 1132//663 2527//663 2526//663
f 1132//692 2528//692 2527//692
f 1132//665 2529//665 2528//665
f 1132//663 2511//663 1123//663
f 2530//665 2520//665 2521//665
f 2530//661 2531//661 2532//661
f 2530//665 2521//665 2531//665
f 2533//666 2534//666 2535//666
f 2536//692 2535//692 2537//692
f 2536//666 2533//666 2535//666
f 2538//694 2534//694 2533//694
f 2539//695 2537//695 2540//695
f 2539//721 2536//721 2537//721
f 1249//687 1252//687 2523//687
f 2541//722 2542//722 2534//722
f 2541//665 2543//665 2542//665
f 2541//662 2534//662 2538//662
f 2544//665 2545//665 2546//665
f 2544//694 2547//694 2545//694
f 2548//692 2540//692 2549//692
f 2548//687 2539//687 2540//687
f 2550//663 2530//663 2532//663
f 2550//663 2532//663 2551//663
f 2552//672 2524//672 2525//672
f 2552//662 2525//662 2553//662
f 2554//663 2543//663 2541//663
f 2554//663 2555//663 2543//663
f 2556//666 2549//666 2557//666
f 2556//673 2548//673 2549//673
f 2558//671 2559//671 2547//671
f 2558//660 2547//660 2544//660
f 2560//665 2555//665 2554//665
f 2561//687 2557//687 2562//687
f 2561//692 2556//692 2557//692
f 2563//717 2559//717 2558//717
f 2563//668 2564//668 2559//668
f 2565//687 1249//687 2523//687
f 2566//660 2551//660 2567//660
f 2566//666 2550//666 2551//666
f 2568//661 2562//661 2569//661
f 2568//661 2561//661 2562//661
f 2570//723 2564//723 2563//723
f 2570//687 2571//687 2564//687
f 1133//666 2529//666 1132//666
f 1133//665 2544//665 2546//665
f 1133//684 2572//684 2529//684
f 1133//665 2546//665 2572//665
f 2573//680 2553//680 2574//680
f 2573//680 2552//680 2553//680
f 2575//669 2568//669 2569//669
f 2575//669 2569//669 2576//669
f 2577//721 2578//721 2571//721
f 2577//721 2571//721 2570//721
f 2579//660 2566//660 2567//660
f 2580//662 2575//662 2576//662
f 2580//724 2576//724 2581//724
f 2582//678 2578//678 2577//678
f 2582//695 2583//695 2578//695
f 2584//665 2585//665 2586//665
f 2587//671 2580//671 2581//671
f 2587//723 2581//723 2588//723
f 2589//662 2583//662 2582//662
f 2589//694 2590//694 2583//694
f 2591//695 2587//695 2588//695
f 2591//661 2588//661 2592//661
f 2593//672 2590//672 2589//672
f 2593//684 2594//684 2590//684
f 2595//725 2591//725 2592//725
f 2595//666 2592//666 2596//666
f 2597//672 2596//672 2594//672
f 2597//724 2594//724 2593//724
f 2597//673 2595//673 2596//673
f 2598//662 2579//662 2567//662
f 2598//665 2567//665 2599//665
f 2600//665 2601//665 2585//665
f 2600//665 2585//665 2584//665
f 2602//662 2573//662 2574//662
f 2602//663 2574//663 2603//663
f 1245//665 1249//665 2565//665
f 2604//663 2605//663 2606//663
f 2607//700 2608//700 2601//700
f 2607//692 2601//692 2600//692
f 2609//662 2599//662 2605//662
f 2609//660 2598//660 2599//660
f 2609//663 2605//663 2604//663
f 2610//666 2606//666 2611//666
f 2612//666 2613//666 2608//666
f 2612//666 2608//666 2607//666
f 2614//663 2611//663 2615//663
f 2614//663 2610//663 2611//663
f 2616//666 2613//666 2612//666
f 2616//663 2617//663 2613//663
f 2618//694 2602//694 2603//694
f 2618//679 2603//679 2619//679
f 2620//663 2617//663 2616//663
f 2620//675 2621//675 2617//675
f 2620//694 2615//694 2621//694
f 2620//666 2614//666 2615//666
f 2622//661 1245//661 2565//661
f 2623//666 2609//666 2604//666
f 1137//665 2544//665 1133//665
f 2624//675 2623//675 2604//675
f 2624//726 2604//726 2625//726
f 2626//666 2618//666 2619//666
f 2626//673 2619//673 2627//673
f 1241//663 1245//663 2622//663
f 2628//723 2624//723 2625//723
f 2628//662 2625//662 2629//662
f 2630//666 2626//666 2627//666
f 2630//663 2627//663 2631//663
f 2632//663 1241//663 2622//663
f 1140//661 2633//661 2634//661
f 1140//661 2634//661 1137//661
f 2635//665 2629//665 2636//665
f 2635//662 2628//662 2629//662
f 2637//679 2630//679 2631//679
f 2637//687 2631//687 2638//687
f 2639//665 2635//665 2636//665
f 2639//661 2636//661 2640//661
f 2641//677 2637//677 2638//677
f 2641//692 2638//692 2642//692
f 1240//663 1241//663 2632//663
f 2643//663 1240//663 2632//663
f 2644//684 2641//684 2642//684
f 2644//666 2642//666 2645//666
f 1144//662 2646//662 2633//662
f 1144//662 2633//662 1140//662
f 2647//672 2639//672 2640//672
f 2647//666 2640//666 2648//666
f 2649//661 2644//661 2645//661
f 2649//661 2645//661 2650//661
f 1236//663 1240//663 2643//663
f 2651//663 2647//663 2648//663
f 2651//671 2648//671 2652//671
f 2653//665 1236//665 2643//665
f 2654//666 2649//666 2650//666
f 2654//684 2650//684 2655//684
f 1151//665 2656//665 2646//665
f 1151//661 2646//661 1144//661
f 2657//700 2654//700 2655//700
f 2657//692 2655//692 2658//692
f 2659//692 2651//692 2652//692
f 2659//666 2652//666 2660//666
f 1230//665 1236//665 2653//665
f 2661//665 1230//665 2653//665
f 2662//691 2658//691 2663//691
f 2662//700 2657//700 2658//700
f 2664//665 2660//665 2665//665
f 2664//694 2659//694 2660//694
f 1155//665 2656//665 1151//665
f 1155//661 2666//661 2656//661
f 2667//675 2662//675 2663//675
f 2667//662 2663//662 2668//662
f 2669//694 2665//694 2670//694
f 2669//665 2664//665 2665//665
f 2671//673 2667//673 2668//673
f 2671//727 2672//727 2673//727
f 2671//728 2668//728 2672//728
f 2674//685 2670//685 2675//685
f 2674//663 2669//663 2670//663
f 1227//665 1230//665 2661//665
f 2676//698 2675//698 2677//698
f 2676//666 2674//724 2675//666
f 1159//662 2666//662 1155//662
f 1159//665 2678//665 2666//665
f 2679//680 2677//680 2680//680
f 2679//705 2676//705 2677//705
f 1223//729 2671//729 2673//729
f 1223//663 2673//663 2681//663
f 2682//660 2680//660 2683//660
f 2682//665 2679//665 2680//665
f 2684//695 2683//695 2685//695
f 2684//661 2682//661 2683//661
f 1163//665 2686//665 2678//665
f 1163//665 2678//665 1159//665
f 2687//675 2685//675 2688//675
f 2687//687 2684//687 2685//687
f 1219//666 1223//666 2681//666
f 1219//661 2689//661 2690//661
f 1219//660 2691//660 2689//660
f 1219//665 2692//665 2691//665
f 1219//669 2681//669 2692//669
f 2693//663 2688//663 2694//663
f 2693//665 2687//665 2688//665
f 2695//702 2694//702 2696//702
f 2695//667 2693//667 2694//667
f 1167//673 2697//673 2686//673
f 1167//663 2686//663 1163//663
f 2698//694 2696//694 2699//694
f 2698//728 2695//728 2696//728
f 2700//663 2699//663 2701//663
f 2700//694 2698//694 2699//694
f 1215//663 1219//663 2690//663
f 1215//665 2702//665 2703//665
f 1215//660 2690//660 2702//660
f 2704//692 2701//692 2705//692
f 2704//663 2700//663 2701//663
f 2706//666 2704//666 2705//666
f 2706//663 2707//663 2708//663
f 2706//672 2705//672 2707//672
f 1171//663 2709//663 2697//663
f 1171//673 2697//673 1167//673
f 1171//663 2710//663 2709//663
f 1171//662 2711//662 2710//662
f 1211//665 1215//665 2703//665
f 1211//663 2703//663 2712//663
f 1175//661 2711//661 1171//661
f 1175//672 2713//672 2711//672
f 1175//660 2714//660 2713//660
f 1175//666 2715//666 2714//666
f 1207//663 1211//663 2712//663
f 1207//665 2712//665 2716//665
f 1179//663 2706//663 2708//663
f 1179//666 2715//666 1175//666
f 1179//697 2717//697 2715//697
f 1179//660 2708//660 2717//660
f 1203//665 1207//665 2716//665
f 1203//663 2718//663 2719//663
f 1203//663 2716//663 2718//663
f 1199//664 1203//664 2719//664
f 1199//665 2719//665 2720//665
f 1187//665 2721//665 1183//665
f 1187//663 2722//663 2721//663
f 1195//666 1199//666 2720//666
f 1195//666 2720//666 2723//666
f 1191//661 1195//661 2723//661
f 1191//660 2722//660 1187//660
f 1191//661 2723//661 2722//661
f 2109//662 2119//662 2112//662
f 1776//665 1767//665 1693//665
f 2055//665 2015//665 2033//665
f 2273//663 2282//663 1310//663
f 2247//663 2273//663 1313//663
f 2610//663 2604//663 2606//663
f 2634//661 2544//661 1137//661
f 2184//661 2152//661 1714//661
f 2184//660 1714//660 1715//660
f 2404//661 2422//661 2411//661
f 2661//665 2671//665 1227//665
f 1227//695 2671//695 1223//695
f 2330//688 2315//688 2319//688
f 1828//661 1890//661 1374//661
f 1828//661 1374//661 1377//661
f 1837//665 1825//665 1840//665
f 1956//692 1964//692 1963//692
f 1727//665 1729//665 1682//665
f 2255//665 2269//665 2262//665
f 1989//663 1971//663 1704//663
f 2519//660 2534//660 2514//660
f 2514//675 2534//675 2542//675
f 2374//665 2335//665 2348//665
f 1932//665 1903//665 1923//665
f 2080//675 2099//675 1344//675
f 2189//665 2164//665 2172//665
f 2467//661 2470//661 1270//661
f 2440//660 2467//660 1271//660
f 2485//665 2474//665 2475//665
f 2721//663 2706//663 1179//663
f 2721//688 1179//688 1183//688
f 5//730 1//730 2724//730
f 31//731 2724//731 2725//731
f 31//732 5//732 2724//732
f 29//733 2725//733 2726//733
f 29//734 31//734 2725//734
f 2727//735 2726//735 1732//735
f 2727//736 29//736 2726//736
f 2728//737 1732//737 1735//737
f 2728//738 2727//738 1732//738
f 30//739 1735//739 1737//739
f 30//740 2728//740 1735//740
f 2729//741 1737//741 1739//741
f 2729//742 30//742 1737//742
f 34//743 1739//743 2730//743
f 34//744 2729//744 1739//744
f 36//745 2730//745 2731//745
f 36//746 34//746 2730//746
f 2732//747 2731//747 2733//747
f 2732//748 36//748 2731//748
f 42//749 2733//749 1753//749
f 42//750 2732//750 2733//750
f 2734//751 1753//751 2735//751
f 2734//752 42//752 1753//752
f 52//753 2735//753 2736//753
f 52//754 2734//754 2735//754
f 2737//755 2736//755 1764//755
f 2737//756 52//756 2736//756
f 61//757 2737//757 1764//757
f 61//758 1764//758 1768//758
f 66//759 61//759 1768//759
f 66//760 1768//760 1773//760
f 2738//761 66//761 1773//761
f 2738//762 1773//762 2739//762
f 2740//763 2738//763 2739//763
f 2740//764 2739//764 1782//764
f 2741//765 2740//765 1782//765
f 2741//766 1782//766 2742//766
f 88//767 2741//767 2742//767
f 1722//768 1510//768 2299//768
f 660//768 656//768 1510//768
f 656//768 2299//768 1510//768
f 492//769 2743//769 2184//769
f 535//770 2184//770 2190//770
f 535//769 492//769 2184//769
f 2744//771 2190//771 2745//771
f 2744//770 535//770 2190//770
f 2746//772 2745//772 2235//772
f 2746//771 2744//771 2745//771
f 583//773 2235//773 2257//773
f 583//774 2746//774 2235//774
f 2747//775 2257//775 2277//775
f 2747//773 583//773 2257//773
f 628//776 2277//776 2748//776
f 628//777 2747//777 2277//777
f 645//778 2748//778 2299//778
f 645//779 628//779 2748//779
f 2749//780 645//780 2299//780
f 2750//781 2751//781 2152//781
f 2152//782 2751//782 2752//782
f 2752//783 2753//783 2754//783
f 2751//783 2753//783 2752//783
f 2754//784 2755//784 2756//784
f 2753//785 2755//785 2754//785
f 2756//786 2757//786 2170//786
f 2170//787 2757//787 2758//787
f 2755//786 2757//786 2756//786
f 2757//788 2759//788 2758//788
f 2758//789 2760//789 2761//789
f 2759//790 2760//790 2758//790
f 2761//791 2762//791 2763//791
f 2760//792 2762//792 2761//792
f 2763//793 2764//793 2765//793
f 2765//794 2764//794 2766//794
f 2762//795 2764//795 2763//795
f 2766//796 2767//796 2768//796
f 2764//794 2767//794 2766//794
f 2767//796 2769//796 2768//796
f 2768//797 2770//797 2207//797
f 2769//797 2770//797 2768//797
f 2207//798 559//798 2771//798
f 2770//799 559//799 2207//799
f 2771//800 2772//800 2773//800
f 559//800 2772//800 2771//800
f 2773//801 571//801 2774//801
f 2772//801 571//801 2773//801
f 2775//802 651//802 2296//802
f 2775//803 2296//803 2291//803
f 2776//804 2291//804 2286//804
f 2776//805 2286//805 2281//805
f 2776//804 2775//804 2291//804
f 634//805 2776//805 2281//805
f 626//806 2281//806 2777//806
f 626//806 634//806 2281//806
f 620//807 2777//807 2267//807
f 620//808 2267//808 2260//808
f 620//807 626//807 2777//807
f 2778//809 620//809 2260//809
f 2779//810 2260//810 2780//810
f 2779//810 2778//810 2260//810
f 595//811 2780//811 2244//811
f 595//812 2779//812 2780//812
f 587//813 2244//813 2238//813
f 587//813 595//813 2244//813
f 578//814 2238//814 2781//814
f 578//814 587//814 2238//814
f 571//815 2781//815 2782//815
f 571//815 578//815 2781//815
f 651//816 662//816 2296//816
f 2296//817 662//817 2304//817
f 2304//818 662//818 2310//818
f 662//819 669//819 2310//819
f 2310//820 679//820 2320//820
f 2320//821 679//821 2332//821
f 669//820 679//820 2310//820
f 679//821 691//821 2332//821
f 2332//822 707//822 2783//822
f 691//823 707//823 2332//823
f 2783//824 722//824 2361//824
f 2361//825 722//825 2382//825
f 707//826 722//826 2783//826
f 722//827 740//827 2382//827
f 2382//828 767//828 2404//828
f 740//828 767//828 2382//828
f 2404//829 2784//829 2422//829
f 767//829 2784//829 2404//829
f 2785//830 2786//830 2422//830
f 2422//830 2786//830 2419//830
f 2419//831 2786//831 2787//831
f 2787//832 2788//832 2789//832
f 2786//831 2788//831 2787//831
f 2788//833 2790//833 2789//833
f 2789//834 2791//834 2792//834
f 2790//835 2791//835 2789//835
f 2792//836 2793//836 2794//836
f 2791//836 2793//836 2792//836
f 2794//837 2795//837 2796//837
f 2796//838 2795//838 2797//838
f 2793//839 2795//839 2794//839
f 2795//840 2798//840 2797//840
f 2799//841 674//841 2313//841
f 2799//842 2313//842 2312//842
f 684//843 2312//843 2318//843
f 684//843 2799//843 2312//843
f 2800//844 2318//844 2326//844
f 2800//844 684//844 2318//844
f 686//845 2326//845 2327//845
f 686//845 2800//845 2326//845
f 696//846 2327//846 2336//846
f 696//846 686//846 2327//846
f 697//847 2336//847 2337//847
f 697//848 696//848 2336//848
f 2801//849 2337//849 2802//849
f 2801//849 697//849 2337//849
f 705//850 2802//850 2344//850
f 705//851 2801//851 2802//851
f 713//852 2344//852 2351//852
f 713//853 705//853 2344//853
f 2803//854 2351//854 2354//854
f 2803//854 713//854 2351//854
f 720//855 2354//855 2359//855
f 720//855 2803//855 2354//855
f 725//856 2359//856 2363//856
f 725//857 720//857 2359//857
f 729//858 2363//858 2366//858
f 729//858 725//858 2363//858
f 732//859 729//859 2366//859
f 732//860 2366//860 2370//860
f 2804//861 732//861 2370//861
f 2804//862 2370//862 2805//862
f 2804//863 2805//863 2380//863
f 739//864 2804//864 2380//864
f 2806//865 739//865 2380//865
f 2806//865 2380//865 2385//865
f 2807//866 2806//866 2385//866
f 2807//867 2385//867 2387//867
f 2808//868 2807//868 2387//868
f 2808//868 2387//868 2809//868
f 2313//869 1514//869 2314//869
f 2313//869 674//869 1514//869
f 2810//870 2811//870 1517//870
f 2811//871 2812//871 1519//871
f 2812//872 2813//872 1521//872
f 2813//873 2814//873 1524//873
f 2814//874 2815//874 1526//874
f 2815//875 2816//875 1532//875
f 2816//876 2817//876 1534//876
f 2817//877 2818//877 1537//877
f 2818//878 2819//878 1540//878
f 2819//879 2820//879 1542//879
f 2820//880 2821//880 1124//880
f 2821//881 2822//881 1124//881
f 1125//882 897//882 1129//882
f 882//883 897//883 1125//883
f 1129//884 950//884 1134//884
f 897//885 950//885 1129//885
f 1134//886 1010//886 1138//886
f 950//887 1010//887 1134//887
f 1138//888 1009//888 1142//888
f 1010//889 1009//889 1138//889
f 1142//890 1023//890 1145//890
f 1009//891 1023//891 1142//891
f 1023//892 1033//892 1145//892
f 1145//893 1049//893 1148//893
f 1033//894 1049//894 1145//894
f 1148//895 1059//895 1152//895
f 1049//896 1059//896 1148//896
f 1152//897 1070//897 1156//897
f 1059//898 1070//898 1152//898
f 1156//899 1084//899 1160//899
f 1070//900 1084//900 1156//900
f 1160//901 1093//901 1164//901
f 1084//902 1093//902 1160//902
f 1164//903 1101//903 1168//903
f 1093//904 1101//904 1164//904
f 1168//905 1107//905 1172//905
f 1101//906 1107//906 1168//906
f 1172//907 1111//907 1176//907
f 1107//908 1111//908 1172//908
f 1111//909 1114//909 1176//909
f 1176//910 1114//910 1180//910
f 1114//911 1121//911 1180//911
f 1180//912 1121//912 1184//912
f 1121//913 1119//913 1184//913
f 1184//914 1119//914 1188//914
f 1188//915 1117//915 1192//915
f 1119//916 1117//916 1188//916
f 1117//917 1112//917 1192//917
f 1192//918 1112//918 1196//918
f 1196//919 1109//919 1200//919
f 1112//920 1109//920 1196//920
f 1200//921 1105//921 1204//921
f 1109//922 1105//922 1200//922
f 1204//923 1097//923 1208//923
f 1105//924 1097//924 1204//924
f 1208//925 1080//925 1212//925
f 1097//926 1080//926 1208//926
f 1212//927 1067//927 1216//927
f 1080//928 1067//928 1212//928
f 1216//929 1058//929 1220//929
f 1067//930 1058//930 1216//930
f 1220//931 1043//931 1224//931
f 1224//932 1043//932 1228//932
f 1058//933 1043//933 1220//933
f 1043//934 1031//934 1228//934
f 1228//935 1031//935 1231//935
f 1231//936 1017//936 1233//936
f 1031//937 1017//937 1231//937
f 1233//938 1003//938 1237//938
f 1017//939 1003//939 1233//939
f 1237//940 983//940 1242//940
f 1003//941 983//941 1237//941
f 1242//942 925//942 1246//942
f 983//943 925//943 1242//943
f 1246//944 928//944 1250//944
f 925//945 928//945 1246//945
f 1254//946 1250//946 2522//946
f 928//946 927//946 1250//946
f 927//946 2522//946 1250//946
f 1051//947 2671//947 2823//947
f 1044//948 2823//948 2653//948
f 1044//949 1051//949 2823//949
f 1032//950 2653//950 2643//950
f 1032//948 1044//948 2653//948
f 1018//951 2643//951 2824//951
f 1018//950 1032//950 2643//950
f 2825//952 2824//952 2622//952
f 2825//951 1018//951 2824//951
f 2826//953 2622//953 2565//953
f 2826//954 2825//954 2622//954
f 936//955 2565//955 2827//955
f 936//953 2826//953 2565//953
f 926//956 2827//956 2522//956
f 926//957 936//957 2827//957
f 2828//958 926//958 2522//958
f 2829//959 2830//959 2831//959
f 2831//959 2830//959 2832//959
f 2832//960 2833//960 2834//960
f 2830//960 2833//960 2832//960
f 2834//961 2835//961 2836//961
f 2833//962 2835//962 2834//962
f 2836//963 2837//963 2838//963
f 2838//964 2837//964 2839//964
f 2835//965 2837//965 2836//965
f 2837//966 1025//966 2839//966
f 2839//967 2840//967 2841//967
f 1025//968 2840//968 2839//968
f 2841//969 2842//969 2843//969
f 2840//970 2842//970 2841//970
f 2843//971 2844//971 2845//972
f 2845//973 2844//973 2630//973
f 2842//974 2844//974 2843//974
f 2630//975 1001//975 2846//975
f 2844//976 1001//976 2630//976
f 1001//975 2847//975 2846//975
f 2846//977 2848//977 2849//977
f 2847//977 2848//977 2846//977
f 2849//978 2850//978 2851//978
f 2848//979 2850//979 2849//979
f 2851//980 2852//980 2853//980
f 2850//981 2852//981 2851//981
f 2853//982 2854//982 2855//982
f 2852//982 2854//982 2853//982
f 823//983 816//983 2451//983
f 823//984 2451//984 2455//984
f 831//985 2455//985 2463//985
f 831//986 2463//986 2468//986
f 831//987 823//987 2455//987
f 834//988 831//988 2468//988
f 844//989 2468//989 2477//989
f 844//990 834//990 2468//990
f 848//991 2477//991 2482//991
f 848//992 2482//992 2856//992
f 848//993 844//993 2477//993
f 857//994 848//994 2856//994
f 865//995 2856//995 2499//995
f 865//995 857//995 2856//995
f 876//996 2499//996 2857//996
f 876//996 865//996 2499//996
f 2858//997 2857//997 2517//997
f 2858//997 876//997 2857//997
f 2859//998 2517//998 2860//998
f 2859//998 2858//998 2517//998
f 919//999 2860//999 2552//999
f 919//1000 2859//1000 2860//1000
f 816//1001 804//1001 2451//1001
f 2451//1002 804//1002 2861//1002
f 2861//1003 804//1003 2427//1003
f 804//1004 791//1004 2427//1004
f 2427//1005 777//1005 2414//1005
f 2414//1006 777//1006 2395//1006
f 791//1007 777//1007 2427//1007
f 777//1006 759//1006 2395//1006
f 2395//1008 734//1008 2372//1008
f 759//1009 734//1009 2395//1009
f 2372//1010 2862//1010 2355//1010
f 2355//1011 2862//1011 2339//1011
f 734//1012 2862//1012 2372//1012
f 2862//1011 2863//1011 2339//1011
f 2339//1013 693//1013 2864//1013
f 2863//1013 693//1013 2339//1013
f 2864//1014 675//1014 2315//1014
f 693//1015 675//1015 2864//1015
f 675//1016 682//1016 2315//1016
f 2315//1017 682//1017 2322//1017
f 2322//1018 682//1018 2865//1018
f 2865//1019 689//1019 2338//1019
f 682//1020 689//1020 2865//1020
f 689//1019 699//1019 2338//1019
f 2338//1021 709//1021 2866//1021
f 699//1021 709//1021 2338//1021
f 2866//1022 718//1022 2357//1022
f 709//1023 718//1023 2866//1023
f 2357//1024 730//1024 2368//1024
f 2368//1025 730//1025 2383//1025
f 718//1024 730//1024 2357//1024
f 730//1026 742//1026 2383//1026
f 2867//1027 873//1027 2502//1027
f 2867//1028 2502//1028 2868//1028
f 852//1029 2868//1029 2487//1029
f 852//1030 2867//1030 2868//1030
f 853//1031 2487//1031 2869//1031
f 853//1032 852//1032 2487//1032
f 2870//1033 2869//1033 2476//1033
f 2870//1033 853//1033 2869//1033
f 2871//1034 2476//1034 2473//1034
f 2871//1035 2870//1035 2476//1035
f 833//1036 2473//1036 2872//1036
f 833//1037 2871//1037 2473//1037
f 830//1038 2872//1038 2873//1038
f 830//1039 833//1039 2872//1039
f 822//1040 2873//1040 2874//1040
f 822//1041 830//1041 2873//1041
f 2875//1042 2874//1042 2452//1042
f 2875//1043 822//1043 2874//1043
f 813//1044 2452//1044 2445//1044
f 813//1044 2875//1044 2452//1044
f 807//1045 2445//1045 2876//1045
f 807//1045 813//1045 2445//1045
f 2877//1046 2876//1046 2878//1046
f 2877//1047 807//1047 2876//1047
f 2879//1048 2878//1048 2431//1048
f 2879//1048 2877//1048 2878//1048
f 2880//1049 2879//1049 2431//1049
f 2880//1049 2431//1049 2423//1049
f 780//1050 2880//1050 2423//1050
f 780//1050 2423//1050 2416//1050
f 772//1051 780//1051 2416//1051
f 772//1052 2416//1052 2410//1052
f 764//1053 772//1053 2410//1053
f 764//1054 2410//1054 2881//1054
f 2882//1055 764//1055 2881//1056
f 2882//1057 2881//1057 2883//1057
f 742//1058 2882//1058 2883//1058
f 742//1059 2883//1059 2383//1059
f 2502//880 1255//880 1259//880
f 873//880 871//880 1255//880
f 2502//880 873//880 1255//880
f 1255//1060 871//1060 1258//1060
f 1258//1061 851//1061 1261//1061
f 871//1062 851//1062 1258//1062
f 1261//1063 840//1063 1263//1063
f 851//1064 840//1064 1261//1064
f 1263//1065 819//1065 1267//1065
f 840//1066 819//1066 1263//1066
f 1267//1067 801//1067 1272//1067
f 819//1068 801//1068 1267//1068
f 1272//1069 783//1069 1276//1069
f 801//1070 783//1070 1272//1070
f 1276//1071 753//1071 1280//1071
f 783//1072 753//1072 1276//1072
f 1280//1073 721//1073 1284//1073
f 753//1074 721//1074 1280//1074
f 1284//1075 698//1075 1288//1075
f 721//1076 698//1076 1284//1076
f 1288//1077 678//1077 1292//1077
f 698//1078 678//1078 1288//1078
f 1292//1079 664//1079 1294//1079
f 678//1080 664//1080 1292//1080
f 1294//1081 653//1081 1298//1081
f 664//1082 653//1082 1294//1082
f 1298//1083 643//1083 1301//1083
f 653//1084 643//1084 1298//1084
f 1301//1085 630//1085 1305//1085
f 643//1086 630//1086 1301//1086
f 630//1087 614//1087 1305//1087
f 1563//1088 1390//1088 1751//1088
f 1390//1089 1749//1089 1751//1089
f 45//1090 44//1090 1390//1090
f 1390//1091 44//1091 1749//1091
f 135//1092 195//1092 1890//1092
f 135//1092 1890//1092 1828//1092
f 135//1093 1828//1093 2884//1093
f 118//1094 2884//1094 1803//1094
f 118//1093 135//1093 2884//1093
f 106//1095 1803//1095 1793//1095
f 106//1094 118//1094 1803//1094
f 94//1096 1793//1096 1781//1096
f 94//1095 106//1095 1793//1095
f 80//1097 1781//1097 1771//1097
f 80//1096 94//1096 1781//1096
f 2885//1098 1771//1098 1761//1098
f 2885//1099 80//1099 1771//1099
f 57//1100 1761//1100 2886//1100
f 57//1101 2885//1101 1761//1101
f 2887//1100 57//1100 2886//1100
f 195//1102 2888//1102 1890//1102
f 1890//1103 2888//1103 2889//1103
f 2889//1104 2890//1104 1875//1104
f 2888//1104 2890//1104 2889//1104
f 1875//1105 2891//1105 1871//1105
f 2890//1106 2891//1106 1875//1106
f 1871//1107 167//1107 1867//1107
f 1867//1108 167//1108 2892//1108
f 2891//1109 167//1109 1871//1109
f 167//1110 2893//1110 2892//1110
f 2892//1111 156//1111 1854//1111
f 2893//1112 156//1112 2892//1112
f 1854//1113 152//1113 1849//1113
f 156//1114 152//1114 1854//1114
f 1849//1115 151//1115 1850//1115
f 1850//1116 151//1116 1852//1116
f 152//1117 151//1117 1849//1117
f 1852//1118 154//1118 1856//1118
f 151//1119 154//1119 1852//1119
f 154//1118 158//1118 1856//1118
f 1856//1120 2894//1120 1863//1120
f 158//1121 2894//1121 1856//1121
f 1863//1122 169//1122 1869//1122
f 2894//1122 169//1122 1863//1122
f 1869//1123 175//1123 1873//1123
f 169//1124 175//1124 1869//1124
f 1873//1125 183//1125 1879//1125
f 175//1126 183//1126 1873//1126
f 217//1127 199//1127 1883//1127
f 217//1128 1883//1128 1897//1128
f 218//1129 1897//1129 2895//1129
f 218//1130 2895//1130 1905//1130
f 218//1131 217//1131 1897//1131
f 209//1132 218//1132 1905//1132
f 2896//1133 1905//1133 1904//1133
f 2896//1134 209//1134 1905//1134
f 211//1135 1904//1135 1906//1135
f 211//1136 1906//1136 1908//1136
f 211//1137 2896//1137 1904//1137
f 213//1138 211//1138 1908//1138
f 204//1139 1908//1139 1902//1139
f 204//1140 213//1140 1908//1140
f 202//1141 1902//1141 1900//1141
f 202//1142 204//1142 1902//1142
f 197//1143 1900//1143 1892//1143
f 197//1144 202//1144 1900//1144
f 189//1145 1892//1145 2897//1145
f 189//1145 197//1145 1892//1145
f 183//1146 2897//1146 1879//1146
f 183//1126 189//1126 2897//1126
f 199//1147 185//1147 1883//1147
f 1883//1147 185//1147 1865//1147
f 1865//1148 185//1148 1845//1148
f 185//1148 2898//1148 1845//1148
f 1845//1149 160//1149 2899//1149
f 2899//1150 160//1150 2900//1150
f 2898//1149 160//1149 1845//1149
f 160//1151 2901//1151 2900//1151
f 2900//1152 2902//1152 2903//1152
f 2901//1153 2902//1153 2900//1153
f 2903//1154 142//1154 1833//1154
f 1833//1155 142//1155 1836//1155
f 2902//1156 142//1156 2903//1156
f 142//1155 145//1155 1836//1155
f 1836//1157 149//1157 1837//1157
f 145//1157 149//1157 1836//1157
f 1837//1158 132//1158 1825//1158
f 149//1158 132//1158 1837//1158
f 2904//1159 2905//1159 2906//1159
f 2906//1160 2905//1160 2907//1160
f 2907//1161 2905//1161 1816//1161
f 1816//1162 2908//1162 2909//1162
f 2905//1163 2908//1163 1816//1163
f 2908//1164 2910//1164 2909//1164
f 2909//1165 2911//1165 2912//1165
f 2910//1166 2911//1166 2909//1166
f 2912//1167 2913//1167 2914//1167
f 2911//1168 2913//1168 2912//1168
f 2914//1169 2915//1169 2916//1169
f 2916//1170 2915//1170 1788//1170
f 2913//1171 2915//1171 2914//1171
f 2915//1170 2917//1170 1788//1170
f 191//1172 207//1172 2918//1172
f 191//1173 2918//1173 1859//1173
f 177//1174 1859//1174 2919//1174
f 177//1175 2919//1175 2920//1175
f 177//1176 191//1176 1859//1176
f 133//1175 177//1175 2920//1175
f 134//1177 2920//1177 2921//1177
f 134//1177 133//1177 2920//1177
f 128//1178 2921//1178 1822//1178
f 128//1179 1822//1179 2922//1179
f 128//1180 134//1180 2921//1180
f 122//1181 128//1181 2922//1181
f 116//1182 2922//1182 1812//1182
f 116//1183 122//1183 2922//1183
f 2923//1184 1812//1184 2924//1184
f 2923//1185 116//1185 1812//1185
f 103//1186 2924//1186 1800//1186
f 103//1187 2923//1187 2924//1187
f 2925//1188 1800//1188 2926//1188
f 2925//1189 103//1189 1800//1189
f 89//1190 2926//1190 2927//1190
f 89//1190 2925//1190 2926//1190
f 207//1191 206//1191 2918//1191
f 2918//1191 206//1191 2928//1191
f 2928//1192 206//1192 1914//1192
f 206//1193 225//1193 1914//1193
f 1914//1194 232//1194 2929//1194
f 2929//1195 232//1195 1921//1195
f 225//1196 232//1196 1914//1196
f 232//1195 240//1195 1921//1195
f 1921//1197 248//1197 1929//1197
f 240//1198 248//1198 1921//1198
f 1929//1199 259//1199 1939//1199
f 1939//1200 259//1200 1947//1200
f 248//1201 259//1201 1929//1201
f 259//1202 269//1202 1947//1202
f 1947//1203 2930//1203 1956//1203
f 269//1204 2930//1204 1947//1204
f 1956//1205 283//1205 2931//1205
f 2930//1206 283//1206 1956//1206
f 2932//1207 2933//1207 2934//1207
f 2934//1208 2933//1208 2935//1208
f 2935//1209 2936//1209 2937//1209
f 2933//1210 2936//1210 2935//1210
f 2937//1211 2938//1211 2939//1211
f 2936//1212 2938//1212 2937//1212
f 2939//1213 2940//1213 2941//1213
f 2941//1214 2940//1214 1748//1214
f 2938//1215 2940//1215 2939//1215
f 2940//1216 43//1216 1748//1216
f 1748//1217 2942//1217 1754//1217
f 43//1217 2942//1217 1748//1217
f 1754//1218 2943//1218 2944//1218
f 2942//1219 2943//1219 1754//1219
f 2944//1220 2945//1220 1760//1220
f 1760//1221 2945//1221 1765//1221
f 2943//1220 2945//1220 2944//1220
f 1765//1222 2946//1222 2947//1222
f 2945//1223 2946//1223 1765//1223
f 2946//1222 2948//1222 2947//1222
f 2947//1224 2949//1224 2950//1224
f 2948//1224 2949//1224 2947//1224
f 2950//1225 2951//1225 1778//1225
f 2949//1226 2951//1226 2950//1226
f 1778//1227 2952//1227 2953//1227
f 2951//1228 2952//1228 1778//1228
f 2953//1229 2954//1229 2927//1229
f 2952//1230 2954//1230 2953//1230
f 2955//1231 2956//1231 2957//1231
f 2957//1232 2956//1232 2958//1232
f 2958//1233 2956//1233 2959//1233
f 2959//1234 2960//1234 2961//1234
f 2956//1233 2960//1233 2959//1233
f 2960//1234 2962//1234 2961//1234
f 2961//1235 2963//1235 2964//1235
f 2962//1236 2963//1236 2961//1236
f 2964//1237 2965//1237 2966//1237
f 2963//1238 2965//1238 2964//1238
f 2966//1239 2967//1239 2968//1239
f 2968//1240 2967//1240 2969//1240
f 2965//1241 2967//1241 2966//1241
f 2967//1242 2970//1242 2969//1242
f 16//1243 2971//1243 1729//1243
f 16//1243 1729//1243 2972//1243
f 12//1244 2972//1244 2973//1244
f 12//1244 16//1244 2972//1244
f 7//1245 2973//1245 2974//1245
f 7//1246 12//1246 2973//1246
f 2975//1247 2974//1247 1724//1247
f 2975//1248 7//1248 2974//1248
f 14//1249 1724//1249 1726//1249
f 14//1250 1726//1250 2976//1250
f 14//1251 2975//1251 1724//1251
f 18//1252 2976//1252 2977//1252
f 18//1253 14//1253 2976//1253
f 22//1254 18//1254 2977//1254
f 24//1255 2977//1255 2978//1255
f 24//1255 22//1255 2977//1255
f 38//1256 2978//1256 2979//1256
f 38//1257 24//1257 2978//1257
f 41//1258 38//1258 2979//1258
f 41//1259 2979//1259 1746//1259
f 47//1260 1746//1260 2980//1260
f 47//1261 41//1261 1746//1261
f 51//1262 2980//1262 1755//1262
f 51//1263 47//1263 2980//1263
f 54//1264 1755//1264 1758//1264
f 54//1265 1758//1265 1763//1265
f 54//1264 51//1264 1755//1264
f 59//1266 54//1266 1763//1266
f 63//1267 1763//1267 1766//1267
f 63//1268 59//1268 1763//1268
f 2981//1269 1766//1269 1770//1269
f 2981//1270 63//1270 1766//1270
f 2982//1271 1770//1271 2983//1271
f 2982//1272 2983//1272 1779//1272
f 2982//1273 2981//1273 1770//1273
f 78//1274 2982//1274 1779//1274
f 2984//1275 1779//1275 1784//1275
f 2984//1276 78//1276 1779//1276
f 86//1277 1784//1277 2985//1277
f 86//1277 2984//1277 1784//1277
f 92//1278 2985//1278 1791//1278
f 92//1279 86//1279 2985//1279
f 2986//1280 92//1280 1791//1280
f 2986//1280 1791//1280 1796//1280
f 2986//1281 1796//1281 1801//1281
f 2987//1282 2986//1282 1801//1282
f 107//1283 2987//1283 1801//1283
f 107//1284 1801//1284 2988//1284
f 107//1285 2988//1285 1809//1285
f 113//1286 107//1286 1809//1286
f 119//1287 1809//1287 1814//1287
f 119//1288 113//1288 1809//1288
f 125//1289 1814//1289 1819//1289
f 125//1290 119//1290 1814//1290
f 2989//1291 1819//1291 1823//1291
f 2989//1292 125//1292 1819//1292
f 136//1293 1823//1293 1829//1293
f 136//1294 1829//1294 2990//1294
f 136//1295 2989//1295 1823//1295
f 139//1296 136//1296 2990//1296
f 180//1000 2990//1000 2991//1000
f 180//1000 139//1000 2990//1000
f 2992//1297 2993//1297 2994//1297
f 2992//1297 2994//1297 1995//1297
f 328//1298 1995//1298 2995//1298
f 328//1299 2995//1299 2996//1299
f 328//1298 2992//1298 1995//1298
f 329//1299 328//1299 2996//1299
f 2997//1300 2996//1300 2017//1300
f 2997//1300 329//1300 2996//1300
f 343//1301 2017//1301 2016//1301
f 343//1302 2016//1302 2998//1302
f 343//1301 2997//1301 2017//1301
f 350//1302 343//1302 2998//1302
f 353//1303 2998//1303 2027//1303
f 353//1304 350//1304 2998//1304
f 358//1305 2027//1305 2999//1305
f 358//1306 353//1306 2027//1306
f 367//1307 2999//1307 2039//1307
f 367//1308 358//1308 2999//1308
f 3000//1309 2039//1309 2041//1309
f 3000//1310 367//1310 2039//1310
f 374//1311 2041//1311 2046//1311
f 374//1312 3000//1312 2041//1312
f 2993//1313 298//1313 2994//1313
f 2994//1313 298//1313 1984//1313
f 1984//1314 298//1314 3001//1314
f 298//1314 3002//1314 3001//1314
f 3001//1315 280//1315 1967//1315
f 1967//1316 280//1316 1958//1316
f 3002//1315 280//1315 3001//1315
f 280//1316 271//1316 1958//1316
f 1958//1317 262//1317 1949//1317
f 271//1317 262//1317 1958//1317
f 1949//1318 3003//1318 1941//1318
f 1941//1319 3003//1319 1931//1319
f 262//1318 3003//1318 1949//1318
f 3003//1320 3004//1320 1931//1320
f 1931//1321 3005//1321 1932//1321
f 3004//1321 3005//1321 1931//1321
f 1932//1322 3006//1322 1903//1322
f 3005//1322 3006//1322 1932//1322
f 3007//1323 3008//1323 3009//1323
f 3009//1323 3008//1323 3010//1323
f 3010//1324 3011//1324 3012//1324
f 3008//1325 3011//1325 3010//1325
f 3012//1326 3013//1326 3014//1326
f 3011//1326 3013//1326 3012//1326
f 3014//1327 3015//1327 3016//1327
f 3016//1328 3015//1328 3017//1328
f 3013//1327 3015//1327 3014//1327
f 3015//1329 3018//1329 3017//1329
f 3017//1330 3019//1330 3020//1330
f 3018//1331 3019//1331 3017//1331
f 3020//1332 3021//1332 3022//1332
f 3019//1332 3021//1332 3020//1332
f 3022//1333 3023//1333 3024//1333
f 3024//1334 3023//1334 3025//1334
f 3021//1333 3023//1333 3022//1333
f 3025//1335 3026//1335 3027//1335
f 3023//1336 3026//1336 3025//1336
f 3026//1335 3028//1335 3027//1335
f 3027//1337 3029//1337 3030//1337
f 3028//1338 3029//1338 3027//1338
f 3030//1339 3031//1339 3032//1339
f 3029//1340 3031//1340 3030//1340
f 3032//1341 3033//1341 3034//1341
f 3031//1342 3033//1342 3032//1342
f 3034//1343 3035//1343 3036//1343
f 3033//1344 3035//1344 3034//1344
f 3006//1345 214//1345 1903//1345
f 1903//1345 214//1345 3037//1345
f 3037//1346 214//1346 1907//1346
f 1907//1347 212//1347 1901//1347
f 214//1348 212//1348 1907//1348
f 212//1349 3038//1349 1901//1349
f 1901//1350 201//1350 3039//1350
f 3038//1351 201//1351 1901//1351
f 3039//1352 196//1352 1891//1352
f 201//1353 196//1353 3039//1353
f 1891//1354 188//1354 1886//1354
f 1886//1355 188//1355 1878//1355
f 196//1354 188//1354 1891//1354
f 188//1356 3040//1356 1878//1356
f 3041//1357 3042//1357 2099//1357
f 3041//1357 2099//1357 3043//1357
f 3044//1358 3043//1358 2050//1358
f 3044//1358 3041//1358 3043//1358
f 354//1359 2050//1359 2028//1359
f 354//1360 3044//1360 2050//1360
f 330//1361 2028//1361 2008//1361
f 330//1361 354//1361 2028//1361
f 3045//1362 2008//1362 1992//1362
f 3045//1363 1992//1363 1980//1363
f 3045//1362 330//1362 2008//1362
f 3046//1364 1980//1364 1968//1364
f 3046//1363 3045//1363 1980//1363
f 3047//1364 3046//1364 1968//1364
f 3048//1365 1968//1365 1953//1365
f 3048//1365 3047//1365 1968//1365
f 3049//1366 1953//1366 3050//1366
f 3049//1366 3048//1366 1953//1366
f 3051//1367 3049//1367 3050//1367
f 3051//1367 3050//1367 1935//1367
f 238//1368 1935//1368 3052//1368
f 238//1368 3051//1368 1935//1368
f 236//1369 3052//1369 1926//1369
f 236//1369 238//1369 3052//1369
f 228//1370 1926//1370 3053//1370
f 228//1371 3053//1371 3054//1371
f 228//1372 236//1372 1926//1372
f 226//1371 228//1371 3054//1371
f 221//1373 3054//1373 1915//1373
f 221//1373 226//1373 3054//1373
f 215//1374 1915//1374 1910//1374
f 215//1375 221//1375 1915//1375
f 3055//1376 1910//1376 1895//1376
f 3055//1377 1895//1377 1889//1377
f 3055//1378 215//1378 1910//1378
f 194//1377 3055//1377 1889//1377
f 3056//1379 1889//1379 1884//1379
f 3056//1379 194//1379 1889//1379
f 3057//1380 1884//1380 1874//1380
f 3057//1381 3056//1381 1884//1381
f 170//1382 1874//1382 1870//1382
f 170//1383 3057//1383 1874//1383
f 166//1384 170//1384 1870//1384
f 166//1385 1870//1385 3058//1385
f 166//1386 3058//1386 1860//1386
f 161//1387 166//1387 1860//1387
f 155//1388 161//1388 1860//1388
f 155//1388 1860//1388 1853//1388
f 155//1389 1853//1389 1848//1389
f 3059//1390 155//1390 1848//1390
f 3060//1391 1848//1391 1851//1391
f 3060//1392 3059//1392 1848//1392
f 157//1393 1851//1393 1855//1393
f 157//1394 3060//1394 1851//1394
f 163//1395 1855//1395 1862//1395
f 163//1396 157//1396 1855//1396
f 3061//1397 1862//1397 1868//1397
f 3061//1398 1868//1398 1872//1398
f 3061//1399 163//1399 1862//1399
f 3062//1400 3061//1400 1872//1400
f 3040//1401 1872//1401 1878//1401
f 3040//1402 3062//1402 1872//1402
f 658//1403 652//1403 2294//1403
f 658//1404 2294//1404 2300//1404
f 663//1405 2300//1405 3063//1405
f 663//1406 3063//1406 3064//1406
f 663//1407 658//1407 2300//1407
f 668//1408 663//1408 3064//1408
f 3065//1409 3064//1409 2316//1409
f 3065//1409 668//1409 3064//1409
f 680//1410 2316//1410 3066//1410
f 680//1411 3066//1411 3067//1411
f 680//1410 3065//1410 2316//1410
f 687//1411 680//1411 3067//1411
f 694//1412 3067//1412 2334//1412
f 694//1412 687//1412 3067//1412
f 706//1413 2334//1413 3068//1413
f 706//1413 694//1413 2334//1413
f 717//1414 3068//1414 3069//1414
f 717//1415 706//1415 3068//1415
f 727//1416 3069//1416 2364//1416
f 727//1416 717//1416 3069//1416
f 3070//1417 2364//1417 2378//1417
f 3070//1418 727//1418 2364//1418
f 652//1419 642//1419 2294//1419
f 2294//1420 642//1420 2287//1420
f 2287//1421 642//1421 2278//1421
f 642//1422 3071//1422 2278//1422
f 2278//1423 617//1423 2265//1423
f 2265//1424 617//1424 2250//1424
f 3071//1423 617//1423 2278//1423
f 617//1424 600//1424 2250//1424
f 2250//1425 3072//1425 2231//1425
f 600//1426 3072//1426 2250//1426
f 2231//1427 561//1427 3073//1427
f 3072//1428 561//1428 2231//1428
f 3073//1429 3074//1429 2196//1429
f 2196//1430 3074//1430 2189//1430
f 561//1429 3074//1429 3073//1429
f 3074//1431 531//1431 2189//1431
f 2189//1432 3075//1432 3076//1432
f 531//1432 3075//1432 2189//1432
f 3077//1433 832//1433 2470//1433
f 2470//1434 832//1434 2465//1434
f 2465//1435 3078//1435 3079//1435
f 832//1436 3078//1436 2465//1436
f 3079//1437 820//1437 2453//1437
f 3078//1438 820//1438 3079//1438
f 2453//1439 814//1439 2448//1439
f 2448//1440 814//1440 3080//1440
f 820//1439 814//1439 2453//1439
f 814//1441 3081//1441 3080//1441
f 3080//1442 803//1442 2438//1442
f 3081//1443 803//1443 3080//1443
f 2438//1444 3082//1444 3083//1444
f 803//1444 3082//1444 2438//1444
f 3083//1445 790//1445 3084//1445
f 3084//1446 790//1446 2420//1446
f 3082//1445 790//1445 3083//1445
f 2420//1447 786//1447 2415//1447
f 790//1446 786//1446 2420//1446
f 786//1448 3085//1448 2415//1448
f 2415//1449 771//1449 2408//1449
f 3085//1450 771//1450 2415//1450
f 2408//1451 3086//1451 2398//1451
f 771//1451 3086//1451 2408//1451
f 2398//1452 3087//1452 3088//1452
f 3086//1453 3087//1453 2398//1453
f 3088//1454 3070//1454 2378//1454
f 3087//1455 3070//1455 3088//1455
f 3089//1456 3090//1456 3091//1456
f 3091//1457 3090//1457 3092//1457
f 3092//1458 3090//1458 2178//1458
f 2178//1459 520//1459 3093//1459
f 3090//1458 520//1458 2178//1458
f 520//1460 3094//1460 3093//1460
f 3093//1461 3095//1461 3096//1461
f 3094//1462 3095//1462 3093//1462
f 3096//1463 3097//1463 3098//1463
f 3095//1464 3097//1464 3096//1464
f 3098//1465 3099//1465 3100//1465
f 3100//1466 3099//1466 3101//1466
f 3097//1465 3099//1465 3098//1465
f 3099//1466 3102//1466 3101//1466
f 3103//1467 3077//1467 2470//1467
f 3103//1467 2470//1467 2467//1467
f 806//1468 2467//1468 3104//1468
f 806//1468 3103//1468 2467//1468
f 789//1469 3104//1469 3105//1469
f 789//1469 806//1469 3104//1469
f 3106//1470 3105//1470 3107//1470
f 3106//1470 789//1470 3105//1470
f 733//1471 3107//1471 2371//1471
f 733//1472 2371//1472 3108//1472
f 733//1471 3106//1471 3107//1471
f 711//1473 3108//1473 3109//1473
f 711//1474 733//1474 3108//1474
f 3110//1475 711//1475 3109//1475
f 3111//1476 3109//1476 3112//1476
f 3111//1477 3110//1477 3109//1477
f 665//1478 3112//1478 2308//1478
f 665//1478 3111//1478 3112//1478
f 666//1479 665//1479 2308//1479
f 666//1480 2308//1480 2303//1480
f 659//1481 2303//1481 3113//1481
f 659//1482 666//1482 2303//1482
f 3114//1483 3113//1483 2298//1483
f 3114//1484 659//1484 3113//1484
f 3115//1485 2298//1485 2297//1485
f 3115//1486 2297//1486 3116//1486
f 3115//1487 3114//1487 2298//1487
f 649//1488 3115//1488 3116//1488
f 3117//1489 3116//1489 2289//1489
f 3117//1490 649//1490 3116//1490
f 640//1491 2289//1491 2285//1491
f 640//1491 3117//1491 2289//1491
f 638//1492 2285//1492 2283//1492
f 638//1493 2283//1493 2280//1493
f 638//1494 640//1494 2285//1494
f 633//1495 638//1495 2280//1495
f 627//1496 2280//1496 2275//1496
f 627//1496 633//1496 2280//1496
f 623//1497 2275//1497 3118//1497
f 623//1498 627//1498 2275//1498
f 618//1499 3118//1499 3119//1499
f 618//1500 623//1500 3118//1500
f 3120//1501 618//1501 3119//1501
f 3120//1502 3119//1502 3121//1502
f 3120//1503 3121//1503 3122//1503
f 607//1504 3120//1504 3122//1504
f 601//1505 607//1505 3122//1505
f 601//1505 3122//1505 2251//1505
f 601//1506 2251//1506 3123//1506
f 596//1507 601//1507 3123//1507
f 591//1508 3123//1508 2241//1508
f 591//1508 596//1508 3123//1508
f 584//1509 2241//1509 3124//1509
f 584//1509 591//1509 2241//1509
f 3125//1510 3124//1510 2232//1510
f 3125//1510 584//1510 3124//1510
f 575//1511 2232//1511 3126//1511
f 575//1512 3126//1512 2221//1512
f 575//1511 3125//1511 2232//1511
f 3127//1512 575//1512 2221//1512
f 563//815 2221//815 3128//815
f 563//815 3127//815 2221//815
f 475//1480 3129//1480 2140//1480
f 475//1480 2140//1480 3130//1480
f 468//1513 3130//1513 3131//1513
f 468//1484 3131//1484 2124//1484
f 468//1514 475//1514 3130//1514
f 3132//1484 468//1484 2124//1484
f 456//1515 2124//1515 2120//1515
f 456//1516 3132//1516 2124//1516
f 449//1517 2120//1517 3133//1517
f 449//1518 3133//1518 2108//1518
f 449//1517 456//1517 2120//1517
f 442//1519 449//1519 2108//1519
f 432//1520 2108//1520 2100//1520
f 432//1520 442//1520 2108//1520
f 421//1521 2100//1521 2089//1521
f 421//1521 432//1521 2100//1521
f 3134//1522 2089//1522 3135//1522
f 3134//1523 421//1523 2089//1523
f 398//1524 3135//1524 2069//1524
f 398//1524 3134//1524 3135//1524
f 3136//1525 2069//1525 2053//1525
f 3136//1526 398//1526 2069//1526
f 3129//1527 3137//1527 2140//1527
f 2140//1528 3137//1528 3138//1528
f 3138//1529 3137//1529 2156//1529
f 3137//1530 3139//1530 2156//1530
f 2156//1531 512//1531 2169//1531
f 2169//1532 512//1532 3140//1532
f 3139//1533 512//1533 2156//1533
f 512//1534 527//1534 3140//1534
f 3140//1535 3141//1535 3142//1535
f 527//1536 3141//1536 3140//1536
f 3142//1537 3143//1537 2220//1537
f 2220//1538 3143//1538 2239//1538
f 3141//1539 3143//1539 3142//1539
f 3143//1538 589//1538 2239//1538
f 2239//1540 606//1540 2255//1540
f 589//1541 606//1541 2239//1541
f 2255//1542 3144//1542 2269//1542
f 606//1542 3144//1542 2255//1542
f 291//1543 3145//1543 1971//1543
f 1971//1544 3145//1544 3146//1544
f 3146//1545 303//1545 1982//1546
f 3145//1547 303//1547 3146//1547
f 1982//1548 305//1548 1988//1548
f 303//1549 305//1549 1982//1549
f 1988//1550 312//1550 3147//1550
f 3147//1551 312//1551 3148//1551
f 305//1552 312//1552 1988//1552
f 312//1553 3149//1553 3148//1553
f 3148//1554 323//1554 2000//1554
f 3149//1555 323//1555 3148//1555
f 2000//1556 326//1556 2002//1556
f 323//1557 326//1557 2000//1557
f 2002//1558 3150//1558 2010//1558
f 2010//1559 3150//1559 3151//1559
f 326//1560 3150//1560 2002//1560
f 3151//1561 340//1561 2024//1561
f 3150//1562 340//1562 3151//1562
f 340//1563 351//1563 2024//1563
f 2024//1564 356//1564 2030//1564
f 351//1565 356//1565 2024//1565
f 2030//1566 3152//1566 3153//1566
f 356//1567 3152//1567 2030//1567
f 3153//1568 3154//1568 2044//1568
f 3152//1568 3154//1568 3153//1568
f 2044//1526 3136//1526 2053//1526
f 3154//1569 3136//1569 2044//1569
f 622//1570 3155//1570 2269//1570
f 2269//1571 3155//1571 3156//1571
f 3156//1572 3155//1572 2254//1572
f 2254//1573 3157//1573 3158//1573
f 3155//1572 3157//1572 2254//1572
f 3157//1574 3159//1574 3158//1574
f 3158//1575 590//1575 3160//1575
f 3159//1576 590//1576 3158//1576
f 3160//1577 582//1577 3161//1577
f 590//1578 582//1578 3160//1578
f 3161//1579 573//1579 3162//1579
f 3162//1580 573//1580 2219//1580
f 582//1579 573//1579 3161//1579
f 573//1580 3163//1580 2219//1580
f 3164//1581 291//1581 1971//1581
f 3164//1582 1971//1582 3165//1582
f 321//1583 3165//1583 1998//1583
f 321//1583 3164//1583 3165//1583
f 337//1584 1998//1584 3166//1584
f 337//1584 321//1584 1998//1584
f 3167//1585 3166//1585 2034//1585
f 3167//1586 337//1586 3166//1586
f 3168//1587 2034//1587 2062//1587
f 3168//1588 2062//1588 2085//1588
f 3168//1587 3167//1587 2034//1587
f 415//1589 2085//1589 3169//1589
f 415//1590 3168//1590 2085//1590
f 435//1589 415//1589 3169//1589
f 3170//1591 3169//1591 2118//1591
f 3170//1592 435//1592 3169//1592
f 3171//1593 2118//1593 2128//1593
f 3171//1593 3170//1593 2118//1593
f 470//1403 3171//1403 2128//1403
f 470//1594 2128//1594 2132//1594
f 472//1407 2132//1407 3172//1407
f 472//1407 470//1407 2132//1407
f 477//1595 3172//1595 2137//1595
f 477//1596 472//1597 3172//1596
f 3173//1598 2137//1598 3174//1598
f 3173//1599 3174//1599 3175//1599
f 3173//1600 477//1600 2137//1600
f 482//1599 3173//1599 3175//1599
f 3176//1601 3175//1601 2149//1601
f 3176//1602 482//1602 3175//1602
f 3177//1603 2149//1603 3178//1603
f 3177//1604 3176//1604 2149//1604
f 494//1605 3178//1605 2153//1605
f 494//1606 2153//1606 3179//1606
f 494//1607 3177//1607 3178//1607
f 496//1608 494//1608 3179//1608
f 501//1609 3179//1609 3180//1609
f 501//1610 496//1610 3179//1610
f 505//1611 3180//1611 3181//1611
f 505//1612 501//1612 3180//1612
f 511//1613 3181//1613 2168//1613
f 511//1614 505//1614 3181//1614
f 3182//1615 511//1615 2168//1615
f 3182//1616 2168//1616 3183//1616
f 3182//1617 3183//1617 2177//1617
f 3184//1617 3182//1617 2177//1617
f 3185//1618 3184//1618 2177//1618
f 3185//1619 2177//1619 3186//1619
f 3185//1620 3186//1620 2187//1620
f 532//1621 3185//1621 2187//1621
f 3187//1622 2187//1622 2194//1622
f 3187//1623 532//1623 2187//1623
f 544//1624 2194//1624 2199//1624
f 544//1624 3187//1624 2194//1624
f 550//1625 2199//1625 3188//1625
f 550//1625 544//1625 2199//1625
f 555//1626 3188//1626 3189//1626
f 555//1627 3189//1627 3190//1627
f 555//1626 550//1626 3188//1626
f 560//1627 555//1627 3190//1627
f 567//1628 3190//1628 2219//1628
f 567//1629 560//1629 3190//1629
f 335//946 334//946 2006//946
f 2006//946 334//946 2007//946
f 2007//1630 334//1630 3191//1630
f 3191//1631 3192//1631 2020//1631
f 334//1630 3192//1630 3191//1630
f 2020//1632 3193//1632 2037//1632
f 3192//1631 3193//1631 2020//1631
f 2037//1633 3194//1633 2059//1633
f 3193//1632 3194//1632 2037//1632
f 2059//1634 3195//1634 3196//1634
f 3194//1633 3195//1633 2059//1633
f 3196//1635 407//1635 2094//1635
f 3195//1634 407//1634 3196//1634
f 2094//1636 426//1636 3197//1636
f 407//1637 426//1637 2094//1637
f 3197//1638 443//1638 2119//1638
f 426//1639 443//1639 3197//1639
f 443//1640 454//1640 2119//1640
f 454//1641 446//1641 2119//1641
f 2119//1641 446//1641 3198//1641
f 3198//1642 446//1642 2104//1642
f 2104//1643 438//1643 2097//1643
f 446//1642 438//1642 2104//1642
f 438//1644 429//1644 2097//1644
f 2097//1645 420//1645 3199//1645
f 429//1645 420//1645 2097//1645
f 3199//1646 406//1646 2076//1646
f 420//1647 406//1647 3199//1647
f 2076//1648 395//1648 3200//1648
f 3200//1649 395//1649 3201//1649
f 406//1650 395//1650 2076//1650
f 395//1651 375//1651 3201//1651
f 254//1652 249//1652 1936//1652
f 254//1652 1936//1652 1942//1652
f 260//985 1942//985 3202//985
f 260//985 254//985 1942//985
f 264//1653 3202//1653 1950//1653
f 264//1654 260//1654 3202//1654
f 272//1655 1950//1655 1954//1655
f 272//1656 1954//1656 1961//1656
f 272//1657 264//1657 1950//1657
f 276//1656 272//1656 1961//1656
f 3203//1658 1961//1658 1962//1658
f 3203//1659 276//1659 1961//1659
f 3204//1660 1962//1660 1969//1660
f 3204//1661 3203//1661 1962//1661
f 293//1662 1969//1662 1972//1662
f 293//1663 1972//1663 3205//1663
f 293//1664 3204//1664 1969//1664
f 295//1665 293//1665 3205//1665
f 302//1666 3205//1666 1981//1666
f 302//1667 295//1667 3205//1667
f 304//1668 1981//1668 1987//1668
f 304//1669 302//1669 1981//1669
f 311//1670 1987//1670 1990//1670
f 311//1671 304//1671 1987//1671
f 317//1672 311//1672 1990//1672
f 317//1673 1990//1673 1996//1673
f 317//1674 1996//1674 1999//1674
f 3206//1675 317//1675 1999//1675
f 325//1676 3206//1676 1999//1676
f 325//1677 1999//1677 3207//1677
f 325//1678 3207//1678 2009//1678
f 331//1679 325//1679 2009//1679
f 339//1680 2009//1680 2013//1680
f 339//1681 331//1681 2009//1681
f 3208//1682 2013//1682 2021//1682
f 3208//1683 339//1683 2013//1683
f 355//1684 2021//1684 3209//1684
f 355//1685 3208//1685 2021//1685
f 3210//1686 3209//1686 2035//1686
f 3210//1687 2035//1687 2042//1687
f 3210//1688 355//1688 3209//1688
f 370//1689 3210//1689 2042//1689
f 375//1417 2042//1417 3201//1417
f 375//1690 370//1690 2042//1690
f 74//1691 3211//1691 1767//1691
f 74//1691 1767//1691 3212//1691
f 90//1692 3212//1692 1790//1692
f 90//1693 74//1693 3212//1693
f 3213//1694 1790//1694 1798//1694
f 3213//1695 90//1695 1790//1695
f 112//1696 1798//1696 3214//1696
f 112//1697 3213//1697 1798//1697
f 3215//1698 3214//1698 3216//1698
f 3215//1699 3216//1699 1834//1699
f 3215//1698 112//1698 3214//1698
f 138//1700 1834//1700 3217//1700
f 138//1699 3215//1699 1834//1699
f 192//1700 138//1700 3217//1700
f 3218//1701 3217//1701 3219//1701
f 3218//1702 192//1702 3217//1702
f 249//1703 3219//1703 1936//1703
f 249//1704 3218//1704 3219//1704
f 3220//1705 3221//1705 3222//1705
f 3222//1706 3221//1706 3223//1706
f 3223//1707 3224//1707 3225//1707
f 3221//1708 3224//1708 3223//1708
f 3225//1709 3226//1709 3227//1709
f 3224//1710 3226//1710 3225//1710
f 3227//1711 3228//1711 3229//1711
f 3229//1712 3228//1712 3230//1712
f 3226//1713 3228//1713 3227//1713
f 3228//1714 3231//1714 3230//1714
f 3230//1715 3232//1715 3233//1715
f 3231//1716 3232//1716 3230//1716
f 3233//1717 3234//1717 3235//1717
f 3232//1718 3234//1718 3233//1718
f 3235//1719 3236//1719 3237//1719
f 3237//1720 3236//1720 3238//1720
f 3234//1721 3236//1721 3235//1721
f 3238//1722 3239//1722 3240//1722
f 3236//1723 3239//1723 3238//1723
f 3239//1724 3241//1724 3240//1724
f 3240//1725 3242//1725 3243//1725
f 3241//1726 3242//1726 3240//1726
f 3243//1727 3244//1727 3245//1727
f 3242//1728 3244//1728 3243//1728
f 3245//1729 3246//1729 3247//1729
f 3244//1729 3246//1729 3245//1729
f 3247//1730 3248//1730 3249//1730
f 3246//1731 3248//1732 3247//1731
f 301//1733 310//1733 1986//1733
f 301//1734 1986//1734 1979//1734
f 288//1735 1979//1735 1970//1735
f 288//1736 301//1736 1979//1736
f 3250//1737 1970//1737 1965//1737
f 3250//1738 288//1738 1970//1738
f 3251//1739 1965//1739 1960//1739
f 3251//1740 3250//1740 1965//1740
f 266//1741 1960//1741 1952//1741
f 266//1742 3251//1742 1960//1742
f 257//1743 1952//1743 1944//1743
f 257//1744 266//1744 1952//1744
f 245//1745 1944//1745 3252//1745
f 245//1746 257//1746 1944//1746
f 234//1747 3252//1747 1925//1747
f 234//1748 1925//1748 1912//1748
f 234//1747 245//1747 3252//1747
f 3253//1748 234//1748 1912//1748
f 181//1749 1912//1749 1877//1749
f 181//1750 3253//1750 1912//1750
f 1986//880 310//880 1985//880
f 310//880 309//880 1985//880
f 2006//1751 3254//1751 335//1751
f 3255//1752 335//1752 3254//1752
f 345//1753 333//1753 3255//1753
f 3256//1754 345//1754 3255//1754
f 3257//1755 3254//1755 2006//1755
f 3258//1756 363//1756 3256//1756
f 3259//1757 3257//1757 2006//1757
f 3259//1758 2006//1758 2011//1758
f 3260//1759 385//1759 3258//1759
f 3261//1760 3259//1760 2011//1760
f 3261//1761 2011//1761 2025//1761
f 3262//1762 405//1762 3260//1762
f 3263//1763 3261//1763 2025//1763
f 3263//1764 2025//1764 2043//1764
f 3264//1765 425//1765 3262//1765
f 3265//1766 3263//1766 2043//1766
f 3265//1767 2043//1767 2066//1767
f 3266//1768 441//1768 3264//1768
f 3267//1769 3265//1769 2066//1769
f 3267//1770 2066//1770 2084//1770
f 3268//1771 452//1771 3266//1771
f 3269//1772 3267//1772 2084//1772
f 3269//1773 2084//1773 2101//1773
f 3270//1774 464//1774 3268//1774
f 3271//1775 2101//1775 2112//1775
f 3271//1776 3269//1776 2101//1776
f 3272//1777 474//1777 3270//1777
f 3273//1778 3271//1778 2112//1778
f 3273//1779 2112//1779 2122//1779
f 3274//1780 483//1780 3272//1780
f 3275//1781 3273//1781 2122//1781
f 3275//1782 2122//1782 2130//1782
f 3276//1783 491//1783 3274//1783
f 3277//1784 2130//1784 2139//1784
f 3277//1785 3275//1785 2130//1785
f 3278//1786 508//1786 3276//1786
f 3279//1787 2139//1787 2143//1787
f 3279//1788 3277//1788 2139//1788
f 3280//1789 522//1789 3278//1789
f 3281//1790 2143//1790 2159//1790
f 3281//1791 3279//1791 2143//1791
f 3282//1792 545//1792 3280//1792
f 3283//1793 2159//1793 2173//1793
f 3283//1794 3281//1794 2159//1794
f 3284//1795 565//1795 3282//1795
f 3285//1796 2173//1796 2192//1796
f 3285//1797 3283//1797 2173//1797
f 3286//1798 585//1798 3284//1798
f 3287//1799 2192//1799 2209//1799
f 3287//1800 3285//1800 2192//1800
f 3288//1801 604//1801 3286//1801
f 3289//1802 2209//1802 2229//1802
f 3289//1803 3287//1803 2209//1803
f 3290//1804 635//1804 3288//1804
f 3291//1805 2229//1805 2245//1805
f 3291//1806 3289//1806 2229//1806
f 3292//1807 637//1807 3290//1807
f 3293//1808 2245//1808 2262//1808
f 3293//1809 3291//1809 2245//1809
f 3294//1810 648//1810 3292//1810
f 3295//1811 3293//1811 2262//1811
f 3295//1812 2262//1812 2276//1812
f 3296//1813 657//1813 3294//1813
f 3297//1814 2276//1814 2288//1814
f 3297//1815 3295//1815 2276//1815
f 3298//1816 667//1816 3296//1816
f 3299//1817 3297//1817 2288//1817
f 3299//1818 2288//1818 2295//1818
f 3300//1819 677//1819 3298//1819
f 3301//1820 2295//1820 2305//1820
f 3301//1821 3299//1821 2295//1821
f 3302//1822 688//1822 3300//1822
f 3303//1823 2305//1823 2311//1823
f 3303//1824 3301//1824 2305//1824
f 3304//1825 708//1825 3302//1825
f 3305//1826 2311//1826 2323//1826
f 3305//1827 3303//1827 2311//1827
f 3306//1828 723//1828 3304//1828
f 3307//1829 2323//1829 2333//1829
f 3307//1830 3305//1830 2323//1830
f 3308//1831 741//1831 3306//1831
f 3309//1832 2333//1832 2352//1832
f 3309//1833 3307//1833 2333//1833
f 3310//1834 768//1834 3308//1834
f 3311//1835 2352//1835 2367//1835
f 3311//1836 3309//1836 2352//1836
f 3312//1837 785//1837 3310//1837
f 3313//1838 2367//1838 2389//1838
f 3313//1839 3311//1839 2367//1839
f 3314//1840 798//1840 3312//1840
f 3315//1841 2389//1841 2411//1841
f 3315//1842 3313//1842 2389//1842
f 3316//1843 812//1843 3314//1843
f 3317//1844 3315//1844 2411//1844
f 3317//1845 2411//1845 2425//1845
f 3318//1846 829//1846 3316//1846
f 3319//1847 3317//1847 2425//1847
f 3319//1848 2425//1848 2437//1848
f 3320//1849 838//1849 3318//1849
f 3321//1850 2437//1850 2450//1850
f 3321//880 3319//880 2437//880
f 3322//1851 847//1851 3320//1851
f 3323//1852 2450//1852 2459//1852
f 3323//1853 3321//1853 2450//1853
f 3324//1854 855//1854 3322//1854
f 3325//1855 2459//1855 2472//1855
f 3325//1856 3323//1856 2459//1856
f 3326//1857 864//1857 3324//1857
f 3327//1858 2472//1858 2481//1858
f 3327//1859 3325//1859 2472//1859
f 3328//1860 875//1860 3326//1860
f 3329//1861 2481//1861 2489//1861
f 3329//1862 3327//1862 2481//1862
f 3330//1863 881//1863 3328//1863
f 3331//1864 2489//1864 2498//1864
f 3331//1865 3329//1865 2489//1865
f 3332//1866 890//1866 3330//1866
f 3333//1867 2498//1867 2506//1867
f 3333//1868 3331//1868 2498//1868
f 3334//1869 896//1869 3332//1869
f 3335//1870 2506//1870 2514//1870
f 3335//1871 3333//1871 2506//1871
f 3336//1872 2555//1872 922//1872
f 3336//1873 922//1873 3334//1873
f 3337//1874 2514//1874 2542//1874
f 3337//1875 2542//1875 2543//1875
f 3337//1874 3335//1874 2514//1874
f 3338//1876 957//1876 3336//1876
f 3339//1877 3337//1877 2543//1877
f 3339//1878 2543//1878 2555//1878
f 2586//1879 3336//1879 957//1879
f 3340//1880 958//1880 3338//1880
f 3341//1881 3339//1881 2555//1881
f 3341//1882 3336//1882 2586//1882
f 3341//1883 2555//1883 3336//1883
f 3342//1884 973//1884 3340//1884
f 3343//1885 3341//1885 2586//1885
f 3343//1886 2586//1886 2585//1886
f 3344//1887 979//1887 3342//1887
f 3345//1888 3343//1888 2585//1888
f 3345//1889 2585//1889 2601//1889
f 3346//1890 985//1890 3344//1890
f 3347//1891 3345//1891 2601//1891
f 3347//1892 2601//1892 2608//1892
f 3348//1893 989//1893 3346//1893
f 3349//1894 2613//1894 2617//1894
f 3349//1895 3347//1895 2608//1895
f 3349//1896 2608//1896 2613//1896
f 3350//1897 987//1897 3348//1897
f 3351//1898 2617//1898 2621//1898
f 3351//1899 3349//1899 2617//1899
f 3352//1900 982//1900 3350//1900
f 3353//1901 2621//1901 2615//1901
f 3353//1902 3351//1902 2621//1902
f 3354//1903 977//1903 3352//1903
f 3355//1904 2615//1904 2611//1904
f 3355//1905 2611//1905 2606//1905
f 3355//1906 3353//1906 2615//1906
f 3356//1907 2606//1907 2605//1907
f 3356//1908 3355//1908 2606//1908
f 3357//1909 918//1909 3358//1909
f 3359//1910 2605//1910 2599//1910
f 3359//1911 3356//1911 2605//1911
f 3360//1912 902//1912 3357//1912
f 3361//1913 2599//1913 2567//1913
f 3361//1914 3359//1914 2599//1914
f 3362//1915 892//1915 3360//1915
f 3363//1916 2567//1916 2551//1916
f 3363//1917 2551//1917 2532//1917
f 3363//1918 3361//1918 2567//1918
f 3364//1919 886//1919 3362//1919
f 3365//1920 2532//1920 2531//1920
f 3365//1921 3363//1921 2532//1921
f 3366//1922 879//1922 3364//1922
f 3367//1923 2531//1923 2521//1923
f 3367//1924 3365//1924 2531//1924
f 3368//1925 869//1925 3366//1925
f 3369//1926 2521//1926 2516//1926
f 3369//1927 2516//1927 2510//1927
f 3369//1928 3367//1928 2521//1928
f 3370//1929 860//1929 3368//1929
f 3371//1930 2510//1930 2504//1930
f 3371//1931 3369//1931 2510//1931
f 3372//1932 861//1932 3370//1932
f 3373//1933 2504//1933 2494//1933
f 3373//1934 3371//1934 2504//1934
f 3374//1935 835//1935 3372//1935
f 3375//1936 2494//1936 2493//1936
f 3375//1937 2493//1937 2486//1937
f 3375//1938 3373//1938 2494//1938
f 3376//1939 826//1939 3374//1939
f 3377//1940 2486//1940 2475//1940
f 3377//1941 3375//1941 2486//1941
f 3378//1942 817//1942 3376//1942
f 3379//1943 2475//1943 2469//1943
f 3379//1944 3377//1944 2475//1944
f 3380//1945 805//1945 3378//1945
f 3381//1946 3379//1946 2469//1946
f 3381//1947 2469//1947 3382//1947
f 3383//1948 792//1948 3380//1948
f 3384//1949 3381//1949 3382//1949
f 3384//1950 3382//1950 3385//1950
f 3386//1951 778//1951 3383//1951
f 3387//1952 3385//1952 3388//1952
f 3387//1953 3384//1953 3385//1953
f 3387//1954 3388//1954 3389//1954
f 3390//1955 751//1955 3386//1955
f 3391//1956 3387//1956 3389//1956
f 3391//1957 3389//1957 3392//1957
f 3393//1958 726//1958 3390//1958
f 3394//1959 3392//1959 3395//1959
f 3394//1960 3391//1960 3392//1960
f 3396//1961 710//1961 3393//1961
f 3397//1962 3395//1962 3398//1962
f 3397//1963 3394//1963 3395//1963
f 3399//1964 692//1964 3396//1964
f 3400//1965 3398//1965 3401//1965
f 3400//1966 3397//1966 3398//1966
f 3402//1967 681//1967 3399//1967
f 3403//1968 3401//1968 3404//1968
f 3403//1969 3400//1969 3401//1969
f 3405//1970 670//1970 3402//1970
f 3406//1971 3404//1971 3407//1971
f 3406//1972 3403//1972 3404//1972
f 3408//1973 661//1973 3405//1973
f 3409//1974 3407//1974 3410//1974
f 3409//1975 3406//1975 3407//1975
f 3411//1976 650//1976 3408//1976
f 3412//1977 3410//1977 3413//1977
f 3412//1978 3409//1978 3410//1978
f 3414//1979 639//1979 3411//1979
f 3415//1980 3412//1980 3413//1980
f 3415//1981 3413//1981 3416//1981
f 3417//1982 625//1982 3414//1982
f 3418//1983 3415//1983 3416//1983
f 3418//1984 3416//1984 3419//1984
f 3420//1985 611//1985 3417//1985
f 3421//1986 3418//1986 3419//1986
f 3421//1987 3419//1987 3422//1987
f 3423//1988 593//1988 3420//1988
f 3424//1989 3421//1989 3422//1989
f 3424//1990 3422//1990 3425//1990
f 3424//1991 3425//1991 3426//1991
f 3427//1992 572//1992 3423//1992
f 3428//1993 3426//1993 3429//1993
f 3428//1994 3424//1994 3426//1994
f 3430//1995 553//1995 3427//1995
f 3431//1996 3429//1996 3432//1996
f 3431//1997 3428//1997 3429//1997
f 3433//1998 530//1998 3430//1998
f 3434//1999 3432//1999 3435//1999
f 3434//2000 3435//2000 3436//2000
f 3434//2001 3431//2001 3432//2001
f 3437//2002 514//2002 3433//2002
f 3438//2003 3436//2003 3439//2003
f 3438//2004 3434//2004 3436//2004
f 3440//2005 498//2005 3437//2005
f 3441//2006 3439//2006 3442//2006
f 3441//2007 3438//2007 3439//2007
f 3443//2008 2147//2008 489//2008
f 3443//2009 489//2009 3440//2009
f 3444//2010 3442//2010 3445//2010
f 3444//2011 3445//2011 3446//2011
f 3444//2012 3441//2012 3442//2012
f 473//2013 2135//2013 3443//2013
f 3447//2014 473//2014 3443//2014
f 3448//2015 3446//2015 3449//2015
f 3448//2016 3449//2016 2145//2016
f 3448//2017 2145//2017 2147//2017
f 3448//2018 3444//2018 3446//2018
f 3450//2019 465//2019 3447//2019
f 3451//2020 3443//2020 2135//2020
f 3451//2021 3448//2021 2147//2021
f 3451//2022 2147//2022 3443//2022
f 3452//2023 458//2023 3450//2023
f 3453//2024 3451//2024 2135//2024
f 3453//2025 2135//2025 2125//2025
f 3454//2026 445//2026 3452//2026
f 3455//2027 3453//2027 2125//2027
f 3455//2028 2125//2028 2116//2028
f 3456//2029 433//2029 3454//2029
f 3457//2030 3455//2030 2116//2030
f 3457//2031 2116//2031 2105//2031
f 3458//2032 419//2032 3456//2032
f 3459//2033 3457//2033 2105//2033
f 3459//2034 2105//2034 2092//2034
f 3460//2035 401//2035 3458//2035
f 3461//2036 3459//2036 2092//2036
f 3461//2037 2092//2037 2074//2037
f 378//2038 401//2038 3460//2038
f 3462//2039 359//2039 3460//2039
f 3463//2040 3461//2040 2074//2040
f 3463//2041 2074//2041 2054//2041
f 3464//2042 344//2042 3462//2042
f 3465//2043 3463//2043 2054//2043
f 3465//2044 2054//2044 2033//2044
f 3466//2045 327//2045 3464//2045
f 3467//2046 3465//2046 2033//2046
f 3467//2047 2033//2047 2019//2047
f 3468//2048 319//2048 3466//2048
f 3469//2049 2019//2049 2003//2049
f 3469//2050 3467//2050 2019//2050
f 3470//2051 307//2051 3468//2051
f 3471//2052 3469//2052 2003//2052
f 3471//2053 2003//2053 1993//2053
f 3472//2054 297//2054 3470//2054
f 3473//946 3471//946 1993//946
f 3473//2055 1993//2055 1983//2055
f 3474//2056 289//2056 3472//2056
f 3475//2057 3473//2057 1983//2057
f 3475//2058 1983//2058 1974//2058
f 3476//2059 279//2059 3474//2059
f 3477//2060 3475//2060 1974//2060
f 3477//2061 1974//2061 1966//2061
f 3478//2062 270//2062 3476//2062
f 3479//2063 3477//2063 1966//2063
f 3479//2064 1966//2064 1957//2064
f 3480//2065 261//2065 3478//2065
f 3480//2066 252//2066 261//2066
f 3481//2067 3479//2067 1957//2067
f 3481//2068 1957//2068 1948//2068
f 3482//2069 241//2069 3480//2069
f 3483//2070 3481//2070 1948//2070
f 3483//2071 1948//2071 1940//2071
f 3484//2072 235//2072 3482//2072
f 3485//2073 3483//2073 1940//2073
f 3485//2074 1940//2074 1930//2074
f 3486//2075 227//2075 3484//2075
f 3487//2076 3485//2076 1930//2076
f 3487//2077 1930//2077 1923//2077
f 3488//2078 216//2078 3486//2078
f 3489//2079 1923//2079 1916//2079
f 3489//2080 3487//2080 1923//2080
f 3490//2081 198//2081 3488//2081
f 3491//2082 1916//2082 1896//2082
f 3491//2083 3489//2083 1916//2083
f 3492//2084 184//2084 3490//2084
f 3493//2085 1896//2085 1882//2085
f 3493//2086 3491//2086 1896//2086
f 3494//2087 172//2087 3492//2087
f 3495//2088 1882//2088 1864//2088
f 3495//2089 3493//2089 1882//2089
f 3496//2090 159//2090 3494//2090
f 3497//2091 1864//2091 1844//2091
f 3497//2092 3495//2092 1864//2092
f 3498//2093 146//2093 3496//2093
f 3499//2094 3498//2094 3496//2094
f 3500//2095 1844//2095 1841//2095
f 3500//2096 3497//2096 1844//2096
f 3501//2097 3502//2097 3499//2097
f 3503//2098 1841//2098 1838//2098
f 3503//2099 3500//2099 1841//2099
f 3504//2100 3505//2100 3501//2100
f 3506//2101 1838//2101 1831//2101
f 3506//2102 3503//2102 1838//2102
f 3507//2103 3508//2103 3504//2103
f 3509//2104 1831//2104 1835//2104
f 3509//2105 3506//2105 1831//2105
f 3510//2106 3508//2106 3507//2106
f 3511//2107 3512//2107 3507//2107
f 3513//2108 1835//2108 1840//2108
f 3513//2109 3509//2109 1835//2109
f 3514//2110 3515//2110 3511//2110
f 3516//2111 1840//2111 1843//2111
f 3516//2112 3513//2112 1840//2112
f 3517//2113 3515//2113 3514//2113
f 3518//2114 3517//2114 3514//2114
f 3519//2115 3518//2115 3514//2115
f 3520//2116 1843//2116 1857//2116
f 3520//2117 3516//2117 1843//2117
f 3521//2118 3522//2118 3519//2118
f 3523//2119 1857//2119 1880//2119
f 3523//2120 3520//2120 1857//2120
f 3524//2121 3525//2121 3521//2121
f 3526//2122 3523//2122 1880//2122
f 3526//2123 1880//2123 1893//2123
f 3527//2124 3528//2124 3524//2124
f 3529//2125 3526//2125 1893//2125
f 3529//2126 1893//2126 1913//2126
f 3530//2127 3531//2127 3527//2127
f 3532//2128 1913//2128 1919//2128
f 3532//2129 3529//2129 1913//2129
f 3533//2130 3531//2130 3530//2130
f 3534//2131 3533//2131 3530//2131
f 3535//2132 3534//2132 3530//2132
f 3536//2133 1919//2133 1928//2133
f 3536//2134 3532//2134 1919//2134
f 3537//2135 3538//2135 3535//2135
f 3539//2136 1928//2136 1938//2136
f 3539//2137 3536//2137 1928//2137
f 286//2138 277//2138 3537//2138
f 3540//2139 286//2139 3537//2139
f 3541//2140 1938//2140 1946//2140
f 3541//2141 3539//2141 1938//2141
f 3542//2142 292//2142 3540//2142
f 3543//2143 1946//2143 1955//2143
f 3543//2144 1955//2144 1963//2144
f 3543//2145 3541//2145 1946//2145
f 3544//2146 300//2146 3542//2146
f 3545//2147 1963//2147 1973//2147
f 3545//2144 3543//2144 1963//2144
f 3254//2148 1985//2148 309//2148
f 3254//2149 309//2149 3544//2149
f 3546//2150 1973//2150 1978//2150
f 3546//2151 3545//2151 1973//2151
f 3547//2152 1978//2152 1985//2152
f 3547//2153 3546//2153 1978//2153
f 3257//2154 1985//2154 3254//2154
f 3257//2155 3547//2155 1985//2155
f 489//2156 498//2156 3440//2156
f 498//2157 514//2157 3437//2157
f 514//2158 530//2158 3433//2158
f 530//2159 553//2159 3430//2159
f 553//2160 572//2160 3427//2160
f 572//2161 593//2161 3423//2161
f 593//2162 611//2162 3420//2162
f 611//2163 625//2163 3417//2163
f 625//2164 639//2164 3414//2164
f 639//2165 650//2165 3411//2165
f 650//2166 661//2166 3408//2166
f 661//2167 670//2167 3405//2167
f 670//2168 681//2168 3402//2168
f 681//2169 692//2169 3399//2169
f 692//2170 710//2170 3396//2170
f 710//2171 726//2171 3393//2171
f 726//2172 751//2172 3390//2172
f 751//2173 778//2173 3386//2173
f 778//2174 792//2174 3383//2174
f 792//2175 805//2175 3380//2175
f 805//2176 817//2176 3378//2176
f 817//2177 826//2177 3376//2177
f 826//2178 835//2178 3374//2178
f 835//2179 861//2179 3372//2179
f 861//2180 860//2180 3370//2180
f 860//2181 869//2181 3368//2181
f 869//2182 879//2182 3366//2182
f 879//2183 886//2183 3364//2183
f 886//2184 892//2184 3362//2184
f 892//2185 902//2185 3360//2185
f 902//2186 918//2186 3357//2186
f 918//2187 938//2187 3358//2187
f 938//2188 971//2188 3358//2188
f 3358//2189 971//2189 3354//2189
f 971//2190 977//2190 3354//2190
f 977//2191 982//2191 3352//2191
f 982//2192 987//2192 3350//2192
f 987//2193 989//2193 3348//2193
f 989//2194 985//2194 3346//2194
f 985//2195 979//2195 3344//2195
f 979//2196 973//2196 3342//2196
f 973//2197 958//2197 3340//2197
f 958//2198 957//2198 3338//2198
f 922//2199 896//2199 3334//2199
f 896//2200 890//2200 3332//2200
f 890//2201 881//2201 3330//2201
f 881//2202 875//2202 3328//2202
f 875//2203 864//2203 3326//2203
f 864//2204 855//2204 3324//2204
f 855//2205 847//2205 3322//2205
f 847//2206 838//2206 3320//2206
f 838//2207 829//2207 3318//2207
f 829//2208 812//2208 3316//2208
f 812//2209 798//2209 3314//2209
f 798//2210 785//2210 3312//2210
f 785//2211 768//2211 3310//2211
f 768//2212 741//2212 3308//2212
f 741//2213 723//2213 3306//2213
f 723//2214 708//2214 3304//2214
f 708//2215 688//2215 3302//2215
f 688//2216 677//2216 3300//2216
f 677//2217 667//2217 3298//2217
f 667//2218 657//2218 3296//2218
f 657//2219 648//2219 3294//2219
f 648//2220 637//2220 3292//2220
f 637//2221 635//2221 3290//2221
f 635//2222 604//2222 3288//2222
f 604//2223 585//2223 3286//2223
f 585//2224 565//2224 3284//2224
f 565//2225 545//2225 3282//2225
f 545//2226 522//2226 3280//2226
f 522//2227 508//2227 3278//2227
f 508//2228 491//2228 3276//2228
f 491//2229 483//2229 3274//2229
f 483//2230 474//2230 3272//2230
f 474//2231 464//2231 3270//2231
f 464//2232 452//2232 3268//2232
f 452//2233 441//2233 3266//2233
f 441//2234 425//2234 3264//2234
f 425//2235 405//2235 3262//2235
f 405//2236 385//2236 3260//2236
f 385//2237 363//2237 3258//2237
f 363//2238 345//2238 3256//2238
f 333//2239 335//2239 3255//2239
f 309//2240 300//2240 3544//2240
f 300//2241 292//2241 3542//2241
f 292//2242 286//2242 3540//2242
f 3522//2243 3518//2243 3519//2243
f 3525//2244 3522//2244 3521//2244
f 3528//2245 3525//2245 3524//2245
f 3531//2246 3528//2246 3527//2246
f 3538//2247 3534//2247 3535//2247
f 277//2248 3538//2248 3537//2248
f 3502//2249 3498//2249 3499//2249
f 3505//2250 3502//2250 3501//2250
f 3508//2251 3505//2251 3504//2251
f 3512//2252 3510//2252 3507//2252
f 3515//2253 3512//2253 3511//2253
f 146//2254 159//2254 3496//2254
f 159//2255 172//2255 3494//2255
f 172//2256 184//2256 3492//2256
f 184//2257 198//2257 3490//2257
f 198//2258 216//2258 3488//2258
f 216//2259 227//2259 3486//2259
f 227//2260 235//2260 3484//2260
f 235//2261 241//2261 3482//2261
f 241//2262 252//2262 3480//2262
f 261//2263 270//2263 3478//2263
f 270//2264 279//2264 3476//2264
f 279//2265 289//2265 3474//2265
f 289//2266 297//2266 3472//2266
f 297//2267 307//2267 3470//2267
f 307//2268 319//2268 3468//2268
f 319//2269 327//2269 3466//2269
f 327//2270 344//2270 3464//2270
f 344//2271 359//2271 3462//2271
f 359//2272 378//2272 3460//2272
f 401//2273 419//2273 3458//2273
f 419//2274 433//2274 3456//2274
f 433//2275 445//2275 3454//2275
f 445//2276 458//2276 3452//2276
f 458//2277 465//2277 3450//2277
f 465//2278 473//2278 3447//2278
f 141//2279 146//2279 3498//2279
f 141//2280 3498//2280 3502//2280
f 144//2281 3502//2281 3505//2281
f 144//2282 141//2282 3502//2282
f 148//2283 3505//2283 3508//2283
f 148//2284 144//2284 3505//2284
f 165//2285 3508//2285 3510//2285
f 165//2286 148//2286 3508//2286
f 176//2287 3510//2287 3512//2287
f 176//2288 165//2288 3510//2288
f 190//2289 3512//2289 3515//2289
f 190//2290 3515//2290 3517//2290
f 190//2291 176//2291 3512//2291
f 205//2292 3517//2292 3518//2292
f 205//2293 3518//2293 3522//2293
f 205//2294 190//2294 3517//2294
f 224//2295 3522//2295 3525//2295
f 224//2296 205//2296 3522//2296
f 231//2297 3525//2297 3528//2297
f 231//2298 224//2298 3525//2298
f 239//2299 3528//2299 3531//2299
f 239//2300 231//2300 3528//2300
f 247//2301 3531//2301 3533//2301
f 247//2302 239//2302 3531//2302
f 258//2303 247//2303 3533//2303
f 3534//2304 258//2304 3533//2304
f 268//2305 258//2305 3534//2305
f 3538//2306 268//2306 3534//2306
f 277//2307 268//2307 3538//2307
f 2135//2308 473//2308 2136//2308
f 473//768 471//768 2136//768
f 3548//2309 3549//2309 3550//2309
f 3550//2310 460//2310 3551//2310
f 3549//2309 460//2309 3550//2309
f 3551//2311 450//2311 2106//2311
f 460//2310 450//2310 3551//2310
f 2106//2312 436//2312 3552//2312
f 450//2311 436//2311 2106//2311
f 3552//2313 422//2313 2075//2313
f 436//2312 422//2312 3552//2312
f 2075//2314 3553//2314 2056//2314
f 422//2313 3553//2313 2075//2313
f 2056//2315 380//2315 2055//2315
f 3553//2314 380//2314 2056//2314
f 2055//2316 3554//2316 2015//2316
f 380//2315 3554//2315 2055//2315
f 3554//2316 3555//2316 2015//2316
f 3556//2317 3557//2317 3558//2317
f 3558//2317 3557//2317 3559//2317
f 3559//2318 3557//2318 3560//2318
f 3560//2319 3561//2319 3562//2319
f 3557//2320 3561//2320 3560//2320
f 3561//2319 3563//2319 3562//2319
f 3562//2321 3564//2321 3565//2321
f 3563//2322 3564//2322 3562//2322
f 3565//2323 3566//2323 3567//2323
f 3564//2323 3566//2323 3565//2323
f 3567//2324 3568//2324 3569//2324
f 3569//2325 3568//2325 3570//2325
f 3566//2326 3568//2326 3567//2326
f 3568//2327 3571//2327 3570//2327
f 463//2328 467//2328 2129//2328
f 463//2329 2129//2329 2127//2329
f 3572//2330 2127//2330 2123//2330
f 3572//2331 463//2331 2127//2331
f 3573//2332 2123//2332 2121//2332
f 3573//2333 3572//2333 2123//2333
f 451//2334 2121//2334 2115//2334
f 451//2335 2115//2335 3574//2335
f 451//2336 3573//2336 2121//2336
f 448//2335 451//2335 3574//2335
f 444//2337 3574//2337 3575//2337
f 444//2338 448//2338 3574//2338
f 439//2339 3575//2339 3576//2339
f 439//2340 444//2340 3575//2340
f 434//2341 3576//2341 2102//2341
f 434//2342 2102//2342 2098//2342
f 434//2341 439//2341 3576//2341
f 3577//2343 434//2343 2098//2343
f 3578//2344 2098//2344 3579//2344
f 3578//2345 3577//2345 2098//2345
f 3580//2346 3579//2346 2090//2346
f 3580//2346 3578//2346 3579//2346
f 417//2347 2090//2347 3581//2347
f 417//2348 3580//2348 2090//2348
f 3582//2349 417//2349 3581//2349
f 3582//2349 3581//2349 2082//2349
f 3582//2350 2082//2350 3583//2350
f 3584//2350 3582//2350 3583//2350
f 403//2351 3584//2351 3583//2351
f 403//2352 3583//2352 2072//2352
f 403//2353 2072//2353 3585//2353
f 3586//2353 403//2353 3585//2353
f 3587//2354 3585//2354 3588//2354
f 3587//2355 3586//2355 3585//2355
f 3589//2356 3588//2356 3590//2356
f 3589//2356 3587//2356 3588//2356
f 389//2357 3590//2357 3591//2357
f 389//2358 3589//2358 3590//2358
f 386//2359 3591//2359 2057//2359
f 386//2360 2057//2360 2051//2360
f 386//2359 389//2359 3591//2359
f 3592//2360 386//2360 2051//2360
f 376//2361 2051//2361 3593//2361
f 376//2361 3592//2361 2051//2361
f 619//2362 636//2362 3594//2362
f 619//2363 3594//2363 3595//2363
f 597//2364 3595//2364 2247//2364
f 597//2364 619//2364 3595//2364
f 3596//2365 2247//2365 3597//2365
f 3596//2366 597//2366 2247//2366
f 3598//2367 3597//2367 2202//2367
f 3598//2368 3596//2368 3597//2368
f 3599//2369 2202//2369 3600//2369
f 3599//2370 3600//2370 2162//2370
f 3599//2369 3598//2369 2202//2369
f 3601//2371 2162//2371 2148//2371
f 3601//2372 3599//2372 2162//2372
f 487//2371 3601//2371 2148//2371
f 478//2373 2148//2373 2138//2373
f 478//2374 487//2374 2148//2374
f 467//2375 2138//2375 2129//2375
f 467//2375 478//2375 2138//2375
f 636//2376 3602//2376 3603//2376
f 3603//2377 3602//2377 3604//2377
f 3604//2378 3605//2378 3606//2378
f 3602//2379 3605//2379 3604//2379
f 3606//2380 3607//2380 3608//2380
f 3605//2381 3607//2381 3606//2381
f 3608//2382 3609//2382 3610//2382
f 3610//2383 3609//2383 3611//2383
f 3607//2382 3609//2382 3608//2382
f 3609//2384 3612//2384 3611//2384
f 3611//2385 603//2385 3613//2385
f 3612//2386 603//2386 3611//2386
f 3613//2387 3614//2387 3615//2387
f 603//2388 3614//2388 3613//2388
f 3615//2389 3616//2389 3617//2389
f 3617//2390 3616//2390 3618//2390
f 3614//2391 3616//2391 3615//2391
f 3618//2392 3619//2392 3620//2392
f 3616//2390 3619//2390 3618//2390
f 3619//2393 3621//2393 3620//2393
f 3620//2394 3622//2394 3623//2394
f 3621//2394 3622//2394 3620//2394
f 3623//2395 3624//2395 3625//2395
f 3622//2396 3624//2396 3623//2396
f 3625//2397 564//2397 3626//2397
f 3624//2398 564//2398 3625//2398
f 3626//1629 3627//1629 3628//1629
f 564//1629 3627//1629 3626//1629
f 490//2399 3629//2399 2151//2399
f 488//2400 2151//2400 3630//2400
f 488//2399 490//2399 2151//2399
f 499//2401 3630//2401 2165//2401
f 499//2402 488//2402 3630//2402
f 507//2403 2165//2403 3631//2403
f 507//2401 499//2401 2165//2401
f 510//2404 3631//2404 2175//2404
f 510//2405 507//2405 3631//2405
f 517//2406 2175//2406 2181//2406
f 517//2407 510//2407 2175//2407
f 3632//2408 2181//2408 3633//2408
f 3632//2406 517//2406 2181//2406
f 536//2409 3633//2409 2198//2409
f 536//2408 3632//2408 3633//2408
f 3634//2410 2198//2410 3635//2410
f 3634//2409 536//2409 2198//2409
f 552//2411 3635//2411 3636//2411
f 552//2410 3634//2410 3635//2410
f 557//2411 552//2411 3636//2411
f 490//2412 489//2412 2146//2412
f 2146//2413 489//2413 2147//2413
f 2586//2414 957//2414 2584//2414
f 957//1090 956//1090 2584//1090
f 2584//2415 3637//2415 3638//2415
f 3638//2416 972//2416 3639//2416
f 3637//2415 972//2415 3638//2415
f 3639//2417 978//2417 2612//2417
f 972//2416 978//2416 3639//2416
f 2612//2418 984//2418 2616//2418
f 978//2419 984//2419 2612//2419
f 2616//2420 988//2420 3640//2420
f 984//2421 988//2421 2616//2421
f 3640//2422 992//2422 2614//2422
f 988//2423 992//2423 3640//2423
f 2614//2424 986//2424 3641//2424
f 992//2422 986//2422 2614//2422
f 986//2424 981//2424 3641//2424
f 3641//2425 976//2425 3642//2425
f 981//2425 976//2425 3641//2425
f 3643//2426 3644//2426 3645//2426
f 3645//2427 3644//2427 3646//2427
f 3646//2428 3644//2428 3647//2428
f 3647//2429 3648//2429 3649//2429
f 3644//2430 3648//2430 3647//2430
f 3648//2429 3650//2429 3649//2429
f 3649//2431 3651//2431 3652//2431
f 3650//2432 3651//2432 3649//2432
f 3652//2433 3653//2433 3654//2433
f 3651//2434 3653//2434 3652//2434
f 3654//2435 3655//2435 3656//2435
f 3656//2436 3655//2436 3657//2436
f 3653//2437 3655//2437 3654//2437
f 3655//2438 3658//2438 3657//2438
f 3659//1128 3660//1128 2709//1128
f 3659//2439 2709//2439 3661//2439
f 1096//2440 3661//2440 3662//2440
f 1096//2441 3662//2441 2713//2441
f 1096//2442 3659//2442 3661//2442
f 1102//1132 1096//1132 2713//1132
f 3663//2443 2713//2443 3664//2443
f 3663//2444 3664//2444 3665//2444
f 3663//2445 1102//2445 2713//2445
f 3666//2446 3663//2446 3665//2446
f 1108//2447 3665//2447 2717//2447
f 1108//2448 3666//2448 3665//2448
f 3667//2449 2717//2449 3668//2449
f 3667//2450 3668//2450 3669//2450
f 3667//2451 1108//2451 2717//2451
f 1092//2452 3669//2452 2705//2452
f 1092//2453 3667//2453 3669//2453
f 3670//2454 1092//2454 2705//2454
f 3671//2455 2705//2455 3672//2455
f 3671//2456 3670//2456 2705//2456
f 3673//2457 3672//2457 2699//2457
f 3673//2458 2699//2458 3674//2458
f 3673//2457 3671//2457 3672//2457
f 1077//2459 3674//2459 3675//2459
f 1077//2460 3673//2460 3674//2460
f 1075//2459 1077//2459 3675//2459
f 1073//2461 1075//2461 3675//2461
f 1073//2462 3675//2462 3676//2462
f 1066//2463 1073//2463 3676//2463
f 1066//2464 3676//2464 2685//2464
f 1066//2465 2685//2465 2683//2465
f 1064//2465 1066//2465 2683//2465
f 1062//2466 1064//2466 2683//2466
f 1062//2467 2683//2467 3677//2467
f 1057//2468 3677//2468 3678//2468
f 1057//2469 1062//2469 3677//2469
f 1055//2470 3678//2470 2675//2470
f 1055//2471 1057//2471 3678//2471
f 3679//2472 2675//2472 3680//2472
f 3679//2473 3680//2473 3681//2473
f 3679//1186 1055//1186 2675//1186
f 3682//2474 3679//2474 3681//2474
f 1038//1230 3681//1230 3683//1230
f 1038//2475 3682//2475 3681//2475
f 1011//2476 3684//2476 2544//2476
f 1011//2476 2544//2476 3685//2476
f 1012//2477 3685//2477 2633//2477
f 1012//2477 1011//2477 3685//2477
f 1024//2478 2633//2478 2646//2478
f 1024//2478 1012//2478 2633//2478
f 3686//2479 2646//2479 3687//2479
f 3686//2479 1024//2479 2646//2479
f 3688//2480 3687//2480 2666//2480
f 3688//2481 2666//2481 3689//2481
f 3688//2480 3686//2480 3687//2480
f 1060//2482 3689//2482 2686//2482
f 1060//2481 3688//2481 3689//2481
f 3690//2482 1060//2482 2686//2482
f 1085//2483 2686//2483 2697//2483
f 1085//2484 3690//2484 2686//2484
f 3660//2485 2697//2485 2709//2485
f 3660//2485 1085//2485 2697//2485
f 3684//2486 929//2486 2544//2486
f 2544//2487 929//2487 2558//2487
f 2558//2488 934//2488 3691//2488
f 929//2489 934//2489 2558//2489
f 3691//2490 941//2490 3692//2490
f 934//2490 941//2490 3691//2490
f 3692//2491 947//2491 2577//2491
f 2577//2492 947//2492 2582//2492
f 941//2493 947//2493 3692//2493
f 947//2492 3693//2492 2582//2492
f 2582//2494 3694//2494 2589//2494
f 3693//2494 3694//2494 2582//2494
f 2589//2495 965//2495 2593//2495
f 3694//2495 965//2495 2589//2495
f 2593//2496 969//2496 3695//2496
f 3695//2497 969//2497 2595//2497
f 965//2498 969//2498 2593//2498
f 2595//2499 3696//2499 3697//2499
f 969//2500 3696//2500 2595//2500
f 3696//2501 3698//2501 3697//2501
f 3697//2502 3699//2502 3700//2502
f 3698//2503 3699//2503 3697//2503
f 3700//2504 3701//2504 3702//2504
f 3699//2504 3701//2504 3700//2504
f 3702//2505 945//2505 3703//2505
f 3701//2506 945//2506 3702//2506
f 3703//2507 939//2507 2568//2507
f 945//2508 939//2508 3703//2508
f 3704//2509 3705//2509 2554//2509
f 921//2510 2554//2510 2541//2510
f 921//2509 3704//2509 2554//2509
f 910//2511 2541//2511 2538//2511
f 910//2512 921//2512 2541//2512
f 907//2513 2538//2513 3706//2513
f 907//2514 910//2514 2538//2514
f 903//2515 3706//2515 3707//2515
f 903//2513 907//2513 3706//2513
f 905//2516 3707//2516 3708//2516
f 905//2517 903//2517 3707//2517
f 908//2518 3708//2518 3709//2518
f 908//2516 905//2516 3708//2516
f 915//2519 3709//2519 2556//2519
f 915//2518 908//2518 3709//2518
f 923//2520 2556//2520 3710//2520
f 923//2519 915//2519 2556//2519
f 932//2520 923//2520 3710//2520
f 939//2521 3710//2521 2568//2521
f 939//2521 932//2521 3710//2521
f 931//2522 922//2522 2560//2522
f 2560//2523 922//2523 2555//2523
f 3711//1367 815//1367 3712//1367
f 3711//1367 3712//1367 2444//1367
f 3713//2524 2444//2524 2436//2524
f 3713//2525 2436//2525 3714//2525
f 3713//2524 3711//2524 2444//2524
f 797//2525 3713//2525 3714//2525
f 3715//2526 3714//2526 2428//2526
f 3715//2526 797//2526 3714//2526
f 3716//2527 2428//2527 2421//2527
f 3716//2528 2421//2528 2418//2528
f 3716//2527 3715//2527 2428//2527
f 3717//2528 3716//2528 2418//2528
f 3718//2529 2418//2529 2412//2529
f 3718//2529 3717//2529 2418//2529
f 769//2530 2412//2530 2406//2530
f 769//2530 3718//2530 2412//2530
f 3719//2531 2406//2531 2402//2531
f 3719//2532 769//2532 2406//2532
f 760//2533 2402//2533 2396//2533
f 760//2533 3719//2533 2402//2533
f 3720//2361 2396//2361 2393//2361
f 3720//2361 760//2361 2396//2361
f 815//2534 828//2534 3712//2534
f 3712//2534 828//2534 3721//2534
f 3721//2535 828//2535 2471//2535
f 828//2535 837//2535 2471//2535
f 2471//2536 3722//2536 3723//2536
f 3723//2537 3722//2537 3724//2537
f 837//2536 3722//2536 2471//2536
f 3722//2537 854//2537 3724//2537
f 3724//2538 3725//2538 2497//2538
f 854//2538 3725//2538 3724//2538
f 2497//2539 874//2539 2505//2539
f 2505//2540 874//2540 2513//2540
f 3725//2541 874//2541 2497//2541
f 874//2540 880//2540 2513//2540
f 2513//2542 889//2542 3726//2542
f 880//2542 889//2542 2513//2542
f 3726//2543 3727//2543 2534//2543
f 889//2543 3727//2543 3726//2543
f 3728//2544 3729//2544 3730//2544
f 3730//2545 3729//2545 3731//2545
f 3731//2546 3732//2546 3733//2546
f 3729//2546 3732//2546 3731//2546
f 3733//2547 3734//2547 3735//2547
f 3732//2547 3734//2547 3733//2547
f 3735//2548 3736//2548 3737//2548
f 3737//2549 3736//2549 3738//2549
f 3734//2548 3736//2548 3735//2548
f 3736//2550 3739//2550 3738//2550
f 3738//2551 3740//2551 3741//2551
f 3739//2551 3740//2551 3738//2551
f 3741//2552 3742//2552 3743//2552
f 3740//2553 3742//2553 3741//2553
f 3743//2554 3744//2554 3745//2554
f 3745//2555 3744//2555 2375//2555
f 3742//2556 3744//2556 3743//2556
f 2375//2557 3746//2557 3747//2557
f 3744//2555 3746//2555 2375//2555
f 3746//2557 3748//2557 3747//2557
f 3747//2558 3749//2558 3750//2558
f 3748//2558 3749//2558 3747//2558
f 3750//2559 3751//2559 2386//2559
f 3749//2559 3751//2559 3750//2559
f 2386//2560 3752//2560 3753//2560
f 3751//2561 3752//2561 2386//2561
f 3753//2562 3754//2562 3755//2562
f 3752//2563 3754//2563 3753//2563
f 3727//2564 904//2564 2534//2564
f 2534//2565 904//2565 2535//2565
f 2535//2566 904//2566 2537//2566
f 2537//2567 3756//2567 3757//2567
f 904//2566 3756//2566 2537//2566
f 3756//2568 909//2568 3757//2568
f 3757//2569 916//2569 2549//2569
f 909//2570 916//2570 3757//2570
f 2549//2571 3758//2571 3759//2571
f 916//2572 3758//2572 2549//2572
f 3759//2573 933//2573 2562//2573
f 2562//2574 933//2574 3760//2574
f 3758//2575 933//2575 3759//2575
f 933//2576 940//2576 3760//2576
f 3761//2577 695//2577 3762//2577
f 3761//2577 3762//2577 2374//2577
f 3763//2578 2374//2578 2381//2578
f 3763//2578 3761//2578 2374//2578
f 774//2579 2381//2579 2409//2579
f 774//2580 3763//2580 2381//2580
f 796//2581 2409//2581 2430//2581
f 796//2581 774//2581 2409//2581
f 3764//2582 2430//2582 2447//2582
f 3764//2583 2447//2583 2462//2583
f 3764//2584 796//2584 2430//2584
f 825//2585 2462//2585 3765//2585
f 825//2583 3764//2583 2462//2583
f 842//2585 825//2585 3765//2585
f 856//2586 3765//2586 2496//2586
f 856//2586 842//2586 3765//2586
f 870//2587 2496//2587 3766//2587
f 870//2587 856//2587 2496//2587
f 883//2588 870//2588 3766//2588
f 883//2588 3766//2588 2511//2588
f 884//2589 2511//2589 2526//2589
f 884//2589 883//2589 2511//2589
f 898//2590 2526//2590 3767//2590
f 898//2590 884//2590 2526//2590
f 899//2591 3767//2591 3768//2591
f 899//2592 3768//2592 2529//2592
f 899//2591 898//2591 3767//2591
f 900//2593 899//2593 2529//2593
f 951//2594 2529//2594 2572//2594
f 951//2595 900//2595 2529//2595
f 912//2596 2572//2596 2546//2596
f 912//2596 951//2596 2572//2596
f 3769//2597 2546//2597 2545//2597
f 3769//2598 2545//2598 2547//2598
f 3769//2599 912//2599 2546//2599
f 914//2600 3769//2600 2547//2600
f 3770//2601 2547//2601 2559//2601
f 3770//2601 914//2601 2547//2601
f 935//2602 2559//2602 3771//2602
f 935//2602 3770//2602 2559//2602
f 942//2603 3771//2603 2571//2603
f 942//2603 935//2603 3771//2603
f 3772//2604 942//2604 2571//2604
f 3772//2605 2571//2605 2578//2605
f 3772//2606 2578//2606 3773//2606
f 3774//2606 3772//2606 3773//2606
f 962//2607 3774//2607 3773//2607
f 962//2608 3773//2608 2590//2608
f 962//2609 2590//2609 2594//2609
f 966//2610 962//2610 2594//2610
f 968//2611 2594//2611 3775//2611
f 968//2611 966//2611 2594//2611
f 964//2612 3775//2612 3776//2612
f 964//2612 968//2612 3775//2612
f 3777//2613 3776//2613 2588//2613
f 3777//2613 964//2613 3776//2613
f 953//2614 2588//2614 3778//2614
f 953//2615 3778//2615 3779//2615
f 953//2616 3777//2616 2588//2616
f 946//2617 953//2617 3779//2617
f 940//1126 3779//1126 3760//1126
f 940//1125 946//1125 3779//1125
f 949//2618 937//2618 2566//2618
f 949//2619 2566//2619 2579//2619
f 970//2620 2579//2620 3780//2620
f 970//2621 3780//2621 3781//2621
f 970//2622 949//2622 2579//2622
f 980//2621 970//2621 3781//2621
f 3782//2623 3781//2623 3783//2623
f 3782//2623 980//2623 3781//2623
f 3784//2624 3783//2624 2624//2624
f 3784//2625 2624//2625 2628//2625
f 3784//2624 3782//2624 3783//2624
f 3785//2626 3784//2626 2628//2626
f 1005//2627 2628//2627 2635//2627
f 1005//2628 3785//2628 2628//2628
f 3786//2629 2635//2629 3787//2629
f 3786//2629 1005//2629 2635//2629
f 1021//2630 3787//2630 2647//2630
f 1021//2631 3786//2631 3787//2631
f 3788//2632 2647//2632 3789//2632
f 3788//2633 1021//2633 2647//2633
f 1037//2634 3789//2634 2659//2634
f 1037//2635 3788//2635 3789//2635
f 937//2636 3790//2636 2566//2636
f 2566//2637 3790//2637 3791//2637
f 3791//2638 3790//2638 2530//2638
f 3790//2638 901//2638 2530//2638
f 2530//2639 891//2639 2520//2639
f 2520//2640 891//2640 3792//2640
f 901//2641 891//2641 2530//2641
f 891//2640 885//2640 3792//2640
f 3792//2642 3793//2642 3794//2642
f 885//2642 3793//2642 3792//2642
f 3794//2643 868//2643 3795//2643
f 3795//2644 868//2644 2492//2644
f 3793//2643 868//2643 3794//2643
f 868//2644 3796//2644 2492//2644
f 2492//2645 3797//2645 2485//2645
f 3796//2645 3797//2645 2492//2645
f 2485//2646 845//2646 3798//2646
f 3797//2647 845//2647 2485//2647
f 3799//2648 1088//2648 3800//2648
f 3800//2649 1088//2649 3801//2649
f 3801//2650 3802//2650 2700//2650
f 1088//2651 3802//2651 3801//2651
f 2700//2652 3803//2652 3804//2652
f 3802//2652 3803//2652 2700//2652
f 3804//2653 3805//2653 3806//2653
f 3806//2654 3805//2654 2693//2654
f 3803//2655 3805//2655 3804//2655
f 3805//2656 3807//2656 2693//2656
f 2693//2657 3808//2657 2687//2657
f 3807//2658 3808//2658 2693//2658
f 2687//2659 1065//2659 3809//2659
f 3808//2660 1065//2660 2687//2660
f 3809//2661 1063//2661 3810//2661
f 3810//2662 1063//2662 3811//2662
f 1065//2663 1063//2663 3809//2663
f 3811//2664 3812//2664 3813//2664
f 1063//2665 3812//2665 3811//2665
f 3812//2666 3814//2666 3813//2666
f 3813//2667 1054//2667 3815//2667
f 3814//2668 1054//2668 3813//2668
f 3815//2669 3816//2669 3817//2669
f 1054//2670 3816//2670 3815//2670
f 3817//2671 3818//2671 3819//2671
f 3816//2672 3818//2672 3817//2672
f 3819//2673 3820//2673 3821//2673
f 3818//2674 3820//2674 3819//2674
f 3822//2675 3823//2675 3824//2675
f 3824//2675 3823//2675 3825//2675
f 3825//2676 3823//2676 3826//2676
f 3826//2677 3827//2677 3828//2677
f 3823//2678 3827//2678 3826//2678
f 3827//2679 3829//2679 3828//2679
f 3828//2680 3830//2680 3831//2680
f 3829//2681 3830//2681 3828//2681
f 3831//2682 3832//2682 3833//2682
f 3830//2683 3832//2683 3831//2683
f 3833//2684 3834//2684 3835//2684
f 3835//2685 3834//2685 3836//2685
f 3832//2686 3834//2686 3833//2686
f 3834//2687 3837//2687 3836//2687
f 3838//2688 3839//2688 2706//2688
f 3838//2688 2706//2688 3840//2688
f 1116//2689 3840//2689 3841//2689
f 1116//2689 3838//2689 3840//2689
f 3842//2690 3841//2690 2723//2690
f 3842//2691 1116//2691 3841//2691
f 1118//2692 2723//2692 2720//2692
f 1118//2693 3842//2693 2723//2693
f 1113//2694 2720//2694 3843//2694
f 1113//2695 3843//2695 3844//2695
f 1113//2694 1118//2694 2720//2694
f 1110//2696 3844//2696 2716//2696
f 1110//2697 1113//2697 3844//2697
f 1106//2698 1110//2698 2716//2698
f 3845//2699 2716//2699 2712//2699
f 3845//2699 1106//2699 2716//2699
f 1099//2700 2712//2700 2703//2700
f 1099//2700 3845//2700 2712//2700
f 1100//2701 1099//2701 2703//2701
f 1100//2701 2703//2701 2702//2701
f 3846//1176 2702//1176 2690//1176
f 3846//1176 1100//1176 2702//1176
f 1082//2702 2690//2702 3847//2702
f 1082//2703 3846//2703 2690//2703
f 1083//2704 3847//2704 3848//2704
f 1083//2705 3848//2705 2692//2705
f 1083//2704 1082//2704 3847//2704
f 1068//2706 1083//2706 2692//2706
f 3849//2707 2692//2707 3850//2707
f 3849//2708 1068//2708 2692//2708
f 3851//2709 3850//2709 2673//2709
f 3851//2710 3849//2710 3850//2710
f 1053//2711 2673//2711 3852//2711
f 1053//2712 3852//2712 3853//2712
f 1053//2713 3851//2713 2673//2713
f 1046//2714 1053//2714 3853//2714
f 1040//2715 3853//2715 2663//2715
f 1040//2716 1046//2716 3853//2716
f 1036//2717 2663//2717 3854//2717
f 1036//2718 1040//2718 2663//2718
f 1030//2719 3854//2719 2655//2719
f 1030//2720 1036//2720 3854//2720
f 1026//2721 1030//2721 2655//2721
f 1026//2722 2655//2722 3855//2722
f 1026//2723 3855//2723 3856//2723
f 1020//2724 1026//2724 3856//2724
f 1016//2725 1020//2725 3856//2725
f 1016//2726 3856//2726 3857//2726
f 1016//2727 3857//2727 2638//2727
f 1008//2728 1016//2728 2638//2728
f 3858//2729 2638//2729 3859//2729
f 3858//2729 1008//2729 2638//2729
f 998//2730 3859//2730 2627//2730
f 998//2731 3858//2731 3859//2731
f 991//2732 2627//2732 2619//2732
f 991//2733 998//2733 2627//2733
f 975//2734 2619//2734 2603//2734
f 975//2735 2603//2735 3860//2735
f 975//2736 991//2736 2619//2736
f 944//2737 975//2737 3860//2737
f 920//2738 3860//2738 2553//2738
f 920//2739 944//2739 3860//2739
f 3861//2740 3862//2740 1397//2740
f 3863//2740 3862//2740 3861//2740
f 1397//2740 3864//2740 3861//2740
f 3861//2741 3864//2741 3865//2741
f 3866//2740 3867//2740 3868//2740
f 3868//2741 3867//2741 3863//2741
f 3863//2742 3867//2742 3862//2742
f 3865//2740 3869//2740 3870//2740
f 3864//2740 3869//2740 3865//2740
f 3871//2740 3872//2740 3866//2740
f 3866//2740 3872//2740 3867//2740
f 3870//2740 1400//2740 3873//2740
f 3873//2740 1400//2740 3874//2740
f 3869//2740 1400//2740 3870//2740
f 3871//2741 1392//2741 3872//2741
f 1400//2740 1401//2740 3874//2740
f 3875//2743 1389//2743 3871//2743
f 3871//2740 1389//2740 1392//2740
f 1401//2740 1407//2740 3874//2740
f 3874//2740 1407//2740 3876//2740
f 3876//2740 1407//2740 3877//2740
f 3875//2741 1388//2741 1389//2741
f 3878//2741 1388//2741 3875//2741
f 1407//2740 3879//2740 3877//2740
f 3878//2743 3880//2743 1388//2743
f 3881//2741 3880//2741 3882//2741
f 3882//2740 3880//2740 3878//2740
f 3879//2741 1414//2741 3877//2741
f 3877//2740 1414//2740 3883//2740
f 3881//2740 1384//2740 3880//2740
f 1414//2740 3884//2740 3883//2740
f 3883//2741 3884//2741 3885//2741
f 3886//2741 3887//2741 3881//2741
f 3881//2741 3887//2741 1384//2741
f 3884//2741 1420//2741 3885//2741
f 3885//2740 1420//2740 3888//2740
f 3888//2740 1420//2740 3889//2740
f 3890//2740 3891//2740 3886//2740
f 3886//2740 3891//2740 3887//2740
f 1420//2740 3892//2740 3889//2740
f 3889//2740 3892//2740 3893//2740
f 3890//2742 1375//2742 3891//2742
f 3894//2741 1375//2741 3890//2741
f 3892//2740 1427//2740 3893//2740
f 3893//2740 1427//2740 3895//2740
f 3894//2741 1372//2741 1375//2741
f 3896//2741 1372//2741 3894//2741
f 1427//2744 1430//2744 3895//2744
f 3896//2743 3897//2743 1372//2743
f 3898//2740 3897//2740 3899//2740
f 3899//2740 3897//2740 3896//2740
f 1430//2740 3900//2740 3895//2740
f 3895//2741 3900//2741 3901//2741
f 3901//2745 3900//2745 3902//2745
f 3898//2741 1366//2741 3897//2741
f 3900//2740 1437//2740 3902//2740
f 3903//2740 1363//2740 3904//2740
f 3904//2741 1363//2741 3898//2741
f 3898//2740 1363//2740 1366//2740
f 1437//2740 1440//2740 3902//2740
f 3902//2740 1440//2740 3905//2740
f 3903//2741 1360//2741 1363//2741
f 1440//2740 1443//2740 3905//2740
f 3905//2740 1443//2740 3906//2740
f 3907//2740 1357//2740 3903//2740
f 3903//2740 1357//2740 1360//2740
f 1443//2740 1445//2740 3906//2740
f 3906//2740 1445//2740 3908//2740
f 3908//2744 1445//2744 3909//2744
f 3910//2740 1354//2740 3911//2740
f 3911//2741 1354//2741 3907//2741
f 3907//2741 1354//2741 1357//2741
f 1445//2741 1448//2741 3909//2741
f 3910//2741 3912//2741 1354//2741
f 1448//2742 3913//2742 3909//2742
f 3909//2743 3913//2743 3914//2743
f 3910//2741 3915//2741 3912//2741
f 3916//2741 3915//2741 3910//2741
f 3913//2743 3917//2743 3914//2743
f 3914//2740 3917//2740 3918//2740
f 3916//2740 3919//2740 3915//2740
f 3920//2740 3919//2740 3916//2740
f 3921//2740 1458//2740 3922//2740
f 3917//2740 1458//2740 3918//2740
f 3918//2740 1458//2740 3921//2740
f 3920//2740 1342//2740 3919//2740
f 3923//2741 1342//2741 3920//2741
f 3923//2740 3924//2740 1342//2740
f 1458//2740 1461//2740 3922//2740
f 1461//2740 3925//2740 3922//2740
f 3924//2741 3926//2741 1342//2741
f 1461//2741 1464//2741 3925//2741
f 3927//2740 1336//2740 3924//2740
f 3924//2740 1336//2740 3926//2740
f 3925//2740 3928//2740 3929//2740
f 1464//2740 3928//2740 3925//2740
f 3927//2741 1333//2741 1336//2741
f 3930//2740 1333//2740 3927//2740
f 3929//2740 1470//2740 3931//2740
f 3928//2740 1470//2740 3929//2740
f 3932//2740 1330//2740 3930//2740
f 3930//2741 1330//2741 1333//2741
f 1470//2740 1474//2740 3931//2740
f 3931//2740 1474//2740 3933//2740
f 3934//2740 3935//2740 3932//2740
f 3932//2740 3935//2740 1330//2740
f 3933//2740 1477//2740 3936//2740
f 1474//2740 1477//2740 3933//2740
f 3937//2740 3938//2740 3934//2740
f 3934//2740 3938//2740 3935//2740
f 3936//2740 3939//2740 3940//2740
f 1477//2740 3939//2740 3936//2740
f 3937//2741 3941//2741 3938//2741
f 3941//2740 1322//2740 3938//2740
f 3940//2740 1483//2740 3942//2740
f 3939//2740 1483//2740 3940//2740
f 3943//2740 1319//2740 3941//2740
f 3941//2741 1319//2741 1322//2741
f 3942//2740 3944//2740 3945//2740
f 1483//2740 3944//2740 3942//2740
f 3946//2740 3947//2740 3943//2740
f 3943//2741 3947//2741 1319//2741
f 3945//2740 3948//2740 3949//2740
f 3944//2740 3948//2740 3945//2740
f 3946//2740 3950//2740 3947//2740
f 3946//2740 3951//2740 3950//2740
f 3948//2740 1495//2740 3949//2740
f 1495//2740 3952//2740 3949//2740
f 3951//2740 1309//2740 3950//2740
f 3951//2740 3953//2740 1309//2740
f 1495//2741 3954//2741 3952//2741
f 3955//2746 3954//2746 1495//2746
f 3953//2740 3956//2740 1309//2740
f 1309//2744 3956//2744 3957//2744
f 3955//2740 3958//2740 3954//2740
f 3959//2740 3958//2740 3955//2740
f 3956//2741 3960//2741 3957//2741
f 3957//2741 3960//2741 1302//2741
f 3959//2740 3961//2740 3958//2740
f 3961//2740 3962//2740 3958//2740
f 3960//2747 3963//2747 1302//2747
f 1302//2741 3963//2741 1297//2741
f 3961//2744 3964//2744 3962//2744
f 3965//2741 3964//2741 3961//2741
f 3963//2740 3966//2740 1297//2740
f 1297//2740 3966//2740 1293//2740
f 3966//2744 1289//2744 1293//2744
f 3965//2741 3967//2741 3964//2741
f 1511//2741 3967//2741 3965//2741
f 1511//2744 3968//2744 3967//2744
f 3966//2740 3969//2740 1289//2740
f 3968//2740 3970//2740 3967//2740
f 3968//2741 1516//2741 3970//2741
f 3969//2741 3971//2741 1289//2741
f 1289//2746 3971//2746 1285//2746
f 1516//2740 3972//2740 3970//2740
f 1285//2744 3973//2744 1281//2744
f 3971//2740 3973//2740 1285//2740
f 1518//2741 3974//2741 1516//2741
f 1516//2741 3974//2741 3972//2741
f 1281//2746 3975//2746 1277//2746
f 3973//2742 3975//2742 1281//2742
f 3976//2740 3977//2740 1518//2740
f 1518//2740 3977//2740 3974//2740
f 1277//2743 3978//2743 3979//2743
f 3975//2740 3978//2740 1277//2740
f 3980//2741 3981//2741 3976//2741
f 1530//2741 3981//2741 3980//2741
f 3976//2747 3981//2747 3977//2747
f 3979//2740 3982//2740 3983//2740
f 3978//2740 3982//2740 3979//2740
f 3984//2744 3985//2744 1530//2744
f 1530//2741 3985//2741 3981//2741
f 3982//2740 3986//2740 3983//2740
f 3983//2740 3986//2740 3987//2740
f 3984//2740 3988//2740 3985//2740
f 3989//2741 3990//2741 3991//2741
f 3987//2741 3990//2741 3989//2741
f 3986//2743 3990//2743 3987//2743
f 3984//2740 3992//2740 3988//2740
f 3993//2741 3992//2741 3984//2741
f 3994//2740 3992//2740 3993//2740
f 3990//2740 3995//2740 3991//2740
f 3994//2741 3996//2741 3992//2741
f 3995//2740 3997//2740 3991//2740
f 3991//2740 3997//2740 3998//2740
f 1126//2741 3999//2741 3994//2741
f 3994//2740 3999//2740 3996//2740
f 3997//2740 4000//2740 3998//2740
f 3998//2740 4000//2740 4001//2740
f 4002//2740 4003//2740 1126//2740
f 1126//2740 4003//2740 3999//2740
f 4000//2740 4004//2740 4001//2740
f 4005//2740 4004//2740 4006//2740
f 4001//2740 4004//2740 4005//2740
f 4002//2741 4007//2741 4003//2741
f 1130//2741 4007//2741 4002//2741
f 1135//2741 4007//2741 1130//2741
f 4004//2741 4008//2741 4006//2741
f 1135//2740 4009//2740 4007//2740
f 4010//2741 4009//2741 1135//2741
f 4008//2742 4011//2742 4006//2742
f 4012//2740 4011//2740 1232//2740
f 4006//2740 4011//2740 4012//2740
f 4013//2740 4014//2740 4010//2740
f 4010//2741 4014//2741 4009//2741
f 4011//2740 4015//2740 1232//2740
f 4013//2740 4016//2740 4014//2740
f 1232//2740 4017//2740 4018//2740
f 4015//2740 4017//2740 1232//2740
f 1146//2740 4019//2740 4013//2740
f 1149//2741 4019//2741 1146//2741
f 4013//2741 4019//2741 4016//2741
f 4020//2742 4021//2742 4022//2742
f 4018//2742 4021//2742 4020//2742
f 4017//2740 4021//2740 4018//2740
f 1149//2740 4023//2740 4019//2740
f 4021//2746 4024//2746 4022//2746
f 1149//2740 4025//2740 4023//2740
f 1153//2740 4025//2740 1149//2740
f 4024//2741 4026//2741 4022//2741
f 4022//2743 4026//2743 1213//2743
f 1157//2741 4027//2741 1153//2741
f 1153//2740 4027//2740 4025//2740
f 4026//2741 4028//2741 1213//2741
f 1209//2743 4028//2743 4029//2743
f 1213//2742 4028//2742 1209//2742
f 1157//2747 4030//2747 4027//2747
f 4031//2742 4030//2742 1157//2742
f 4028//2740 4032//2740 4029//2740
f 4031//2740 4033//2740 4030//2740
f 1165//2740 4033//2740 4031//2740
f 4029//2740 4034//2740 4035//2740
f 4032//2740 4034//2740 4029//2740
f 1169//2740 4036//2740 1165//2740
f 1165//2740 4036//2740 4033//2740
f 4034//2740 4037//2740 4035//2740
f 4038//2741 4037//2741 4039//2741
f 4035//2741 4037//2741 4038//2741
f 1169//2741 4040//2741 4036//2741
f 4041//2740 4040//2740 1169//2740
f 1177//2741 4040//2741 4041//2741
f 4037//2741 4042//2741 4039//2741
f 1177//2740 4043//2740 4040//2740
f 1189//2740 4044//2740 1185//2740
f 4039//2740 4044//2740 1189//2740
f 4042//2741 4044//2741 4039//2741
f 4045//2742 4046//2742 1177//2742
f 1177//2740 4046//2740 4043//2740
f 1185//2740 4047//2740 4045//2740
f 4044//2740 4047//2740 1185//2740
f 4045//2740 4047//2740 4046//2740
f 2314//2748 1517//2748 2325//2748
f 2325//2749 1519//2749 2348//2749
f 2348//2750 1521//2750 2373//2750
f 2373//2751 1524//2751 2405//2751
f 2405//2752 1526//2752 2429//2752
f 2429//2753 1532//2753 2446//2753
f 2446//2754 1534//2754 2461//2754
f 2461//2755 1537//2755 2478//2755
f 2478//2756 1540//2756 2495//2756
f 2495//2757 1542//2757 1123//2757
f 4048//2758 4049//2758 3999//2758
f 4048//2758 3999//2758 4003//2758
f 4048//2759 4003//2759 4007//2759
f 4050//2760 4048//2760 4007//2760
f 4051//2761 4007//2761 4009//2761
f 4051//2762 4009//2762 4014//2762
f 4051//2761 4050//2761 4007//2761
f 4052//2762 4051//2762 4014//2762
f 4053//2763 4014//2763 4016//2763
f 4053//2764 4052//2764 4014//2764
f 4054//2765 4016//2765 4019//2765
f 4054//2765 4053//2765 4016//2765
f 4055//2766 4019//2766 4023//2766
f 4055//2767 4023//2767 4025//2767
f 4055//2766 4054//2766 4019//2766
f 4056//2767 4055//2767 4025//2767
f 4057//2768 4025//2768 4027//2768
f 4057//2768 4056//2768 4025//2768
f 4058//2769 4027//2769 4030//2769
f 4058//2770 4057//2770 4027//2770
f 4059//2771 4058//2771 4030//2771
f 4059//2771 4030//2771 4033//2771
f 4060//2772 4059//2772 4033//2772
f 4060//2772 4033//2772 4036//2772
f 4061//2773 4060//2773 4036//2773
f 4061//2773 4036//2773 4040//2773
f 4062//2774 4061//2774 4040//2774
f 4062//2775 4040//2775 4043//2775
f 4062//2776 4043//2776 4046//2776
f 4063//2777 4062//2777 4046//2777
f 4064//2778 4063//2778 4046//2778
f 4064//2779 4046//2779 4047//2779
f 4065//2780 4064//2780 4047//2780
f 4065//2780 4047//2780 4044//2780
f 4065//2781 4044//2781 4042//2781
f 4066//2782 4065//2782 4042//2782
f 4067//2783 4066//2783 4042//2783
f 4067//2783 4042//2783 4037//2783
f 4068//2784 4067//2784 4037//2784
f 4068//2785 4037//2785 4034//2785
f 4069//2786 4068//2786 4034//2786
f 4069//2786 4034//2786 4032//2786
f 4070//2787 4069//2787 4032//2787
f 4070//2787 4032//2787 4028//2787
f 4070//2788 4028//2788 4026//2788
f 4071//2789 4026//2789 4024//2789
f 4071//2788 4070//2788 4026//2788
f 4072//2790 4024//2790 4021//2790
f 4072//2791 4071//2791 4024//2791
f 1662//2792 4021//2792 4017//2792
f 1662//2793 4072//2793 4021//2793
f 4073//2794 1662//2794 4017//2794
f 4074//2795 4017//2795 4015//2795
f 4074//2795 4073//2795 4017//2795
f 4075//2796 4015//2796 4011//2796
f 4075//2797 4011//2797 4008//2797
f 4075//2796 4074//2796 4015//2796
f 4076//2797 4075//2797 4008//2797
f 4077//2798 4008//2798 4004//2798
f 4077//2798 4076//2798 4008//2798
f 4078//2799 4004//2799 4000//2799
f 4078//2800 4000//2800 3997//2800
f 4078//2799 4077//2799 4004//2799
f 4079//2800 4078//2800 3997//2800
f 4080//2801 3997//2801 3995//2801
f 4080//2802 3995//2802 3990//2802
f 4080//2801 4079//2801 3997//2801
f 4081//2802 4080//2802 3990//2802
f 4082//2803 3990//2803 3986//2803
f 4082//2804 3986//2804 3982//2804
f 4082//2803 4081//2803 3990//2803
f 4083//2804 4082//2804 3982//2804
f 4084//2805 4083//2805 3982//2805
f 4084//2805 3982//2805 3978//2805
f 4085//2806 4084//2806 3978//2806
f 4085//2807 3978//2807 3975//2807
f 4085//2808 3975//2808 3973//2808
f 4086//2809 4085//2809 3973//2809
f 4087//2810 4086//2810 3973//2810
f 4087//2811 3973//2811 3971//2811
f 4088//2812 4087//2812 3971//2812
f 4088//2812 3971//2812 3969//2812
f 4088//2813 3969//2813 3966//2813
f 4089//2813 4088//2813 3966//2813
f 4090//2814 4089//2814 3966//2814
f 4090//2814 3966//2814 3963//2814
f 4090//2815 3963//2815 3960//2815
f 4091//2816 4090//2816 3960//2816
f 4091//2817 3960//2817 3956//2817
f 4092//2817 4091//2817 3956//2817
f 4093//2818 4092//2818 3956//2818
f 4093//2818 3956//2818 3953//2818
f 4093//2819 3953//2819 3951//2819
f 4094//2819 4093//2819 3951//2819
f 4095//2820 4094//2820 3951//2820
f 4095//2821 3951//2821 3946//2821
f 4096//2822 4095//2822 3946//2822
f 4096//2823 3946//2823 3943//2823
f 4097//2824 4096//2824 3943//2824
f 4097//2825 3943//2825 3941//2825
f 4098//2826 4097//2826 3941//2826
f 4098//2826 3941//2826 3937//2826
f 4099//2827 4098//2827 3937//2827
f 4099//2827 3937//2827 3934//2827
f 1606//2828 4099//2828 3934//2828
f 1606//2829 3934//2829 3932//2829
f 4100//2830 1606//2830 3932//2830
f 4100//2831 3932//2831 3930//2831
f 4101//2832 4100//2832 3930//2832
f 4101//2832 3930//2832 3927//2832
f 4102//2833 4101//2833 3927//2833
f 4102//2833 3927//2833 3924//2833
f 4103//2834 4102//2834 3924//2834
f 4103//2834 3924//2834 3923//2834
f 4103//2835 3923//2835 3920//2835
f 4104//2835 4103//2835 3920//2835
f 4105//2836 3920//2836 3916//2836
f 4105//2041 4104//2041 3920//2041
f 4106//2837 3916//2837 3910//2837
f 4106//2838 4105//2838 3916//2838
f 4107//2839 3910//2839 3911//2839
f 4107//2839 4106//2839 3910//2839
f 4108//2840 4107//2840 3911//2840
f 4108//2841 3911//2841 3907//2841
f 4109//2842 4108//2842 3907//2842
f 4109//2842 3907//2842 3903//2842
f 4110//2843 4109//2843 3903//2843
f 4110//2843 3903//2843 3904//2843
f 4110//2844 3904//2844 3898//2844
f 4111//2844 4110//2844 3898//2844
f 4112//2845 4111//2845 3898//2845
f 4112//2845 3898//2845 3899//2845
f 4113//2846 4112//2846 3899//2846
f 4113//2846 3899//2846 3896//2846
f 4114//2847 4113//2847 3896//2847
f 4114//2848 3896//2848 3894//2848
f 4114//2849 3894//2849 3890//2849
f 4115//2849 4114//2849 3890//2849
f 4115//2850 3890//2850 3886//2850
f 4116//2850 4115//2850 3886//2850
f 4117//2851 4116//2851 3886//2851
f 4117//2851 3886//2851 3881//2851
f 4118//2852 4117//2852 3881//2852
f 4118//2852 3881//2852 3882//2852
f 4119//2853 4118//2853 3882//2853
f 4119//2853 3882//2853 3878//2853
f 4119//2854 3878//2854 3875//2854
f 4120//2855 3875//2855 3871//2855
f 4120//2856 4119//2856 3875//2856
f 4121//2855 4120//2855 3871//2855
f 4122//2857 3871//2857 3866//2857
f 4122//2858 3866//2858 3868//2858
f 4122//2857 4121//2857 3871//2857
f 4123//2858 4122//2858 3868//2858
f 4124//2859 3868//2859 3863//2859
f 4124//2860 3863//2860 3861//2860
f 4124//2859 4123//2859 3868//2859
f 4125//2861 4124//2861 3861//2861
f 4126//2862 3861//2862 3865//2862
f 4126//2862 4125//2862 3861//2862
f 4127//2863 3865//2863 3870//2863
f 4127//2864 3870//2864 3873//2864
f 4127//2863 4126//2863 3865//2863
f 4128//2865 4127//2865 3873//2865
f 4129//2866 3873//2866 3874//2866
f 4129//2866 4128//2866 3873//2866
f 4130//2867 3874//2867 3876//2867
f 4130//2868 4129//2868 3874//2868
f 4131//2869 3876//2869 3877//2869
f 4131//2870 4130//2870 3876//2870
f 1566//2871 3877//2871 3883//2871
f 1566//2872 4131//2872 3877//2872
f 4132//2873 3883//2873 3885//2873
f 4132//2874 1566//2874 3883//2874
f 4133//2875 4132//2875 3885//2875
f 4133//2875 3885//2875 3888//2875
f 4134//2876 4133//2876 3888//2876
f 4134//2876 3888//2876 3889//2876
f 4135//158 4134//158 3889//158
f 4135//158 3889//158 3893//158
f 4136//2877 4135//2877 3893//2877
f 4136//2877 3893//2877 3895//2877
f 4136//2878 3895//2878 3901//2878
f 4137//2879 4136//2879 3901//2879
f 4138//2880 3901//2880 3902//2880
f 4138//2880 4137//2880 3901//2880
f 4139//2881 3902//2881 3905//2881
f 4139//2881 4138//2881 3902//2881
f 4140//176 3905//176 3906//176
f 4140//2882 3906//2882 3908//2882
f 4140//176 4139//176 3905//176
f 4141//2883 3908//2883 3909//2883
f 4141//2882 4140//2882 3908//2882
f 4142//2883 4141//2883 3909//2883
f 4143//2884 3909//2884 3914//2884
f 4143//2885 4142//2885 3909//2885
f 4144//2886 3914//2886 3918//2886
f 4144//2886 4143//2886 3914//2886
f 4145//2887 3918//2887 3921//2887
f 4145//2888 3921//2888 3922//2888
f 4145//2887 4144//2887 3918//2887
f 4146//2888 4145//2888 3922//2888
f 4147//2889 3922//2889 3925//2889
f 4147//2889 4146//2889 3922//2889
f 4148//2890 3925//2890 3929//2890
f 4148//2891 4147//2891 3925//2891
f 4149//2892 3929//2892 3931//2892
f 4149//2893 4148//2893 3929//2893
f 4150//2894 3931//2894 3933//2894
f 4150//2895 4149//2895 3931//2895
f 4151//2896 3933//2896 3936//2896
f 4151//2897 4150//2897 3933//2897
f 4152//2898 3936//2898 3940//2898
f 4152//2898 4151//2898 3936//2898
f 4153//2899 3940//2899 3942//2899
f 4153//2900 4152//2900 3940//2900
f 4154//2901 3942//2901 3945//2901
f 4154//2902 4153//2902 3942//2902
f 4155//2903 3945//2903 3949//2903
f 4155//2904 3949//2904 3952//2904
f 4155//2903 4154//2903 3945//2903
f 4156//2904 4155//2904 3952//2904
f 4157//2905 4156//2905 3952//2905
f 4157//2905 3952//2905 3954//2905
f 4158//2906 4157//2906 3954//2906
f 4158//2906 3954//2906 3958//2906
f 4159//2907 4158//2907 3958//2907
f 4159//2907 3958//2907 3962//2907
f 4160//2908 4159//2908 3962//2908
f 4160//2908 3962//2908 3964//2908
f 4161//2909 4160//2909 3964//2909
f 4161//2909 3964//2909 3967//2909
f 4162//2910 4161//2910 3967//2910
f 4162//2910 3967//2910 3970//2910
f 4163//2911 4162//2911 3970//2911
f 4163//2911 3970//2911 3972//2911
f 4164//2912 4163//2912 3972//2912
f 4164//2912 3972//2912 3974//2912
f 4165//2913 4164//2913 3974//2913
f 4165//2913 3974//2913 3977//2913
f 4166//2914 4165//2914 3977//2914
f 4166//2914 3977//2914 3981//2914
f 4167//2915 4166//2915 3981//2915
f 4167//2916 3981//2916 3985//2916
f 4168//2917 4167//2917 3985//2917
f 4168//2917 3985//2917 3988//2917
f 4169//2918 3988//2918 3992//2918
f 4169//2919 4168//2919 3988//2919
f 4170//2920 4169//2920 3992//2920
f 4170//2920 3992//2920 3996//2920
f 4049//2921 3996//2921 3999//2921
f 4049//2921 4170//2921 3996//2921
f 1573//2922 1570//2922 1772//2922
f 1570//2923 1762//2923 1772//2923
f 1762//2924 1567//2924 1750//2924
f 1570//2925 1567//2925 1762//2925
f 1750//2926 1565//2926 1751//2926
f 1567//2927 1565//2927 1750//2927
f 1565//2928 1563//2928 1751//2928
f 3382//2929 2469//2929 2464//2929
f 2456//2930 3382//2930 2464//2930
f 3385//2931 2456//2931 2442//2931
f 3385//2932 3382//2932 2456//2932
f 2432//2933 3385//2933 2442//2933
f 3388//2934 3385//2934 2432//2934
f 2417//2935 3388//2935 2432//2935
f 3389//2936 3388//2936 2417//2936
f 2399//2937 3389//2937 2417//2937
f 3392//2938 2399//2938 2377//2938
f 3392//2939 3389//2939 2399//2939
f 3395//2940 3392//2940 2377//2940
f 3398//2941 2377//2941 2360//2941
f 3398//2942 3395//2942 2377//2942
f 3401//2943 2360//2943 2342//2943
f 3401//2944 3398//2944 2360//2944
f 3404//2945 2342//2945 2329//2945
f 3404//2946 3401//2946 2342//2946
f 3407//2947 2329//2947 2319//2947
f 3407//2948 3404//2948 2329//2948
f 3410//2949 2319//2949 2309//2949
f 3410//2950 3407//2950 2319//2950
f 3413//2951 3410//2951 2309//2951
f 3413//2952 2309//2952 2302//2952
f 3416//2953 3413//2953 2302//2953
f 3416//2954 2302//2954 2293//2954
f 3419//2955 2293//2955 2284//2955
f 3419//2956 3416//2956 2293//2956
f 3422//2957 3419//2957 2284//2957
f 3422//2958 2284//2958 2272//2958
f 3425//2959 2272//2959 2259//2959
f 3425//2960 3422//2960 2272//2960
f 3426//2961 2259//2961 2243//2961
f 3426//2962 3425//2962 2259//2962
f 3429//2963 3426//2963 2243//2963
f 3432//2964 2243//2964 2226//2964
f 3432//2965 3429//2965 2243//2965
f 3435//2966 2226//2966 2206//2966
f 3435//2967 3432//2967 2226//2967
f 3436//2968 2206//2968 2188//2968
f 3436//2969 3435//2969 2206//2969
f 3439//2970 3436//2970 2188//2970
f 3442//2971 2188//2971 2172//2971
f 3442//2972 3439//2972 2188//2972
f 3445//2973 2172//2973 2157//2973
f 3445//2974 3442//2974 2172//2974
f 3446//2975 3445//2975 2157//2975
f 3449//2976 3446//2976 2157//2976
f 2145//2977 3449//2977 2157//2977
f 2811//7 2810//7 683//7
f 2812//18 2811//18 703//18
f 2813//15 2812//15 746//15
f 2814//26 2813//26 745//26
f 2815//26 2814//26 773//26
f 2816//2978 2815//2978 810//2978
f 2817//2979 2816//2979 824//2979
f 2821//2980 2820//2981 867//2981
f 2822//2982 2821//2982 867//2983
f 2818//2984 2817//2984 841//2984
f 2819//2985 2818//2985 850//2985
f 2820//2986 2819//2987 867//2986
f 4171//561 3282//561 4172//561
f 4172//560 3280//560 4173//560
f 3282//560 3280//560 4172//560
f 4171//567 3284//567 3282//567
f 3280//561 3278//561 4173//561
f 4173//561 3278//561 4174//561
f 4171//560 3286//560 3284//560
f 4175//560 3286//560 4171//560
f 4174//567 3276//567 4176//567
f 3278//561 3276//561 4174//561
f 4175//561 3288//561 3286//561
f 4177//561 3288//561 4175//561
f 3276//560 3274//560 4176//560
f 4176//560 3274//560 4178//560
f 4177//560 3290//560 3288//560
f 4179//560 3290//560 4177//560
f 4178//560 3272//560 4180//560
f 3274//561 3272//561 4178//561
f 4179//560 3292//560 3290//560
f 4181//560 3292//560 4179//560
f 3272//560 3270//560 4180//560
f 4180//560 3270//560 4182//560
f 4181//561 3294//561 3292//561
f 4183//560 3294//560 4181//560
f 3270//560 3268//560 4182//560
f 4182//560 3268//560 4184//560
f 4185//561 3296//561 4183//561
f 4183//560 3296//560 3294//560
f 4184//560 3266//560 4186//560
f 3268//566 3266//566 4184//566
f 4185//560 3298//560 3296//560
f 3266//565 3264//565 4186//565
f 4186//561 3264//561 4187//561
f 4185//560 3300//560 3298//560
f 4188//560 3300//560 4185//560
f 3264//561 3262//561 4187//561
f 4187//565 3262//565 4189//565
f 4190//560 3302//560 4188//560
f 4188//561 3302//561 3300//561
f 3262//560 3260//560 4189//560
f 4189//566 3260//566 4191//566
f 4192//560 3304//560 4190//560
f 4190//561 3304//561 3302//561
f 3260//561 3258//561 4191//561
f 4191//560 3258//560 4193//560
f 4193//560 3258//560 4194//560
f 4195//561 3306//561 4192//561
f 4192//560 3306//560 3304//560
f 4196//560 3308//560 4195//560
f 4195//561 3308//561 3306//561
f 4194//567 3256//567 4197//567
f 3258//565 3256//565 4194//565
f 4198//560 3310//560 4196//560
f 4196//560 3310//560 3308//560
f 3256//566 3255//566 4197//566
f 4197//560 3255//560 4199//560
f 4198//561 3312//561 3310//561
f 4199//561 3254//561 4200//561
f 4200//567 3254//567 4201//567
f 3255//560 3254//560 4199//560
f 4202//561 3314//561 4198//561
f 4198//560 3314//560 3312//560
f 4201//560 3544//560 4203//560
f 3254//560 3544//560 4201//560
f 4204//560 3316//560 4202//560
f 4202//560 3316//560 3314//560
f 4203//567 3542//567 4205//567
f 3544//563 3542//563 4203//563
f 4204//561 3318//561 3316//561
f 4206//561 3318//561 4204//561
f 4205//560 3540//560 4207//560
f 4207//560 3540//560 4208//560
f 3542//562 3540//562 4205//562
f 4209//560 3320//560 4206//560
f 4206//560 3320//560 3318//560
f 3540//561 3537//561 4208//561
f 4208//563 3537//563 4210//563
f 4211//560 3322//560 4209//560
f 4209//560 3322//560 3320//560
f 3537//560 3535//560 4210//560
f 4210//562 3535//562 4212//562
f 4213//560 3324//560 4211//560
f 4211//561 3324//561 3322//561
f 3535//561 3530//561 4212//561
f 4212//561 3530//561 4214//561
f 4213//560 3326//560 3324//560
f 4215//560 3326//560 4213//560
f 3530//562 3527//562 4214//562
f 4214//560 3527//560 4216//560
f 4217//561 3328//561 4215//561
f 4215//561 3328//561 3326//561
f 3527//563 3524//563 4216//563
f 4216//560 3524//560 4218//560
f 4219//560 3330//560 4217//560
f 4217//561 3330//561 3328//561
f 4220//561 3332//561 4219//561
f 4219//560 3332//560 3330//560
f 4218//560 3521//560 4221//560
f 3524//560 3521//560 4218//560
f 4220//561 3334//561 3332//561
f 4222//560 3334//560 4220//560
f 3521//560 3519//560 4221//560
f 4221//560 3519//560 4223//560
f 4224//561 3336//561 4225//561
f 4225//561 3336//561 4222//561
f 4222//560 3336//560 3334//560
f 3519//561 3514//561 4223//561
f 3514//560 4226//560 4223//560
f 4227//560 3338//560 4224//560
f 4224//560 3338//560 3336//560
f 3514//560 3511//560 4226//560
f 3511//560 4228//560 4226//560
f 4229//560 3340//560 4230//560
f 4230//561 3340//561 4227//561
f 4227//563 3340//563 3338//563
f 3511//561 3507//561 4228//561
f 4229//560 3342//560 3340//560
f 4231//560 3342//560 4229//560
f 3507//567 4232//567 4228//567
f 3507//561 3504//561 4232//561
f 4233//563 3344//563 4231//563
f 4231//562 3344//562 3342//562
f 3501//560 4234//560 3504//560
f 3504//560 4234//560 4232//560
f 4233//560 4235//560 3344//560
f 4235//563 3346//563 3344//563
f 3499//560 4236//560 3501//560
f 3501//561 4236//561 4234//561
f 4235//562 4237//562 3346//562
f 4237//560 3348//560 3346//560
f 3499//560 3496//560 4236//560
f 3496//560 4238//560 4236//560
f 4237//560 4239//560 3348//560
f 3348//560 4239//560 3350//560
f 3496//561 3494//561 4238//561
f 3494//561 4240//561 4238//561
f 4239//560 4241//560 3350//560
f 3350//560 4241//560 3352//560
f 3494//560 3492//560 4240//560
f 3492//560 4242//560 4240//560
f 3490//560 4242//560 3492//560
f 4241//560 4243//560 3352//560
f 3352//562 4243//562 3354//562
f 3488//561 4244//561 3490//561
f 3490//560 4244//560 4242//560
f 4243//561 4245//561 3354//561
f 3354//560 4245//560 3358//560
f 3488//560 4246//560 4244//560
f 3486//560 4246//560 3488//560
f 4245//560 4247//560 3358//560
f 3358//563 4247//563 3357//563
f 3482//560 4248//560 3484//560
f 3484//561 4248//561 3486//561
f 3486//561 4248//561 4246//561
f 4247//560 4249//560 3357//560
f 3357//560 4249//560 3360//560
f 3480//561 4250//561 3482//561
f 3482//560 4250//560 4248//560
f 4249//560 4251//560 3360//560
f 3360//560 4251//560 3362//560
f 3478//561 4252//561 3480//561
f 3480//560 4252//560 4250//560
f 4251//560 4253//560 3362//560
f 3362//562 4253//562 3364//562
f 3476//560 4254//560 3478//560
f 3478//567 4254//567 4252//567
f 3364//563 4255//563 3366//563
f 4253//561 4255//561 3364//561
f 3474//561 4256//561 3476//561
f 3476//561 4256//561 4254//561
f 3366//560 4257//560 3368//560
f 3368//562 4257//562 3370//562
f 4255//560 4257//560 3366//560
f 3472//560 4258//560 3474//560
f 3474//560 4258//560 4256//560
f 3370//2988 4259//2988 3372//2988
f 4257//567 4259//567 3370//567
f 3472//560 4260//560 4258//560
f 3468//560 4260//560 3470//560
f 3470//561 4260//561 3472//561
f 4259//560 4261//560 3372//560
f 3372//560 4261//560 3374//560
f 3466//560 4262//560 3468//560
f 3468//561 4262//561 4260//561
f 3466//560 4263//560 4262//560
f 3464//561 4263//561 3466//561
f 4261//560 4264//560 3374//560
f 3374//560 4264//560 3376//560
f 3462//560 4265//560 3464//560
f 3464//561 4265//561 4263//561
f 4264//560 4266//560 3376//560
f 3376//560 4266//560 3378//560
f 3378//560 4266//560 3380//560
f 3460//560 4267//560 3462//560
f 3462//560 4267//560 4265//560
f 4266//560 4268//560 3380//560
f 3380//560 4268//560 3383//560
f 3458//561 4269//561 3460//561
f 3460//560 4269//560 4267//560
f 4268//560 4270//560 3383//560
f 3383//560 4270//560 3386//560
f 3456//560 4271//560 3458//560
f 3458//560 4271//560 4269//560
f 4270//560 4272//560 3386//560
f 3386//568 4272//568 3390//568
f 3454//561 4273//561 3456//561
f 3456//560 4273//560 4271//560
f 4272//567 4274//567 3390//567
f 3390//565 4274//565 3393//565
f 3393//560 4274//560 3396//560
f 3452//561 4275//561 3454//561
f 3454//561 4275//561 4273//561
f 4274//560 4276//560 3396//560
f 3396//566 4276//566 3399//566
f 3450//560 4277//560 3452//560
f 3452//560 4277//560 4275//560
f 4276//561 4278//561 3399//561
f 3399//565 4278//565 3402//565
f 3447//561 4279//561 3450//561
f 3450//561 4279//561 4277//561
f 4278//560 4280//560 3402//560
f 3402//560 4280//560 3405//560
f 3443//560 4281//560 3447//560
f 3447//560 4281//560 4279//560
f 3443//561 4282//561 4281//561
f 4280//560 4283//560 3405//560
f 3405//560 4283//560 3408//560
f 3443//561 4284//561 4282//561
f 3440//560 4284//560 3443//560
f 4283//560 4285//560 3408//560
f 3408//566 4285//566 3411//566
f 3437//566 4286//566 3440//566
f 3440//560 4286//560 4284//560
f 4285//560 4287//560 3411//560
f 3411//560 4287//560 3414//560
f 3437//561 4288//561 4286//561
f 3414//565 4289//565 3417//565
f 4287//561 4289//561 3414//561
f 3437//560 4290//560 4288//560
f 3433//560 4290//560 3437//560
f 3417//560 4291//560 3420//560
f 4289//560 4291//560 3417//560
f 3430//565 4292//565 3433//565
f 3433//560 4292//560 4290//560
f 3420//560 4293//560 3423//560
f 4291//560 4293//560 3420//560
f 3430//566 4294//566 4292//566
f 3423//560 4295//560 3427//560
f 4293//560 4295//560 3423//560
f 3427//566 4296//566 3430//566
f 3430//560 4296//560 4294//560
f 4295//565 4296//565 3427//565
f 4297//561 4298//561 4299//561
f 4300//2989 4298//2989 4297//2989
f 4301//560 4299//560 4302//560
f 4301//560 4297//560 4299//560
f 4303//2990 4298//2990 4300//2990
f 4303//2991 4304//2991 4298//2991
f 4305//2992 4302//2992 3441//2992
f 4305//2993 4301//2993 4302//2993
f 4306//2994 4304//2994 4303//2994
f 4306//2995 4307//2995 4308//2995
f 4306//2996 4308//2996 4304//2996
f 4309//2997 4305//2997 3441//2997
f 4309//2997 3441//2997 4310//2997
f 4311//565 4307//565 4306//565
f 4312//2989 4309//2989 4310//2989
f 4312//560 4310//560 4313//560
f 4314//2996 4315//2996 4307//2996
f 4314//2995 4307//2995 4311//2995
f 4316//562 4312//562 4313//562
f 4316//2998 4313//2998 4317//2998
f 4316//2998 4317//2998 4318//2998
f 4319//2996 4320//2996 4315//2996
f 4319//2996 4315//2996 4314//2996
f 4321//2998 4316//2998 4318//2998
f 4322//2999 4320//2999 4319//2999
f 4322//3000 4323//3000 4320//3000
f 4324//3001 4321//3001 4318//3001
f 4324//564 4318//564 4325//564
f 4324//561 4325//561 4326//561
f 4327//3002 4323//3002 4322//3002
f 4327//566 4328//566 4323//566
f 4329//3003 4324//3003 4326//3003
f 4330//3004 4328//3004 4327//3004
f 4330//3005 4331//3005 4328//3005
f 4332//2997 4329//2997 4326//2997
f 4332//3006 4326//3006 4333//3006
f 4332//566 4333//566 4334//566
f 4335//3007 4331//3007 4330//3007
f 4335//3008 4336//3008 4331//3008
f 4337//3009 4332//3009 4334//3009
f 4337//565 4334//565 4338//565
f 4339//3010 4336//3010 4335//3010
f 4339//560 4340//560 4336//560
f 4341//3011 4337//3011 4338//3011
f 4341//562 4338//562 4342//562
f 4343//2993 4340//2993 4339//2993
f 4343//565 4344//565 4340//565
f 4345//561 4341//561 4342//561
f 4346//2992 4344//2992 4343//2992
f 4346//3012 4347//3012 4348//3012
f 4346//2992 4348//2992 4344//2992
f 4349//3013 4345//3013 4342//3013
f 4349//3014 4342//3014 4350//3014
f 4351//3012 4347//3012 4346//3012
f 4352//3015 4349//3015 4350//3015
f 4352//2993 4350//2993 4353//2993
f 4354//3016 4355//3016 3387//3016
f 4354//3017 3387//3017 4347//3017
f 4354//3018 4347//3018 4351//3018
f 4356//2990 4352//2990 4353//2990
f 4356//3015 4353//3015 4357//3015
f 4358//3019 4355//3019 4354//3019
f 4359//3003 4356//3003 4357//3003
f 4359//3020 4357//3020 4360//3020
f 4361//2998 4362//2998 4355//2998
f 4361//3017 4355//3017 4358//3017
f 4363//3021 4359//3021 4360//3021
f 4363//3006 4360//3006 3475//3006
f 4364//3007 4362//3007 4361//3007
f 4364//3019 4365//3019 4362//3019
f 4366//3003 4363//3003 3475//3003
f 4366//2997 3475//2997 3477//2997
f 4367//3022 4365//3022 4364//3022
f 4367//3022 4368//3022 4365//3022
f 4369//3015 4366//3015 3477//3015
f 4369//3014 3477//3014 4370//3014
f 4371//3004 4368//3004 4367//3004
f 4371//3004 4372//3004 4368//3004
f 4373//3014 4369//3014 4370//3014
f 4373//2998 4370//2998 4374//2998
f 4375//2992 4372//2992 4371//2992
f 4375//562 4376//562 4372//562
f 4377//563 4373//563 4374//563
f 4377//565 4374//565 3483//565
f 4378//2995 4379//2995 4380//2995
f 4378//561 4380//561 4376//561
f 4378//3023 4376//3023 4375//3023
f 4381//565 3483//565 3485//565
f 4381//2996 4377//2996 3483//2996
f 4382//3018 4379//3018 4378//3018
f 4383//3015 3485//3015 3487//3015
f 4383//560 4381//560 3485//560
f 4384//2992 4379//2992 4382//2992
f 4384//2992 4385//2992 4379//2992
f 4386//3024 3487//3024 4387//3024
f 4386//2991 4387//2991 3491//2991
f 4386//3025 4383//3025 3487//3025
f 4388//3026 4385//3026 4384//3026
f 4388//3014 4389//3014 4385//3014
f 4390//3027 4386//3027 3491//3027
f 4391//3028 4389//3028 4388//3028
f 4391//3029 4392//3029 4389//3029
f 4393//3030 4392//3030 4391//3030
f 4394//562 3491//562 3493//562
f 4394//3031 4390//3031 3491//3031
f 4395//3032 4393//3032 4391//3032
f 4396//3033 3493//3033 4397//3033
f 4396//560 4394//560 3493//560
f 4398//3034 4399//3034 4393//3034
f 4398//3007 4393//3007 4395//3007
f 4400//566 4397//566 4401//566
f 4400//566 4396//566 4397//566
f 4402//3008 4403//3008 4399//3008
f 4402//562 4399//562 4398//562
f 3500//2992 4400//2992 4401//2992
f 4404//562 4400//562 3500//562
f 4405//3030 4403//3030 4402//3030
f 4406//3035 4405//3035 4402//3035
f 4407//563 3500//563 4408//563
f 4407//3036 4404//3036 3500//3036
f 4409//563 4410//563 4405//563
f 4409//3022 4405//3022 4406//3022
f 4411//3037 4407//3037 4408//3037
f 4412//3004 4407//3004 4411//3004
f 4413//565 4410//565 4409//565
f 4413//3038 4409//3038 4414//3038
f 4415//3039 4412//3039 4411//3039
f 4415//3040 4416//3040 4412//3040
f 4417//560 4414//560 4418//560
f 4417//561 4413//561 4414//561
f 4419//3041 4416//3041 4415//3041
f 4420//3008 4419//3008 4415//3008
f 4421//563 4417//563 4418//563
f 4421//3030 4418//3030 4422//3030
f 3516//3008 4419//3008 4420//3008
f 3516//2992 4423//2992 4419//2992
f 4424//2998 4421//2998 4422//2998
f 4424//565 4422//565 4425//565
f 4426//2992 4423//2992 3516//2992
f 4426//560 4427//560 4423//560
f 4428//2998 4424//2998 4425//2998
f 4428//563 4425//563 4429//563
f 4430//3034 4427//3034 4426//3034
f 4430//3019 4431//3019 4427//3019
f 3341//3039 4428//3039 4429//3039
f 3341//560 4429//560 4432//560
f 4433//2997 3341//2997 4432//2997
f 4434//3017 4435//3017 4431//3017
f 4434//3042 4431//3042 4430//3042
f 4436//2997 3341//2997 4433//2997
f 4437//3043 4438//3043 4435//3043
f 4437//562 4435//562 4434//562
f 4439//3044 4436//3044 4433//3044
f 4439//3045 4433//3045 4440//3045
f 4441//3028 4442//3028 4438//3028
f 4441//565 4438//565 4437//565
f 4443//2998 4444//2998 4445//2998
f 4443//3003 4440//3003 4444//3003
f 4443//561 4439//561 4440//561
f 4446//562 4447//562 4442//562
f 4446//3017 4442//3017 4441//3017
f 4448//3006 4443//3006 4445//3006
f 4449//3007 4450//3007 4447//3007
f 4449//2997 4451//2997 4450//2997
f 4449//2992 4447//2992 4446//2992
f 4452//3046 4453//3046 4454//3046
f 4452//3047 4445//3047 4453//3047
f 4452//563 4448//563 4445//563
f 4455//560 4451//560 4449//560
f 3329//565 4452//565 4454//565
f 4456//2989 4457//2989 4451//2989
f 4456//3029 4451//3029 4455//3029
f 4458//565 3329//565 4454//565
f 4458//561 4454//561 4459//561
f 4460//3004 4461//3004 4457//3004
f 4460//3048 4457//3048 4456//3048
f 4462//3044 4458//3044 4459//3044
f 4462//3015 4463//3015 4464//3015
f 4462//3015 4459//3015 4463//3015
f 4465//3049 4466//3049 4461//3049
f 4465//3007 4461//3007 4460//3007
f 4467//3034 4462//3034 4464//3034
f 4468//3050 4466//3050 4465//3050
f 4468//3051 4469//3051 4466//3051
f 4468//3034 4470//3034 4469//3034
f 4471//3001 4467//3001 4464//3001
f 4471//3006 4464//3006 4472//3006
f 4473//3004 4470//3004 4468//3004
f 4474//3014 4471//3014 4472//3014
f 4474//3036 4475//3036 4476//3036
f 4474//3052 4472//3052 4475//3052
f 4477//2992 4470//2992 4473//2992
f 4477//2993 4478//2993 4470//2993
f 4477//3028 4479//3028 4478//3028
f 3317//3006 4474//3006 4476//3006
f 4480//3053 4481//3053 4479//3053
f 4480//3029 4479//3029 4477//3029
f 4482//2997 3317//2997 4476//2997
f 4482//3054 4483//3054 4484//3054
f 4482//3055 4476//3055 4483//3055
f 4485//3018 4481//3018 4480//3018
f 3313//3014 4482//3014 4484//3014
f 4486//3020 4487//3020 4481//3020
f 4486//3005 4488//3005 4487//3005
f 4486//3007 4481//3007 4485//3007
f 4489//3020 4484//3020 4490//3020
f 4489//3039 3313//3039 4484//3039
f 4491//3050 4488//3050 4486//3050
f 4492//2989 4490//2989 4493//2989
f 4492//562 4489//562 4490//562
f 4494//2998 4495//2998 4488//2998
f 4494//3018 4496//3018 4495//3018
f 4494//560 4488//560 4491//560
f 3307//2992 4492//2992 4493//2992
f 3307//3006 4493//3006 4497//3006
f 4498//565 4499//565 4496//565
f 4498//3004 4496//3004 4494//3004
f 4500//3001 3307//3001 4497//3001
f 4500//3056 4501//3056 4502//3056
f 4500//565 4497//565 4501//565
f 4503//3019 4499//3019 4498//3019
f 4503//3051 4504//3051 4499//3051
f 4505//2990 4500//2990 4502//2990
f 4506//562 4504//562 4503//562
f 4507//2991 4505//2991 4502//2991
f 4507//3057 4502//3057 4508//3057
f 4509//3058 4510//3058 4504//3058
f 4509//2998 4504//2998 4506//2998
f 4511//562 4507//562 4508//562
f 4511//560 4512//560 4513//560
f 4511//2990 4508//2990 4512//2990
f 4514//3059 4510//3059 4509//3059
f 4514//2990 4515//2990 4510//2990
f 4514//3017 4516//3017 4515//3017
f 4517//3013 4511//3013 4513//3013
f 4518//2998 4516//2998 4514//2998
f 3295//563 4513//563 4519//563
f 3295//563 4517//563 4513//563
f 4520//2993 4516//2993 4518//2993
f 4520//563 4521//563 4516//563
f 4522//3004 3295//3004 4519//3004
f 4522//3060 4523//3060 4524//3060
f 4522//565 4519//565 4523//565
f 4525//2996 4526//2996 4521//2996
f 4525//3020 4521//3020 4520//3020
f 4527//566 4522//566 4524//566
f 3287//3059 4528//3059 4526//3059
f 3287//2995 4526//2995 4525//2995
f 4529//3052 4530//3052 4528//3052
f 4529//2992 4524//2992 4530//2992
f 4529//3061 4527//3061 4524//3061
f 4529//2998 4528//2998 3287//2998
f 4266//3062 4264//3062 4531//3062
f 4531//3062 4264//3062 4532//3062
f 4532//3063 4261//3063 4533//3063
f 4264//3063 4261//3063 4532//3063
f 4533//3064 4259//3064 4534//3064
f 4261//3065 4259//3065 4533//3065
f 4534//3066 4257//3066 4535//3066
f 4535//3067 4257//3067 4536//3067
f 4259//3068 4257//3068 4534//3068
f 4257//1938 4255//1938 4536//1938
f 4536//3069 4253//3069 4537//3069
f 4537//3070 4253//3070 4538//3070
f 4255//3071 4253//3071 4536//3071
f 4253//3070 4251//3070 4538//3070
f 4538//3072 4249//3072 4539//3072
f 4251//3072 4249//3072 4538//3072
f 4539//3073 4247//3073 4540//3073
f 4249//3073 4247//3073 4539//3073
f 4540//3074 4245//3074 4541//3074
f 4541//3075 4245//3075 4542//3075
f 4247//3074 4245//3074 4540//3074
f 4245//3075 4243//3075 4542//3075
f 4243//3076 4241//3076 4542//3076
f 4542//3077 4241//3077 4543//3077
f 4241//3078 4239//3078 4543//3078
f 4543//3078 4239//3078 4544//3078
f 4239//3079 4237//3079 4544//3079
f 4544//3079 4237//3079 4545//3079
f 4545//3080 4235//3080 4546//3080
f 4237//3081 4235//3081 4545//3081
f 4546//3082 4233//3082 4547//3082
f 4547//3083 4233//3083 4548//3083
f 4235//3084 4233//3084 4546//3084
f 4548//1895 4231//1895 4549//1895
f 4233//3085 4231//3085 4548//3085
f 4231//3086 4229//3086 4549//3086
f 4229//3087 4230//3087 4549//3087
f 4549//3087 4230//3087 4550//3087
f 4550//3088 4227//3088 4551//3088
f 4551//3089 4227//3089 4552//3089
f 4230//3088 4227//3088 4550//3088
f 4227//3089 4224//3089 4552//3089
f 4552//3090 4225//3090 4553//3090
f 4224//3090 4225//3090 4552//3090
f 4553//3091 4222//3091 4554//3091
f 4225//3091 4222//3091 4553//3091
f 4554//3092 4220//3092 4555//3092
f 4222//3092 4220//3092 4554//3092
f 4555//3093 4219//3093 4556//3093
f 4220//3094 4219//3094 4555//3094
f 4556//3095 4217//3095 4557//3095
f 4219//3095 4217//3095 4556//3095
f 4557//1865 4215//1865 4558//1865
f 4217//3096 4215//3096 4557//3096
f 4558//3097 4213//3097 4559//3097
f 4215//3097 4213//3097 4558//3097
f 4559//1859 4211//1859 4560//1859
f 4560//3098 4211//3098 4561//3098
f 4213//1859 4211//1859 4559//1859
f 4211//3098 4209//3098 4561//3098
f 4561//3099 4206//3099 4562//3099
f 4562//880 4206//880 4563//880
f 4209//3099 4206//3099 4561//3099
f 4206//880 4204//880 4563//880
f 4563//3100 4202//3100 4564//3100
f 4564//1844 4202//1844 4565//1844
f 4204//3100 4202//3100 4563//3100
f 4202//1844 4198//1844 4565//1844
f 4565//3101 4196//3101 4566//3101
f 4566//3102 4196//3102 4567//3102
f 4198//3101 4196//3101 4565//3101
f 4196//3102 4195//3102 4567//3102
f 4195//3103 4192//3103 4567//3103
f 4567//3103 4192//3103 4568//3103
f 4192//3104 4190//3104 4568//3104
f 4568//1833 4190//1833 4569//1833
f 4190//3105 4188//3105 4569//3105
f 4569//3106 4188//3106 4570//3106
f 4188//1827 4185//1827 4570//1827
f 4570//3107 4185//3107 4571//3107
f 4185//3108 4183//3108 4571//3108
f 4571//3109 4183//3109 4572//3109
f 4183//3110 4181//3110 4572//3110
f 4572//3110 4181//3110 4573//3110
f 4181//3111 4179//3111 4573//3111
f 4573//3111 4179//3111 4574//3111
f 4179//1815 4177//1815 4574//1815
f 4574//3112 4177//3112 4575//3112
f 4177//3113 4175//3113 4575//3113
f 4575//3114 4175//3114 4576//3114
f 4175//3115 4171//3115 4576//3115
f 4576//3116 4171//3116 4577//3116
f 4171//3117 4172//3117 4577//3117
f 4577//3118 4172//3118 4578//3118
f 4578//3119 4173//3119 4579//3119
f 4172//3119 4173//3119 4578//3119
f 4579//3120 4174//3120 4580//3120
f 4173//3121 4174//3121 4579//3121
f 4580//3122 4176//3122 4581//3122
f 4174//3122 4176//3122 4580//3122
f 4581//3123 4178//3123 4582//3123
f 4176//3124 4178//3124 4581//3124
f 4582//3125 4180//3125 4583//3125
f 4178//3125 4180//3125 4582//3125
f 4583//3126 4182//3126 4584//3126
f 4180//3126 4182//3126 4583//3126
f 4584//3127 4184//3127 4585//3127
f 4182//3127 4184//3127 4584//3127
f 4585//3128 4186//3128 4586//3128
f 4184//3129 4186//3129 4585//3129
f 4586//3130 4187//3130 4587//3130
f 4186//3130 4187//3130 4586//3130
f 4587//3131 4189//3131 4588//3131
f 4187//3132 4189//3132 4587//3132
f 4588//3133 4191//3133 4589//3133
f 4189//3133 4191//3133 4588//3133
f 4589//3134 4193//3134 4590//3134
f 4191//3134 4193//3134 4589//3134
f 4590//3135 4194//3135 4591//3135
f 4193//3135 4194//3135 4590//3135
f 4591//3136 4197//3136 4592//3136
f 4194//3137 4197//3137 4591//3137
f 4197//3138 4199//3138 4592//3138
f 4592//3139 4199//3139 4593//3139
f 4199//3140 4594//3140 4593//3140
f 4593//1757 4594//1757 4595//1757
f 4594//2155 4201//2155 4595//2155
f 4595//3141 4201//3141 4596//3141
f 4596//3142 4201//3142 4597//3142
f 4201//3143 4203//3143 4597//3143
f 4203//3144 4205//3144 4597//3144
f 4597//3145 4205//3145 4598//3145
f 4205//3146 4207//3146 4598//3146
f 4598//3147 4207//3147 4599//3147
f 4207//3148 4208//3148 4599//3148
f 4599//3148 4208//3148 4600//3148
f 4208//3149 4210//3149 4600//3149
f 4600//3149 4210//3149 4601//3149
f 4601//3150 4210//3150 4602//3150
f 4210//3151 4212//3151 4602//3151
f 4212//3152 4214//3152 4602//3152
f 4602//3152 4214//3152 4603//3152
f 4214//3153 4216//3153 4603//3153
f 4603//3154 4216//3154 4604//3154
f 4216//3155 4218//3155 4604//3155
f 4604//3155 4218//3155 4605//3155
f 4218//3156 4221//3156 4605//3156
f 4605//3156 4221//3156 4606//3156
f 4221//3157 4223//3157 4606//3157
f 4606//3157 4223//3157 4607//3157
f 4223//3158 4226//3158 4607//3158
f 4607//3158 4226//3158 4608//3158
f 4226//3159 4228//3159 4608//3159
f 4608//3159 4228//3159 4609//3159
f 4228//3160 4232//3160 4609//3160
f 4609//3160 4232//3160 4610//3160
f 4232//3161 4234//3161 4610//3161
f 4610//3161 4234//3161 4611//3161
f 4234//3162 4236//3162 4611//3162
f 4611//3162 4236//3162 4612//3162
f 4236//3163 4238//3163 4612//3163
f 4612//3164 4238//3164 4613//3164
f 4238//3165 4240//3165 4613//3165
f 4613//3165 4240//3165 4614//3165
f 4614//3166 4242//3166 4615//3166
f 4240//3167 4242//3167 4614//3167
f 4615//3168 4244//3168 4616//3168
f 4242//3168 4244//3168 4615//3168
f 4616//3169 4246//3169 4617//3169
f 4244//3169 4246//3169 4616//3169
f 4617//3170 4248//3170 4618//3170
f 4246//3171 4248//3171 4617//3171
f 4618//3172 4250//3172 4619//3172
f 4248//3173 4250//3173 4618//3173
f 4250//3174 4252//3174 4619//3174
f 4619//3174 4252//3174 4620//3174
f 4252//3175 4254//3175 4620//3175
f 4620//3176 4254//3176 4621//3176
f 4254//3177 4256//3177 4621//3177
f 4621//3177 4256//3177 4622//3177
f 4256//3178 4258//3178 4622//3178
f 4622//3178 4258//3178 4623//3178
f 4258//3179 4260//3179 4623//3179
f 4623//3179 4260//3179 4624//3179
f 4260//3180 4262//3180 4624//3180
f 4624//3180 4262//3180 4625//3180
f 4262//3181 4263//3181 4625//3181
f 4625//3181 4263//3181 4626//3181
f 4263//946 4265//946 4626//946
f 4626//946 4265//946 4627//946
f 4265//3182 4267//3182 4627//3182
f 4627//3182 4267//3182 4628//3182
f 4267//3183 4269//3183 4628//3183
f 4628//3183 4269//3183 4629//3183
f 4269//3184 4271//3184 4629//3184
f 4629//3184 4271//3184 4630//3184
f 4271//3185 4273//3185 4630//3185
f 4630//3185 4273//3185 4631//3185
f 4631//3186 4275//3186 4632//3186
f 4632//3187 4275//3187 4633//3187
f 4273//3186 4275//3186 4631//3186
f 4275//3187 4277//3187 4633//3187
f 4633//3188 4279//3188 4634//3188
f 4277//3189 4279//3189 4633//3189
f 4634//3190 4281//3190 4635//3190
f 4635//3191 4281//3191 4636//3191
f 4279//3190 4281//3190 4634//3190
f 4636//3192 4282//3192 4637//3192
f 4281//3191 4282//3191 4636//3191
f 4282//3192 4284//3192 4637//3192
f 4637//3193 4286//3193 4638//3193
f 4284//3193 4286//3193 4637//3193
f 4638//3194 4288//3194 4639//3194
f 4286//3194 4288//3194 4638//3194
f 4639//3195 4290//3195 4640//3195
f 4288//3195 4290//3195 4639//3195
f 4640//3196 4292//3196 4641//3196
f 4641//3197 4292//3197 4642//3197
f 4290//3198 4292//3198 4640//3198
f 4292//3199 4294//3199 4642//3199
f 4642//3200 4296//3200 4643//3200
f 4643//3201 4296//3201 4644//3201
f 4294//3200 4296//3200 4642//3200
f 4296//3201 4295//3201 4644//3201
f 4295//3202 4293//3202 4644//3202
f 4644//3202 4293//3202 4645//3202
f 4293//3203 4291//3203 4645//3203
f 4645//3203 4291//3203 4646//3203
f 4646//3204 4291//3204 4647//3204
f 4291//3205 4289//3205 4647//3205
f 4289//3206 4287//3206 4647//3206
f 4647//3206 4287//3206 4648//3206
f 4648//3207 4285//3207 4649//3207
f 4287//3208 4285//3208 4648//3208
f 4649//3209 4283//3209 4650//3209
f 4650//3210 4283//3210 4651//3210
f 4285//3209 4283//3209 4649//3209
f 4283//3210 4280//3210 4651//3210
f 4651//3211 4278//3211 4652//3211
f 4280//3211 4278//3211 4651//3211
f 4652//3212 4276//3212 4653//3212
f 4278//3213 4276//3213 4652//3213
f 4653//3214 4274//3214 4654//3214
f 4654//3215 4274//3215 4655//3215
f 4276//1966 4274//1966 4653//1966
f 4274//3215 4272//3215 4655//3215
f 4655//3216 4270//3216 4656//3216
f 4656//3217 4270//3217 4657//3217
f 4272//3218 4270//3218 4655//3218
f 4270//3217 4268//3217 4657//3217
f 4657//1953 4266//1953 4531//1953
f 4268//1953 4266//1953 4657//1953
f 4470//3219 4478//3219 4658//3219
f 4658//1953 4478//1953 4659//1953
f 4659//3220 4478//3220 4660//3220
f 4478//3221 4479//3221 4660//3221
f 4660//3218 4481//3218 4661//3218
f 4479//1960 4481//1960 4660//1960
f 4661//3222 4487//3222 4662//3222
f 4481//3223 4487//3223 4661//3223
f 4662//3224 4488//3224 4663//3224
f 4663//3213 4488//3213 4664//3213
f 4487//3225 4488//3225 4662//3225
f 4488//3226 4495//3226 4664//3226
f 4664//3227 4496//3227 4665//3227
f 4665//3210 4496//3210 4666//3210
f 4495//3228 4496//3228 4664//3228
f 4496//3229 4499//3229 4666//3229
f 4666//3209 4504//3209 4667//3209
f 4499//3230 4504//3230 4666//3230
f 4667//3207 4510//3207 4668//3207
f 4504//3231 4510//3231 4667//3231
f 4510//3232 4515//3232 4668//3232
f 4668//3206 4515//3206 4669//3206
f 4669//3204 4515//3204 4670//3204
f 4515//3233 4516//3233 4670//3233
f 4670//3203 4516//3203 4671//3203
f 4516//3234 4521//3234 4671//3234
f 4521//3235 4526//3235 4671//3235
f 4671//3235 4526//3235 4672//3235
f 4526//3236 4528//3236 4672//3236
f 4672//3237 4528//3237 4673//3237
f 4528//3238 4530//3238 4673//3238
f 4673//3200 4530//3200 4674//3200
f 4530//3239 4524//3239 4674//3239
f 4674//3239 4524//3239 4675//3239
f 4675//2007 4524//2007 4676//2007
f 4524//3240 4523//3240 4676//3240
f 4523//3241 4519//3241 4676//3241
f 4676//3242 4519//3242 4677//3242
f 4519//3194 4513//3194 4677//3194
f 4677//3194 4513//3194 4678//3194
f 4513//3243 4512//3243 4678//3243
f 4678//3244 4512//3244 4679//3244
f 4512//3245 4508//3245 4679//3245
f 4679//3192 4508//3192 4680//3192
f 4680//3191 4502//3191 4681//3191
f 4508//3246 4502//3246 4680//3246
f 4681//3190 4501//3190 4682//3190
f 4502//3247 4501//3247 4681//3247
f 4682//3188 4497//3188 4683//3188
f 4501//3188 4497//3188 4682//3188
f 4683//2036 4493//2036 4684//2036
f 4497//2036 4493//2036 4683//2036
f 4684//3248 4490//3248 4685//3248
f 4493//3248 4490//3248 4684//3248
f 4685//2043 4484//2043 4686//2043
f 4490//2043 4484//2043 4685//2043
f 4686//3249 4483//3249 4687//3249
f 4484//3250 4483//3250 4686//3250
f 4687//3251 4476//3251 4688//3251
f 4483//3252 4476//3252 4687//3252
f 4688//3253 4475//3253 4689//3253
f 4476//3253 4475//3253 4688//3253
f 4689//946 4472//946 4690//946
f 4475//946 4472//946 4689//946
f 4690//2057 4464//2057 4691//2057
f 4691//3254 4464//3254 4692//3254
f 4472//2057 4464//2057 4690//2057
f 4464//3254 4463//3254 4692//3254
f 4692//3255 4459//3255 4693//3255
f 4463//3256 4459//3256 4692//3256
f 4693//3257 4454//3257 4694//3257
f 4459//3257 4454//3257 4693//3257
f 4454//3177 4453//3177 4694//3177
f 4694//3258 4453//3258 4695//3258
f 4453//3175 4445//3175 4695//3175
f 4695//3259 4445//3259 4696//3259
f 4445//3260 4444//3260 4696//3260
f 4696//3174 4444//3174 4697//3174
f 4444//3261 4440//3261 4697//3261
f 4697//3172 4440//3172 4698//3172
f 4440//3262 4433//3262 4698//3262
f 4698//3263 4433//3263 4699//3263
f 4699//3169 4433//3169 4700//3169
f 4433//3264 4432//3264 4700//3264
f 4700//3168 4432//3168 4701//3168
f 4432//3265 4429//3265 4701//3265
f 4429//3167 4425//3167 4701//3167
f 4701//3167 4425//3167 4702//3167
f 4702//3266 4425//3266 4703//3266
f 4425//3266 4422//3266 4703//3266
f 4703//3164 4422//3164 4704//3164
f 4422//3267 4418//3267 4704//3267
f 4418//3268 4414//3268 4704//3268
f 4704//3269 4414//3269 4705//3269
f 4414//3270 4409//3270 4705//3270
f 4705//3271 4409//3271 4706//3271
f 4409//3272 4406//3272 4706//3272
f 4706//3160 4406//3160 4707//3160
f 4707//3273 4406//3273 4708//3273
f 4406//3274 4402//3274 4708//3274
f 4708//3275 4402//3275 4709//3275
f 4402//3276 4398//3276 4709//3276
f 4398//3277 4395//3277 4709//3277
f 4709//3278 4395//3278 4710//3278
f 4395//3279 4391//3279 4710//3279
f 4710//3156 4391//3156 4711//3156
f 4391//3280 4388//3280 4711//3280
f 4711//3155 4388//3155 4712//3155
f 4388//3281 4384//3281 4712//3281
f 4712//3154 4384//3154 4713//3154
f 4713//3152 4384//3152 4714//3152
f 4384//3282 4382//3282 4714//3282
f 4382//3283 4378//3283 4714//3283
f 4714//3150 4378//3150 4715//3150
f 4715//2141 4378//2141 4716//2141
f 4378//3284 4375//3284 4716//3284
f 4716//3148 4371//3148 4717//3148
f 4717//3146 4371//3146 4718//3146
f 4375//3285 4371//3285 4716//3285
f 4371//3286 4367//3286 4718//3286
f 4718//3144 4364//3144 4719//3144
f 4367//3287 4364//3287 4718//3287
f 4364//3288 4361//3288 4719//3288
f 4719//3142 4361//3142 4720//3142
f 4720//3289 4361//3289 4721//3289
f 4361//3290 4358//3290 4721//3290
f 4358//3291 4354//3291 4721//3291
f 4721//3292 4354//3292 4722//3292
f 4722//3139 4354//3139 4723//3139
f 4354//3293 4351//3293 4723//3293
f 4723//3137 4351//3137 4724//3137
f 4351//3294 4346//3294 4724//3294
f 4346//3295 4343//3295 4724//3295
f 4724//3296 4343//3296 4725//3296
f 4725//3134 4343//3134 4726//3134
f 4343//3297 4339//3297 4726//3297
f 4726//3298 4339//3298 4727//3298
f 4339//3299 4335//3299 4727//3299
f 4335//3300 4330//3300 4727//3300
f 4727//3131 4330//3131 4728//3131
f 4728//3130 4330//3130 4729//3130
f 4330//3301 4327//3301 4729//3301
f 4327//3302 4322//3302 4729//3302
f 4729//3128 4322//3128 4730//3128
f 4730//3127 4322//3127 4731//3127
f 4322//3303 4319//3303 4731//3303
f 4731//3126 4319//3126 4732//3126
f 4319//3304 4314//3304 4732//3304
f 4732//3305 4311//3305 4733//3305
f 4733//3306 4311//3306 4734//3306
f 4314//3307 4311//3307 4732//3307
f 4311//3123 4306//3123 4734//3123
f 4734//3308 4303//3308 4735//3308
f 4735//3120 4303//3120 4736//3120
f 4306//3309 4303//3309 4734//3309
f 4736//3310 4300//3310 4737//3310
f 4303//3311 4300//3311 4736//3311
f 4300//3312 4297//3312 4737//3312
f 4737//3313 4301//3313 4738//3313
f 4297//3118 4301//3118 4737//3118
f 4738//3116 4305//3116 4739//3116
f 4301//3314 4305//3314 4738//3314
f 4739//3315 4309//3315 4740//3315
f 4305//3316 4309//3316 4739//3316
f 4740//1815 4312//1815 4741//1815
f 4741//3111 4312//3111 4742//3111
f 4309//1815 4312//1815 4740//1815
f 4312//3317 4316//3317 4742//3317
f 4742//3110 4321//3110 4743//3110
f 4316//3318 4321//3318 4742//3318
f 4743//3109 4324//3109 4744//3109
f 4744//3107 4324//3107 4745//3107
f 4321//3319 4324//3319 4743//3319
f 4324//3320 4329//3320 4745//3320
f 4329//3321 4332//3321 4745//3321
f 4745//3106 4332//3106 4746//3106
f 4332//3322 4337//3322 4746//3322
f 4746//3323 4337//3323 4747//3323
f 4747//3324 4337//3324 4748//3324
f 4337//1836 4341//1836 4748//1836
f 4341//3325 4345//3325 4748//3325
f 4748//3325 4345//3325 4749//3325
f 4749//3101 4349//3101 4750//3101
f 4750//1844 4349//1844 4751//1844
f 4345//3326 4349//3326 4749//3326
f 4349//1844 4352//1844 4751//1844
f 4751//3327 4356//3327 4752//3327
f 4352//3327 4356//3327 4751//3327
f 4752//880 4359//880 4753//880
f 4356//880 4359//880 4752//880
f 4753//1853 4363//1853 4754//1853
f 4359//3328 4363//3328 4753//3328
f 4754//3098 4366//3098 4755//3098
f 4363//3329 4366//3329 4754//3329
f 4755//1859 4369//1859 4756//1859
f 4366//3330 4369//3330 4755//3330
f 4756//1862 4373//1862 4757//1862
f 4369//1862 4373//1862 4756//1862
f 4757//3331 4377//3331 4758//3331
f 4373//3332 4377//3332 4757//3332
f 4758//3333 4381//3333 4759//3333
f 4377//3333 4381//3333 4758//3333
f 4759//1871 4383//1871 4760//1871
f 4381//1871 4383//1871 4759//1871
f 4760//3092 4386//3092 4761//3092
f 4383//3334 4386//3334 4760//3334
f 4761//3091 4390//3091 4762//3091
f 4386//3335 4390//3335 4761//3335
f 4762//3090 4394//3090 4763//3090
f 4390//3336 4394//3336 4762//3336
f 4763//3337 4396//3337 4764//3337
f 4394//3338 4396//3338 4763//3338
f 4764//3339 4400//3339 4765//3339
f 4765//3340 4400//3340 4766//3340
f 4396//3339 4400//3339 4764//3339
f 4400//3340 4404//3340 4766//3340
f 4766//3086 4407//3086 4767//3086
f 4404//3341 4407//3341 4766//3341
f 4767//3342 4412//3342 4768//3342
f 4407//3342 4412//3342 4767//3342
f 4768//3082 4416//3082 4769//3082
f 4412//3343 4416//3343 4768//3343
f 4769//3081 4419//3081 4770//3081
f 4416//3344 4419//3344 4769//3344
f 4419//3345 4423//3345 4770//3345
f 4770//3345 4423//3345 4771//3345
f 4423//3346 4427//3346 4771//3346
f 4771//3078 4427//3078 4772//3078
f 4427//3347 4431//3347 4772//3347
f 4772//3077 4431//3077 4773//3077
f 4431//3348 4435//3348 4773//3348
f 4773//3075 4435//3075 4774//3075
f 4435//3349 4438//3349 4774//3349
f 4774//3074 4438//3074 4775//3074
f 4438//3350 4442//3350 4775//3350
f 4775//3073 4442//3073 4776//3073
f 4776//3072 4442//3072 4777//3072
f 4442//3351 4447//3351 4777//3351
f 4447//3352 4450//3352 4777//3352
f 4777//3353 4450//3353 4778//3353
f 4450//3069 4451//3069 4778//3069
f 4778//3071 4451//3071 4779//3071
f 4451//3354 4457//3354 4779//3354
f 4779//3355 4457//3355 4780//3355
f 4780//3068 4457//3068 4781//3068
f 4457//3356 4461//3356 4781//3356
f 4461//3357 4466//3357 4781//3357
f 4781//3358 4466//3358 4782//3358
f 4782//3359 4466//3359 4783//3359
f 4466//3360 4469//3360 4783//3360
f 4783//3062 4470//3062 4658//3062
f 4469//3361 4470//3361 4783//3361
f 4784//561 4785//561 4786//561
f 4787//560 4610//560 4784//560
f 4784//561 4610//561 4785//561
f 4785//560 4788//560 4786//560
f 4789//563 4609//563 4790//563
f 4790//560 4609//560 4787//560
f 4787//560 4609//560 4610//560
f 4786//560 4791//560 4792//560
f 4792//561 4791//561 4793//561
f 4788//560 4791//560 4786//560
f 4789//561 4794//561 4609//561
f 4791//560 4614//560 4793//560
f 4789//561 4607//561 4794//561
f 4795//560 4607//560 4789//560
f 4614//560 4615//560 4793//560
f 4793//560 4615//560 4796//560
f 4795//560 4606//560 4607//560
f 4797//560 4606//560 4795//560
f 4615//561 4616//561 4796//561
f 4796//561 4616//561 4798//561
f 4798//560 4616//560 4799//560
f 4797//563 4605//563 4606//563
f 4800//560 4605//560 4797//560
f 4616//560 4801//560 4799//560
f 4800//562 4802//562 4605//562
f 4803//560 4802//560 4804//560
f 4804//562 4802//562 4800//562
f 4801//560 4805//560 4799//560
f 4799//563 4805//563 4806//563
f 4803//560 4603//560 4802//560
f 4805//563 4619//563 4806//563
f 4806//560 4619//560 4807//560
f 4807//561 4619//561 4808//561
f 4803//560 4602//560 4603//560
f 4809//560 4602//560 4803//560
f 4619//560 4620//560 4808//560
f 4809//560 4601//560 4602//560
f 4810//561 4601//561 4809//561
f 4620//560 4811//560 4808//560
f 4808//563 4811//563 4812//563
f 4810//562 4813//562 4601//562
f 4814//562 4813//562 4810//562
f 4811//561 4622//561 4812//561
f 4812//560 4622//560 4815//560
f 4815//561 4622//561 4816//561
f 4814//560 4817//560 4813//560
f 4818//561 4817//561 4814//561
f 4622//561 4623//561 4816//561
f 4818//563 4598//563 4817//563
f 4819//560 4598//560 4818//560
f 4623//560 4624//560 4816//560
f 4816//565 4624//565 4820//565
f 4821//561 4597//561 4822//561
f 4822//561 4597//561 4819//561
f 4819//562 4597//562 4598//562
f 4624//563 4823//563 4820//563
f 4820//560 4823//560 4824//560
f 4821//565 4825//565 4597//565
f 4826//560 4825//560 4821//560
f 4823//560 4626//560 4824//560
f 4824//560 4626//560 4827//560
f 4827//561 4626//561 4828//561
f 4826//566 4595//566 4825//566
f 4626//560 4627//560 4828//560
f 4829//560 4830//560 4826//560
f 4826//563 4830//563 4595//563
f 4627//561 4831//561 4828//561
f 4828//560 4831//560 4832//560
f 4832//560 4831//560 4833//560
f 4834//561 4592//561 4835//561
f 4835//561 4592//561 4829//561
f 4829//562 4592//562 4830//562
f 4831//560 4836//560 4833//560
f 4834//565 4591//565 4592//565
f 4836//561 4630//561 4833//561
f 4833//561 4630//561 4837//561
f 4834//562 4838//562 4591//562
f 4839//563 4838//563 4834//563
f 4630//560 4631//560 4837//560
f 4837//560 4631//560 4840//560
f 4839//561 4841//561 4838//561
f 4842//567 4841//567 4839//567
f 4631//560 4843//560 4840//560
f 4840//561 4843//561 4844//561
f 4842//565 4588//565 4841//565
f 4845//565 4588//565 4842//565
f 4844//560 4846//560 4847//560
f 4847//560 4846//560 4848//560
f 4843//561 4846//561 4844//561
f 4845//560 4587//560 4588//560
f 4849//562 4587//562 4845//562
f 4846//565 4634//565 4848//565
f 4849//560 4586//560 4587//560
f 4850//560 4586//560 4849//560
f 4848//560 4635//560 4851//560
f 4634//561 4635//561 4848//561
f 4635//567 4852//567 4851//567
f 4850//560 4853//560 4586//560
f 4854//562 4853//562 4850//562
f 4854//565 4855//565 4853//565
f 4635//560 4856//560 4852//560
f 4855//565 4584//565 4853//565
f 4852//560 4857//560 4858//560
f 4856//560 4857//560 4852//560
f 4855//566 4583//566 4584//566
f 4859//561 4583//561 4855//561
f 4858//560 4638//560 4860//560
f 4857//561 4638//561 4858//561
f 4859//560 4861//560 4583//560
f 4861//560 4582//560 4583//560
f 4638//560 4862//560 4860//560
f 4638//560 4639//560 4862//560
f 4863//560 4864//560 4861//560
f 4861//560 4864//560 4582//560
f 4639//560 4865//560 4862//560
f 4639//560 4866//560 4865//560
f 4867//566 4580//566 4863//566
f 4863//561 4580//561 4864//561
f 4866//566 4868//566 4865//566
f 4866//560 4869//560 4868//560
f 4870//560 4579//560 4867//560
f 4867//565 4579//565 4580//565
f 4868//565 4642//565 4871//565
f 4869//561 4642//561 4868//561
f 4579//561 4872//561 4578//561
f 4870//560 4872//560 4579//560
f 4642//561 4643//561 4871//561
f 4643//561 4873//561 4871//561
f 4872//561 4874//561 4578//561
f 4578//560 4874//560 4875//560
f 4643//560 4644//560 4873//560
f 4644//560 4876//560 4873//560
f 4874//560 4877//560 4875//560
f 4874//560 4878//560 4877//560
f 4644//562 4879//562 4876//562
f 4645//560 4879//560 4644//560
f 4878//561 4880//561 4877//561
f 4877//560 4880//560 4575//560
f 4645//560 4881//560 4879//560
f 4646//562 4881//562 4645//562
f 4880//560 4882//560 4575//560
f 4575//560 4882//560 4574//560
f 4882//561 4573//561 4574//561
f 4646//562 4883//562 4881//562
f 4647//565 4883//565 4646//565
f 4647//561 4648//561 4883//561
f 4882//561 4884//561 4573//561
f 4648//560 4885//560 4883//560
f 4648//560 4649//560 4885//560
f 4884//560 4886//560 4573//560
f 4573//560 4886//560 4887//560
f 4649//561 4888//561 4885//561
f 4649//567 4889//567 4888//567
f 4886//561 4890//561 4887//561
f 4887//560 4890//560 4891//560
f 4889//561 4892//561 4888//561
f 4891//561 4893//561 4570//561
f 4890//560 4893//560 4891//560
f 4651//561 4894//561 4889//561
f 4895//566 4894//566 4651//566
f 4889//561 4894//561 4892//561
f 4570//560 4896//560 4569//560
f 4893//561 4896//561 4570//561
f 4653//565 4897//565 4895//565
f 4895//561 4897//561 4894//561
f 4898//561 4899//561 4567//561
f 4569//560 4899//560 4898//560
f 4896//561 4899//561 4569//561
f 4653//565 4900//565 4897//565
f 4567//561 4901//561 4566//561
f 4899//560 4901//560 4567//560
f 4654//561 4902//561 4653//561
f 4653//566 4902//566 4900//566
f 4901//561 4903//561 4566//561
f 4655//560 4904//560 4654//560
f 4905//560 4904//560 4655//560
f 4654//565 4904//565 4902//565
f 4566//560 4906//560 4565//560
f 4903//561 4906//561 4566//561
f 4905//567 4907//567 4904//567
f 4908//560 4907//560 4905//560
f 4906//560 4909//560 4565//560
f 4565//561 4909//561 4910//561
f 4908//561 4911//561 4907//561
f 4909//560 4912//560 4910//560
f 4910//560 4912//560 4563//560
f 4908//561 4913//561 4911//561
f 4914//560 4913//560 4908//560
f 4912//561 4915//561 4563//561
f 4563//560 4915//560 4562//560
f 4916//561 4917//561 4914//561
f 4918//566 4917//566 4916//566
f 4914//560 4917//560 4913//560
f 4915//560 4919//560 4562//560
f 4562//561 4919//561 4920//561
f 4534//560 4921//560 4918//560
f 4918//560 4921//560 4917//560
f 4920//560 4922//560 4923//560
f 4919//560 4922//560 4920//560
f 4534//565 4924//565 4921//565
f 4923//561 4925//561 4559//561
f 4922//561 4925//561 4923//561
f 4535//561 4926//561 4534//561
f 4534//562 4926//562 4924//562
f 4559//560 4927//560 4558//560
f 4925//560 4927//560 4559//560
f 4536//560 4928//560 4535//560
f 4535//563 4928//563 4926//563
f 4558//560 4929//560 4930//560
f 4927//561 4929//561 4558//561
f 4931//562 4932//562 4536//562
f 4538//563 4932//563 4931//563
f 4536//562 4932//562 4928//562
f 4930//563 4933//563 4934//563
f 4929//560 4933//560 4930//560
f 4538//561 4935//561 4932//561
f 4933//567 4936//567 4934//567
f 4555//561 4936//561 4554//561
f 4934//562 4936//562 4555//562
f 4937//561 4938//561 4538//561
f 4540//561 4938//561 4937//561
f 4538//567 4938//567 4935//567
f 4936//560 4939//560 4554//560
f 4540//561 4940//561 4938//561
f 4939//567 4941//567 4554//567
f 4554//560 4941//560 4942//560
f 4540//561 4943//561 4940//561
f 4541//560 4943//560 4540//560
f 4941//560 4944//560 4942//560
f 4942//560 4944//560 4945//560
f 4541//560 4946//560 4943//560
f 4542//561 4946//561 4541//561
f 4543//562 4946//562 4542//562
f 4944//560 4947//560 4945//560
f 4551//560 4947//560 4550//560
f 4945//561 4947//561 4551//561
f 4543//565 4948//565 4946//565
f 4947//560 4949//560 4550//560
f 4543//560 4950//560 4948//560
f 4544//560 4950//560 4543//560
f 4949//560 4951//560 4550//560
f 4550//560 4951//560 4952//560
f 4545//560 4953//560 4544//560
f 4544//561 4953//561 4950//561
f 4954//567 4955//567 4547//567
f 4952//560 4955//560 4954//560
f 4951//563 4955//563 4952//563
f 4546//560 4956//560 4545//560
f 4545//560 4956//560 4953//560
f 4955//560 4957//560 4547//560
f 4547//561 4957//561 4546//561
f 4546//561 4957//561 4956//561
f 4958//3362 4783//3362 4959//3362
f 4660//3003 4960//3003 4958//3003
f 4961//3363 4960//3363 4660//3363
f 4958//3003 4960//3003 4783//3003
f 4662//3003 4781//3003 4961//3003
f 4961//3363 4781//3363 4960//3363
f 4962//3014 4963//3014 4662//3014
f 4662//3003 4963//3003 4781//3003
f 4962//3014 4779//3014 4963//3014
f 4664//560 4779//560 4962//560
f 4664//560 4778//560 4779//560
f 4964//561 4777//561 4664//561
f 4664//561 4777//561 4778//561
f 4965//3039 4966//3039 4964//3039
f 4964//3039 4966//3039 4777//3039
f 4967//561 4775//561 4965//561
f 4965//561 4775//561 4966//561
f 4668//560 4968//560 4967//560
f 4969//560 4968//560 4668//560
f 4970//560 4968//560 4969//560
f 4971//565 4968//565 4970//565
f 4972//560 4968//560 4971//560
f 4673//566 4968//566 4972//566
f 4973//560 4968//560 4673//560
f 4974//565 4968//565 4973//565
f 4975//560 4968//560 4974//560
f 4976//566 4968//566 4975//566
f 4977//560 4968//560 4976//560
f 4978//561 4968//561 4977//561
f 4979//560 4968//560 4978//560
f 4967//560 4968//560 4775//560
f 4681//560 4968//560 4979//560
f 4980//560 4968//560 4681//560
f 4981//560 4968//560 4980//560
f 4982//561 4968//561 4981//561
f 4983//560 4968//560 4982//560
f 4984//561 4968//561 4983//561
f 4985//560 4968//560 4984//560
f 4688//561 4968//561 4985//561
f 4689//560 4968//560 4688//560
f 4986//560 4968//560 4689//560
f 4987//560 4968//560 4986//560
f 4692//561 4968//561 4987//561
f 4693//561 4988//561 4692//561
f 4694//3039 4988//3039 4693//3039
f 4989//3014 4988//3014 4694//3014
f 4990//560 4988//560 4989//560
f 4991//561 4988//561 4990//561
f 4992//560 4988//560 4991//560
f 4993//560 4988//560 4992//560
f 4700//561 4988//561 4993//561
f 4994//560 4988//560 4700//560
f 4995//560 4988//560 4994//560
f 4996//560 4988//560 4995//560
f 4692//2998 4988//2998 4968//2998
f 4997//560 4988//560 4996//560
f 4998//561 4988//561 4997//561
f 4706//562 4988//562 4998//562
f 4999//560 4988//560 4706//560
f 4708//563 4988//563 4999//563
f 5000//560 4988//560 4708//560
f 5001//563 4988//563 5000//563
f 4711//2992 4988//2992 5001//2992
f 4968//3004 4988//3004 4721//3004
f 4712//565 4988//565 4711//565
f 4713//560 4988//560 4712//560
f 5002//560 4988//560 4713//560
f 5003//565 4988//565 5002//565
f 4716//566 4988//566 5003//566
f 5004//565 4988//565 4716//565
f 5005//560 4988//560 5004//560
f 5006//560 4988//560 5005//560
f 5007//560 4988//560 5006//560
f 4721//565 4988//565 5007//565
f 4759//561 5008//561 5009//561
f 5010//560 5008//560 4759//560
f 5011//560 5008//560 5010//560
f 4762//560 5008//560 5011//560
f 4763//560 5008//560 4762//560
f 5012//560 5008//560 4763//560
f 5013//560 5008//560 5012//560
f 4766//563 5008//563 5013//563
f 5014//560 5008//560 4766//560
f 5015//562 5008//562 5014//562
f 4769//560 5008//560 5015//560
f 5016//563 5008//563 4769//563
f 5017//560 5008//560 5016//560
f 5018//562 5008//562 5017//562
f 5019//560 5008//560 5018//560
f 5020//560 5008//560 5019//560
f 4775//560 5008//560 5020//560
f 4721//560 5008//560 4968//560
f 4968//560 5008//560 4775//560
f 5021//561 5008//561 4750//561
f 4752//560 5008//560 5021//560
f 4753//560 5008//560 4752//560
f 5022//560 5008//560 4753//560
f 5023//561 5008//561 5022//561
f 4756//560 5008//560 5023//560
f 5024//561 5008//561 4756//561
f 5009//560 5008//560 5024//560
f 4721//2992 5025//2992 5008//2992
f 5008//2997 5025//2997 4750//2997
f 4722//562 5025//562 4721//562
f 5026//560 5025//560 4722//560
f 4724//560 5025//560 5026//560
f 4725//560 5025//560 4724//560
f 5027//562 5025//562 4725//562
f 4727//563 5025//563 5027//563
f 4728//562 5025//562 4727//562
f 5028//560 5025//560 4728//560
f 5029//560 5025//560 5028//560
f 5030//562 5025//562 5029//562
f 5031//3004 5025//3004 5030//3004
f 4733//566 5025//566 5031//566
f 4734//560 5025//560 4733//560
f 5032//566 5025//566 4734//566
f 5033//560 5025//560 5032//560
f 5034//565 5025//565 5033//565
f 4738//561 5025//561 5034//561
f 4739//567 5025//567 4738//567
f 4740//560 5025//560 4739//560
f 5035//560 5025//560 4740//560
f 4742//560 5025//560 5035//560
f 5036//561 5025//561 4742//561
f 4744//560 5025//560 5036//560
f 4745//560 5025//560 4744//560
f 5037//561 5025//561 4745//561
f 5038//560 5025//560 5037//560
f 5039//3014 5025//3014 5038//3014
f 5040//3039 5025//3039 5039//3039
f 4750//561 5025//561 5040//561
f 5041//3141 5042//3141 5043//3141
f 5041//2155 5043//2155 4917//2155
f 5044//3143 4917//3143 5045//3143
f 5044//3143 5041//3143 4917//3143
f 5046//3145 5045//3145 5047//3145
f 5046//3364 5044//3364 5045//3364
f 5048//3146 5047//3146 5049//3146
f 5048//3146 5046//3146 5047//3146
f 5050//3148 5049//3148 5051//3148
f 5050//3148 5048//3148 5049//3148
f 5052//3365 5051//3365 4932//3365
f 5052//2141 5050//2141 5051//2141
f 5053//3151 4932//3151 5054//3151
f 5053//3151 5052//3151 4932//3151
f 5055//3282 5054//3282 5056//3282
f 5055//3154 5056//3154 5057//3154
f 5055//3282 5053//3282 5054//3282
f 5058//3154 5055//3154 5057//3154
f 5059//3155 5057//3155 4943//3155
f 5059//3155 5058//3155 5057//3155
f 5060//3156 5059//3156 4943//3156
f 5060//3156 4943//3156 4946//3156
f 5061//3157 5060//3157 4946//3157
f 5061//3157 4946//3157 4948//3157
f 5062//3366 5061//3366 4948//3366
f 5062//3276 4948//3276 4950//3276
f 5063//3159 5062//3159 4950//3159
f 5063//3367 4950//3367 5064//3367
f 5065//3160 5064//3160 5066//3160
f 5065//3368 5063//3368 5064//3368
f 5067//2105 5066//2105 4957//2105
f 5067//3161 5065//3161 5066//3161
f 5068//3268 4957//3268 4955//3268
f 5068//3269 5067//3269 4957//3269
f 5069//3163 4955//3163 4951//3163
f 5069//3163 5068//3163 4955//3163
f 5070//3165 4951//3165 5071//3165
f 5070//3166 5071//3166 4947//3166
f 5070//3369 5069//3369 4951//3369
f 5072//2092 5070//2092 4947//2092
f 5073//3168 4947//3168 4944//3168
f 5073//3168 5072//3168 4947//3168
f 5074//3370 4944//3370 4941//3370
f 5074//3169 5073//3169 4944//3169
f 5075//3170 4941//3170 5076//3170
f 5075//3172 5076//3172 4936//3172
f 5075//3170 5074//3170 4941//3170
f 5077//3172 5075//3172 4936//3172
f 5078//3260 4936//3260 4933//3260
f 5078//2073 4933//2073 5079//2073
f 5078//3174 5077//3174 4936//3174
f 5080//2073 5078//2073 5079//2073
f 5081//3258 5079//3258 5082//3258
f 5081//3258 5080//3258 5079//3258
f 5083//3178 5082//3178 4925//3178
f 5083//3178 5081//3178 5082//3178
f 5084//3179 4925//3179 5085//3179
f 5084//3179 5083//3179 4925//3179
f 5086//3254 5085//3254 5087//3254
f 5086//3371 5087//3371 4915//3371
f 5086//3254 5084//3254 5085//3254
f 5088//3371 5086//3371 4915//3371
f 5089//946 4915//946 4912//946
f 5089//3372 4912//3372 5090//3372
f 5089//946 5088//946 4915//946
f 5091//3372 5089//3372 5090//3372
f 5092//3251 5090//3251 4906//3251
f 5092//3184 4906//3184 4903//3184
f 5092//3251 5091//3251 5090//3251
f 5093//3185 4903//3185 5094//3185
f 5093//3184 5092//3184 4903//3184
f 5095//3185 5093//3185 5094//3185
f 5096//3248 5095//3248 5094//3248
f 5096//3248 5094//3248 4899//3248
f 5096//3373 4899//3373 4896//3373
f 5097//3373 5096//3373 4896//3373
f 5098//3188 5097//3188 4896//3188
f 5098//3189 4896//3189 4893//3189
f 5099//3190 5098//3190 4893//3190
f 5099//3190 4893//3190 5100//3190
f 5101//3191 5099//3191 5100//3191
f 5101//3191 5100//3191 4886//3191
f 5102//3192 5101//3192 4886//3192
f 5102//3192 4886//3192 4884//3192
f 5103//3193 5102//3193 4884//3193
f 5103//3374 4884//3374 5104//3374
f 5105//3194 5103//3194 5104//3194
f 5105//3194 5104//3194 5106//3194
f 5107//3242 5105//3242 5106//3242
f 5107//3242 5106//3242 5108//3242
f 5109//2007 5107//2007 5108//2007
f 5109//2007 5108//2007 4874//2007
f 5109//3199 4874//3199 5110//3199
f 5111//3199 5109//3199 5110//3199
f 5112//3375 5110//3375 5113//3375
f 5112//3375 5111//3375 5110//3375
f 5114//3201 5113//3201 4867//3201
f 5114//3376 5112//3376 5113//3376
f 5115//3202 4867//3202 4863//3202
f 5115//3202 5114//3202 4867//3202
f 5116//3203 4863//3203 4861//3203
f 5116//3203 5115//3203 4863//3203
f 5117//3204 4861//3204 4859//3204
f 5117//3377 5116//3377 4861//3377
f 5118//3206 4859//3206 4855//3206
f 5118//3206 5117//3206 4859//3206
f 5119//3207 4855//3207 4854//3207
f 5119//3207 5118//3207 4855//3207
f 5120//3209 4854//3209 4850//3209
f 5120//3209 5119//3209 4854//3209
f 5121//3378 4850//3378 4849//3378
f 5121//3378 5120//3378 4850//3378
f 5122//3211 4849//3211 4845//3211
f 5122//3379 5121//3379 4849//3379
f 5123//3213 4845//3213 4842//3213
f 5123//3226 5122//3226 4845//3226
f 5124//3224 4842//3224 4839//3224
f 5124//3224 5123//3224 4842//3224
f 5125//3222 4839//3222 5126//3222
f 5125//3222 5124//3222 4839//3222
f 5127//3380 5126//3380 5128//3380
f 5127//3381 5125//3381 5126//3381
f 5129//3220 5127//3220 5128//3220
f 5129//3217 5128//3217 4829//3217
f 5130//3382 5129//3382 4829//3382
f 5130//3382 4829//3382 4826//3382
f 5131//3383 5130//3383 4826//3383
f 5131//3383 4826//3383 4821//3383
f 5132//3359 5131//3359 4821//3359
f 5132//3063 4821//3063 5133//3063
f 5134//3384 5132//3384 5133//3384
f 5134//3385 5133//3385 5135//3385
f 5136//3068 5134//3068 5135//3068
f 5136//3068 5135//3068 4818//3068
f 5137//3355 5136//3355 4818//3355
f 5137//3355 4818//3355 4814//3355
f 5138//3386 5137//3386 4814//3386
f 5138//3071 4814//3071 4810//3071
f 5139//3070 5138//3070 4810//3070
f 5139//3070 4810//3070 4809//3070
f 5140//3387 5139//3387 4809//3387
f 5140//3072 4809//3072 4803//3072
f 5141//3073 5140//3073 4803//3073
f 5141//3073 4803//3073 4804//3073
f 5142//3074 5141//3074 4804//3074
f 5142//3074 4804//3074 4800//3074
f 5143//3075 5142//3075 4800//3075
f 5143//3075 4800//3075 4797//3075
f 5144//3077 5143//3077 4797//3077
f 5144//3388 4797//3388 4795//3388
f 5145//3078 5144//3078 4795//3078
f 5145//3389 4795//3389 4789//3389
f 5146//3079 5145//3079 4789//3079
f 5146//3079 4789//3079 4790//3079
f 5147//3080 5146//3080 4790//3080
f 5147//3081 4790//3081 5148//3081
f 5149//3084 5147//3084 5148//3084
f 5149//3084 5148//3084 5150//3084
f 5151//3085 5149//3085 5150//3085
f 5151//3085 5150//3085 4786//3085
f 5152//3086 5151//3086 4786//3086
f 5152//3086 4786//3086 5153//3086
f 5154//3390 5152//3390 5153//3390
f 5154//3390 5153//3390 5155//3390
f 5156//3391 5155//3391 5157//3391
f 5156//3339 5154//3339 5155//3339
f 5158//3392 5157//3392 4798//3392
f 5158//3089 5156//3089 5157//3089
f 5159//3090 4798//3090 4799//3090
f 5159//3090 5158//3090 4798//3090
f 5160//3091 4799//3091 5161//3091
f 5160//3091 5159//3091 4799//3091
f 5162//3092 5161//3092 4807//3092
f 5162//3092 5160//3092 5161//3092
f 5163//3093 5162//3093 4807//3093
f 5163//3094 4807//3094 4808//3094
f 5164//3095 5163//3095 4808//3095
f 5164//3095 4808//3095 4812//3095
f 5165//1865 5164//1865 4812//1865
f 5165//1865 4812//1865 5166//1865
f 5167//3097 5165//3097 5166//3097
f 5167//3097 5166//3097 4816//3097
f 5168//1859 5167//1859 4816//1859
f 5168//1859 4816//1859 4820//1859
f 5169//3329 5168//3329 4820//3329
f 5169//3329 4820//3329 5170//3329
f 5171//3328 5169//3328 5170//3328
f 5171//3328 5170//3328 4827//3328
f 5172//880 5171//880 4827//880
f 5172//880 4827//880 4828//880
f 5173//3393 5172//3393 4828//3393
f 5173//3393 4828//3393 5174//3393
f 5175//3394 5173//3394 5174//3394
f 5175//3394 5174//3394 5176//3394
f 5177//3101 5175//3101 5176//3101
f 5177//3101 5176//3101 4837//3101
f 5178//3102 5177//3102 4837//3102
f 5178//3102 4837//3102 5179//3102
f 5180//1836 5179//1836 5181//1836
f 5180//1836 5178//1836 5179//1836
f 5182//3104 5181//3104 4847//3104
f 5182//3104 5180//3104 5181//3104
f 5183//3105 4847//3105 4848//3105
f 5183//3105 5182//3105 4847//3105
f 5184//3107 4848//3107 5185//3107
f 5184//3107 5183//3107 4848//3107
f 5186//3109 5185//3109 4852//3109
f 5186//3395 4852//3395 4858//3395
f 5186//3109 5184//3109 5185//3109
f 5187//3110 5186//3110 4858//3110
f 5188//3111 4858//3111 4860//3111
f 5188//3111 5187//3111 4858//3111
f 5189//3112 4860//3112 5190//3112
f 5189//3396 5188//3396 4860//3396
f 5191//3114 5190//3114 4865//3114
f 5191//3113 5189//3113 5190//3113
f 5192//3115 4865//3115 4868//3115
f 5192//3118 4868//3118 4871//3118
f 5192//3115 5191//3115 4865//3115
f 5193//3397 4871//3397 5194//3397
f 5193//3313 5192//3313 4871//3313
f 5195//1803 5193//1803 5194//1803
f 5196//3121 5194//3121 5197//3121
f 5196//3398 5197//3398 4879//3398
f 5196//3399 5195//3399 5194//3399
f 5198//3122 5196//3122 4879//3122
f 5199//3400 5198//3400 4879//3400
f 5199//3123 4879//3123 4881//3123
f 5199//3125 4881//3125 4883//3125
f 5200//3125 5199//3125 4883//3125
f 5201//3126 5200//3126 4883//3126
f 5201//3126 4883//3126 4885//3126
f 5202//3127 4885//3127 5203//3127
f 5202//3401 5201//3401 4885//3401
f 5204//3128 5203//3128 4892//3128
f 5204//3128 5202//3128 5203//3128
f 5205//3130 4892//3130 4894//3130
f 5205//3301 5204//3301 4892//3301
f 5206//3132 4894//3132 5207//3132
f 5206//3132 5205//3132 4894//3132
f 5208//3133 5207//3133 5209//3133
f 5208//1772 5206//1772 5207//1772
f 5210//3134 5209//3134 5211//3134
f 5210//3134 5208//3134 5209//3134
f 5212//3296 5211//3296 5213//3296
f 5212//3296 5210//3296 5211//3296
f 5214//3136 5213//3136 5215//3136
f 5214//3136 5212//3136 5213//3136
f 5216//3138 5215//3138 4911//3138
f 5216//3138 5214//3138 5215//3138
f 5042//3140 4911//3140 5043//3140
f 5042//1757 5216//1757 4911//1757
f 5115//561 5116//561 5217//561
f 5116//560 5117//560 5217//560
f 5117//2991 5118//2991 5217//2991
f 5118//3039 5119//3039 5217//3039
f 5119//561 5120//561 5217//561
f 5120//560 5121//560 5217//560
f 5121//560 5122//560 5217//560
f 5122//560 5123//560 5217//560
f 5123//560 5124//560 5217//560
f 5124//560 5125//560 5217//560
f 5125//3039 5127//3039 5217//3039
f 5127//3363 5129//3363 5217//3363
f 5129//3003 5130//3003 5217//3003
f 5218//560 5059//560 5060//560
f 5218//561 5058//561 5059//561
f 5218//560 5055//560 5058//560
f 5218//560 5053//560 5055//560
f 5131//3003 5219//3003 5130//3003
f 5132//3363 5219//3363 5131//3363
f 5134//3039 5219//3039 5132//3039
f 5136//3054 5219//3054 5134//3054
f 5137//560 5219//560 5136//560
f 5138//560 5219//560 5137//560
f 5139//560 5219//560 5138//560
f 5140//560 5219//560 5139//560
f 5141//561 5219//561 5140//561
f 5142//3039 5219//3039 5141//3039
f 5143//2991 5219//2991 5142//2991
f 5144//560 5219//560 5143//560
f 5145//561 5219//561 5144//561
f 5218//560 5052//560 5053//560
f 5201//560 5220//560 5200//560
f 5202//561 5220//561 5201//561
f 5204//561 5220//561 5202//561
f 5205//560 5220//560 5204//560
f 5206//561 5220//561 5205//561
f 5219//560 5217//560 5130//560
f 5218//560 5220//560 5042//560
f 5218//3402 5042//3402 5041//3402
f 5218//3006 5041//3006 5044//3006
f 5218//3014 5044//3014 5046//3014
f 5218//560 5046//560 5048//560
f 5218//3039 5048//3039 5050//3039
f 5218//561 5050//561 5052//561
f 5042//3403 5220//3403 5216//3403
f 5216//3006 5220//3006 5214//3006
f 5214//3014 5220//3014 5212//3014
f 5212//560 5220//560 5210//560
f 5210//560 5220//560 5208//560
f 5208//561 5220//561 5206//561
f 5217//560 5221//560 5115//560
f 5101//561 5221//561 5099//561
f 5102//561 5221//561 5101//561
f 5103//560 5221//560 5102//560
f 5105//560 5221//560 5103//560
f 5107//561 5221//561 5105//561
f 5109//560 5221//560 5107//560
f 5111//561 5221//561 5109//561
f 5112//560 5221//560 5111//560
f 5114//561 5221//561 5112//561
f 5115//560 5221//560 5114//560
f 5221//561 5222//561 5099//561
f 5099//560 5222//560 5098//560
f 5217//560 5222//560 5221//560
f 5222//560 5223//560 5098//560
f 5217//560 5223//560 5222//560
f 5217//560 5224//560 5223//560
f 5223//560 5224//560 5098//560
f 5224//560 5225//560 5098//560
f 5098//560 5225//560 5097//560
f 5217//560 5225//560 5224//560
f 5225//560 5226//560 5097//560
f 5217//560 5226//560 5225//560
f 5217//561 5227//561 5226//561
f 5226//561 5227//561 5097//561
f 5097//560 5228//560 5096//560
f 5227//561 5228//561 5097//561
f 5217//561 5228//561 5227//561
f 5228//3039 5229//3039 5096//3039
f 5217//2998 5229//2998 5228//2998
f 5088//560 5230//560 5086//560
f 5089//560 5230//560 5088//560
f 5091//560 5230//560 5089//560
f 5092//561 5230//561 5091//561
f 5093//567 5230//567 5092//567
f 5095//560 5230//560 5093//560
f 5096//561 5230//561 5095//561
f 5229//561 5230//561 5096//561
f 5217//566 5230//566 5229//566
f 5070//561 5231//561 5069//561
f 5072//561 5231//561 5070//561
f 5073//560 5231//560 5072//560
f 5074//561 5231//561 5073//561
f 5075//560 5231//560 5074//560
f 5231//560 5232//560 5069//560
f 5232//560 5233//560 5069//560
f 5069//560 5234//560 5068//560
f 5233//561 5234//561 5069//561
f 5218//565 5234//565 5233//565
f 5234//3014 5235//3014 5068//3014
f 5218//3007 5235//3007 5234//3007
f 5218//2992 5236//2992 5235//2992
f 5235//560 5236//560 5068//560
f 5218//560 5237//560 5236//560
f 5236//560 5237//560 5068//560
f 5061//560 5238//560 5060//560
f 5062//561 5238//561 5061//561
f 5063//560 5238//560 5062//560
f 5065//561 5238//561 5063//561
f 5067//560 5238//560 5065//560
f 5068//561 5238//561 5067//561
f 5218//560 5238//560 5237//560
f 5237//560 5238//560 5068//560
f 5060//560 5238//560 5218//560
f 5145//560 5239//560 5219//560
f 5146//560 5239//560 5145//560
f 5147//561 5239//561 5146//561
f 5149//560 5239//560 5147//560
f 5151//561 5239//561 5149//561
f 5152//560 5239//560 5151//560
f 5154//561 5239//561 5152//561
f 5156//560 5239//560 5154//560
f 5158//560 5239//560 5156//560
f 5159//561 5239//561 5158//561
f 5160//561 5239//561 5159//561
f 5239//560 5240//560 5219//560
f 5162//560 5240//560 5160//560
f 5160//561 5240//561 5239//561
f 5240//560 5241//560 5219//560
f 5162//560 5241//560 5240//560
f 5241//560 5242//560 5219//560
f 5162//560 5242//560 5241//560
f 5242//560 5243//560 5219//560
f 5162//560 5243//560 5242//560
f 5163//560 5243//560 5162//560
f 5243//560 5244//560 5219//560
f 5163//560 5244//560 5243//560
f 5244//561 5245//561 5219//561
f 5163//561 5245//561 5244//561
f 5245//561 5246//561 5219//561
f 5163//561 5246//561 5245//561
f 5164//560 5246//560 5163//560
f 5246//2997 5247//2997 5219//2997
f 5164//3039 5247//3039 5246//3039
f 5247//563 5248//563 5219//563
f 5164//561 5248//561 5247//561
f 5165//561 5248//561 5164//561
f 5167//560 5248//560 5165//560
f 5168//567 5248//567 5167//567
f 5169//561 5248//561 5168//561
f 5171//560 5248//560 5169//560
f 5172//560 5248//560 5171//560
f 5173//560 5248//560 5172//560
f 5186//560 5249//560 5184//560
f 5187//561 5249//561 5186//561
f 5188//560 5249//560 5187//560
f 5189//561 5249//561 5188//561
f 5191//561 5249//561 5189//561
f 5191//560 5250//560 5249//560
f 5191//560 5251//560 5250//560
f 5192//560 5252//560 5191//560
f 5251//562 5252//562 5220//562
f 5191//561 5252//561 5251//561
f 5192//3014 5253//3014 5252//3014
f 5252//3018 5253//3018 5220//3018
f 5192//560 5254//560 5253//560
f 5253//3004 5254//3004 5220//3004
f 5254//560 5255//560 5220//560
f 5192//560 5255//560 5254//560
f 5193//561 5256//561 5192//561
f 5195//560 5256//560 5193//560
f 5196//561 5256//561 5195//561
f 5198//560 5256//560 5196//560
f 5199//561 5256//561 5198//561
f 5200//560 5256//560 5199//560
f 5220//560 5256//560 5200//560
f 5255//560 5256//560 5220//560
f 5192//560 5256//560 5255//560
f 5218//560 5257//560 5217//560
f 5075//560 5257//560 5231//560
f 5077//560 5257//560 5075//560
f 5078//561 5257//561 5077//561
f 5080//560 5257//560 5078//560
f 5231//565 5257//565 5232//565
f 5081//560 5257//560 5080//560
f 5083//560 5257//560 5081//560
f 5084//561 5257//561 5083//561
f 5086//561 5257//561 5084//561
f 5230//560 5257//560 5086//560
f 5232//2993 5257//2993 5233//2993
f 5233//567 5257//567 5218//567
f 5217//560 5257//560 5230//560
f 5175//561 5258//561 5173//561
f 5177//561 5258//561 5175//561
f 5178//560 5258//560 5177//560
f 5219//560 5258//560 5220//560
f 5180//560 5258//560 5178//560
f 5182//560 5258//560 5180//560
f 5183//561 5258//561 5182//561
f 5184//560 5258//560 5183//560
f 5173//560 5258//560 5248//560
f 5251//3034 5258//3034 5250//3034
f 5248//560 5258//560 5219//560
f 5250//562 5258//562 5249//562
f 5220//560 5258//560 5251//560
f 5249//560 5258//560 5184//560
f 5259//3404 5260//3404 5217//3404
f 5259//3404 5217//3404 5219//3404
f 5261//3405 5262//3405 5263//3405
f 5262//3406 5264//3406 5263//3406
f 5264//3407 5265//3407 5263//3407
f 5265//3406 5266//3406 5263//3406
f 5266//3405 5267//3405 5263//3405
f 5267//3406 5268//3406 5263//3406
f 5268//3406 5269//3406 5263//3406
f 5269//3406 5270//3406 5263//3406
f 5270//3406 5271//3406 5263//3406
f 5271//3406 5272//3406 5263//3406
f 5272//3408 5273//3408 5263//3408
f 5273//3409 5274//3409 5263//3409
f 5274//3410 5275//3410 5263//3410
f 5276//3406 5277//3406 5278//3406
f 5276//3405 5279//3405 5277//3405
f 5276//3406 5280//3406 5279//3406
f 5276//3406 5281//3406 5280//3406
f 5282//3411 5217//3411 5275//3411
f 5283//3412 5217//3412 5282//3412
f 5284//3408 5217//3408 5283//3408
f 5285//3406 5217//3406 5284//3406
f 5286//3406 5217//3406 5285//3406
f 5287//3406 5217//3406 5286//3406
f 5288//3406 5217//3406 5287//3406
f 5289//3406 5217//3406 5288//3406
f 5290//3406 5217//3406 5289//3406
f 5291//3406 5217//3406 5290//3406
f 5292//3407 5217//3407 5291//3407
f 5293//3406 5217//3406 5292//3406
f 5294//3405 5217//3405 5293//3405
f 5276//3406 5295//3406 5281//3406
f 5296//3406 5218//3406 5297//3406
f 5298//3405 5218//3405 5296//3405
f 5299//3406 5218//3406 5298//3406
f 5300//3406 5218//3406 5299//3406
f 5301//3406 5218//3406 5300//3406
f 5217//3406 5263//3406 5275//3406
f 5276//3406 5218//3406 5302//3406
f 5276//3413 5302//3413 5303//3413
f 5276//3414 5303//3414 5304//3414
f 5276//3413 5304//3413 5305//3413
f 5276//3406 5305//3406 5306//3406
f 5276//3406 5306//3406 5307//3406
f 5276//3405 5307//3405 5295//3405
f 5302//3413 5218//3413 5308//3413
f 5308//3406 5218//3406 5309//3406
f 5309//3413 5218//3413 5310//3413
f 5310//3406 5218//3406 5311//3406
f 5311//3406 5218//3406 5312//3406
f 5312//3405 5218//3405 5301//3405
f 5263//3406 5313//3406 5261//3406
f 5314//3405 5313//3405 5315//3405
f 5316//3405 5313//3405 5314//3405
f 5317//3406 5313//3406 5316//3406
f 5318//3406 5313//3406 5317//3406
f 5319//3405 5313//3405 5318//3405
f 5320//3406 5313//3406 5319//3406
f 5321//3405 5313//3405 5320//3405
f 5322//3406 5313//3406 5321//3406
f 5323//3405 5313//3405 5322//3405
f 5261//3406 5313//3406 5323//3406
f 5313//3405 5324//3405 5315//3405
f 5315//3406 5324//3406 5325//3406
f 5263//3405 5324//3405 5313//3405
f 5324//3406 5326//3406 5325//3406
f 5263//3406 5326//3406 5324//3406
f 5263//3406 5327//3406 5326//3406
f 5326//3406 5327//3406 5325//3406
f 5327//3406 5328//3406 5325//3406
f 5325//3406 5328//3406 5329//3406
f 5263//3406 5328//3406 5327//3406
f 5328//3406 5330//3406 5329//3406
f 5263//3406 5330//3406 5328//3406
f 5263//3405 5331//3405 5330//3405
f 5330//3405 5331//3405 5329//3405
f 5329//3406 5332//3406 5333//3406
f 5331//3405 5332//3405 5329//3405
f 5263//3405 5332//3405 5331//3405
f 5332//3408 5334//3408 5333//3408
f 5263//3415 5334//3415 5332//3415
f 5335//3416 5336//3416 5337//3416
f 5338//3406 5336//3406 5335//3406
f 5339//3406 5336//3406 5338//3406
f 5340//3405 5336//3405 5339//3405
f 5341//3406 5336//3406 5340//3406
f 5342//3406 5336//3406 5341//3406
f 5333//3405 5336//3405 5342//3405
f 5334//3405 5336//3405 5333//3405
f 5263//3417 5336//3417 5334//3417
f 5343//3405 5344//3405 5345//3405
f 5346//3406 5344//3406 5343//3406
f 5347//3406 5344//3406 5346//3406
f 5348//3405 5344//3405 5347//3405
f 5349//3406 5344//3406 5348//3406
f 5344//3406 5350//3406 5345//3406
f 5350//3406 5351//3406 5345//3406
f 5345//3406 5352//3406 5353//3406
f 5351//3405 5352//3405 5345//3405
f 5276//3418 5352//3418 5351//3418
f 5352//3407 5354//3407 5353//3407
f 5276//3419 5354//3419 5352//3419
f 5354//3406 5355//3406 5353//3406
f 5276//3420 5355//3420 5354//3420
f 5276//3406 5356//3406 5355//3406
f 5355//3416 5356//3416 5353//3416
f 5276//3406 5357//3406 5356//3406
f 5358//3406 5357//3406 5278//3406
f 5359//3405 5357//3405 5358//3405
f 5360//3406 5357//3406 5359//3406
f 5361//3405 5357//3405 5360//3405
f 5362//3406 5357//3406 5361//3406
f 5353//3405 5357//3405 5362//3405
f 5356//3406 5357//3406 5353//3406
f 5278//3406 5357//3406 5276//3406
f 5294//3406 5363//3406 5217//3406
f 5364//3406 5363//3406 5294//3406
f 5365//3405 5363//3405 5364//3405
f 5366//3406 5363//3406 5365//3406
f 5367//3405 5363//3405 5366//3405
f 5368//3406 5363//3406 5367//3406
f 5369//3405 5363//3405 5368//3405
f 5370//3406 5363//3406 5369//3406
f 5371//3406 5363//3406 5370//3406
f 5372//3405 5363//3405 5371//3405
f 5373//3405 5363//3405 5372//3405
f 5363//3405 5374//3405 5217//3405
f 5375//3406 5374//3406 5373//3406
f 5373//3405 5374//3405 5363//3405
f 5374//3406 5376//3406 5217//3406
f 5375//3406 5376//3406 5374//3406
f 5376//3406 5377//3406 5217//3406
f 5375//3406 5377//3406 5376//3406
f 5375//3406 5378//3406 5377//3406
f 5377//3406 5378//3406 5217//3406
f 5379//3406 5378//3406 5375//3406
f 5378//3406 5380//3406 5217//3406
f 5379//3406 5380//3406 5378//3406
f 5380//3405 5381//3405 5217//3405
f 5379//3405 5381//3405 5380//3405
f 5381//3405 5382//3405 5217//3405
f 5379//3405 5382//3405 5381//3405
f 5383//3406 5382//3406 5379//3406
f 5382//3421 5384//3421 5217//3421
f 5383//3408 5384//3408 5382//3408
f 5383//3405 5385//3405 5384//3405
f 5384//3422 5385//3422 5217//3422
f 5386//3405 5385//3405 5383//3405
f 5387//3406 5385//3406 5386//3406
f 5388//3406 5385//3406 5387//3406
f 5389//3405 5385//3405 5388//3405
f 5390//3406 5385//3406 5389//3406
f 5391//3406 5385//3406 5390//3406
f 5392//3405 5385//3405 5391//3405
f 5393//3406 5394//3406 5395//3406
f 5396//3405 5394//3405 5393//3405
f 5397//3406 5394//3406 5396//3406
f 5398//3406 5394//3406 5397//3406
f 5399//3405 5394//3405 5398//3405
f 5399//3406 5400//3406 5394//3406
f 5399//3406 5401//3406 5400//3406
f 5401//3420 5402//3420 5218//3420
f 5403//3406 5402//3406 5399//3406
f 5399//3405 5402//3405 5401//3405
f 5402//3423 5404//3423 5218//3423
f 5403//3405 5404//3405 5402//3405
f 5404//3418 5405//3418 5218//3418
f 5403//3406 5405//3406 5404//3406
f 5405//3406 5406//3406 5218//3406
f 5403//3405 5406//3405 5405//3405
f 5407//3405 5408//3405 5403//3405
f 5409//3406 5408//3406 5407//3406
f 5410//3405 5408//3405 5409//3405
f 5411//3406 5408//3406 5410//3406
f 5412//3405 5408//3405 5411//3405
f 5297//3406 5408//3406 5412//3406
f 5218//3406 5408//3406 5297//3406
f 5406//3406 5408//3406 5218//3406
f 5403//3406 5408//3406 5406//3406
f 5276//3406 5413//3406 5263//3406
f 5349//3406 5413//3406 5344//3406
f 5414//3406 5413//3406 5349//3406
f 5415//3405 5413//3405 5414//3405
f 5416//3406 5413//3406 5415//3406
f 5417//3406 5413//3406 5416//3406
f 5418//3406 5413//3406 5417//3406
f 5336//3406 5413//3406 5337//3406
f 5419//3416 5413//3416 5418//3416
f 5337//3405 5413//3405 5419//3405
f 5344//3418 5413//3418 5350//3418
f 5351//3406 5413//3406 5276//3406
f 5350//3418 5413//3418 5351//3418
f 5263//3406 5413//3406 5336//3406
f 5420//3405 5421//3405 5392//3405
f 5422//3416 5421//3416 5420//3416
f 5423//3406 5421//3406 5422//3406
f 5217//3406 5421//3406 5218//3406
f 5424//3406 5421//3406 5423//3406
f 5425//3406 5421//3406 5424//3406
f 5426//3405 5421//3405 5425//3405
f 5395//3406 5421//3406 5426//3406
f 5218//3406 5421//3406 5401//3406
f 5392//3406 5421//3406 5385//3406
f 5400//3420 5421//3420 5394//3420
f 5401//3420 5421//3420 5400//3420
f 5394//3406 5421//3406 5395//3406
f 5385//3406 5421//3406 5217//3406
f 5427//3424 5428//3424 5219//3424
f 5428//3424 5429//3424 5219//3424
f 5429//3425 5430//3425 5219//3425
f 5430//3424 5431//3424 5219//3424
f 5431//3424 5432//3424 5219//3424
f 5432//3425 5433//3425 5219//3425
f 5433//3424 5434//3424 5219//3424
f 5434//3424 5435//3424 5219//3424
f 5435//3424 5436//3424 5219//3424
f 5436//3425 5437//3425 5219//3425
f 5437//3426 5438//3426 5219//3426
f 5438//3427 5439//3427 5219//3427
f 5439//3428 5440//3428 5219//3428
f 5220//3424 5441//3424 5442//3424
f 5220//3425 5443//3425 5441//3425
f 5220//3424 5444//3424 5443//3424
f 5220//3424 5445//3424 5444//3424
f 5446//3429 5447//3429 5440//3429
f 5448//3430 5447//3430 5446//3430
f 5449//3426 5447//3426 5448//3426
f 5450//3425 5447//3425 5449//3425
f 5451//3424 5447//3424 5450//3424
f 5452//3424 5447//3424 5451//3424
f 5453//3424 5447//3424 5452//3424
f 5454//3425 5447//3425 5453//3425
f 5455//3424 5447//3424 5454//3424
f 5456//3424 5447//3424 5455//3424
f 5457//3425 5447//3425 5456//3425
f 5458//3424 5447//3424 5457//3424
f 5459//3424 5447//3424 5458//3424
f 5220//3424 5460//3424 5445//3424
f 5461//3424 5462//3424 5463//3424
f 5464//3425 5462//3425 5461//3425
f 5465//3424 5462//3424 5464//3424
f 5466//3424 5462//3424 5465//3424
f 5467//3424 5462//3424 5466//3424
f 5447//3424 5219//3424 5440//3424
f 5220//3424 5462//3424 5468//3424
f 5220//3431 5468//3431 5469//3431
f 5220//3424 5469//3424 5470//3424
f 5220//3431 5470//3431 5471//3431
f 5220//3424 5471//3424 5472//3424
f 5220//3424 5472//3424 5473//3424
f 5220//3425 5473//3425 5460//3425
f 5468//3431 5462//3431 5474//3431
f 5474//3426 5462//3426 5475//3426
f 5475//3431 5462//3431 5476//3431
f 5476//3424 5462//3424 5477//3424
f 5477//3424 5462//3424 5478//3424
f 5478//3425 5462//3425 5467//3425
f 5219//3424 5479//3424 5427//3424
f 5480//3425 5479//3425 5481//3425
f 5482//3425 5479//3425 5480//3425
f 5483//3424 5479//3424 5482//3424
f 5484//3424 5479//3424 5483//3424
f 5485//3425 5479//3425 5484//3425
f 5486//3424 5479//3424 5485//3424
f 5487//3425 5479//3425 5486//3425
f 5488//3424 5479//3424 5487//3424
f 5489//3425 5479//3425 5488//3425
f 5427//3424 5479//3424 5489//3424
f 5479//3425 5490//3425 5481//3425
f 5481//3424 5490//3424 5491//3424
f 5219//3425 5490//3425 5479//3425
f 5490//3424 5492//3424 5491//3424
f 5219//3424 5492//3424 5490//3424
f 5219//3424 5493//3424 5492//3424
f 5492//3424 5493//3424 5491//3424
f 5493//3425 5494//3425 5491//3425
f 5491//3424 5494//3424 5495//3424
f 5219//3425 5494//3425 5493//3425
f 5494//3424 5496//3424 5495//3424
f 5219//3432 5496//3432 5494//3432
f 5219//3433 5497//3433 5496//3433
f 5496//3425 5497//3425 5495//3425
f 5495//3424 5498//3424 5499//3424
f 5497//3425 5498//3425 5495//3425
f 5219//3425 5498//3425 5497//3425
f 5498//3434 5500//3434 5499//3434
f 5219//3435 5500//3435 5498//3435
f 5501//3424 5502//3424 5503//3424
f 5504//3424 5502//3424 5501//3424
f 5505//3424 5502//3424 5504//3424
f 5506//3425 5502//3425 5505//3425
f 5507//3424 5502//3424 5506//3424
f 5508//3424 5502//3424 5507//3424
f 5499//3425 5502//3425 5508//3425
f 5500//3425 5502//3425 5499//3425
f 5219//3433 5502//3433 5500//3433
f 5509//3425 5510//3425 5511//3425
f 5512//3424 5510//3424 5509//3424
f 5513//3424 5510//3424 5512//3424
f 5514//3425 5510//3425 5513//3425
f 5515//3424 5510//3424 5514//3424
f 5510//3424 5516//3424 5511//3424
f 5516//3424 5517//3424 5511//3424
f 5511//3424 5518//3424 5519//3424
f 5517//3425 5518//3425 5511//3425
f 5220//3432 5518//3432 5517//3432
f 5518//3436 5520//3436 5519//3436
f 5220//3437 5520//3437 5518//3437
f 5520//3424 5521//3424 5519//3424
f 5220//3438 5521//3438 5520//3438
f 5220//3424 5522//3424 5521//3424
f 5521//3424 5522//3424 5519//3424
f 5220//3424 5523//3424 5522//3424
f 5524//3424 5523//3424 5442//3424
f 5525//3425 5523//3425 5524//3425
f 5526//3424 5523//3424 5525//3424
f 5527//3425 5523//3425 5526//3425
f 5528//3424 5523//3424 5527//3424
f 5519//3425 5523//3425 5528//3425
f 5522//3424 5523//3424 5519//3424
f 5442//3424 5523//3424 5220//3424
f 5459//3424 5529//3424 5447//3424
f 5530//3424 5529//3424 5459//3424
f 5531//3425 5529//3425 5530//3425
f 5532//3424 5529//3424 5531//3424
f 5533//3425 5529//3425 5532//3425
f 5534//3424 5529//3424 5533//3424
f 5535//3425 5529//3425 5534//3425
f 5536//3424 5529//3424 5535//3424
f 5537//3424 5529//3424 5536//3424
f 5538//3425 5529//3425 5537//3425
f 5539//3425 5529//3425 5538//3425
f 5529//3425 5540//3425 5447//3425
f 5541//3424 5540//3424 5539//3424
f 5539//3425 5540//3425 5529//3425
f 5540//3424 5542//3424 5447//3424
f 5541//3424 5542//3424 5540//3424
f 5542//3424 5543//3424 5447//3424
f 5541//3424 5543//3424 5542//3424
f 5541//3425 5544//3425 5543//3425
f 5543//3425 5544//3425 5447//3425
f 5545//3424 5544//3424 5541//3424
f 5544//3439 5546//3439 5447//3439
f 5545//3424 5546//3424 5544//3424
f 5546//3440 5547//3440 5447//3440
f 5545//3425 5547//3425 5546//3425
f 5547//3425 5548//3425 5447//3425
f 5545//3425 5548//3425 5547//3425
f 5549//3424 5548//3424 5545//3424
f 5548//3441 5550//3441 5447//3441
f 5549//3442 5550//3442 5548//3442
f 5549//3425 5551//3425 5550//3425
f 5550//3440 5551//3440 5447//3440
f 5552//3425 5551//3425 5549//3425
f 5553//3424 5551//3424 5552//3424
f 5554//3424 5551//3424 5553//3424
f 5555//3425 5551//3425 5554//3425
f 5556//3424 5551//3424 5555//3424
f 5557//3424 5551//3424 5556//3424
f 5558//3424 5551//3424 5557//3424
f 5559//3424 5560//3424 5561//3424
f 5562//3425 5560//3425 5559//3425
f 5563//3424 5560//3424 5562//3424
f 5564//3424 5560//3424 5563//3424
f 5565//3425 5560//3425 5564//3425
f 5565//3424 5566//3424 5560//3424
f 5565//3424 5567//3424 5566//3424
f 5567//3438 5568//3438 5462//3438
f 5569//3424 5568//3424 5565//3424
f 5565//3425 5568//3425 5567//3425
f 5568//3443 5570//3443 5462//3443
f 5569//3436 5570//3436 5568//3436
f 5570//3432 5571//3432 5462//3432
f 5569//3424 5571//3424 5570//3424
f 5571//3424 5572//3424 5462//3424
f 5569//3424 5572//3424 5571//3424
f 5573//3425 5574//3425 5569//3425
f 5575//3424 5574//3424 5573//3424
f 5576//3425 5574//3425 5575//3425
f 5577//3424 5574//3424 5576//3424
f 5578//3425 5574//3425 5577//3425
f 5463//3424 5574//3424 5578//3424
f 5462//3424 5574//3424 5463//3424
f 5572//3424 5574//3424 5462//3424
f 5569//3424 5574//3424 5572//3424
f 5220//3424 5579//3424 5219//3424
f 5515//3424 5579//3424 5510//3424
f 5580//3424 5579//3424 5515//3424
f 5581//3425 5579//3425 5580//3425
f 5582//3424 5579//3424 5581//3424
f 5583//3424 5579//3424 5582//3424
f 5584//3424 5579//3424 5583//3424
f 5502//3424 5579//3424 5503//3424
f 5585//3444 5579//3444 5584//3444
f 5503//3425 5579//3425 5585//3425
f 5510//3432 5579//3432 5516//3432
f 5517//3424 5579//3424 5220//3424
f 5516//3432 5579//3432 5517//3432
f 5219//3424 5579//3424 5502//3424
f 5586//3425 5587//3425 5558//3425
f 5588//3444 5587//3444 5586//3444
f 5589//3424 5587//3424 5588//3424
f 5447//3424 5587//3424 5462//3424
f 5590//3424 5587//3424 5589//3424
f 5591//3424 5587//3424 5590//3424
f 5592//3425 5587//3425 5591//3425
f 5561//3424 5587//3424 5592//3424
f 5462//3424 5587//3424 5567//3424
f 5558//3424 5587//3424 5551//3424
f 5566//3438 5587//3438 5560//3438
f 5567//3438 5587//3438 5566//3438
f 5560//3424 5587//3424 5561//3424
f 5551//3424 5587//3424 5447//3424
f 5593//3445 5276//3445 5462//3445
f 5594//3445 5593//3445 5462//3445
f 5595//3445 5276//3445 5593//3445
f 5596//3445 5276//3445 5595//3445
f 5597//3445 5594//3445 5462//3445
f 5598//3445 5276//3445 5596//3445
f 5599//3445 5597//3445 5462//3445
f 5600//3445 5276//3445 5598//3445
f 5601//3445 5599//3445 5462//3445
f 5602//3445 5276//3445 5600//3445
f 5603//3445 5601//3445 5462//3445
f 5604//3445 5276//3445 5602//3445
f 5605//3445 5603//3445 5462//3445
f 5606//3445 5276//3445 5604//3445
f 5607//3445 5605//3445 5462//3445
f 5608//3445 5276//3445 5606//3445
f 5609//3445 5607//3445 5462//3445
f 5610//3445 5276//3445 5608//3445
f 5611//3445 5609//3445 5462//3445
f 5612//3445 5276//3445 5610//3445
f 5613//3445 5611//3445 5462//3445
f 5614//3445 5276//3445 5612//3445
f 5615//3445 5613//3445 5462//3445
f 5616//3445 5276//3445 5614//3445
f 5617//3445 5615//3445 5462//3445
f 5618//3445 5276//3445 5616//3445
f 5619//3445 5617//3445 5462//3445
f 5620//3445 5276//3445 5618//3445
f 5621//3445 5619//3445 5462//3445
f 5622//3445 5276//3445 5620//3445
f 5623//3445 5621//3445 5462//3445
f 5624//3445 5276//3445 5622//3445
f 5625//3445 5623//3445 5462//3445
f 5626//3445 5276//3445 5624//3445
f 5627//3445 5625//3445 5462//3445
f 5628//3445 5276//3445 5626//3445
f 5629//3445 5627//3445 5462//3445
f 5630//3445 5276//3445 5628//3445
f 5631//3445 5629//3445 5462//3445
f 5632//3445 5276//3445 5630//3445
f 5633//3445 5631//3445 5462//3445
f 5634//3445 5276//3445 5632//3445
f 5635//3445 5633//3445 5462//3445
f 5636//3445 5276//3445 5634//3445
f 5637//3445 5635//3445 5462//3445
f 5638//3445 5276//3445 5636//3445
f 5639//3445 5637//3445 5462//3445
f 5640//3445 5276//3445 5638//3445
f 5641//3445 5639//3445 5462//3445
f 5642//3445 5276//3445 5640//3445
f 5643//3445 5641//3445 5462//3445
f 5644//3445 5276//3445 5642//3445
f 5645//3445 5643//3445 5462//3445
f 5646//3445 5276//3445 5644//3445
f 5647//3445 5645//3445 5462//3445
f 5648//3445 5276//3445 5646//3445
f 5649//3445 5647//3445 5462//3445
f 5650//3445 5276//3445 5648//3445
f 5651//3445 5649//3445 5462//3445
f 5652//3445 5276//3445 5650//3445
f 5653//3445 5651//3445 5462//3445
f 5654//3445 5276//3445 5652//3445
f 5655//3445 5653//3445 5462//3445
f 5656//3445 5276//3445 5654//3445
f 5657//3445 5655//3445 5462//3445
f 5218//3445 5658//3445 5659//3445
f 5218//3445 5660//3445 5658//3445
f 5218//3445 5661//3445 5660//3445
f 5218//3445 5662//3445 5661//3445
f 5218//3445 5663//3445 5662//3445
f 5218//3445 5664//3445 5663//3445
f 5218//3445 5665//3445 5664//3445
f 5218//3445 5666//3445 5665//3445
f 5218//3445 5667//3445 5666//3445
f 5218//3445 5668//3445 5667//3445
f 5218//3445 5669//3445 5668//3445
f 5218//3445 5670//3445 5669//3445
f 5218//3445 5671//3445 5670//3445
f 5218//3445 5672//3445 5671//3445
f 5218//3445 5673//3445 5672//3445
f 5218//3445 5674//3445 5673//3445
f 5218//3445 5675//3445 5674//3445
f 5218//3445 5676//3445 5675//3445
f 5218//3445 5677//3445 5676//3445
f 5218//3445 5678//3445 5677//3445
f 5218//3445 5679//3445 5678//3445
f 5218//3445 5680//3445 5679//3445
f 5218//3445 5681//3445 5680//3445
f 5218//3445 5682//3445 5681//3445
f 5218//3445 5683//3445 5682//3445
f 5218//3445 5684//3445 5683//3445
f 5218//3445 5685//3445 5684//3445
f 5218//3445 5686//3445 5685//3445
f 5218//3445 5687//3445 5686//3445
f 5218//3445 5688//3445 5687//3445
f 5218//3445 5656//3445 5688//3445
f 5218//3445 5276//3445 5656//3445
f 5220//3445 5689//3445 5690//3445
f 5220//3445 5691//3445 5689//3445
f 5220//3445 5692//3445 5691//3445
f 5220//3445 5693//3445 5692//3445
f 5220//3445 5694//3445 5693//3445
f 5220//3445 5695//3445 5694//3445
f 5220//3445 5696//3445 5695//3445
f 5220//3445 5697//3445 5696//3445
f 5220//3445 5698//3445 5697//3445
f 5220//3445 5699//3445 5698//3445
f 5220//3445 5700//3445 5699//3445
f 5220//3445 5701//3445 5700//3445
f 5220//3445 5702//3445 5701//3445
f 5220//3445 5703//3445 5702//3445
f 5220//3445 5704//3445 5703//3445
f 5220//3445 5705//3445 5704//3445
f 5220//3445 5706//3445 5705//3445
f 5220//3445 5707//3445 5706//3445
f 5220//3445 5708//3445 5707//3445
f 5220//3445 5709//3445 5708//3445
f 5220//3445 5710//3445 5709//3445
f 5220//3445 5711//3445 5710//3445
f 5220//3445 5712//3445 5711//3445
f 5220//3445 5713//3445 5712//3445
f 5220//3445 5714//3445 5713//3445
f 5220//3445 5715//3445 5714//3445
f 5220//3445 5716//3445 5715//3445
f 5220//3445 5717//3445 5716//3445
f 5220//3445 5718//3445 5717//3445
f 5220//3445 5659//3445 5718//3445
f 5220//3445 5218//3445 5659//3445
f 5220//3445 5657//3445 5462//3445
f 5220//3445 5690//3445 5657//3445
f 5260//880 5719//880 5263//880
f 5260//880 5263//880 5217//880
f 5720//946 5259//946 5219//946
f 5720//946 5219//946 5447//946
f 5719//3446 5260//3446 5720//3446
f 5720//3446 5260//3446 5259//3446
f 5721//3447 5722//3447 5447//3447
f 5722//3448 5723//3448 5447//3448
f 5723//3449 5724//3449 5447//3449
f 5724//3450 5725//3450 5447//3450
f 5725//3447 5726//3447 5447//3447
f 5726//3448 5727//3448 5447//3448
f 5727//3448 5728//3448 5447//3448
f 5728//3448 5729//3448 5447//3448
f 5729//3448 5730//3448 5447//3448
f 5730//3451 5731//3451 5447//3451
f 5731//3450 5732//3450 5447//3450
f 5732//3452 5733//3452 5447//3452
f 5733//3453 5734//3453 5447//3453
f 5462//3448 5735//3448 5736//3448
f 5462//3447 5737//3447 5735//3447
f 5462//3447 5738//3447 5737//3447
f 5462//3448 5739//3448 5738//3448
f 5740//3453 5263//3453 5734//3453
f 5741//3452 5263//3452 5740//3452
f 5742//3450 5263//3450 5741//3450
f 5743//3448 5263//3448 5742//3448
f 5744//3448 5263//3448 5743//3448
f 5745//3448 5263//3448 5744//3448
f 5746//3448 5263//3448 5745//3448
f 5747//3448 5263//3448 5746//3448
f 5748//3447 5263//3447 5747//3447
f 5749//3450 5263//3450 5748//3450
f 5750//3449 5263//3449 5749//3449
f 5751//3448 5263//3448 5750//3448
f 5752//3447 5263//3447 5751//3447
f 5462//3447 5753//3447 5739//3447
f 5754//3448 5276//3448 5755//3448
f 5756//3447 5276//3447 5754//3447
f 5757//3448 5276//3448 5756//3448
f 5758//3448 5276//3448 5757//3448
f 5759//3448 5276//3448 5758//3448
f 5263//3448 5447//3448 5734//3448
f 5462//3448 5276//3448 5760//3448
f 5462//3454 5760//3454 5761//3454
f 5462//3448 5761//3448 5762//3448
f 5462//3455 5762//3455 5763//3455
f 5462//3448 5763//3448 5764//3448
f 5462//3448 5764//3448 5765//3448
f 5462//3447 5765//3447 5753//3447
f 5760//3454 5276//3454 5766//3454
f 5766//3448 5276//3448 5767//3448
f 5767//3455 5276//3455 5768//3455
f 5768//3448 5276//3448 5769//3448
f 5769//3450 5276//3450 5770//3450
f 5770//3447 5276//3447 5759//3447
f 5447//3448 5771//3448 5721//3448
f 5772//3447 5771//3447 5773//3447
f 5774//3447 5771//3447 5772//3447
f 5775//3448 5771//3448 5774//3448
f 5776//3448 5771//3448 5775//3448
f 5777//3447 5771//3447 5776//3447
f 5778//3448 5771//3448 5777//3448
f 5779//3447 5771//3447 5778//3447
f 5780//3448 5771//3448 5779//3448
f 5781//3447 5771//3447 5780//3447
f 5721//3448 5771//3448 5781//3448
f 5771//3447 5782//3447 5773//3447
f 5773//3448 5782//3448 5783//3448
f 5447//3448 5782//3448 5771//3448
f 5782//3448 5784//3448 5783//3448
f 5447//3448 5784//3448 5782//3448
f 5447//3448 5785//3448 5784//3448
f 5784//3448 5785//3448 5783//3448
f 5785//3448 5786//3448 5783//3448
f 5783//3447 5786//3447 5787//3447
f 5447//3448 5786//3448 5785//3448
f 5786//3448 5788//3448 5787//3448
f 5447//3448 5788//3448 5786//3448
f 5447//3447 5789//3447 5788//3447
f 5788//3447 5789//3447 5787//3447
f 5787//3448 5790//3448 5791//3448
f 5789//3447 5790//3447 5787//3447
f 5447//3447 5790//3447 5789//3447
f 5790//3456 5792//3456 5791//3456
f 5447//3457 5792//3457 5790//3457
f 5793//3448 5794//3448 5795//3448
f 5796//3448 5794//3448 5793//3448
f 5797//3448 5794//3448 5796//3448
f 5798//3447 5794//3447 5797//3447
f 5799//3458 5794//3458 5798//3458
f 5800//3448 5794//3448 5799//3448
f 5791//3447 5794//3447 5800//3447
f 5792//3449 5794//3449 5791//3449
f 5447//3459 5794//3459 5792//3459
f 5801//3448 5802//3448 5803//3448
f 5804//3447 5802//3447 5801//3447
f 5805//3448 5802//3448 5804//3448
f 5806//3447 5802//3447 5805//3447
f 5807//3448 5802//3448 5806//3448
f 5802//3448 5808//3448 5803//3448
f 5808//3448 5809//3448 5803//3448
f 5803//3448 5810//3448 5811//3448
f 5809//3447 5810//3447 5803//3447
f 5462//3460 5810//3460 5809//3460
f 5810//3447 5812//3447 5811//3447
f 5462//3461 5812//3461 5810//3461
f 5462//3462 5813//3462 5812//3462
f 5812//3448 5813//3448 5811//3448
f 5462//3448 5814//3448 5813//3448
f 5813//3448 5814//3448 5811//3448
f 5815//3448 5816//3448 5736//3448
f 5817//3447 5816//3447 5815//3447
f 5818//3448 5816//3448 5817//3448
f 5819//3447 5816//3447 5818//3447
f 5820//3448 5816//3448 5819//3448
f 5811//3447 5816//3447 5820//3447
f 5462//3448 5816//3448 5814//3448
f 5814//3448 5816//3448 5811//3448
f 5736//3448 5816//3448 5462//3448
f 5752//3448 5821//3448 5263//3448
f 5822//3448 5821//3448 5752//3448
f 5823//3447 5821//3447 5822//3447
f 5824//3448 5821//3448 5823//3448
f 5825//3447 5821//3447 5824//3447
f 5826//3448 5821//3448 5825//3448
f 5827//3447 5821//3447 5826//3447
f 5828//3458 5821//3458 5827//3458
f 5829//3448 5821//3448 5828//3448
f 5830//3447 5821//3447 5829//3447
f 5831//3447 5821//3447 5830//3447
f 5821//3448 5832//3448 5263//3448
f 5833//3448 5832//3448 5831//3448
f 5831//3447 5832//3447 5821//3447
f 5832//3448 5834//3448 5263//3448
f 5833//3448 5834//3448 5832//3448
f 5834//3448 5835//3448 5263//3448
f 5833//3448 5835//3448 5834//3448
f 5835//3448 5836//3448 5263//3448
f 5833//3448 5836//3448 5835//3448
f 5837//3447 5836//3447 5833//3447
f 5836//3448 5838//3448 5263//3448
f 5837//3448 5838//3448 5836//3448
f 5838//3447 5839//3447 5263//3447
f 5837//3447 5839//3447 5838//3447
f 5839//3447 5840//3447 5263//3447
f 5837//3447 5840//3447 5839//3447
f 5841//3448 5840//3448 5837//3448
f 5840//3463 5842//3463 5263//3463
f 5841//3464 5842//3464 5840//3464
f 5842//3465 5843//3465 5263//3465
f 5841//3449 5843//3449 5842//3449
f 5844//3447 5843//3447 5841//3447
f 5845//3448 5843//3448 5844//3448
f 5846//3458 5843//3458 5845//3458
f 5847//3447 5843//3447 5846//3447
f 5848//3448 5843//3448 5847//3448
f 5849//3448 5843//3448 5848//3448
f 5850//3448 5843//3448 5849//3448
f 5851//3448 5852//3448 5853//3448
f 5854//3447 5852//3447 5851//3447
f 5855//3448 5852//3448 5854//3448
f 5856//3447 5852//3447 5855//3447
f 5857//3448 5852//3448 5856//3448
f 5857//3448 5858//3448 5852//3448
f 5857//3448 5859//3448 5858//3448
f 5860//3448 5861//3448 5857//3448
f 5859//3462 5861//3462 5276//3462
f 5857//3447 5861//3447 5859//3447
f 5860//3447 5862//3447 5861//3447
f 5861//3466 5862//3466 5276//3466
f 5860//3448 5863//3448 5862//3448
f 5862//3460 5863//3460 5276//3460
f 5863//3448 5864//3448 5276//3448
f 5860//3448 5864//3448 5863//3448
f 5865//3447 5866//3447 5860//3447
f 5867//3448 5866//3448 5865//3448
f 5868//3447 5866//3447 5867//3447
f 5869//3448 5866//3448 5868//3448
f 5870//3447 5866//3447 5869//3447
f 5755//3448 5866//3448 5870//3448
f 5276//3448 5866//3448 5755//3448
f 5864//3448 5866//3448 5276//3448
f 5860//3448 5866//3448 5864//3448
f 5462//3448 5871//3448 5447//3448
f 5807//3448 5871//3448 5802//3448
f 5872//3448 5871//3448 5807//3448
f 5873//3447 5871//3447 5872//3447
f 5874//3448 5871//3448 5873//3448
f 5802//3460 5871//3460 5808//3460
f 5875//3448 5871//3448 5874//3448
f 5876//3448 5871//3448 5875//3448
f 5877//3458 5871//3458 5876//3458
f 5795//3447 5871//3447 5877//3447
f 5794//3448 5871//3448 5795//3448
f 5808//3460 5871//3460 5809//3460
f 5809//3448 5871//3448 5462//3448
f 5447//3448 5871//3448 5794//3448
f 5878//3447 5879//3447 5850//3447
f 5880//3458 5879//3458 5878//3458
f 5881//3448 5879//3448 5880//3448
f 5263//3448 5879//3448 5276//3448
f 5882//3448 5879//3448 5881//3448
f 5883//3448 5879//3448 5882//3448
f 5884//3447 5879//3447 5883//3447
f 5853//3448 5879//3448 5884//3448
f 5850//3448 5879//3448 5843//3448
f 5859//3462 5879//3462 5858//3462
f 5843//3448 5879//3448 5263//3448
f 5858//3462 5879//3462 5852//3462
f 5276//3458 5879//3458 5859//3458
f 5852//3448 5879//3448 5853//3448
f 5303//3467 5302//3467 5885//3467
f 5303//3467 5885//3467 5886//3467
f 5304//3468 5886//3468 5887//3468
f 5304//3469 5303//3469 5886//3469
f 5305//3470 5887//3470 5888//3470
f 5305//3471 5304//3471 5887//3471
f 5306//3472 5888//3472 5889//3472
f 5306//3473 5305//3473 5888//3473
f 5307//3474 5889//3474 5890//3474
f 5307//3474 5306//3474 5889//3474
f 5295//3475 5890//3475 5891//3475
f 5295//3476 5307//3476 5890//3476
f 5281//3477 5891//3477 5892//3477
f 5281//3477 5295//3477 5891//3477
f 5280//3478 5892//3478 5893//3478
f 5280//3478 5281//3478 5892//3478
f 5279//3479 5893//3479 5894//3479
f 5279//3479 5280//3479 5893//3479
f 5277//3480 5894//3480 5895//3480
f 5277//3480 5279//3480 5894//3480
f 5278//3481 5277//3481 5895//3481
f 5278//3481 5895//3481 5896//3481
f 5358//3482 5278//3482 5896//3482
f 5358//3482 5896//3482 5897//3482
f 5359//3483 5358//3483 5897//3483
f 5359//3483 5897//3483 5898//3483
f 5360//3484 5359//3484 5898//3484
f 5360//3485 5898//3485 5899//3485
f 5360//3486 5899//3486 5900//3486
f 5361//3486 5360//3486 5900//3486
f 5362//3487 5361//3487 5900//3487
f 5362//3488 5900//3488 5901//3488
f 5353//3489 5901//3489 5902//3489
f 5353//3490 5362//3490 5901//3490
f 5345//3491 5902//3491 5903//3491
f 5345//3492 5903//3492 5904//3492
f 5345//3491 5353//3491 5902//3491
f 5343//3493 5904//3493 5905//3493
f 5343//3494 5345//3494 5904//3494
f 5346//3493 5343//3493 5905//3493
f 5347//3495 5905//3495 5906//3495
f 5347//3495 5346//3495 5905//3495
f 5348//3496 5906//3496 5907//3496
f 5348//3497 5347//3497 5906//3497
f 5349//3498 5907//3498 5908//3498
f 5349//3498 5348//3498 5907//3498
f 5414//3499 5908//3499 5909//3499
f 5414//3500 5909//3500 5910//3500
f 5414//3499 5349//3499 5908//3499
f 5415//3500 5414//3500 5910//3500
f 5416//3501 5910//3501 5911//3501
f 5416//3502 5911//3502 5912//3502
f 5416//3501 5415//3501 5910//3501
f 5417//3502 5416//3502 5912//3502
f 5418//3503 5912//3503 5913//3503
f 5418//3503 5417//3503 5912//3503
f 5419//3504 5913//3504 5914//3504
f 5419//3504 5418//3504 5913//3504
f 5337//3505 5914//3505 5915//3505
f 5337//3506 5915//3506 5916//3506
f 5337//3505 5419//3505 5914//3505
f 5335//3506 5337//3506 5916//3506
f 5338//3404 5916//3404 5917//3404
f 5338//3507 5917//3507 5918//3507
f 5338//3404 5335//3404 5916//3404
f 5339//3508 5918//3508 5919//3508
f 5339//3507 5338//3507 5918//3507
f 5340//3508 5339//3508 5919//3508
f 5341//3509 5919//3509 5920//3509
f 5341//3510 5920//3510 5921//3510
f 5341//3509 5340//3509 5919//3509
f 5342//3510 5341//3510 5921//3510
f 5333//3511 5342//3511 5921//3511
f 5333//3511 5921//3511 5922//3511
f 5329//3512 5333//3512 5922//3512
f 5329//3512 5922//3512 5923//3512
f 5325//3513 5329//3513 5923//3513
f 5325//3513 5923//3513 5924//3513
f 5315//3514 5325//3514 5924//3514
f 5315//3514 5924//3514 5925//3514
f 5314//3515 5315//3515 5925//3515
f 5314//3515 5925//3515 5926//3515
f 5316//3516 5314//3516 5926//3516
f 5316//3516 5926//3516 5927//3516
f 5317//3517 5316//3517 5927//3517
f 5317//3518 5927//3518 5928//3518
f 5318//3519 5317//3519 5928//3519
f 5318//3520 5928//3520 5929//3520
f 5319//3521 5318//3521 5929//3521
f 5319//3521 5929//3521 5930//3521
f 5320//3522 5319//3522 5930//3522
f 5320//3522 5930//3522 5931//3522
f 5321//3523 5320//3523 5931//3523
f 5321//3523 5931//3523 5932//3523
f 5321//3524 5932//3524 5933//3524
f 5322//3524 5321//3524 5933//3524
f 5323//3525 5933//3525 5934//3525
f 5323//3526 5934//3526 5935//3526
f 5323//3527 5322//3527 5933//3527
f 5261//3526 5323//3526 5935//3526
f 5262//3528 5935//3528 5936//3528
f 5262//3529 5261//3529 5935//3529
f 5264//3530 5936//3530 5937//3530
f 5264//3531 5262//3531 5936//3531
f 5265//3532 5937//3532 5938//3532
f 5265//3532 5264//3532 5937//3532
f 5266//3533 5938//3533 5939//3533
f 5266//3533 5265//3533 5938//3533
f 5267//3534 5939//3534 5940//3534
f 5267//3534 5266//3534 5939//3534
f 5268//3535 5940//3535 5941//3535
f 5268//3536 5941//3536 5942//3536
f 5268//3535 5267//3535 5940//3535
f 5269//3536 5268//3536 5942//3536
f 5270//3537 5942//3537 5943//3537
f 5270//3538 5269//3538 5942//3538
f 5271//3539 5943//3539 5944//3539
f 5271//3539 5270//3539 5943//3539
f 5272//3540 5944//3540 5945//3540
f 5272//3540 5271//3540 5944//3540
f 5273//3541 5945//3541 5946//3541
f 5273//3542 5272//3542 5945//3542
f 5274//3543 5273//3543 5946//3543
f 5274//3544 5946//3544 5947//3544
f 5948//3545 5274//3545 5947//3545
f 5948//3545 5947//3545 5949//3545
f 5282//3546 5948//3546 5949//3546
f 5282//3546 5949//3546 5950//3546
f 5283//3547 5282//3547 5950//3547
f 5283//3548 5950//3548 5951//3548
f 5284//3549 5283//3549 5951//3549
f 5284//3550 5951//3550 5952//3550
f 5284//3551 5952//3551 5953//3551
f 5285//3551 5284//3551 5953//3551
f 5286//3552 5285//3552 5953//3552
f 5286//3552 5953//3552 5954//3552
f 5287//3553 5286//3553 5954//3553
f 5287//3554 5954//3554 5955//3554
f 5288//3555 5287//3555 5955//3555
f 5288//3555 5955//3555 5956//3555
f 5289//3556 5288//3556 5956//3556
f 5289//3557 5956//3557 5957//3557
f 5290//3558 5289//3558 5957//3558
f 5290//3558 5957//3558 5958//3558
f 5291//3559 5290//3559 5958//3559
f 5291//3559 5958//3559 5959//3559
f 5292//3560 5291//3560 5959//3560
f 5292//3560 5959//3560 5960//3560
f 5293//3561 5292//3561 5960//3561
f 5293//3562 5960//3562 5961//3562
f 5294//3563 5293//3563 5961//3563
f 5294//3564 5961//3564 5962//3564
f 5364//3565 5294//3565 5962//3565
f 5364//3565 5962//3565 5963//3565
f 5365//3566 5364//3566 5963//3566
f 5365//3567 5963//3567 5964//3567
f 5366//3568 5365//3568 5964//3568
f 5366//3568 5964//3568 5965//3568
f 5367//3569 5366//3569 5965//3569
f 5367//3569 5965//3569 5966//3569
f 5368//3570 5367//3570 5966//3570
f 5368//3570 5966//3570 5967//3570
f 5369//3571 5368//3571 5967//3571
f 5369//3571 5967//3571 5968//3571
f 5370//3572 5968//3572 5969//3572
f 5370//3573 5369//3573 5968//3573
f 5371//3574 5969//3574 5970//3574
f 5371//3575 5370//3575 5969//3575
f 5372//3576 5970//3576 5971//3576
f 5372//3576 5371//3576 5970//3576
f 5373//3577 5971//3577 5972//3577
f 5373//3577 5372//3577 5971//3577
f 5375//3578 5972//3578 5973//3578
f 5375//3578 5373//3578 5972//3578
f 5379//3579 5375//3579 5973//3579
f 5379//3579 5973//3579 5974//3579
f 5383//3580 5379//3580 5974//3580
f 5383//3580 5974//3580 5975//3580
f 5386//3581 5383//3581 5975//3581
f 5386//3581 5975//3581 5976//3581
f 5387//3582 5386//3582 5976//3582
f 5387//3582 5976//3582 5977//3582
f 5388//3583 5387//3583 5977//3583
f 5388//3583 5977//3583 5978//3583
f 5389//3584 5388//3584 5978//3584
f 5389//3584 5978//3584 5979//3584
f 5390//3585 5389//3585 5979//3585
f 5390//3585 5979//3585 5980//3585
f 5391//3586 5390//3586 5980//3586
f 5391//3586 5980//3586 5981//3586
f 5392//3587 5391//3587 5981//3587
f 5392//3587 5981//3587 5982//3587
f 5420//3588 5392//3588 5982//3588
f 5420//3588 5982//3588 5983//3588
f 5422//3589 5420//3589 5983//3589
f 5422//3589 5983//3589 5984//3589
f 5423//3590 5422//3590 5984//3590
f 5423//3590 5984//3590 5985//3590
f 5424//3591 5985//3591 5986//3591
f 5424//3591 5423//3591 5985//3591
f 5425//3592 5986//3592 5987//3592
f 5425//3592 5424//3592 5986//3592
f 5426//3593 5987//3593 5988//3593
f 5426//3594 5425//3594 5987//3594
f 5395//3595 5988//3595 5989//3595
f 5395//3595 5426//3595 5988//3595
f 5393//3596 5989//3596 5990//3596
f 5393//3596 5395//3596 5989//3596
f 5396//3597 5990//3597 5991//3597
f 5396//3598 5393//3598 5990//3598
f 5397//3599 5991//3599 5992//3599
f 5397//3599 5396//3599 5991//3599
f 5398//3600 5992//3600 5993//3600
f 5398//3600 5397//3600 5992//3600
f 5399//3601 5993//3601 5994//3601
f 5399//3602 5398//3602 5993//3602
f 5403//3603 5994//3603 5995//3603
f 5403//3603 5399//3603 5994//3603
f 5407//3604 5995//3604 5996//3604
f 5407//3605 5403//3605 5995//3605
f 5409//3606 5996//3606 5997//3606
f 5409//3607 5407//3607 5996//3607
f 5410//3608 5997//3608 5998//3608
f 5410//3609 5998//3609 5999//3609
f 5410//3608 5409//3608 5997//3608
f 5411//3610 5410//3610 5999//3610
f 5412//3611 5411//3611 5999//3611
f 5412//3611 5999//3611 6000//3611
f 5297//3612 5412//3612 6000//3612
f 5297//3612 6000//3612 6001//3612
f 5296//3613 5297//3613 6001//3613
f 5296//3613 6001//3613 6002//3613
f 5298//3614 6002//3614 6003//3614
f 5298//3614 5296//3614 6002//3614
f 5299//3615 6003//3615 6004//3615
f 5299//3615 5298//3615 6003//3615
f 5300//3616 6004//3616 6005//3616
f 5300//3616 5299//3616 6004//3616
f 5301//3617 6005//3617 6006//3617
f 5301//3618 6006//3618 6007//3618
f 5301//3617 5300//3617 6005//3617
f 5312//3619 5301//3619 6007//3619
f 5311//3620 6007//3620 6008//3620
f 5311//3621 6008//3621 6009//3621
f 5311//3620 5312//3620 6007//3620
f 5310//3622 5311//3622 6009//3622
f 5309//3623 6009//3623 6010//3623
f 5309//3624 5310//3624 6009//3624
f 5308//3625 6010//3625 6011//3625
f 5308//3625 5309//3625 6010//3625
f 5302//3626 6011//3626 5885//3626
f 5302//3626 5308//3626 6011//3626
f 5469//3627 5468//3627 6012//3627
f 5469//3627 6012//3627 6013//3627
f 5470//3628 6013//3628 6014//3628
f 5470//3628 5469//3628 6013//3628
f 5471//3629 6014//3629 6015//3629
f 5471//3630 5470//3630 6014//3630
f 5472//3631 6015//3631 6016//3631
f 5472//3632 5471//3632 6015//3632
f 5473//3633 6016//3633 6017//3633
f 5473//3633 5472//3633 6016//3633
f 5460//3634 6017//3634 6018//3634
f 5460//3635 5473//3635 6017//3635
f 5445//3636 6018//3636 6019//3636
f 5445//3636 5460//3636 6018//3636
f 5444//3637 6019//3637 6020//3637
f 5444//3638 6020//3638 6021//3638
f 5444//3639 5445//3639 6019//3639
f 5443//3638 5444//3638 6021//3638
f 5441//3640 6021//3640 6022//3640
f 5441//3640 5443//3640 6021//3640
f 5442//3641 5441//3641 6022//3641
f 5442//3641 6022//3641 6023//3641
f 5524//3642 5442//3642 6023//3642
f 5524//3642 6023//3642 6024//3642
f 5525//3643 5524//3643 6024//3643
f 5525//3643 6024//3643 6025//3643
f 5526//3644 5525//3644 6025//3644
f 5526//3645 6025//3645 6026//3645
f 5527//3646 6026//3646 6027//3646
f 5527//3647 5526//3647 6026//3647
f 5528//3648 6027//3648 6028//3648
f 5528//3649 5527//3649 6027//3649
f 5519//3650 6028//3650 6029//3650
f 5519//3651 5528//3651 6028//3651
f 5511//3652 6029//3652 6030//3652
f 5511//3652 5519//3652 6029//3652
f 5509//3653 6030//3653 6031//3653
f 5509//3654 6031//3654 6032//3654
f 5509//3655 5511//3655 6030//3655
f 5512//3654 5509//3654 6032//3654
f 5513//3656 6032//3656 6033//3656
f 5513//3656 5512//3656 6032//3656
f 5514//3657 6033//3657 6034//3657
f 5514//3658 5513//3658 6033//3658
f 5515//3659 6034//3659 6035//3659
f 5515//3660 6035//3660 6036//3660
f 5515//3659 5514//3659 6034//3659
f 5580//3660 5515//3660 6036//3660
f 5581//3661 6036//3661 6037//3661
f 5581//3662 6037//3662 6038//3662
f 5581//3661 5580//3661 6036//3661
f 5582//3662 5581//3662 6038//3662
f 5583//3663 6038//3663 6039//3663
f 5583//3663 5582//3663 6038//3663
f 5584//3664 6039//3664 6040//3664
f 5584//3664 5583//3664 6039//3664
f 5585//3665 6040//3665 6041//3665
f 5585//3665 5584//3665 6040//3665
f 5503//3666 6041//3666 6042//3666
f 5503//3667 6042//3667 6043//3667
f 5503//3666 5585//3666 6041//3666
f 5501//3667 5503//3667 6043//3667
f 5504//3586 6043//3586 6044//3586
f 5504//3668 6044//3668 6045//3668
f 5504//3586 5501//3586 6043//3586
f 5505//3668 5504//3668 6045//3668
f 5506//3669 6045//3669 6046//3669
f 5506//3670 6046//3670 6047//3670
f 5506//3669 5505//3669 6045//3669
f 5507//3671 6047//3671 6048//3671
f 5507//3670 5506//3670 6047//3670
f 5508//3671 5507//3671 6048//3671
f 5499//3672 5508//3672 6048//3672
f 5499//3672 6048//3672 6049//3672
f 5499//3673 6049//3673 6050//3673
f 5495//3673 5499//3673 6050//3673
f 5491//3674 5495//3674 6050//3674
f 5491//3674 6050//3674 6051//3674
f 5481//3675 5491//3675 6051//3675
f 5481//3675 6051//3675 6052//3675
f 5480//3676 5481//3676 6052//3676
f 5480//3676 6052//3676 6053//3676
f 5482//3677 5480//3677 6053//3677
f 5482//3677 6053//3677 6054//3677
f 5483//3678 5482//3678 6054//3678
f 5483//3679 6054//3679 6055//3679
f 5484//3680 5483//3680 6055//3680
f 5484//3681 6055//3681 6056//3681
f 5485//3682 5484//3682 6056//3682
f 5485//3682 6056//3682 6057//3682
f 5486//3683 5485//3683 6057//3683
f 5486//3683 6057//3683 6058//3683
f 5486//3684 6058//3684 6059//3684
f 5487//3684 5486//3684 6059//3684
f 5488//3685 6059//3685 6060//3685
f 5488//3685 5487//3685 6059//3685
f 5489//3686 6060//3686 6061//3686
f 5489//3687 5488//3687 6060//3687
f 5427//3688 6061//3688 6062//3688
f 5427//3688 5489//3688 6061//3688
f 5428//3689 6062//3689 6063//3689
f 5428//3689 5427//3689 6062//3689
f 5429//3690 6063//3690 6064//3690
f 5429//3690 5428//3690 6063//3690
f 5430//3691 6064//3691 6065//3691
f 5430//3691 5429//3691 6064//3691
f 5431//3692 6065//3692 6066//3692
f 5431//3692 5430//3692 6065//3692
f 5432//3693 6066//3693 6067//3693
f 5432//3693 5431//3693 6066//3693
f 5433//3694 6067//3694 6068//3694
f 5433//3695 5432//3695 6067//3695
f 5434//3696 6068//3696 6069//3696
f 5434//3697 5433//3697 6068//3697
f 5435//3698 6069//3698 6070//3698
f 5435//3699 5434//3699 6069//3699
f 5436//3700 6070//3700 6071//3700
f 5436//3700 5435//3700 6070//3700
f 5437//3701 6071//3701 6072//3701
f 5437//3701 5436//3701 6071//3701
f 5438//3702 6072//3702 6073//3702
f 5438//3702 5437//3702 6072//3702
f 5439//3703 5438//3703 6073//3703
f 5439//3704 6073//3704 6074//3704
f 5440//3705 5439//3705 6074//3705
f 5440//3706 6074//3706 6075//3706
f 5446//3707 5440//3707 6075//3707
f 5446//3708 6075//3708 6076//3708
f 5448//3709 5446//3709 6076//3709
f 5448//3710 6076//3710 6077//3710
f 5449//3711 5448//3711 6077//3711
f 5449//3711 6077//3711 6078//3711
f 5450//3712 5449//3712 6078//3712
f 5450//3712 6078//3712 6079//3712
f 5451//3713 5450//3713 6079//3713
f 5451//3713 6079//3713 6080//3713
f 5452//3714 5451//3714 6080//3714
f 5452//3715 6080//3715 6081//3715
f 5453//3716 5452//3716 6081//3716
f 5453//3717 6081//3717 6082//3717
f 5454//3718 5453//3718 6082//3718
f 5454//3719 6082//3719 6083//3719
f 5455//3720 5454//3720 6083//3720
f 5455//3720 6083//3720 6084//3720
f 5456//3721 5455//3721 6084//3721
f 5456//3722 6084//3722 6085//3722
f 5457//3723 5456//3723 6085//3723
f 5457//3723 6085//3723 6086//3723
f 5458//3724 5457//3724 6086//3724
f 5458//3725 6086//3725 6087//3725
f 5459//3726 5458//3726 6087//3726
f 5459//3726 6087//3726 6088//3726
f 5530//3727 5459//3727 6088//3727
f 5530//3727 6088//3727 6089//3727
f 5531//3728 5530//3728 6089//3728
f 5531//3729 6089//3729 6090//3729
f 5532//3730 5531//3730 6090//3730
f 5532//3730 6090//3730 6091//3730
f 5533//3731 5532//3731 6091//3731
f 5533//3731 6091//3731 6092//3731
f 5534//3732 5533//3732 6092//3732
f 5534//3732 6092//3732 6093//3732
f 5535//3733 5534//3733 6093//3733
f 5535//3733 6093//3733 6094//3733
f 5536//3734 6094//3734 6095//3734
f 5536//3735 5535//3735 6094//3735
f 5537//3736 6095//3736 6096//3736
f 5537//3737 5536//3737 6095//3737
f 5538//3738 6096//3738 6097//3738
f 5538//3738 5537//3738 6096//3738
f 5539//3739 6097//3739 6098//3739
f 5539//3739 5538//3739 6097//3739
f 5541//3740 6098//3740 6099//3740
f 5541//3740 5539//3740 6098//3740
f 5545//3741 5541//3741 6099//3741
f 5545//3741 6099//3741 6100//3741
f 5549//3742 5545//3742 6100//3742
f 5549//3742 6100//3742 6101//3742
f 5552//3743 5549//3743 6101//3743
f 5552//3743 6101//3743 6102//3743
f 5553//3744 5552//3744 6102//3744
f 5553//3744 6102//3744 6103//3744
f 5554//3745 5553//3745 6103//3745
f 5554//3745 6103//3745 6104//3745
f 5555//3746 5554//3746 6104//3746
f 5555//3746 6104//3746 6105//3746
f 5556//3747 5555//3747 6105//3747
f 5556//3747 6105//3747 6106//3747
f 5557//3404 5556//3404 6106//3404
f 5557//3404 6106//3404 6107//3404
f 5558//3748 5557//3748 6107//3748
f 5558//3748 6107//3748 6108//3748
f 5586//3749 5558//3749 6108//3749
f 5586//3749 6108//3749 6109//3749
f 5588//3750 5586//3750 6109//3750
f 5588//3750 6109//3750 6110//3750
f 5589//3751 5588//3751 6110//3751
f 5589//3751 6110//3751 6111//3751
f 5590//3752 6111//3752 6112//3752
f 5590//3752 5589//3752 6111//3752
f 5591//3753 6112//3753 6113//3753
f 5591//3753 5590//3753 6112//3753
f 5592//3754 6113//3754 6114//3754
f 5592//3755 5591//3755 6113//3755
f 5561//3756 6114//3756 6115//3756
f 5561//3756 5592//3756 6114//3756
f 5559//3757 6115//3757 6116//3757
f 5559//3758 6116//3758 6117//3758
f 5559//3757 5561//3757 6115//3757
f 5562//3759 5559//3759 6117//3759
f 5563//3760 6117//3760 6118//3760
f 5563//3760 5562//3760 6117//3760
f 5564//3761 6118//3761 6119//3761
f 5564//3761 5563//3761 6118//3761
f 5565//3762 6119//3762 6120//3762
f 5565//3763 5564//3763 6119//3763
f 5569//3764 6120//3764 6121//3764
f 5569//3765 6121//3765 6122//3765
f 5569//3764 5565//3764 6120//3764
f 5573//3766 6122//3766 6123//3766
f 5573//3767 5569//3767 6122//3767
f 5575//3768 5573//3768 6123//3768
f 5576//3769 6123//3769 6124//3769
f 5576//3770 6124//3770 6125//3770
f 5576//3771 5575//3771 6123//3771
f 5577//3772 5576//3772 6125//3772
f 5578//3773 5577//3773 6125//3773
f 5578//3773 6125//3773 6126//3773
f 5578//3774 6126//3774 6127//3774
f 5463//3774 5578//3774 6127//3774
f 5461//3775 5463//3775 6127//3775
f 5461//3775 6127//3775 6128//3775
f 5464//3776 6128//3776 6129//3776
f 5464//3776 5461//3776 6128//3776
f 5465//3777 6129//3777 6130//3777
f 5465//3777 5464//3777 6129//3777
f 5466//3778 6130//3778 6131//3778
f 5466//3779 5465//3779 6130//3779
f 5467//3780 6131//3780 6132//3780
f 5467//3780 5466//3780 6131//3780
f 5478//3781 6132//3781 6133//3781
f 5478//3782 5467//3782 6132//3782
f 5477//3783 6133//3783 6134//3783
f 5477//3783 5478//3783 6133//3783
f 5476//3784 6134//3784 6135//3784
f 5476//3785 5477//3785 6134//3785
f 5475//3786 6135//3786 6136//3786
f 5475//3787 5476//3787 6135//3787
f 5474//3788 6136//3788 6137//3788
f 5474//3789 5475//3789 6136//3789
f 5468//3790 6137//3790 6012//3790
f 5468//3790 5474//3790 6137//3790
f 5659//3791 5658//3791 6138//3791
f 6138//3791 5658//3791 6139//3791
f 6139//3792 5660//3792 6140//3792
f 6140//3793 5660//3793 6141//3793
f 5658//3792 5660//3792 6139//3792
f 5660//3793 5661//3793 6141//3793
f 6141//3794 5662//3794 6142//3794
f 6142//3795 5662//3795 6143//3795
f 5661//3794 5662//3794 6141//3794
f 6143//3796 5663//3796 6144//3796
f 5662//3795 5663//3795 6143//3795
f 5663//3796 5664//3796 6144//3796
f 6144//3797 5665//3797 6145//3797
f 5664//3797 5665//3797 6144//3797
f 6145//3798 5666//3798 6146//3798
f 6146//3799 5666//3799 6147//3799
f 5665//3798 5666//3798 6145//3798
f 5666//3799 5667//3799 6147//3799
f 6147//3800 5668//3800 6148//3800
f 5667//3800 5668//3800 6147//3800
f 5668//3801 5669//3801 6148//3801
f 6148//3801 5669//3801 6149//3801
f 5669//3802 5670//3802 6149//3802
f 6149//3802 5670//3802 6150//3802
f 5670//3803 5671//3803 6150//3803
f 6150//3803 5671//3803 6151//3803
f 5671//3804 5672//3804 6151//3804
f 6151//3804 5672//3804 6152//3804
f 6152//3805 5673//3805 6153//3805
f 5672//3805 5673//3805 6152//3805
f 6153//3806 5674//3806 6154//3806
f 5673//3806 5674//3806 6153//3806
f 6154//3807 5675//3807 6155//3807
f 5674//3807 5675//3807 6154//3807
f 6155//3808 5676//3808 6156//3808
f 5675//3808 5676//3808 6155//3808
f 6156//3809 5677//3809 6157//3809
f 5676//3809 5677//3809 6156//3809
f 6157//3810 5678//3810 6158//3810
f 6158//3811 5678//3811 6159//3811
f 5677//3810 5678//3810 6157//3810
f 5678//3811 5679//3811 6159//3811
f 6159//3812 5680//3812 6160//3812
f 6160//3813 5680//3813 6161//3813
f 5679//3812 5680//3812 6159//3812
f 5680//3813 5681//3813 6161//3813
f 6161//3814 5682//3814 6162//3814
f 6162//3815 5682//3815 6163//3815
f 5681//3814 5682//3814 6161//3814
f 5682//3815 5683//3815 6163//3815
f 6163//3816 5684//3816 6164//3816
f 5683//3816 5684//3816 6163//3816
f 6164//3817 5685//3817 6165//3817
f 6165//3818 5685//3818 6166//3818
f 5684//3817 5685//3817 6164//3817
f 6166//3819 5686//3819 6167//3819
f 5685//3818 5686//3818 6166//3818
f 5686//3819 5687//3819 6167//3819
f 6167//3820 5688//3820 6168//3820
f 6168//3821 5688//3821 6169//3821
f 5687//3820 5688//3820 6167//3820
f 5688//3821 5656//3821 6169//3821
f 6169//946 5654//946 6170//946
f 6170//3822 5654//3822 6171//3822
f 5656//946 5654//946 6169//946
f 5654//3822 5652//3822 6171//3822
f 6171//3823 5650//3823 6172//3823
f 6172//3824 5650//3824 6173//3824
f 5652//3823 5650//3823 6171//3823
f 5650//3824 5648//3824 6173//3824
f 5648//3825 5646//3825 6173//3825
f 6173//3825 5646//3825 6174//3825
f 6174//3826 5644//3826 6175//3826
f 5646//3826 5644//3826 6174//3826
f 5644//3827 5642//3827 6175//3827
f 6175//3827 5642//3827 6176//3827
f 5642//3828 5640//3828 6176//3828
f 6176//3828 5640//3828 6177//3828
f 5640//3829 5638//3829 6177//3829
f 6177//3829 5638//3829 6178//3829
f 6178//3830 5638//3830 6179//3830
f 5638//3830 5636//3830 6179//3830
f 5636//3831 5634//3831 6179//3831
f 6179//3831 5634//3831 6180//3831
f 5634//3832 5632//3832 6180//3832
f 6180//3832 5632//3832 6181//3832
f 5632//3833 5630//3833 6181//3833
f 6181//3833 5630//3833 6182//3833
f 5630//3834 5628//3834 6182//3834
f 6182//3834 5628//3834 6183//3834
f 5628//3835 5626//3835 6183//3835
f 6183//3835 5626//3835 6184//3835
f 5626//3836 5624//3836 6184//3836
f 6184//3836 5624//3836 6185//3836
f 5624//3837 5622//3837 6185//3837
f 6185//3837 5622//3837 6186//3837
f 5622//3838 5620//3838 6186//3838
f 6186//3838 5620//3838 6187//3838
f 6187//3839 5618//3839 6188//3839
f 5620//3839 5618//3839 6187//3839
f 6188//3840 5616//3840 6189//3840
f 5618//3840 5616//3840 6188//3840
f 6189//3841 5614//3841 6190//3841
f 5616//3841 5614//3841 6189//3841
f 6190//3842 5612//3842 6191//3842
f 5614//3842 5612//3842 6190//3842
f 6191//3843 5610//3843 6192//3843
f 5612//3843 5610//3843 6191//3843
f 6192//3844 5608//3844 6193//3844
f 5610//3844 5608//3844 6192//3844
f 6193//3845 5606//3845 6194//3845
f 5608//3845 5606//3845 6193//3845
f 6194//3846 5604//3846 6195//3846
f 5606//3846 5604//3846 6194//3846
f 6195//3847 5602//3847 6196//3847
f 5604//3847 5602//3847 6195//3847
f 6196//3848 5600//3848 6197//3848
f 5602//3848 5600//3848 6196//3848
f 6197//3849 5598//3849 6198//3849
f 5600//3849 5598//3849 6197//3849
f 6198//3850 5596//3850 6199//3850
f 5598//3850 5596//3850 6198//3850
f 5596//3851 5595//3851 6199//3851
f 6199//3851 5595//3851 6200//3851
f 5595//3852 5593//3852 6200//3852
f 6200//3852 5593//3852 6201//3852
f 5593//3853 5594//3853 6201//3853
f 6201//3853 5594//3853 6202//3853
f 5594//3854 5597//3854 6202//3854
f 6202//3854 5597//3854 6203//3854
f 5597//3855 5599//3855 6203//3855
f 6203//3855 5599//3855 6204//3855
f 5599//3856 5601//3856 6204//3856
f 6204//3856 5601//3856 6205//3856
f 5601//3857 5603//3857 6205//3857
f 6205//3857 5603//3857 6206//3857
f 5603//3858 5605//3858 6206//3858
f 6206//3858 5605//3858 6207//3858
f 5605//3859 5607//3859 6207//3859
f 6207//3859 5607//3859 6208//3859
f 5607//3860 5609//3860 6208//3860
f 6208//3860 5609//3860 6209//3860
f 5609//3861 5611//3861 6209//3861
f 6209//3861 5611//3861 6210//3861
f 5611//3862 5613//3862 6210//3862
f 6210//3862 5613//3862 6211//3862
f 5613//3863 5615//3863 6211//3863
f 6211//3863 5615//3863 6212//3863
f 5615//3864 5617//3864 6212//3864
f 6212//3864 5617//3864 6213//3864
f 5617//3865 5619//3865 6213//3865
f 6213//3865 5619//3865 6214//3865
f 5619//3866 5621//3866 6214//3866
f 6214//3866 5621//3866 6215//3866
f 5621//3867 5623//3867 6215//3867
f 6215//3867 5623//3867 6216//3867
f 5623//3868 5625//3868 6216//3868
f 6216//3868 5625//3868 6217//3868
f 5625//3869 5627//3869 6217//3869
f 6217//3869 5627//3869 6218//3869
f 5627//3870 5629//3870 6218//3870
f 6218//3870 5629//3870 6219//3870
f 5629//3871 5631//3871 6219//3871
f 6219//3871 5631//3871 6220//3871
f 6220//3872 5633//3872 6221//3872
f 5631//3872 5633//3872 6220//3872
f 6221//3873 5635//3873 6222//3873
f 5633//3873 5635//3873 6221//3873
f 6222//3874 5637//3874 6223//3874
f 5635//3874 5637//3874 6222//3874
f 6223//3875 5639//3875 6224//3875
f 5637//3875 5639//3875 6223//3875
f 6224//3876 5641//3876 6225//3876
f 5639//3876 5641//3876 6224//3876
f 5641//3877 5643//3877 6225//3877
f 6225//3877 5643//3877 6226//3877
f 5643//3878 5645//3878 6226//3878
f 6226//3878 5645//3878 6227//3878
f 5645//3879 5647//3879 6227//3879
f 6227//3879 5647//3879 6228//3879
f 5647//3880 5649//3880 6228//3880
f 6228//3880 5649//3880 6229//3880
f 5649//3881 5651//3881 6229//3881
f 6229//3881 5651//3881 6230//3881
f 5651//3882 5653//3882 6230//3882
f 6230//3882 5653//3882 6231//3882
f 6231//3883 5653//3883 6232//3883
f 5653//3883 5655//3883 6232//3883
f 5655//880 5657//880 6232//880
f 6232//880 5657//880 6233//880
f 5657//3884 5690//3884 6233//3884
f 6233//3884 5690//3884 6234//3884
f 5690//3885 5689//3885 6234//3885
f 6234//3885 5689//3885 6235//3885
f 5689//3886 5691//3886 6235//3886
f 6235//3886 5691//3886 6236//3886
f 6237//3887 5692//3887 6238//3887
f 5691//3888 5692//3888 6236//3888
f 6236//3888 5692//3888 6237//3888
f 5692//3887 5693//3887 6238//3887
f 6238//3889 5694//3889 6239//3889
f 5693//3889 5694//3889 6238//3889
f 6239//3890 5695//3890 6240//3890
f 5694//3890 5695//3890 6239//3890
f 6240//3891 5696//3891 6241//3891
f 6241//3892 5696//3892 6242//3892
f 5695//3891 5696//3891 6240//3891
f 5696//3892 5697//3892 6242//3892
f 6242//3893 5698//3893 6243//3893
f 5697//3893 5698//3893 6242//3893
f 6243//3894 5699//3894 6244//3894
f 5698//3894 5699//3894 6243//3894
f 6244//3895 5700//3895 6245//3895
f 6245//3896 5700//3896 6246//3896
f 5699//3895 5700//3895 6244//3895
f 5700//3896 5701//3896 6246//3896
f 6246//3897 5702//3897 6247//3897
f 6247//3898 5702//3898 6248//3898
f 5701//3897 5702//3897 6246//3897
f 5702//3898 5703//3898 6248//3898
f 6248//3899 5704//3899 6249//3899
f 5703//3899 5704//3899 6248//3899
f 5704//3900 5705//3900 6249//3900
f 6249//3900 5705//3900 6250//3900
f 5705//3901 5706//3901 6250//3901
f 6250//3901 5706//3901 6251//3901
f 5706//3902 5707//3902 6251//3902
f 6251//3902 5707//3902 6252//3902
f 5707//3903 5708//3903 6252//3903
f 6252//3903 5708//3903 6253//3903
f 6253//3904 5709//3904 6254//3904
f 5708//3904 5709//3904 6253//3904
f 6254//3905 5710//3905 6255//3905
f 5709//3905 5710//3905 6254//3905
f 6255//3906 5711//3906 6256//3906
f 5710//3906 5711//3906 6255//3906
f 6256//3907 5712//3907 6257//3907
f 5711//3907 5712//3907 6256//3907
f 6257//3908 5713//3908 6258//3908
f 5712//3908 5713//3908 6257//3908
f 6258//3909 5714//3909 6259//3909
f 5713//3909 5714//3909 6258//3909
f 6259//3910 5715//3910 6260//3910
f 5714//3910 5715//3910 6259//3910
f 6260//3911 5716//3911 6261//3911
f 5715//3911 5716//3911 6260//3911
f 6261//3912 5717//3912 6262//3912
f 5716//3912 5717//3912 6261//3912
f 6262//3913 5718//3913 6263//3913
f 5717//3913 5718//3913 6262//3913
f 6263//3914 5659//3914 6138//3914
f 5718//3914 5659//3914 6263//3914
f 5719//3586 5720//3586 5447//3586
f 5719//3586 5447//3586 5263//3586
f 5761//3915 5760//3915 6264//3915
f 5761//3916 6264//3916 6265//3916
f 5762//3917 6265//3917 6266//3917
f 5762//3917 5761//3917 6265//3917
f 5763//3918 6266//3918 6267//3918
f 5763//3918 5762//3918 6266//3918
f 5764//3919 6267//3919 6268//3919
f 5764//3919 5763//3919 6267//3919
f 5765//3920 6268//3920 6269//3920
f 5765//3921 5764//3921 6268//3921
f 5753//3922 6269//3922 6270//3922
f 5753//3922 5765//3922 6269//3922
f 5739//3923 6270//3923 6271//3923
f 5739//3923 5753//3923 6270//3923
f 5738//3924 6271//3924 6272//3924
f 5738//3925 5739//3925 6271//3925
f 5737//3926 6272//3926 6273//3926
f 5737//3927 5738//3927 6272//3927
f 5735//3928 6273//3928 6274//3928
f 5735//3928 5737//3928 6273//3928
f 5736//3929 5735//3929 6274//3929
f 5736//3930 6274//3930 6275//3930
f 5815//3931 5736//3931 6275//3931
f 5815//3932 6275//3932 6276//3932
f 5817//3933 5815//3933 6276//3933
f 5817//3933 6276//3933 6277//3933
f 5818//3934 5817//3934 6277//3934
f 5818//3935 6277//3935 6278//3935
f 5818//3936 6278//3936 6279//3936
f 5819//3937 5818//3937 6279//3937
f 5820//3938 5819//3938 6279//3938
f 5820//3939 6279//3939 6280//3939
f 5811//3940 6280//3940 6281//3940
f 5811//3941 5820//3941 6280//3941
f 5803//3942 6281//3942 6282//3942
f 5803//3943 6282//3943 6283//3943
f 5803//3942 5811//3942 6281//3942
f 5801//3944 6283//3944 6284//3944
f 5801//3943 5803//3943 6283//3943
f 5804//3944 5801//3944 6284//3944
f 5805//3945 6284//3945 6285//3945
f 5805//3946 5804//3946 6284//3946
f 5806//3947 6285//3947 6286//3947
f 5806//3948 5805//3948 6285//3948
f 5807//3949 6286//3949 6287//3949
f 5807//3949 5806//3949 6286//3949
f 5872//3950 6287//3950 6288//3950
f 5872//3951 6288//3951 6289//3951
f 5872//3950 5807//3950 6287//3950
f 5873//3951 5872//3951 6289//3951
f 5874//3952 6289//3952 6290//3952
f 5874//3953 6290//3953 6291//3953
f 5874//3952 5873//3952 6289//3952
f 5875//3953 5874//3953 6291//3953
f 5876//3954 6291//3954 6292//3954
f 5876//3954 5875//3954 6291//3954
f 5877//3955 6292//3955 6293//3955
f 5877//3955 5876//3955 6292//3955
f 5795//3956 6293//3956 6294//3956
f 5795//3957 6294//3957 6295//3957
f 5795//3956 5877//3956 6293//3956
f 5793//3957 5795//3957 6295//3957
f 5796//880 6295//880 6296//880
f 5796//3958 6296//3958 6297//3958
f 5796//880 5793//880 6295//880
f 5797//3959 6297//3959 6298//3959
f 5797//3958 5796//3958 6297//3958
f 5798//3959 5797//3959 6298//3959
f 5799//3960 6298//3960 6299//3960
f 5799//3961 6299//3961 6300//3961
f 5799//3960 5798//3960 6298//3960
f 5800//3961 5799//3961 6300//3961
f 5791//3962 5800//3962 6300//3962
f 5791//3962 6300//3962 6301//3962
f 5787//3963 5791//3963 6301//3963
f 5787//3963 6301//3963 6302//3963
f 5783//3964 5787//3964 6302//3964
f 5783//3965 6302//3965 6303//3965
f 5773//3966 5783//3966 6303//3966
f 5773//3966 6303//3966 6304//3966
f 5772//3967 5773//3967 6304//3967
f 5772//3967 6304//3967 6305//3967
f 5774//3968 5772//3968 6305//3968
f 5774//3968 6305//3968 6306//3968
f 5775//3969 5774//3969 6306//3969
f 5775//3970 6306//3970 6307//3970
f 5776//3971 5775//3971 6307//3971
f 5776//3972 6307//3972 6308//3972
f 5777//3973 5776//3973 6308//3973
f 5777//3973 6308//3973 6309//3973
f 5778//3974 5777//3974 6309//3974
f 5778//3974 6309//3974 6310//3974
f 5779//3975 5778//3975 6310//3975
f 5779//3975 6310//3975 6311//3975
f 5779//3976 6311//3976 6312//3976
f 5780//3976 5779//3976 6312//3976
f 5781//3977 6312//3977 6313//3977
f 5781//3978 6313//3978 6314//3978
f 5781//3979 5780//3979 6312//3979
f 5721//3978 5781//3978 6314//3978
f 5722//3980 6314//3980 6315//3980
f 5722//3981 5721//3981 6314//3981
f 5723//3982 6315//3982 6316//3982
f 5723//3982 5722//3982 6315//3982
f 5724//3983 6316//3983 6317//3983
f 5724//3983 5723//3983 6316//3983
f 5725//3984 6317//3984 6318//3984
f 5725//3984 5724//3984 6317//3984
f 5726//3985 6318//3985 6319//3985
f 5726//3985 5725//3985 6318//3985
f 5727//3986 6319//3986 6320//3986
f 5727//3987 6320//3987 6321//3987
f 5727//3986 5726//3986 6319//3986
f 5728//3987 5727//3987 6321//3987
f 5729//3988 6321//3988 6322//3988
f 5729//3989 5728//3989 6321//3989
f 5730//3990 6322//3990 6323//3990
f 5730//3990 5729//3990 6322//3990
f 5731//3991 6323//3991 6324//3991
f 5731//3991 5730//3991 6323//3991
f 5732//3992 6324//3992 6325//3992
f 5732//3993 5731//3993 6324//3993
f 5733//3994 5732//3994 6325//3994
f 5733//3995 6325//3995 6326//3995
f 5734//3996 5733//3996 6326//3996
f 5734//3996 6326//3996 6327//3996
f 5740//3997 5734//3997 6327//3997
f 5740//3997 6327//3997 6328//3997
f 5741//3998 5740//3998 6328//3998
f 5741//3999 6328//3999 6329//3999
f 5742//4000 5741//4000 6329//4000
f 5742//4001 6329//4001 6330//4001
f 5742//4002 6330//4002 6331//4002
f 5743//4002 5742//4002 6331//4002
f 5744//4003 5743//4003 6331//4003
f 5744//4003 6331//4003 6332//4003
f 5745//4004 5744//4004 6332//4004
f 5745//4005 6332//4005 6333//4005
f 5746//4006 5745//4006 6333//4006
f 5746//4006 6333//4006 6334//4006
f 5747//4007 5746//4007 6334//4007
f 5747//4008 6334//4008 6335//4008
f 5748//4009 5747//4009 6335//4009
f 5748//4009 6335//4009 6336//4009
f 5749//4010 5748//4010 6336//4010
f 5749//4010 6336//4010 6337//4010
f 5750//4011 5749//4011 6337//4011
f 5750//4011 6337//4011 6338//4011
f 5751//4012 5750//4012 6338//4012
f 5751//4013 6338//4013 6339//4013
f 5752//4014 5751//4014 6339//4014
f 5752//4014 6339//4014 6340//4014
f 5822//4015 5752//4015 6340//4015
f 5822//4015 6340//4015 6341//4015
f 5823//4016 5822//4016 6341//4016
f 5823//4017 6341//4017 6342//4017
f 5824//4018 5823//4018 6342//4018
f 5824//4018 6342//4018 6343//4018
f 5825//4019 5824//4019 6343//4019
f 5825//4019 6343//4019 6344//4019
f 5826//4020 5825//4020 6344//4020
f 5826//4020 6344//4020 6345//4020
f 5827//4021 5826//4021 6345//4021
f 5827//4021 6345//4021 6346//4021
f 5828//4022 6346//4022 6347//4022
f 5828//4023 5827//4023 6346//4023
f 5829//4024 6347//4024 6348//4024
f 5829//4025 5828//4025 6347//4025
f 5830//4026 6348//4026 6349//4026
f 5830//4026 5829//4026 6348//4026
f 5831//4027 6349//4027 6350//4027
f 5831//4027 5830//4027 6349//4027
f 5833//4028 6350//4028 6351//4028
f 5833//4028 5831//4028 6350//4028
f 5837//4029 5833//4029 6351//4029
f 5837//4029 6351//4029 6352//4029
f 5841//4030 5837//4030 6352//4030
f 5841//4030 6352//4030 6353//4030
f 5844//4031 5841//4031 6353//4031
f 5844//4031 6353//4031 6354//4031
f 5845//4032 5844//4032 6354//4032
f 5845//4032 6354//4032 6355//4032
f 5846//4033 5845//4033 6355//4033
f 5846//4033 6355//4033 6356//4033
f 5847//4034 5846//4034 6356//4034
f 5847//4034 6356//4034 6357//4034
f 5848//4035 5847//4035 6357//4035
f 5848//4035 6357//4035 6358//4035
f 5849//946 5848//946 6358//946
f 5849//946 6358//946 6359//946
f 5850//4036 5849//4036 6359//4036
f 5850//4036 6359//4036 6360//4036
f 5878//4037 5850//4037 6360//4037
f 5878//4037 6360//4037 6361//4037
f 5880//4038 5878//4038 6361//4038
f 5880//4038 6361//4038 6362//4038
f 5881//4039 5880//4039 6362//4039
f 5881//4039 6362//4039 6363//4039
f 5882//4040 6363//4040 6364//4040
f 5882//4040 5881//4040 6363//4040
f 5883//4041 6364//4041 6365//4041
f 5883//4041 5882//4041 6364//4041
f 5884//4042 6365//4042 6366//4042
f 5884//4042 5883//4042 6365//4042
f 5853//4043 6366//4043 6367//4043
f 5853//4043 5884//4043 6366//4043
f 5851//4044 6367//4044 6368//4044
f 5851//4044 5853//4044 6367//4044
f 5854//4045 6368//4045 6369//4045
f 5854//4045 5851//4045 6368//4045
f 5855//4046 6369//4046 6370//4046
f 5855//4047 5854//4047 6369//4047
f 5856//4048 6370//4048 6371//4048
f 5856//4048 5855//4048 6370//4048
f 5857//4049 6371//4049 6372//4049
f 5857//4049 5856//4049 6371//4049
f 5860//4050 6372//4050 6373//4050
f 5860//4050 5857//4050 6372//4050
f 5865//4051 6373//4051 6374//4051
f 5865//4052 5860//4052 6373//4052
f 5867//4053 6374//4053 6375//4053
f 5867//4054 5865//4054 6374//4054
f 5868//4055 6375//4055 6376//4055
f 5868//4056 6376//4056 6377//4056
f 5868//4055 5867//4055 6375//4055
f 5869//4057 5868//4057 6377//4057
f 5870//4058 5869//4058 6377//4058
f 5870//4059 6377//4059 6378//4059
f 5755//4060 5870//4060 6378//4060
f 5755//4060 6378//4060 6379//4060
f 5754//4061 5755//4061 6379//4061
f 5754//4061 6379//4061 6380//4061
f 5756//4062 6380//4062 6381//4062
f 5756//4062 5754//4062 6380//4062
f 5757//4063 6381//4063 6382//4063
f 5757//4063 5756//4063 6381//4063
f 5758//4064 6382//4064 6383//4064
f 5758//4065 5757//4065 6382//4065
f 5759//4066 6383//4066 6384//4066
f 5759//4067 6384//4067 6385//4067
f 5759//4066 5758//4066 6383//4066
f 5770//4067 5759//4067 6385//4067
f 5769//4068 6385//4068 6386//4068
f 5769//4069 6386//4069 6387//4069
f 5769//4070 5770//4070 6385//4070
f 5768//4069 5769//4069 6387//4069
f 5767//4071 6387//4071 6388//4071
f 5767//4071 5768//4071 6387//4071
f 5766//4072 6388//4072 6389//4072
f 5766//4072 5767//4072 6388//4072
f 5760//4073 6389//4073 6264//4073
f 5760//4074 5766//4074 6389//4074
f 6390//3406 6391//3406 6392//3406
f 6390//3405 6393//3405 6391//3405
f 6392//3405 6394//3405 5966//3405
f 6391//3406 6394//3406 6392//3406
f 5963//3406 6395//3406 6390//3406
f 6390//3406 6395//3406 6393//3406
f 5966//3406 6396//3406 6397//3406
f 6397//3405 6396//3405 6398//3405
f 6394//3422 6396//3422 5966//3422
f 5962//3405 6399//3405 5963//3405
f 5963//3416 6399//3416 6395//3416
f 6398//3406 6400//3406 6401//3406
f 6396//3406 6400//3406 6398//3406
f 5962//3405 6402//3405 6399//3405
f 6403//3406 6402//3406 5961//3406
f 5961//3406 6402//3406 5962//3406
f 6400//3406 6404//3406 6401//3406
f 6401//3405 6404//3405 5970//3405
f 6403//3416 6405//3416 6402//3416
f 6404//3406 6406//3406 5970//3406
f 5959//3406 6407//3406 6403//3406
f 6403//3422 6407//3422 6405//3422
f 6406//3406 6408//3406 5970//3406
f 5970//3406 6408//3406 5971//3406
f 5971//3405 6408//3405 6409//3405
f 5959//3420 6410//3420 6407//3420
f 5957//3406 6410//3406 5958//3406
f 5958//3420 6410//3420 5959//3420
f 6408//3406 6411//3406 6409//3406
f 6409//3406 6411//3406 6412//3406
f 5957//3406 6413//3406 6410//3406
f 6411//3405 6414//3405 6412//3405
f 5957//3406 6415//3406 6413//3406
f 6416//3406 6415//3406 5957//3406
f 6414//3406 6417//3406 6412//3406
f 6412//3406 6417//3406 5974//3406
f 5974//3405 6417//3405 5975//3405
f 6416//3406 6418//3406 6415//3406
f 5955//3422 6418//3422 6416//3422
f 6417//3406 6419//3406 5975//3406
f 5955//3420 6420//3420 6418//3420
f 5954//3420 6420//3420 5955//3420
f 6419//3405 6421//3405 5975//3405
f 5975//3406 6421//3406 6422//3406
f 5954//3406 6423//3406 6420//3406
f 5953//3405 6423//3405 5954//3405
f 6421//3405 6424//3405 6422//3405
f 6422//3405 6424//3405 6425//3405
f 5953//3422 6426//3422 6423//3422
f 6427//3406 6426//3406 5953//3406
f 6424//3406 6428//3406 6425//3406
f 6425//4075 6428//4075 6429//4075
f 5950//3405 6430//3405 6431//3405
f 6431//3405 6430//3405 6427//3405
f 6427//3420 6430//3420 6426//3420
f 6428//3422 6432//3422 6429//3422
f 6429//3406 6432//3406 6433//3406
f 5950//3418 6434//3418 6430//3418
f 5949//3406 6434//3406 5950//3406
f 6432//3405 6435//3405 6433//3405
f 6433//3406 6435//3406 6436//3406
f 5949//3417 6437//3417 6434//3417
f 6435//3406 6438//3406 6436//3406
f 6436//3416 6438//3416 5981//3416
f 6439//3406 6440//3406 5949//3406
f 5949//3422 6440//3422 6437//3422
f 6438//3405 6441//3405 5981//3405
f 5981//3406 6441//3406 6442//3406
f 6442//3406 6441//3406 6443//3406
f 6444//3405 6445//3405 6446//3405
f 6446//3405 6445//3405 6439//3405
f 6439//3420 6445//3420 6440//3420
f 6441//3406 6447//3406 6443//3406
f 6444//3418 6448//3418 6445//3418
f 6447//3405 6449//3405 6443//3405
f 6443//3405 6449//3405 5984//3405
f 6444//3420 6450//3420 6448//3420
f 5944//3422 6450//3422 6444//3422
f 6449//3406 6451//3406 5984//3406
f 5984//3406 6451//3406 6452//3406
f 5944//3405 6453//3405 6450//3405
f 5942//3418 6453//3418 5943//3418
f 5943//3416 6453//3416 5944//3416
f 6451//3406 6454//3406 6452//3406
f 6452//3405 6454//3405 6455//3405
f 5942//3418 6456//3418 6453//3418
f 6455//3406 6457//3406 5987//3406
f 6454//3405 6457//3405 6455//3405
f 5942//3406 6458//3406 6456//3406
f 6459//3420 6458//3420 5942//3420
f 5987//3405 6460//3405 5988//3405
f 6457//3406 6460//3406 5987//3406
f 6459//3406 6461//3406 6458//3406
f 6462//3406 6461//3406 6459//3406
f 5988//3406 6463//3406 6464//3406
f 6460//3405 6463//3405 5988//3405
f 6462//3406 6465//3406 6461//3406
f 5939//3406 6465//3406 6462//3406
f 5939//3418 5938//3418 6465//3418
f 6464//3405 6466//3405 5990//3405
f 6463//3406 6466//3406 6464//3406
f 5938//3418 6467//3418 6465//3418
f 5990//3406 6468//3406 5991//3406
f 6466//3406 6468//3406 5990//3406
f 5938//3417 6469//3417 6467//3417
f 5937//3405 6469//3405 5938//3405
f 5991//3406 6470//3406 6471//3406
f 6468//3406 6470//3406 5991//3406
f 5937//3405 5936//3405 6469//3405
f 5936//3406 6472//3406 6469//3406
f 6471//3406 6473//3406 6474//3406
f 6470//3406 6473//3406 6471//3406
f 5935//3406 6475//3406 5936//3406
f 5936//3406 6475//3406 6472//3406
f 6474//3406 6476//3406 6477//3406
f 6473//3406 6476//3406 6474//3406
f 5934//3417 6478//3417 5935//3417
f 5935//3405 6478//3405 6475//3405
f 6476//3405 5995//3405 6477//3405
f 6476//3405 6479//3405 5995//3405
f 6480//3406 6481//3406 5934//3406
f 5934//3418 6481//3418 6478//3418
f 5995//3406 6482//3406 5996//3406
f 6479//3406 6482//3406 5995//3406
f 6481//3405 6483//3405 6484//3405
f 6480//3406 6483//3406 6481//3406
f 6485//3405 6486//3405 6482//3405
f 6482//3405 6486//3405 5996//3405
f 6483//3405 6487//3405 6484//3405
f 6484//3406 6487//3406 6488//3406
f 6485//3418 6489//3418 6486//3418
f 6490//3406 6489//3406 6485//3406
f 6487//3405 6491//3405 6488//3405
f 6487//3406 6492//3406 6491//3406
f 6490//3406 6493//3406 6489//3406
f 6493//3406 5999//3406 6489//3406
f 6492//3406 6494//3406 6491//3406
f 6492//4076 6495//4076 6494//4076
f 6493//3406 6496//3406 5999//3406
f 6496//3406 6000//3406 5999//3406
f 6495//3406 6497//3406 6494//3406
f 6494//3406 6497//3406 6498//3406
f 6496//3420 6001//3420 6000//3420
f 6499//3406 6001//3406 6496//3406
f 6497//3405 6500//3405 6498//3405
f 6498//3406 6500//3406 6501//3406
f 6502//3406 6503//3406 6499//3406
f 6499//3406 6503//3406 6001//3406
f 6502//3406 6504//3406 6503//3406
f 6500//3406 6505//3406 6501//3406
f 6501//3406 6505//3406 6506//3406
f 6504//3405 6003//3405 6503//3405
f 6504//3406 6507//3406 6003//3406
f 6505//3405 6508//3405 6506//3405
f 6506//3406 6508//3406 6509//3406
f 6507//3405 6510//3405 6003//3405
f 6511//3406 6512//3406 6513//3406
f 6509//3405 6512//3405 6511//3405
f 6508//3406 6512//3406 6509//3406
f 6514//3406 6515//3406 6507//3406
f 6516//3405 6515//3405 6514//3405
f 6507//3416 6515//3416 6510//3416
f 6512//3406 5923//3406 6513//3406
f 6516//3405 6006//3405 6515//3405
f 6513//3406 5922//3406 6517//3406
f 5923//3405 5922//3405 6513//3405
f 6518//3406 6519//3406 6516//3406
f 6516//3418 6519//3418 6006//3418
f 6520//3405 6521//3405 6522//3405
f 6517//3405 6521//3405 6520//3405
f 5922//3406 6521//3406 6517//3406
f 6523//3405 6524//3405 6518//3405
f 6518//3420 6524//3420 6519//3420
f 6522//3406 5920//3406 6525//3406
f 6521//3405 5920//3405 6522//3405
f 6526//3406 6527//3406 6523//3406
f 6523//3406 6527//3406 6524//3406
f 5920//3417 5919//3417 6525//3417
f 6525//3417 5919//3417 6528//3417
f 6526//3406 6529//3406 6527//3406
f 6530//3406 6529//3406 6526//3406
f 6531//3406 6529//3406 6530//3406
f 5919//3406 6532//3406 6528//3406
f 6531//3405 6011//3405 6529//3405
f 6533//3405 6011//3405 6531//3405
f 6532//3406 6534//3406 6528//3406
f 6535//3406 6534//3406 6536//3406
f 6528//3405 6534//3405 6535//3405
f 6533//3406 6537//3406 6011//3406
f 6534//3416 6538//3416 6536//3416
f 6533//3406 5886//3406 6537//3406
f 6539//3405 5886//3405 6533//3405
f 6540//3405 5886//3405 6539//3405
f 6538//3416 6541//3416 6536//3416
f 6536//3405 6541//3405 6542//3405
f 6540//3406 6543//3406 5886//3406
f 6544//3405 6545//3405 6546//3405
f 6542//3406 6545//3406 6544//3406
f 6541//3406 6545//3406 6542//3406
f 6547//3406 6548//3406 6540//3406
f 6540//3406 6548//3406 6543//3406
f 6545//3405 6549//3405 6546//3405
f 6550//3405 6551//3405 6547//3405
f 6547//3406 6551//3406 6548//3406
f 6552//3406 6553//3406 6554//3406
f 6546//3406 6553//3406 6552//3406
f 6549//3406 6553//3406 6546//3406
f 6555//3406 6556//3406 6550//3406
f 6550//3422 6556//3422 6551//3422
f 6553//3405 6557//3405 6554//3405
f 6558//3406 6559//3406 6555//3406
f 6560//3405 6559//3405 6558//3405
f 6555//3420 6559//3420 6556//3420
f 6554//3422 5910//3422 6561//3422
f 6557//3406 5910//3406 6554//3406
f 6562//3406 5892//3406 6560//3406
f 6560//3405 5892//3405 6559//3405
f 5910//3416 5909//3416 6561//3416
f 6561//3420 5909//3420 6563//3420
f 6562//3416 5893//3416 5892//3416
f 5909//3406 6564//3406 6563//3406
f 6565//3406 6564//3406 6566//3406
f 6563//3422 6564//3422 6565//3422
f 6567//3406 5894//3406 6562//3406
f 6568//3406 5894//3406 6567//3406
f 6562//3405 5894//3405 5893//3405
f 6564//3405 5907//3405 6566//3405
f 6566//3406 5907//3406 6569//3406
f 6568//3406 6570//3406 5894//3406
f 5907//3406 5906//3406 6569//3406
f 6571//3405 6572//3405 6568//3405
f 6568//3406 6572//3406 6570//3406
f 6569//3406 6573//3406 6574//3406
f 5906//3406 6573//3406 6569//3406
f 6571//3405 5897//3405 6572//3405
f 6575//3406 5897//3406 6571//3406
f 6576//3406 5897//3406 6575//3406
f 6573//3406 6577//3406 6574//3406
f 6578//3406 6577//3406 6579//3406
f 6574//3406 6577//3406 6578//3406
f 6576//3406 5898//3406 5897//3406
f 6580//3406 5898//3406 6576//3406
f 6577//3406 6581//3406 6579//3406
f 6579//3416 6581//3416 6582//3416
f 6580//3406 6583//3406 5898//3406
f 6581//3405 5902//3405 6582//3405
f 6584//3406 6585//3406 6580//3406
f 6586//3405 6585//3405 6584//3405
f 6580//3406 6585//3406 6583//3406
f 6586//3405 5901//3405 6585//3405
f 6582//3406 5901//3406 6586//3406
f 5902//3420 5901//3420 6582//3420
f 6091//3425 6587//3425 6092//3425
f 6090//3424 6588//3424 6091//3424
f 6091//3425 6588//3425 6587//3425
f 6587//3424 6589//3424 6092//3424
f 6088//3440 6590//3440 6089//3440
f 6089//3424 6590//3424 6090//3424
f 6090//3424 6590//3424 6588//3424
f 6092//3424 6591//3424 6592//3424
f 6592//3425 6591//3425 6593//3425
f 6589//3424 6591//3424 6092//3424
f 6088//3425 6594//3425 6590//3425
f 6591//3424 6595//3424 6593//3424
f 6088//3424 6596//3424 6594//3424
f 6087//3425 6596//3425 6088//3425
f 6595//3424 6597//3424 6593//3424
f 6593//3424 6597//3424 6598//3424
f 6087//3424 6599//3424 6596//3424
f 6086//3425 6599//3425 6087//3425
f 6597//3424 6600//3424 6598//3424
f 6598//3425 6600//3425 6096//3425
f 6096//3424 6600//3424 6097//3424
f 6086//3440 6601//3440 6599//3440
f 6085//3424 6601//3424 6086//3424
f 6600//3425 6602//3425 6097//3425
f 6085//3438 6603//3438 6601//3438
f 6083//3432 6603//3432 6084//3432
f 6084//3438 6603//3438 6085//3438
f 6602//3424 6604//3424 6097//3424
f 6097//3425 6604//3425 6098//3425
f 6083//3424 6605//3424 6603//3424
f 6604//3425 6606//3425 6098//3425
f 6098//3424 6606//3424 6099//3424
f 6099//3424 6606//3424 6100//3424
f 6083//3424 6607//3424 6605//3424
f 6082//3424 6607//3424 6083//3424
f 6606//3424 6608//3424 6100//3424
f 6082//3424 6609//3424 6607//3424
f 6081//3440 6609//3440 6082//3440
f 6608//3424 6610//3424 6100//3424
f 6100//3425 6610//3425 6101//3425
f 6081//3438 6611//3438 6609//3438
f 6080//3438 6611//3438 6081//3438
f 6610//3425 6612//3425 6101//3425
f 6101//3424 6612//3424 6102//3424
f 6102//3425 6612//3425 6103//3425
f 6080//3425 6613//3425 6611//3425
f 6079//3425 6613//3425 6080//3425
f 6612//3425 6614//3425 6103//3425
f 6079//3440 6615//3440 6613//3440
f 6078//3424 6615//3424 6079//3424
f 6614//3424 6616//3424 6103//3424
f 6103//4077 6616//4077 6104//4077
f 6076//3425 6617//3425 6077//3425
f 6077//3425 6617//3425 6078//3425
f 6078//3438 6617//3438 6615//3438
f 6616//3440 6618//3440 6104//3440
f 6104//3424 6618//3424 6105//3424
f 6076//3432 6619//3432 6617//3432
f 6075//3424 6619//3424 6076//3424
f 6618//3425 6620//3425 6105//3425
f 6105//3424 6620//3424 6106//3424
f 6106//3425 6620//3425 6107//3425
f 6075//3433 6621//3433 6619//3433
f 6620//3424 6622//3424 6107//3424
f 6074//3424 6623//3424 6075//3424
f 6075//3440 6623//3440 6621//3440
f 6622//3425 6624//3425 6107//3425
f 6107//3424 6624//3424 6625//3424
f 6625//3424 6624//3424 6109//3424
f 6072//3425 6626//3425 6073//3425
f 6073//3425 6626//3425 6074//3425
f 6074//3438 6626//3438 6623//3438
f 6624//3424 6627//3424 6109//3424
f 6072//3432 6628//3432 6626//3432
f 6627//3425 6629//3425 6109//3425
f 6109//3425 6629//3425 6110//3425
f 6072//3438 6630//3438 6628//3438
f 6071//3440 6630//3440 6072//3440
f 6629//3424 6631//3424 6110//3424
f 6110//3424 6631//3424 6111//3424
f 6071//3425 6632//3425 6630//3425
f 6070//3425 6632//3425 6071//3425
f 6631//3424 6633//3424 6111//3424
f 6111//3425 6633//3425 6112//3425
f 6070//3432 6634//3432 6632//3432
f 6069//3432 6634//3432 6070//3432
f 6112//3424 6635//3424 6113//3424
f 6113//3425 6635//3425 6114//3425
f 6633//3425 6635//3425 6112//3425
f 6069//3424 6636//3424 6634//3424
f 6068//3438 6636//3438 6069//3438
f 6635//3432 6637//3432 6114//3432
f 6068//3424 6638//3424 6636//3424
f 6067//3424 6638//3424 6068//3424
f 6114//3424 6639//3424 6115//3424
f 6637//3425 6639//3425 6114//3425
f 6639//3425 6116//3425 6115//3425
f 6067//3424 6640//3424 6638//3424
f 6066//3438 6640//3438 6067//3438
f 6066//3432 6065//3432 6640//3432
f 6639//3424 6641//3424 6116//3424
f 6065//3432 6642//3432 6640//3432
f 6116//3424 6643//3424 6117//3424
f 6641//3424 6643//3424 6116//3424
f 6065//3433 6644//3433 6642//3433
f 6064//3425 6644//3425 6065//3425
f 6117//3424 6645//3424 6118//3424
f 6643//3424 6645//3424 6117//3424
f 6064//3425 6063//3425 6644//3425
f 6063//3424 6646//3424 6644//3424
f 6645//3424 6119//3424 6118//3424
f 6645//3424 6647//3424 6119//3424
f 6062//3444 6648//3444 6063//3444
f 6063//3444 6648//3444 6646//3444
f 6647//3424 6120//3424 6119//3424
f 6647//3424 6649//3424 6120//3424
f 6061//3433 6650//3433 6062//3433
f 6062//3425 6650//3425 6648//3425
f 6649//3425 6121//3425 6120//3425
f 6649//3425 6651//3425 6121//3425
f 6060//3424 6652//3424 6061//3424
f 6061//3432 6652//3432 6650//3432
f 6121//3424 6653//3424 6122//3424
f 6651//3424 6653//3424 6121//3424
f 6652//3425 6059//3425 6654//3425
f 6060//3424 6059//3424 6652//3424
f 6653//3425 6655//3425 6122//3425
f 6655//3425 6123//3425 6122//3425
f 6059//3425 6058//3425 6654//3425
f 6654//3424 6058//3424 6656//3424
f 6655//3424 6657//3424 6123//3424
f 6657//3424 6124//3424 6123//3424
f 6058//3424 6658//3424 6656//3424
f 6058//3424 6659//3424 6658//3424
f 6657//3424 6125//3424 6124//3424
f 6660//3424 6125//3424 6657//3424
f 6659//3425 6661//3425 6658//3425
f 6658//3424 6661//3424 6662//3424
f 6660//3424 6126//3424 6125//3424
f 6663//3424 6126//3424 6660//3424
f 6661//3424 6664//3424 6662//3424
f 6662//3424 6664//3424 6665//3424
f 6664//3424 6666//3424 6665//3424
f 6663//3438 6127//3438 6126//3438
f 6667//3424 6127//3424 6663//3424
f 6667//3425 6668//3425 6127//3425
f 6664//3425 6054//3425 6666//3425
f 6668//3424 6128//3424 6127//3424
f 6668//3424 6669//3424 6128//3424
f 6054//3424 6053//3424 6666//3424
f 6666//3425 6053//3425 6670//3425
f 6669//3425 6671//3425 6128//3425
f 6669//3424 6672//3424 6671//3424
f 6053//3425 6052//3425 6670//3425
f 6670//3424 6052//3424 6673//3424
f 6672//3425 6130//3425 6671//3425
f 6673//3425 6051//3425 6674//3425
f 6052//3424 6051//3424 6673//3424
f 6675//3425 6131//3425 6672//3425
f 6676//3425 6131//3425 6675//3425
f 6672//3425 6131//3425 6130//3425
f 6674//3424 6050//3424 6677//3424
f 6051//3424 6050//3424 6674//3424
f 6678//3424 6679//3424 6676//3424
f 6676//3424 6679//3424 6131//3424
f 6680//3425 6049//3425 6681//3425
f 6677//3424 6049//3424 6680//3424
f 6050//3425 6049//3425 6677//3425
f 6678//3432 6133//3432 6679//3432
f 6681//3425 6048//3425 6682//3425
f 6049//3424 6048//3424 6681//3424
f 6683//3425 6134//3425 6678//3425
f 6678//3438 6134//3438 6133//3438
f 6048//3425 6047//3425 6682//3425
f 6684//3424 6685//3424 6683//3424
f 6686//3424 6685//3424 6684//3424
f 6683//3424 6685//3424 6134//3424
f 6682//3424 6046//3424 6687//3424
f 6047//3425 6046//3425 6682//3425
f 6686//3424 6136//3424 6685//3424
f 6688//3424 6136//3424 6686//3424
f 6046//3424 6045//3424 6687//3424
f 6687//3425 6045//3425 6689//3425
f 6688//3425 6137//3425 6136//3425
f 6045//3424 6044//3424 6689//3424
f 6689//3425 6044//3425 6690//3425
f 6688//3425 6012//3425 6137//3425
f 6691//3424 6012//3424 6688//3424
f 6044//3425 6043//3425 6690//3425
f 6690//3424 6043//3424 6692//3424
f 6693//3425 6013//3425 6691//3425
f 6694//3425 6013//3425 6693//3425
f 6691//3424 6013//3424 6012//3424
f 6043//3444 6695//3444 6692//3444
f 6692//3425 6695//3425 6696//3425
f 6697//3424 6014//3424 6694//3424
f 6694//3424 6014//3424 6013//3424
f 6696//3424 6698//3424 6699//3424
f 6695//3424 6698//3424 6696//3424
f 6697//3424 6700//3424 6014//3424
f 6699//3425 6040//3425 6701//3425
f 6698//3425 6040//3425 6699//3425
f 6702//3425 6016//3425 6697//3425
f 6697//3424 6016//3424 6700//3424
f 6701//3424 6039//3424 6703//3424
f 6040//3424 6039//3424 6701//3424
f 6704//3424 6705//3424 6702//3424
f 6702//3440 6705//3440 6016//3440
f 6703//3424 6038//3424 6706//3424
f 6039//3425 6038//3425 6703//3425
f 6707//3424 6018//3424 6704//3424
f 6708//3425 6018//3425 6707//3425
f 6704//3438 6018//3438 6705//3438
f 6706//3440 6037//3440 6709//3440
f 6038//3424 6037//3424 6706//3424
f 6708//3425 6710//3425 6018//3425
f 6037//3425 6036//3425 6709//3425
f 6711//3425 6036//3425 6712//3425
f 6709//3438 6036//3438 6711//3438
f 6713//3425 6714//3425 6708//3425
f 6715//3425 6714//3425 6713//3425
f 6708//3425 6714//3425 6710//3425
f 6036//3424 6035//3424 6712//3424
f 6715//3425 6716//3425 6714//3425
f 6035//3425 6034//3425 6712//3425
f 6712//3424 6034//3424 6717//3424
f 6715//3425 6022//3425 6716//3425
f 6718//3424 6022//3424 6715//3424
f 6034//3424 6033//3424 6717//3424
f 6717//3424 6033//3424 6719//3424
f 6718//3424 6023//3424 6022//3424
f 6720//3425 6023//3425 6718//3425
f 6721//3424 6023//3424 6720//3424
f 6033//3424 6032//3424 6719//3424
f 6722//3424 6032//3424 6723//3424
f 6719//3424 6032//3424 6722//3424
f 6721//3432 6024//3432 6023//3432
f 6032//3424 6031//3424 6723//3424
f 6721//3424 6025//3424 6024//3424
f 6724//3424 6025//3424 6721//3424
f 6031//3424 6030//3424 6723//3424
f 6723//3424 6030//3424 6725//3424
f 6726//3424 6026//3424 6724//3424
f 6724//3424 6026//3424 6025//3424
f 6727//3424 6029//3424 6728//3424
f 6725//3425 6029//3425 6727//3425
f 6030//3425 6029//3425 6725//3425
f 6729//3424 6027//3424 6726//3424
f 6726//3424 6027//3424 6026//3424
f 6029//3424 6028//3424 6728//3424
f 6728//3425 6028//3425 6729//3425
f 6729//3425 6028//3425 6027//3425
f 6730//4078 6216//4078 6217//4078
f 6731//3445 6216//3445 6730//3445
f 6731//3445 6215//3445 6216//3445
f 6732//4078 6730//4078 6217//4078
f 6732//3445 6217//3445 6218//3445
f 6732//3445 6218//3445 6219//3445
f 6733//4078 6215//4078 6731//4078
f 6734//3445 6732//3445 6219//3445
f 6735//3445 6215//3445 6733//3445
f 6735//3445 6214//3445 6215//3445
f 6736//3445 6734//3445 6219//3445
f 6736//3445 6219//3445 6220//3445
f 6737//4078 6214//4078 6735//4078
f 6737//4079 6213//4079 6214//4079
f 6738//3445 6220//3445 6221//3445
f 6738//3445 6736//3445 6220//3445
f 6739//3445 6212//3445 6213//3445
f 6739//4078 6213//4078 6737//4078
f 6740//3445 6221//3445 6222//3445
f 6740//3445 6738//3445 6221//3445
f 6741//3445 6211//3445 6212//3445
f 6741//4079 6212//4079 6739//4079
f 6742//4079 6222//4079 6223//4079
f 6742//3445 6740//3445 6222//3445
f 6743//3445 6210//3445 6211//3445
f 6743//4079 6211//4079 6741//4079
f 6744//3445 6742//3445 6223//3445
f 6744//4078 6223//4078 6224//4078
f 6745//3445 6210//3445 6743//3445
f 6745//3445 6209//3445 6210//3445
f 6746//3445 6744//3445 6224//3445
f 6746//3445 6224//3445 6225//3445
f 6747//3445 6209//3445 6745//3445
f 6747//3445 6208//3445 6209//3445
f 6748//3445 6746//3445 6225//3445
f 6748//3445 6225//3445 6226//3445
f 6749//4079 6208//4079 6747//4079
f 6749//3445 6207//3445 6208//3445
f 6750//3445 6748//3445 6226//3445
f 6750//3445 6226//3445 6227//3445
f 6206//3445 6207//3445 6749//3445
f 6751//4079 6206//4079 6749//4079
f 6752//3445 6750//3445 6227//3445
f 6752//3445 6227//3445 6228//3445
f 6205//4080 6206//4080 6751//4080
f 6753//4079 6205//4079 6751//4079
f 6229//3445 6752//3445 6228//3445
f 6754//3445 6752//3445 6229//3445
f 6755//4078 6205//4078 6753//4078
f 6755//4079 6204//4079 6205//4079
f 6230//3445 6754//3445 6229//3445
f 6756//3445 6754//3445 6230//3445
f 6757//3445 6204//3445 6755//3445
f 6757//3445 6203//3445 6204//3445
f 6758//3445 6756//3445 6230//3445
f 6758//3445 6230//3445 6231//3445
f 6759//3445 6202//3445 6203//3445
f 6759//4081 6203//4081 6757//4081
f 6232//3445 6758//3445 6231//3445
f 6760//3445 6758//3445 6232//3445
f 6761//3445 6201//3445 6202//3445
f 6761//3445 6202//3445 6759//3445
f 6233//3445 6760//3445 6232//3445
f 6762//3445 6760//3445 6233//3445
f 6200//3445 6201//3445 6761//3445
f 6763//3445 6200//3445 6761//3445
f 6764//3445 6762//3445 6233//3445
f 6764//3445 6233//3445 6234//3445
f 6765//3445 6199//3445 6200//3445
f 6765//3445 6200//3445 6763//3445
f 6235//3445 6764//3445 6234//3445
f 6766//3445 6764//3445 6235//3445
f 6198//4080 6199//4080 6765//4080
f 6767//4082 6198//4082 6765//4082
f 6236//3445 6766//3445 6235//3445
f 6768//3445 6766//3445 6236//3445
f 6769//3445 6198//3445 6767//3445
f 6769//3445 6197//3445 6198//3445
f 6237//3445 6768//3445 6236//3445
f 6770//3445 6768//3445 6237//3445
f 6771//4079 6196//4079 6197//4079
f 6771//4078 6197//4078 6769//4078
f 6772//3445 6770//3445 6237//3445
f 6772//3445 6237//3445 6238//3445
f 6773//4078 6196//4078 6771//4078
f 6773//3445 6195//3445 6196//3445
f 6774//3445 6238//3445 6239//3445
f 6774//3445 6772//3445 6238//3445
f 6194//4079 6195//4079 6773//4079
f 6775//4078 6194//4078 6773//4078
f 6776//3445 6239//3445 6240//3445
f 6776//3445 6774//3445 6239//3445
f 6777//4078 6194//4078 6775//4078
f 6777//3445 6193//3445 6194//3445
f 6778//4079 6240//4079 6241//4079
f 6778//4078 6776//4078 6240//4078
f 6192//3445 6193//3445 6777//3445
f 6779//3445 6192//3445 6777//3445
f 6780//4079 6241//4079 6242//4079
f 6780//3445 6778//3445 6241//3445
f 6781//3445 6192//3445 6779//3445
f 6781//3445 6191//3445 6192//3445
f 6782//4078 6242//4078 6243//4078
f 6782//3445 6780//3445 6242//3445
f 6783//3445 6190//3445 6191//3445
f 6783//4079 6191//4079 6781//4079
f 6784//3445 6243//3445 6244//3445
f 6784//3445 6782//3445 6243//3445
f 6785//4078 6190//4078 6783//4078
f 6785//4079 6189//4079 6190//4079
f 6245//3445 6784//3445 6244//3445
f 6786//3445 6784//3445 6245//3445
f 6787//4083 6188//4083 6189//4083
f 6787//4079 6189//4079 6785//4079
f 6788//3445 6245//3445 6246//3445
f 6788//3445 6786//3445 6245//3445
f 6187//4078 6188//4078 6787//4078
f 6789//3445 6187//3445 6787//3445
f 6790//3445 6246//3445 6247//3445
f 6790//3445 6788//3445 6246//3445
f 6791//3445 6186//3445 6187//3445
f 6791//3445 6187//3445 6789//3445
f 6248//3445 6790//3445 6247//3445
f 6792//4079 6790//4079 6248//4079
f 6793//3445 6186//3445 6791//3445
f 6185//3445 6186//3445 6793//3445
f 6794//4079 6792//4079 6248//4079
f 6249//3445 6794//3445 6248//3445
f 6184//4078 6185//4078 6793//4078
f 6184//4079 6793//4079 6795//4079
f 6250//3445 6794//3445 6249//3445
f 6250//3445 6796//3445 6794//3445
f 6797//3445 6184//3445 6795//3445
f 6183//3445 6184//3445 6797//3445
f 6798//3445 6796//3445 6250//3445
f 6251//3445 6798//3445 6250//3445
f 6182//3445 6183//3445 6797//3445
f 6182//3445 6797//3445 6799//3445
f 6252//4080 6798//4080 6251//4080
f 6252//4079 6800//4079 6798//4079
f 6181//4079 6182//4079 6799//4079
f 6181//3445 6799//3445 6801//3445
f 6253//4079 6800//4079 6252//4079
f 6253//3445 6802//3445 6800//3445
f 6803//4078 6181//4078 6801//4078
f 6180//3445 6181//3445 6803//3445
f 6804//4078 6802//4078 6253//4078
f 6254//3445 6804//3445 6253//3445
f 6179//3445 6180//3445 6803//3445
f 6179//4079 6803//4079 6805//4079
f 6255//3445 6806//3445 6804//3445
f 6255//4078 6804//4078 6254//4078
f 6178//3445 6179//3445 6805//3445
f 6178//3445 6805//3445 6807//3445
f 6256//3445 6808//3445 6806//3445
f 6256//3445 6806//3445 6255//3445
f 6809//3445 6178//3445 6807//3445
f 6177//3445 6178//3445 6809//3445
f 6257//3445 6810//3445 6808//3445
f 6257//3445 6808//3445 6256//3445
f 6176//3445 6809//3445 6811//3445
f 6176//3445 6177//3445 6809//3445
f 6258//3445 6812//3445 6810//3445
f 6258//4078 6810//4078 6257//4078
f 6175//3445 6811//3445 6813//3445
f 6175//3445 6176//3445 6811//3445
f 6259//3445 6812//3445 6258//3445
f 6259//4078 6814//4078 6812//4078
f 6174//3445 6813//3445 6815//3445
f 6174//3445 6175//3445 6813//3445
f 6260//4078 6816//4078 6814//4078
f 6260//4081 6814//4081 6259//4081
f 6173//3445 6815//3445 6817//3445
f 6173//3445 6174//3445 6815//3445
f 6261//3445 6818//3445 6816//3445
f 6261//3445 6816//3445 6260//3445
f 6819//3445 6173//3445 6817//3445
f 6172//3445 6173//3445 6819//3445
f 6262//4078 6820//4078 6818//4078
f 6262//4079 6818//4079 6261//4079
f 6171//3445 6172//3445 6819//3445
f 6171//3445 6819//3445 6821//3445
f 6822//4080 6820//4080 6262//4080
f 6263//3445 6822//3445 6262//3445
f 6823//3445 6171//3445 6821//3445
f 6170//3445 6171//3445 6823//3445
f 6138//3445 6822//3445 6263//3445
f 6138//3445 6824//3445 6822//3445
f 6169//3445 6170//3445 6823//3445
f 6169//3445 6823//3445 6825//3445
f 6826//3445 6824//3445 6138//3445
f 6139//3445 6826//3445 6138//3445
f 6168//3445 6169//3445 6825//3445
f 6168//3445 6825//3445 6827//3445
f 6828//3445 6826//3445 6139//3445
f 6140//3445 6828//3445 6139//3445
f 6829//3445 6168//3445 6827//3445
f 6167//3445 6168//3445 6829//3445
f 6830//3445 6828//3445 6140//3445
f 6141//4078 6830//4078 6140//4078
f 6166//3445 6167//3445 6829//3445
f 6166//3445 6829//3445 6831//3445
f 6142//3445 6832//3445 6830//3445
f 6142//3445 6830//3445 6141//3445
f 6833//3445 6166//3445 6831//3445
f 6165//3445 6166//3445 6833//3445
f 6143//3445 6834//3445 6832//3445
f 6143//3445 6832//3445 6142//3445
f 6164//3445 6833//3445 6835//3445
f 6164//3445 6165//3445 6833//3445
f 6144//3445 6836//3445 6834//3445
f 6144//4079 6834//4079 6143//4079
f 6163//3445 6835//3445 6837//3445
f 6163//3445 6164//3445 6835//3445
f 6145//4079 6838//4079 6836//4079
f 6145//4078 6836//4078 6144//4078
f 6162//3445 6837//3445 6839//3445
f 6162//3445 6163//3445 6837//3445
f 6146//3445 6840//3445 6838//3445
f 6146//4079 6838//4079 6145//4079
f 6161//3445 6839//3445 6841//3445
f 6161//3445 6162//3445 6839//3445
f 6842//3445 6840//3445 6146//3445
f 6147//3445 6842//3445 6146//3445
f 6160//3445 6841//3445 6843//3445
f 6160//3445 6161//3445 6841//3445
f 6844//3445 6842//3445 6147//3445
f 6148//3445 6844//3445 6147//3445
f 6159//3445 6843//3445 6845//3445
f 6159//3445 6160//3445 6843//3445
f 6149//4079 6844//4079 6148//4079
f 6149//4078 6846//4078 6844//4078
f 6158//3445 6159//3445 6845//3445
f 6158//4079 6845//4079 6847//4079
f 6848//3445 6158//3445 6847//3445
f 6150//4078 6846//4078 6149//4078
f 6150//3445 6849//3445 6846//3445
f 6850//4078 6849//4078 6150//4078
f 6157//4078 6158//4078 6848//4078
f 6151//4079 6850//4079 6150//4079
f 6156//4078 6848//4078 6851//4078
f 6156//3445 6157//3445 6848//3445
f 6152//4079 6850//4079 6151//4079
f 6152//3445 6852//3445 6850//3445
f 6152//3445 6853//3445 6852//3445
f 6155//3445 6156//3445 6851//3445
f 6155//4078 6854//4078 6855//4078
f 6155//3445 6851//3445 6854//3445
f 6153//3445 6853//3445 6152//3445
f 6154//3445 6855//3445 6853//3445
f 6154//3445 6155//3445 6855//3445
f 6154//3445 6853//3445 6153//3445
f 6343//3447 6856//3447 6344//3447
f 6857//3448 6858//3448 6343//3448
f 6343//3447 6858//3447 6856//3447
f 6856//3448 6859//3448 6344//3448
f 6860//4084 6861//4084 6862//4084
f 6862//3448 6861//3448 6857//3448
f 6857//3448 6861//3448 6858//3448
f 6344//3448 6863//3448 6864//3448
f 6864//3447 6863//3447 6865//3447
f 6859//3448 6863//3448 6344//3448
f 6860//3447 6866//3447 6861//3447
f 6863//3448 6867//3448 6865//3448
f 6860//3447 6868//3447 6866//3447
f 6339//3448 6868//3448 6860//3448
f 6867//3448 6869//3448 6865//3448
f 6865//3448 6869//3448 6870//3448
f 6339//3448 6871//3448 6868//3448
f 6338//3448 6871//3448 6339//3448
f 6869//3448 6872//3448 6870//3448
f 6870//3447 6872//3447 6348//3447
f 6348//3448 6872//3448 6873//3448
f 6338//4084 6874//4084 6871//4084
f 6337//3448 6874//3448 6338//3448
f 6872//3447 6875//3447 6873//3447
f 6337//3462 6876//3462 6874//3462
f 6335//3448 6876//3448 6336//3448
f 6336//3462 6876//3462 6337//3462
f 6875//3448 6877//3448 6873//3448
f 6873//3447 6877//3447 6878//3447
f 6335//3448 6879//3448 6876//3448
f 6877//3447 6880//3447 6878//3447
f 6878//3448 6880//3448 6881//3448
f 6881//3448 6880//3448 6352//3448
f 6335//3448 6882//3448 6879//3448
f 6334//3448 6882//3448 6335//3448
f 6880//3448 6883//3448 6352//3448
f 6334//3448 6884//3448 6882//3448
f 6333//3447 6884//3447 6334//3447
f 6883//3448 6885//3448 6352//3448
f 6352//3447 6885//3447 6353//3447
f 6333//3462 6886//3462 6884//3462
f 6332//3462 6886//3462 6333//3462
f 6885//3447 6887//3447 6353//3447
f 6353//3448 6887//3448 6354//3448
f 6354//3447 6887//3447 6355//3447
f 6332//3448 6888//3448 6886//3448
f 6331//3447 6888//3447 6332//3447
f 6887//3447 6889//3447 6355//3447
f 6331//4084 6890//4084 6888//4084
f 6330//3448 6890//3448 6331//3448
f 6889//3448 6891//3448 6355//3448
f 6355//4084 6891//4084 6892//4084
f 6328//3447 6893//3447 6329//3447
f 6329//3447 6893//3447 6330//3447
f 6330//3462 6893//3462 6890//3462
f 6891//4084 6894//4084 6892//4084
f 6892//3448 6894//3448 6895//3448
f 6328//3460 6896//3460 6893//3460
f 6327//3448 6896//3448 6328//3448
f 6894//3447 6897//3447 6895//3447
f 6895//3448 6897//3448 6898//3448
f 6898//3447 6897//3447 6359//3447
f 6327//4085 6899//4085 6896//4085
f 6897//3448 6900//3448 6359//3448
f 6326//3448 6901//3448 6327//3448
f 6327//4084 6901//4084 6899//4084
f 6900//3447 6902//3447 6359//3447
f 6359//3447 6902//3447 6903//3447
f 6903//3448 6902//3448 6904//3448
f 6324//3447 6905//3447 6325//3447
f 6325//3447 6905//3447 6326//3447
f 6326//3462 6905//3462 6901//3462
f 6902//3448 6906//3448 6904//3448
f 6324//3460 6907//3460 6905//3460
f 6906//3447 6908//3447 6904//3447
f 6904//3447 6908//3447 6362//3447
f 6324//3462 6909//3462 6907//3462
f 6323//4084 6909//4084 6324//4084
f 6908//3448 6910//3448 6362//3448
f 6362//3448 6910//3448 6911//3448
f 6323//3447 6912//3447 6909//3447
f 6322//3458 6912//3458 6323//3458
f 6910//3448 6913//3448 6911//3448
f 6911//3447 6913//3447 6914//3447
f 6322//3460 6915//3460 6912//3460
f 6321//3460 6915//3460 6322//3460
f 6914//3448 6916//3448 6365//3448
f 6365//3458 6916//3458 6366//3458
f 6913//3447 6916//3447 6914//3447
f 6321//3448 6917//3448 6915//3448
f 6320//3462 6917//3462 6321//3462
f 6916//3460 6918//3460 6366//3460
f 6320//3448 6919//3448 6917//3448
f 6319//3448 6919//3448 6320//3448
f 6366//3448 6920//3448 6367//3448
f 6918//3447 6920//3447 6366//3447
f 6920//3447 6368//3447 6367//3447
f 6319//3448 6921//3448 6919//3448
f 6318//3462 6921//3462 6319//3462
f 6318//3460 6317//3460 6921//3460
f 6920//3448 6922//3448 6368//3448
f 6317//3460 6923//3460 6921//3460
f 6368//3448 6924//3448 6369//3448
f 6922//3448 6924//3448 6368//3448
f 6317//4085 6925//4085 6923//4085
f 6316//3447 6925//3447 6317//3447
f 6369//3448 6926//3448 6927//3448
f 6924//3448 6926//3448 6369//3448
f 6316//3448 6315//3448 6925//3448
f 6315//3448 6928//3448 6925//3448
f 6926//3448 6929//3448 6927//3448
f 6926//3448 6930//3448 6929//3448
f 6931//3448 6932//3448 6315//3448
f 6315//3448 6932//3448 6928//3448
f 6930//3448 6933//3448 6929//3448
f 6930//3448 6934//3448 6933//3448
f 6935//4085 6936//4085 6931//4085
f 6931//3447 6936//3447 6932//3447
f 6934//3447 6373//3447 6933//3447
f 6934//3447 6937//3447 6373//3447
f 6938//3448 6939//3448 6935//3448
f 6935//3460 6939//3460 6936//3460
f 6373//3448 6940//3448 6374//3448
f 6937//3448 6940//3448 6373//3448
f 6939//3447 6311//3447 6941//3447
f 6938//3448 6311//3448 6939//3448
f 6940//3447 6942//3447 6374//3447
f 6942//3447 6943//3447 6374//3447
f 6311//3447 6310//3447 6941//3447
f 6941//3448 6310//3448 6944//3448
f 6942//3448 6945//3448 6943//3448
f 6945//3448 6946//3448 6943//3448
f 6310//3448 6947//3448 6944//3448
f 6310//3448 6948//3448 6947//3448
f 6945//3462 6949//3462 6946//3462
f 6950//3448 6949//3448 6945//3448
f 6948//3447 6308//3447 6947//3447
f 6947//3448 6308//3448 6951//3448
f 6950//3448 6378//3448 6949//3448
f 6952//3448 6378//3448 6950//3448
f 6308//3448 6307//3448 6951//3448
f 6951//3448 6307//3448 6953//3448
f 6307//3448 6954//3448 6953//3448
f 6952//3462 6379//3462 6378//3462
f 6955//3448 6379//3448 6952//3448
f 6955//3447 6956//3447 6379//3447
f 6307//3447 6306//3447 6954//3447
f 6956//3448 6957//3448 6379//3448
f 6956//3448 6958//3448 6957//3448
f 6306//3448 6959//3448 6954//3448
f 6954//3447 6959//3447 6960//3447
f 6958//3447 6381//3447 6957//3447
f 6958//3448 6961//3448 6381//3448
f 6959//3447 6962//3447 6960//3447
f 6960//3448 6962//3448 6963//3448
f 6961//3447 6964//3447 6381//3447
f 6963//3447 6965//3447 6966//3447
f 6962//3448 6965//3448 6963//3448
f 6967//3447 6968//3447 6961//3447
f 6969//3447 6968//3447 6967//3447
f 6961//3447 6968//3447 6964//3447
f 6966//3448 6302//3448 6970//3448
f 6965//3448 6302//3448 6966//3448
f 6971//3460 6384//3460 6969//3460
f 6969//3447 6384//3447 6968//3447
f 6972//3447 6301//3447 6973//3447
f 6970//3448 6301//3448 6972//3448
f 6302//3447 6301//3447 6970//3447
f 6971//3460 6974//3460 6384//3460
f 6973//3447 6300//3447 6975//3447
f 6301//3448 6300//3448 6973//3448
f 6976//3447 6977//3447 6971//3447
f 6971//3447 6977//3447 6974//3447
f 6300//3447 6299//3447 6975//3447
f 6978//3448 6979//3448 6976//3448
f 6980//3448 6979//3448 6978//3448
f 6976//3447 6979//3447 6977//3447
f 6975//3462 6981//3462 6982//3462
f 6299//3447 6981//3447 6975//3447
f 6980//3447 6388//3447 6979//3447
f 6983//3447 6388//3447 6980//3447
f 6981//3462 6984//3462 6982//3462
f 6982//3447 6984//3447 6985//3447
f 6983//3447 6389//3447 6388//3447
f 6984//3448 6986//3448 6985//3448
f 6985//3447 6986//3447 6987//3447
f 6983//3447 6264//3447 6389//3447
f 6988//3458 6264//3458 6983//3458
f 6986//3447 6295//3447 6987//3447
f 6987//3448 6295//3448 6989//3448
f 6990//3447 6265//3447 6988//3447
f 6991//3447 6265//3447 6990//3447
f 6988//3447 6265//3447 6264//3447
f 6295//3447 6992//3447 6989//3447
f 6989//3447 6992//3447 6993//3447
f 6994//3447 6266//3447 6991//3447
f 6991//3447 6266//3447 6265//3447
f 6993//3448 6995//3448 6996//3448
f 6992//3448 6995//3448 6993//3448
f 6994//3448 6997//3448 6266//3448
f 6996//3447 6292//3447 6998//3447
f 6995//3447 6292//3447 6996//3447
f 6999//3447 6268//3447 6994//3447
f 6994//3448 6268//3448 6997//3448
f 6998//3448 7000//3448 7001//3448
f 6292//3448 7000//3448 6998//3448
f 7002//3448 6269//3448 6999//3448
f 6999//3447 6269//3447 6268//3447
f 7001//3448 7003//3448 7004//3448
f 7000//3447 7003//3447 7001//3447
f 7005//3462 7006//3462 7002//3462
f 7007//3447 7006//3447 7005//3447
f 7002//3462 7006//3462 6269//3462
f 7004//4084 6289//4084 7008//4084
f 7003//3448 6289//3448 7004//3448
f 7007//3447 6271//3447 7006//3447
f 6289//3448 6288//3448 7008//3448
f 7009//3447 6288//3447 7010//3447
f 7008//3462 6288//3462 7009//3462
f 7011//3447 6272//3447 7007//3447
f 7012//3447 6272//3447 7011//3447
f 7007//3447 6272//3447 6271//3447
f 6288//3448 6287//3448 7010//3448
f 7012//3447 6273//3447 6272//3447
f 6287//3447 6286//3447 7010//3447
f 7010//3448 6286//3448 7013//3448
f 7012//3447 7014//3447 6273//3447
f 7015//3448 7014//3448 7012//3448
f 6286//3448 6285//3448 7013//3448
f 7013//3448 6285//3448 7016//3448
f 7015//3448 6275//3448 7014//3448
f 7017//3447 6275//3447 7015//3447
f 7018//3448 6275//3448 7017//3448
f 6285//3448 7019//3448 7016//3448
f 7020//3448 7019//3448 7021//3448
f 7016//3448 7019//3448 7020//3448
f 7018//3460 6276//3460 6275//3460
f 7019//3448 7022//3448 7021//3448
f 7018//3448 7023//3448 6276//3448
f 7024//3448 7023//3448 7018//3448
f 7022//3448 7025//3448 7021//3448
f 7021//3448 7025//3448 7026//3448
f 7027//3448 7028//3448 7024//3448
f 7024//3447 7028//3447 7023//3447
f 7029//3448 6281//3448 7030//3448
f 7026//3447 6281//3447 7029//3447
f 7025//3447 6281//3447 7026//3447
f 7031//3448 7032//3448 7027//3448
f 7027//3448 7032//3448 7028//3448
f 6281//3448 6280//3448 7030//3448
f 7030//3458 6280//3458 7031//3458
f 7031//3447 6280//3447 7032//3447
f 7033//4086 7034//4086 7035//4086
f 7035//3546 7034//3546 7036//3546
f 7036//3548 7037//3548 7038//3548
f 7034//3548 7037//3548 7036//3548
f 7038//4087 7039//4087 7040//4087
f 7037//4087 7039//4087 7038//4087
f 7040//4088 7041//4088 7042//4088
f 7039//4088 7041//4088 7040//4088
f 7042//3552 7043//3552 7044//3552
f 7044//3553 7043//3553 7045//3553
f 7041//3552 7043//3552 7042//3552
f 7043//3554 7046//3554 7045//3554
f 7045//3555 7047//3555 6560//3555
f 6560//3557 7047//3557 7048//3557
f 7046//3555 7047//3555 7045//3555
f 7048//3558 7049//3558 6567//3558
f 7047//3556 7049//3556 7048//3556
f 7049//3558 7050//3558 6567//3558
f 6567//4089 7051//4089 6568//4089
f 6568//3560 7051//3560 7052//3560
f 7050//4089 7051//4089 6567//4089
f 7051//4090 7053//4090 7052//4090
f 7053//4091 7054//4091 7052//4091
f 7052//4092 7054//4092 6575//4092
f 7054//3563 7055//3563 6575//3563
f 6575//3563 7055//3563 6576//3563
f 7055//3565 7056//3565 6576//3565
f 6576//3565 7056//3565 6580//3565
f 6580//4093 7057//4093 6584//4093
f 7056//4093 7057//4093 6580//4093
f 6584//4094 7058//4094 7059//4094
f 7059//4095 7058//4095 7060//4095
f 7057//4096 7058//4096 6584//4096
f 7058//3569 7061//3569 7060//3569
f 7060//4097 7062//4097 7063//4097
f 7061//4097 7062//4097 7060//4097
f 7063//4098 7064//4098 6578//4098
f 7062//4098 7064//4098 7063//4098
f 6578//3572 7065//3572 7066//3572
f 7064//3572 7065//3572 6578//3572
f 7066//3575 7067//3575 7068//3575
f 7068//4099 7067//4099 7069//4099
f 7065//3575 7067//3575 7066//3575
f 7067//4099 7070//4099 7069//4099
f 7069//3577 7071//3577 6565//3577
f 7070//3577 7071//3577 7069//3577
f 6565//4100 7072//4100 6563//4100
f 7071//4101 7072//4101 6565//4101
f 6563//3579 7073//3579 7074//3579
f 7072//3579 7073//3579 6563//3579
f 7074//3580 7075//3580 7076//3580
f 7076//4102 7075//4102 6552//4102
f 7073//4103 7075//4103 7074//4103
f 7075//4104 7077//4104 6552//4104
f 6552//3582 7078//3582 6546//3582
f 6546//3583 7078//3583 7079//3583
f 7077//3582 7078//3582 6552//3582
f 7079//4105 7080//4105 7081//4105
f 7078//3583 7080//3583 7079//3583
f 7080//4105 7082//4105 7081//4105
f 7081//4106 7083//4106 6536//4106
f 6536//3586 7083//3586 6535//3586
f 7082//4106 7083//4106 7081//4106
f 7083//3586 7084//3586 6535//3586
f 6535//4107 7085//4107 7086//4107
f 7086//4108 7085//4108 7087//4108
f 7084//4107 7085//4107 6535//4107
f 7085//4108 7088//4108 7087//4108
f 7087//3589 7089//3589 7090//3589
f 7088//3589 7089//3589 7087//3589
f 7090//3590 7091//3590 7092//3590
f 7089//3590 7091//3590 7090//3590
f 7092//4109 7093//4109 7094//4109
f 7091//4109 7093//4109 7092//4109
f 7093//3592 7095//3592 7094//3592
f 7094//4110 7095//4110 6513//4110
f 7095//3593 7096//3593 6513//3593
f 6513//3593 7096//3593 6511//3593
f 7096//4111 7097//4111 6511//4111
f 6511//3595 7097//3595 7098//3595
f 7097//4112 7099//4112 7098//4112
f 7098//3596 7099//3596 7100//3596
f 7099//4113 7101//4113 7100//4113
f 7100//4113 7101//4113 7102//4113
f 7101//3599 7103//3599 7102//3599
f 7102//3599 7103//3599 6498//3599
f 7103//4114 7104//4114 6498//4114
f 6498//3600 7104//3600 6494//3600
f 7104//3601 7105//3601 6494//3601
f 6494//3601 7105//3601 7106//3601
f 7105//3603 7107//3603 7106//3603
f 7106//3603 7107//3603 7108//3603
f 7107//4115 7109//4115 7108//4115
f 7108//3605 7109//3605 7110//3605
f 7110//3607 7111//3607 6481//3607
f 7109//3607 7111//3607 7110//3607
f 6481//3608 7112//3608 6478//3608
f 7111//4116 7112//4116 6481//4116
f 6478//3610 7113//3610 7114//3610
f 7112//3610 7113//3610 6478//3610
f 7114//4117 7115//4117 7116//4117
f 7113//4117 7115//4117 7114//4117
f 7116//4118 7117//4118 7118//4118
f 7118//4119 7117//4119 7119//4119
f 7115//4118 7117//4118 7116//4118
f 7117//3613 7120//3613 7119//3613
f 7119//3614 7121//3614 7122//3614
f 7120//3614 7121//3614 7119//3614
f 7122//3615 7123//3615 6461//3615
f 7121//4120 7123//4120 7122//4120
f 6461//4121 7124//4121 6458//4121
f 7123//4121 7124//4121 6461//4121
f 6458//4122 7125//4122 6456//4122
f 7124//3617 7125//3617 6458//3617
f 6456//4123 7126//4123 7127//4123
f 7125//4123 7126//4123 6456//4123
f 7127//3620 7128//3620 7129//3620
f 7126//3620 7128//3620 7127//3620
f 7129//3622 7130//3622 7131//3622
f 7128//3621 7130//3621 7129//3621
f 7131//3624 7132//3624 6445//3624
f 7130//4124 7132//4124 7131//4124
f 7132//3625 7133//3625 6445//3625
f 6445//4125 7133//4125 7134//4125
f 7133//3626 7135//3626 7134//3626
f 7134//4126 7135//4126 7136//4126
f 7135//4127 7137//4127 7136//4127
f 7136//3467 7137//3467 7138//3467
f 7137//3469 7139//3469 7138//3469
f 7138//3468 7139//3468 7140//3468
f 7139//4128 7141//4128 7140//4128
f 7140//3470 7141//3470 6426//3470
f 7141//3473 7142//3473 6426//3473
f 6426//3473 7142//3473 7143//3473
f 7142//3474 7144//3474 7143//3474
f 7143//3474 7144//3474 7145//3474
f 7144//4129 7146//4129 7145//4129
f 7145//4129 7146//4129 6418//4129
f 7146//3477 7147//3477 6418//3477
f 6418//4130 7147//4130 7148//4130
f 7147//4131 7149//4131 7148//4131
f 7148//4131 7149//4131 6413//4131
f 7149//4132 7150//4132 6413//4132
f 6413//3479 7150//3479 7151//3479
f 7150//3480 7152//3480 7151//3480
f 7151//3480 7152//3480 6407//3480
f 7152//3481 7153//3481 6407//3481
f 6407//4133 7153//4133 7154//4133
f 7153//4134 7155//4134 7154//4134
f 7154//4134 7155//4134 6402//4134
f 7155//4135 7156//4135 6402//4135
f 6402//4135 7156//4135 7157//4135
f 7156//3484 7158//3484 7157//3484
f 7157//3484 7158//3484 6395//3484
f 7158//3486 7159//3486 6395//3486
f 6395//3486 7159//3486 7160//3486
f 7159//3487 7161//3487 7160//3487
f 7160//3487 7161//3487 7162//3487
f 7161//4136 7163//4136 7162//4136
f 7162//4137 7163//4137 7164//4137
f 7163//3491 7165//3491 7164//3491
f 7164//3491 7165//3491 7166//3491
f 7165//3492 7167//3492 7166//3492
f 7166//3492 7167//3492 6400//3492
f 6400//3493 7168//3493 7169//3493
f 7167//4138 7168//4138 6400//4138
f 7169//3495 7170//3495 7171//3495
f 7168//3495 7170//3495 7169//3495
f 7171//4139 7172//4139 7173//4139
f 7170//3497 7172//3497 7171//3497
f 7173//3498 7174//3498 7175//3498
f 7172//4140 7174//4140 7173//4140
f 7175//4141 7176//4141 6414//4141
f 7174//4142 7176//4142 7175//4142
f 7176//4143 7177//4143 6414//4143
f 6414//3500 7177//3500 7178//3500
f 7177//3501 7179//3501 7178//3501
f 7178//4144 7179//4144 7180//4144
f 7179//4145 7181//4145 7180//4145
f 7180//4145 7181//4145 6421//4145
f 7181//3503 7182//3503 6421//3503
f 6421//3503 7182//3503 6424//3503
f 7182//3504 7183//3504 6424//3504
f 6424//3504 7183//3504 7184//3504
f 7183//4146 7185//4146 7184//4146
f 7184//4146 7185//4146 7186//4146
f 7185//4147 7187//4147 7186//4147
f 7186//4147 7187//4147 7188//4147
f 7187//3404 7189//3404 7188//3404
f 7188//3404 7189//3404 7190//3404
f 7189//4148 7191//4148 7190//4148
f 7190//4148 7191//4148 7192//4148
f 7191//4149 7193//4149 7192//4149
f 7192//4149 7193//4149 7194//4149
f 7193//3509 7195//3509 7194//3509
f 7194//3509 7195//3509 7196//3509
f 7195//3510 7197//3510 7196//3510
f 7196//3510 7197//3510 7198//3510
f 7198//4150 7199//4150 7200//4150
f 7200//3512 7199//3512 7201//3512
f 7197//4150 7199//4150 7198//4150
f 7199//4151 7202//4151 7201//4151
f 7201//3513 7203//3513 6460//3513
f 6460//4152 7203//4152 6463//4152
f 7202//3513 7203//3513 7201//3513
f 6463//3515 7204//3515 7205//3515
f 7203//4153 7204//4153 6463//4153
f 7205//4154 7206//4154 7207//4154
f 7204//3515 7206//3515 7205//3515
f 7206//4154 7208//4154 7207//4154
f 7207//3517 7209//3517 6470//3517
f 6470//3520 7209//3520 6473//3520
f 7208//3517 7209//3517 7207//3517
f 7209//3520 7210//3520 6473//3520
f 6473//4155 7211//4155 7212//4155
f 7210//4155 7211//4155 6473//4155
f 7212//4156 7213//4156 7214//4156
f 7211//4157 7213//4157 7212//4157
f 7214//4158 7215//4158 7216//4158
f 7213//3523 7215//3523 7214//3523
f 7216//4159 7217//4159 6485//4159
f 6485//3525 7217//3525 6490//3525
f 7215//4159 7217//4159 7216//4159
f 6490//3526 7218//3526 7219//3526
f 7217//3525 7218//3525 6490//3525
f 7218//3526 7220//3526 7219//3526
f 7219//3529 7221//3529 7222//3529
f 7222//3530 7221//3530 7223//3530
f 7220//3529 7221//3529 7219//3529
f 7221//4160 7224//4160 7223//4160
f 7224//3532 7225//3532 7223//3532
f 7223//3532 7225//3532 6502//3532
f 6502//3533 7225//3533 6504//3533
f 7225//3533 7226//3533 6504//3533
f 6504//3534 7227//3534 7228//3534
f 7228//3535 7227//3535 6514//3535
f 7226//3534 7227//3534 6504//3534
f 7227//3535 7229//3535 6514//3535
f 6514//3536 7230//3536 7231//3536
f 7229//3536 7230//3536 6514//3536
f 7231//4161 7232//4161 7233//4161
f 7230//3537 7232//3537 7231//3537
f 7233//4162 7234//4162 7235//4162
f 7235//4163 7234//4163 7236//4163
f 7232//3539 7234//3539 7233//3539
f 7234//4163 7237//4163 7236//4163
f 7236//4164 7238//4164 7239//4164
f 7239//3544 7238//3544 7240//3544
f 7237//4164 7238//4164 7236//4164
f 7238//3544 7241//3544 7240//3544
f 7240//4165 7033//4165 7035//4165
f 7241//3545 7033//3545 7240//3545
f 7242//3707 7243//3707 6691//3707
f 6691//3708 7243//3708 6693//3708
f 6693//3710 7244//3710 6694//3710
f 7243//3710 7244//3710 6693//3710
f 6694//4166 7245//4166 6697//4166
f 7244//4166 7245//4166 6694//4166
f 6697//4167 7246//4167 6702//4167
f 6702//3713 7246//3713 6704//3713
f 7245//4167 7246//4167 6697//4167
f 7246//3713 7247//3713 6704//3713
f 6704//4168 7248//4168 6707//4168
f 6707//3717 7248//3717 6708//3717
f 7247//3715 7248//3715 6704//3715
f 7248//3717 7249//3717 6708//3717
f 6708//3718 7250//3718 6713//3718
f 7249//3718 7250//3718 6708//3718
f 6713//3720 7251//3720 6715//3720
f 7250//3720 7251//3720 6713//3720
f 6715//3721 7252//3721 6718//3721
f 6718//3723 7252//3723 6720//3723
f 7251//3721 7252//3721 6715//3721
f 7252//4169 7253//4169 6720//4169
f 7253//4170 7254//4170 6720//4170
f 6720//3724 7254//3724 6721//3724
f 7254//3726 7255//3726 6721//3726
f 6721//3726 7255//3726 6724//3726
f 7255//3727 7256//3727 6724//3727
f 6724//3727 7256//3727 6726//3727
f 6726//3729 7257//3729 6729//3729
f 7256//3729 7257//3729 6726//3729
f 6729//4171 7258//4171 6728//4171
f 6728//4172 7258//4172 6727//4172
f 7257//4173 7258//4173 6729//4173
f 6727//4174 7259//4174 6725//4174
f 7258//3731 7259//3731 6727//3731
f 7259//4175 7260//4175 6725//4175
f 7260//4176 7261//4176 6725//4176
f 6725//4176 7261//4176 6723//4176
f 6723//3734 7262//3734 6722//3734
f 6722//3737 7262//3737 6719//3737
f 7261//3734 7262//3734 6723//3734
f 7262//3737 7263//3737 6719//3737
f 6719//4177 7264//4177 6717//4177
f 7263//4177 7264//4177 6719//4177
f 6717//3739 7265//3739 6712//3739
f 7264//3739 7265//3739 6717//3739
f 6712//4178 7266//4178 6711//4178
f 7265//4179 7266//4179 6712//4179
f 6711//3741 7267//3741 6709//3741
f 7266//3741 7267//3741 6711//3741
f 6709//3742 7268//3742 6706//3742
f 7267//4180 7268//4180 6709//4180
f 6706//4181 7269//4181 6703//4181
f 7268//4181 7269//4181 6706//4181
f 6703//3744 7270//3744 6701//3744
f 7269//3744 7270//3744 6703//3744
f 6701//3745 7271//3745 6699//3745
f 6699//4182 7271//4182 6696//4182
f 7270//3745 7271//3745 6701//3745
f 7271//4182 7272//4182 6696//4182
f 6696//4183 7273//4183 6692//4183
f 6692//3404 7273//3404 6690//3404
f 7272//4183 7273//4183 6696//4183
f 7273//3404 7274//3404 6690//3404
f 6690//4184 7275//4184 6689//4184
f 6689//4185 7275//4185 6687//4185
f 7274//4184 7275//4184 6690//4184
f 7275//4185 7276//4185 6687//4185
f 6687//3750 7277//3750 6682//3750
f 6682//3751 7277//3751 6681//3751
f 7276//3750 7277//3750 6687//3750
f 7277//3751 7278//3751 6681//3751
f 7278//4186 7279//4186 6681//4186
f 6681//4186 7279//4186 6680//4186
f 7279//3753 7280//3753 6680//3753
f 6680//4187 7280//4187 6677//4187
f 7280//3754 7281//3754 6677//3754
f 6677//3754 7281//3754 6674//3754
f 7281//4188 7282//4188 6674//4188
f 6674//3756 7282//3756 6673//3756
f 7282//4189 7283//4189 6673//4189
f 6673//3757 7283//3757 6670//3757
f 7283//3759 7284//3759 6670//3759
f 6670//3759 7284//3759 6666//3759
f 7284//3760 7285//3760 6666//3760
f 6666//3760 7285//3760 6665//3760
f 7285//4190 7286//4190 6665//4190
f 6665//4191 7286//4191 6662//4191
f 7286//3762 7287//3762 6662//3762
f 6662//3762 7287//3762 7288//3762
f 7287//3764 7289//3764 7288//3764
f 7288//4192 7289//4192 7290//4192
f 7289//3767 7291//3767 7290//3767
f 7290//4193 7291//4193 6654//4193
f 6654//3768 7292//3768 6652//3768
f 7291//3768 7292//3768 6654//3768
f 6652//3769 7293//3769 6650//3769
f 7292//3771 7293//3771 6652//3771
f 6650//3772 7294//3772 6648//3772
f 7293//3772 7294//3772 6650//3772
f 6648//4194 7295//4194 6646//4194
f 7294//4194 7295//4194 6648//4194
f 6646//4195 7296//4195 6644//4195
f 7295//4195 7296//4195 6646//4195
f 6644//4196 7297//4196 6642//4196
f 7296//3775 7297//3775 6644//3775
f 6642//3776 7298//3776 6640//3776
f 7297//4197 7298//4197 6642//4197
f 6640//4198 7299//4198 6638//4198
f 7298//3777 7299//3777 6640//3777
f 6638//3778 7300//3778 6636//3778
f 7299//3778 7300//3778 6638//3778
f 6636//4199 7301//4199 6634//4199
f 7300//3780 7301//3780 6636//3780
f 6634//4200 7302//4200 6632//4200
f 7301//4201 7302//4201 6634//4201
f 6632//3783 7303//3783 6630//3783
f 7302//3783 7303//3783 6632//3783
f 6630//3785 7304//3785 6628//3785
f 7303//3785 7304//3785 6630//3785
f 6628//4202 7305//4202 6626//4202
f 7304//4203 7305//4203 6628//4203
f 7305//3789 7306//3789 6626//3789
f 6626//3788 7306//3788 6623//3788
f 7306//3790 7307//3790 6623//3790
f 6623//4204 7307//4204 6621//4204
f 7307//4205 7308//4205 6621//4205
f 6621//4206 7308//4206 6619//4206
f 6619//4207 7308//4207 6617//4207
f 7308//3628 7309//3628 6617//3628
f 7309//4208 7310//4208 6617//4208
f 6617//3629 7310//3629 6615//3629
f 7310//3632 7311//3632 6615//3632
f 6615//3632 7311//3632 6613//3632
f 7311//3633 7312//3633 6613//3633
f 6613//3633 7312//3633 6611//3633
f 7312//3635 7313//3635 6611//3635
f 6611//4209 7313//4209 6609//4209
f 6609//4210 7313//4210 6607//4210
f 7313//3636 7314//3636 6607//3636
f 7314//3637 7315//3637 6607//3637
f 6607//3637 7315//3637 6605//3637
f 7315//3638 7316//3638 6605//3638
f 6605//4211 7316//4211 6603//4211
f 7316//3640 7317//3640 6603//3640
f 6603//4212 7317//4212 6601//4212
f 7317//3641 7318//3641 6601//3641
f 6601//4213 7318//4213 6599//4213
f 7318//4214 7319//4214 6599//4214
f 6599//4214 7319//4214 6596//4214
f 7319//4215 7320//4215 6596//4215
f 6596//4215 7320//4215 6594//4215
f 7320//3644 7321//3644 6594//3644
f 6594//3644 7321//3644 6590//3644
f 7321//4216 7322//4216 6590//4216
f 6590//3646 7322//3646 6588//3646
f 7322//3649 7323//3649 6588//3649
f 6588//3649 7323//3649 7324//3649
f 7323//3651 7325//3651 7324//3651
f 7324//4217 7325//4217 6589//4217
f 7325//3652 7326//3652 6589//3652
f 6589//4218 7326//4218 6591//4218
f 7326//3653 7327//3653 6591//3653
f 6591//3653 7327//3653 6595//3653
f 6595//3654 7328//3654 6597//3654
f 7327//4219 7328//4219 6595//4219
f 6597//3656 7329//3656 6600//3656
f 7328//3656 7329//3656 6597//3656
f 6600//4220 7330//4220 6602//4220
f 7329//3658 7330//3658 6600//3658
f 6602//3659 7331//3659 6604//3659
f 7330//4221 7331//4221 6602//4221
f 6604//4222 7332//4222 6606//4222
f 7331//4223 7332//4223 6604//4223
f 7332//4224 7333//4224 6606//4224
f 6606//3661 7333//3661 6608//3661
f 7333//3662 7334//3662 6608//3662
f 6608//4225 7334//4225 6610//4225
f 7334//4226 7335//4226 6610//4226
f 6610//4226 7335//4226 6612//4226
f 7335//3664 7336//3664 6612//3664
f 6612//3664 7336//3664 6614//3664
f 7336//3665 7337//3665 6614//3665
f 6614//3665 7337//3665 6616//3665
f 7337//4227 7338//4227 6616//4227
f 6616//4227 7338//4227 6618//4227
f 7338//4228 7339//4228 6618//4228
f 6618//4228 7339//4228 6620//4228
f 7339//3586 7340//3586 6620//3586
f 6620//3586 7340//3586 6622//3586
f 7340//4229 7341//4229 6622//4229
f 6622//4229 7341//4229 7342//4229
f 7341//4230 7343//4230 7342//4230
f 7342//4230 7343//4230 6627//4230
f 7343//3670 7344//3670 6627//3670
f 6627//3670 7344//3670 6629//3670
f 7344//3671 7345//3671 6629//3671
f 6629//3671 7345//3671 6631//3671
f 6631//4231 7346//4231 6633//4231
f 6633//3673 7346//3673 6635//3673
f 7345//4231 7346//4231 6631//4231
f 7346//4232 7347//4232 6635//4232
f 6635//3674 7348//3674 6637//3674
f 7347//3674 7348//3674 6635//3674
f 6637//4233 7349//4233 6639//4233
f 6639//3676 7349//3676 6641//3676
f 7348//4234 7349//4234 6637//4234
f 6641//4235 7350//4235 6643//4235
f 7349//3676 7350//3676 6641//3676
f 7350//4235 7351//4235 6643//4235
f 6643//3678 7352//3678 6645//3678
f 7351//3678 7352//3678 6643//3678
f 6645//3681 7353//3681 6647//3681
f 7352//3681 7353//3681 6645//3681
f 6647//4236 7354//4236 6649//4236
f 7353//4236 7354//4236 6647//4236
f 6649//4237 7355//4237 6651//4237
f 6651//4238 7355//4238 6653//4238
f 7354//4239 7355//4239 6649//4239
f 7355//3684 7356//3684 6653//3684
f 6653//4240 7357//4240 6655//4240
f 6655//3686 7357//3686 6657//3686
f 7356//4240 7357//4240 6653//4240
f 7357//3686 7358//3686 6657//3686
f 7358//3688 7359//3688 6657//3688
f 6657//3688 7359//3688 6660//3688
f 7359//3689 7360//3689 6660//3689
f 6660//3689 7360//3689 6663//3689
f 6663//3690 7360//3690 6667//3690
f 7360//4241 7361//4241 6667//4241
f 7361//3691 7362//3691 6667//3691
f 6667//3691 7362//3691 6668//3691
f 6668//4242 7363//4242 6669//4242
f 7362//3692 7363//3692 6668//3692
f 6669//3693 7364//3693 6672//3693
f 6672//4243 7364//4243 6675//4243
f 7363//3693 7364//3693 6669//3693
f 7364//4243 7365//4243 6675//4243
f 6675//3696 7366//3696 6676//3696
f 7365//3696 7366//3696 6675//3696
f 6676//3699 7367//3699 6678//3699
f 7366//3698 7367//3698 6676//3698
f 6678//3700 7368//3700 6683//3700
f 6683//4244 7368//4244 6684//4244
f 7367//3700 7368//3700 6678//3700
f 7368//4244 7369//4244 6684//4244
f 6684//4245 7370//4245 6686//4245
f 6686//3704 7370//3704 7371//3704
f 7369//4245 7370//4245 6684//4245
f 7370//3704 7372//3704 7371//3704
f 7371//4246 7242//4246 6691//4246
f 7372//3705 7242//3705 7371//3705
f 7373//4247 7374//4247 6824//4247
f 7373//4247 6824//4247 6826//4247
f 7373//3854 6826//3854 6828//3854
f 7375//3854 7373//3854 6828//3854
f 7376//3855 6828//3855 6830//3855
f 7376//3855 7375//3855 6828//3855
f 7377//3856 6830//3856 6832//3856
f 7377//3856 7376//3856 6830//3856
f 7378//3857 6832//3857 6834//3857
f 7378//4248 6834//4248 6836//4248
f 7378//3857 7377//3857 6832//3857
f 7379//4248 7378//4248 6836//4248
f 7380//3859 6836//3859 6838//3859
f 7380//3860 6838//3860 6840//3860
f 7380//3859 7379//3859 6836//3859
f 7381//3860 7380//3860 6840//3860
f 7382//4249 6840//4249 6842//4249
f 7382//4249 7381//4249 6840//4249
f 7383//4250 6842//4250 6844//4250
f 7383//4250 7382//4250 6842//4250
f 7384//3863 7383//3863 6844//3863
f 7384//3863 6844//3863 6846//3863
f 7384//4251 6846//4251 6849//4251
f 7385//4251 7384//4251 6849//4251
f 7385//4252 6849//4252 6850//4252
f 7386//4252 7385//4252 6850//4252
f 7387//3866 7386//3866 6850//3866
f 7387//3866 6850//3866 6852//3866
f 7388//4253 7387//4253 6852//4253
f 7388//4253 6852//4253 6853//4253
f 7389//4254 7388//4254 6853//4254
f 7389//4254 6853//4254 6855//4254
f 7390//3869 7389//3869 6855//3869
f 7390//3869 6855//3869 6854//3869
f 7390//4255 6854//4255 6851//4255
f 7391//4255 7390//4255 6851//4255
f 7392//3871 7391//3871 6851//3871
f 7392//3871 6851//3871 6848//3871
f 7393//4256 7392//4256 6848//4256
f 7393//3872 6848//3872 6847//3872
f 7394//3873 7393//3873 6847//3873
f 7394//3873 6847//3873 6845//3873
f 7395//4257 7394//4257 6845//4257
f 7395//4257 6845//4257 6843//4257
f 7396//4258 6843//4258 6841//4258
f 7396//4258 7395//4258 6843//4258
f 7397//3876 6841//3876 6839//3876
f 7397//3876 7396//3876 6841//3876
f 7398//4259 6839//4259 6837//4259
f 7398//4259 7397//4259 6839//4259
f 7399//4260 6837//4260 6835//4260
f 7399//4260 7398//4260 6837//4260
f 7400//4261 6835//4261 6833//4261
f 7400//4261 7399//4261 6835//4261
f 7401//4262 6833//4262 6831//4262
f 7401//4262 7400//4262 6833//4262
f 7402//4263 6831//4263 6829//4263
f 7402//4263 7401//4263 6831//4263
f 7403//4264 6829//4264 6827//4264
f 7403//4264 7402//4264 6829//4264
f 7404//4265 6827//4265 6825//4265
f 7404//4265 7403//4265 6827//4265
f 7405//880 6825//880 6823//880
f 7405//880 7404//880 6825//880
f 7406//4266 6823//4266 6821//4266
f 7406//4267 6821//4267 6819//4267
f 7406//4266 7405//4266 6823//4266
f 7407//4267 7406//4267 6819//4267
f 7408//4268 6819//4268 6817//4268
f 7408//4268 7407//4268 6819//4268
f 7409//4269 6817//4269 6815//4269
f 7409//4269 7408//4269 6817//4269
f 7410//4270 7409//4270 6815//4270
f 7410//4270 6815//4270 6813//4270
f 7411//4271 7410//4271 6813//4271
f 7411//4271 6813//4271 6811//4271
f 7412//4272 7411//4272 6811//4272
f 7412//4272 6811//4272 6809//4272
f 7413//3891 7412//3891 6809//3891
f 7413//3891 6809//3891 6807//3891
f 7414//4273 7413//4273 6807//4273
f 7414//4273 6807//4273 6805//4273
f 7414//4274 6805//4274 6803//4274
f 7415//4274 7414//4274 6803//4274
f 7415//3894 6803//3894 6801//3894
f 7416//3894 7415//3894 6801//3894
f 7417//3895 7416//3895 6801//3895
f 7417//4275 6801//4275 6799//4275
f 7417//3896 6799//3896 6797//3896
f 7418//3896 7417//3896 6797//3896
f 7418//4276 6797//4276 6795//4276
f 7419//4276 7418//4276 6795//4276
f 7420//3898 7419//3898 6795//3898
f 7420//3898 6795//3898 6793//3898
f 7421//4277 7420//4277 6793//4277
f 7421//4277 6793//4277 6791//4277
f 7422//4278 7421//4278 6791//4278
f 7422//4278 6791//4278 6789//4278
f 7422//3901 6789//3901 6787//3901
f 7423//3901 7422//3901 6787//3901
f 7423//4279 6787//4279 6785//4279
f 7424//4279 7423//4279 6785//4279
f 7425//4280 7424//4280 6785//4280
f 7425//4280 6785//4280 6783//4280
f 7426//3904 7425//3904 6783//3904
f 7426//3904 6783//3904 6781//3904
f 7427//4281 7426//4281 6781//4281
f 7427//4281 6781//4281 6779//4281
f 7428//4282 7427//4282 6779//4282
f 7428//4282 6779//4282 6777//4282
f 7428//3907 6777//3907 6775//3907
f 7429//3907 7428//3907 6775//3907
f 7430//3908 7429//3908 6775//3908
f 7430//3908 6775//3908 6773//3908
f 7430//4283 6773//4283 6771//4283
f 7431//4283 7430//4283 6771//4283
f 7432//3910 6771//3910 6769//3910
f 7432//3911 6769//3911 6767//3911
f 7432//3910 7431//3910 6771//3910
f 7433//3911 7432//3911 6767//3911
f 7434//3912 6767//3912 6765//3912
f 7434//3912 7433//3912 6767//3912
f 7435//3913 7434//3913 6765//3913
f 7435//3913 6765//3913 6763//3913
f 7435//4284 6763//4284 6761//4284
f 7436//4284 7435//4284 6761//4284
f 7437//4285 7436//4285 6761//4285
f 7437//4285 6761//4285 6759//4285
f 7437//3792 6759//3792 6757//3792
f 7438//3792 7437//3792 6757//3792
f 7438//3793 6757//3793 6755//3793
f 7439//3793 7438//3793 6755//3793
f 7440//3794 7439//3794 6755//3794
f 7440//3794 6755//3794 6753//3794
f 7440//3795 6753//3795 6751//3795
f 7441//3795 7440//3795 6751//3795
f 7441//4286 6751//4286 6749//4286
f 7442//4286 7441//4286 6749//4286
f 7443//3797 7442//3797 6749//3797
f 7443//3797 6749//3797 6747//3797
f 7443//3798 6747//3798 6745//3798
f 7444//3798 7443//3798 6745//3798
f 7445//4287 7444//4287 6745//4287
f 7445//4287 6745//4287 6743//4287
f 7445//4288 6743//4288 6741//4288
f 7446//4288 7445//4288 6741//4288
f 7446//3801 6741//3801 6739//3801
f 7447//3801 7446//3801 6739//3801
f 7448//4289 6739//4289 6737//4289
f 7448//4290 6737//4290 6735//4290
f 7448//4289 7447//4289 6739//4289
f 7449//4290 7448//4290 6735//4290
f 7450//3804 6735//3804 6733//3804
f 7450//4291 6733//4291 6731//4291
f 7450//3804 7449//3804 6735//3804
f 7451//4292 6731//4292 6730//4292
f 7451//4291 7450//4291 6731//4291
f 7452//4292 7451//4292 6730//4292
f 7453//4293 6730//4293 6732//4293
f 7453//4293 7452//4293 6730//4293
f 7454//3808 6732//3808 6734//3808
f 7454//3808 7453//3808 6732//3808
f 7455//3809 6734//3809 6736//3809
f 7455//3809 7454//3809 6734//3809
f 7456//3810 6736//3810 6738//3810
f 7456//3811 6738//3811 6740//3811
f 7456//3810 7455//3810 6736//3810
f 7457//3811 7456//3811 6740//3811
f 7458//3812 6740//3812 6742//3812
f 7458//3812 7457//3812 6740//3812
f 7459//3813 6742//3813 6744//3813
f 7459//3814 6744//3814 6746//3814
f 7459//3813 7458//3813 6742//3813
f 7460//3814 7459//3814 6746//3814
f 7461//4294 7460//4294 6746//4294
f 7461//4294 6746//4294 6748//4294
f 7462//4295 7461//4295 6748//4295
f 7462//4295 6748//4295 6750//4295
f 7462//4296 6750//4296 6752//4296
f 7463//4296 7462//4296 6752//4296
f 7464//4297 7463//4297 6752//4297
f 7464//4297 6752//4297 6754//4297
f 7465//4298 6754//4298 6756//4298
f 7465//4299 6756//4299 6758//4299
f 7465//4298 7464//4298 6754//4298
f 7466//4299 7465//4299 6758//4299
f 7467//4300 6758//4300 6760//4300
f 7467//4300 7466//4300 6758//4300
f 7468//946 6760//946 6762//946
f 7468//946 7467//946 6760//946
f 7469//4301 6762//4301 6764//4301
f 7469//4301 7468//4301 6762//4301
f 7470//4302 6764//4302 6766//4302
f 7470//4302 7469//4302 6764//4302
f 7471//4303 6766//4303 6768//4303
f 7471//4303 7470//4303 6766//4303
f 7472//4304 6768//4304 6770//4304
f 7472//4304 7471//4304 6768//4304
f 7473//4305 6770//4305 6772//4305
f 7473//4305 7472//4305 6770//4305
f 7474//4306 6772//4306 6774//4306
f 7474//4306 7473//4306 6772//4306
f 7475//4307 6774//4307 6776//4307
f 7475//4307 7474//4307 6774//4307
f 7476//3829 6776//3829 6778//3829
f 7476//3829 7475//3829 6776//3829
f 7477//3830 6778//3830 6780//3830
f 7477//3830 7476//3830 6778//3830
f 7478//3831 6780//3831 6782//3831
f 7478//3831 7477//3831 6780//3831
f 7479//3832 6782//3832 6784//3832
f 7479//3832 7478//3832 6782//3832
f 7480//3833 6784//3833 6786//3833
f 7480//3834 6786//3834 6788//3834
f 7480//3833 7479//3833 6784//3833
f 7481//3834 7480//3834 6788//3834
f 7482//3835 6788//3835 6790//3835
f 7482//3835 7481//3835 6788//3835
f 7483//4308 6790//4308 6792//4308
f 7483//4308 7482//4308 6790//4308
f 7484//4309 6792//4309 6794//4309
f 7484//4309 7483//4309 6792//4309
f 7485//4310 6794//4310 6796//4310
f 7485//4310 7484//4310 6794//4310
f 7486//3839 7485//3839 6796//3839
f 7486//3839 6796//3839 6798//3839
f 7487//4311 7486//4311 6798//4311
f 7487//4311 6798//4311 6800//4311
f 7488//4312 7487//4312 6800//4312
f 7488//4312 6800//4312 6802//4312
f 7489//3842 7488//3842 6802//3842
f 7489//3842 6802//3842 6804//3842
f 7490//4313 7489//4313 6804//4313
f 7490//4313 6804//4313 6806//4313
f 7491//4314 7490//4314 6806//4314
f 7491//4314 6806//4314 6808//4314
f 7491//3845 6808//3845 6810//3845
f 7492//3845 7491//3845 6810//3845
f 7493//3846 7492//3846 6810//3846
f 7493//3846 6810//3846 6812//3846
f 7494//4315 7493//4315 6812//4315
f 7494//4315 6812//4315 6814//4315
f 7495//3848 7494//3848 6814//3848
f 7495//3848 6814//3848 6816//3848
f 7495//3849 6816//3849 6818//3849
f 7496//3849 7495//3849 6818//3849
f 7497//3850 7496//3850 6818//3850
f 7497//3850 6818//3850 6820//3850
f 7497//3851 6820//3851 6822//3851
f 7498//3851 7497//3851 6822//3851
f 7374//4316 6822//4316 6824//4316
f 7374//4316 7498//4316 6822//4316
f 7499//4317 7500//4317 7501//4317
f 7501//3997 7500//3997 7502//3997
f 7502//3999 7503//3999 7504//3999
f 7500//3999 7503//3999 7502//3999
f 7504//4318 7505//4318 7506//4318
f 7503//4318 7505//4318 7504//4318
f 7506//4319 7507//4319 7508//4319
f 7505//4319 7507//4319 7506//4319
f 7508//4003 7509//4003 7510//4003
f 7510//4004 7509//4004 7005//4004
f 7507//4003 7509//4003 7508//4003
f 7509//4004 7511//4004 7005//4004
f 7005//4006 7512//4006 7007//4006
f 7007//4008 7512//4008 7513//4008
f 7511//4320 7512//4320 7005//4320
f 7513//4009 7514//4009 7515//4009
f 7512//4007 7514//4007 7513//4007
f 7514//4009 7516//4009 7515//4009
f 7515//4010 7517//4010 7518//4010
f 7518//4011 7517//4011 7519//4011
f 7516//4010 7517//4010 7515//4010
f 7517//4011 7520//4011 7519//4011
f 7520//4321 7521//4321 7519//4321
f 7519//4322 7521//4322 7522//4322
f 7521//4014 7523//4014 7522//4014
f 7522//4323 7523//4323 7024//4323
f 7523//4015 7524//4015 7024//4015
f 7024//4015 7524//4015 7027//4015
f 7027//4016 7525//4016 7031//4016
f 7524//4016 7525//4016 7027//4016
f 7031//4324 7526//4324 7527//4324
f 7527//4325 7526//4325 7528//4325
f 7525//4324 7526//4324 7031//4324
f 7526//4019 7529//4019 7528//4019
f 7528//4326 7530//4326 7531//4326
f 7529//4327 7530//4327 7528//4327
f 7531//4328 7532//4328 7021//4328
f 7530//4328 7532//4328 7531//4328
f 7021//4329 7533//4329 7020//4329
f 7532//4329 7533//4329 7021//4329
f 7020//4025 7534//4025 7016//4025
f 7016//4026 7534//4026 7013//4026
f 7533//4025 7534//4025 7020//4025
f 7534//4026 7535//4026 7013//4026
f 7013//4027 7536//4027 7010//4027
f 7535//4027 7536//4027 7013//4027
f 7010//4028 7537//4028 7009//4028
f 7536//4028 7537//4028 7010//4028
f 7009//4330 7538//4330 7539//4330
f 7537//4330 7538//4330 7009//4330
f 7539//4331 7540//4331 7541//4331
f 7541//4332 7540//4332 7001//4332
f 7538//4331 7540//4331 7539//4331
f 7540//4332 7542//4332 7001//4332
f 7001//4032 7543//4032 6998//4032
f 6998//4033 7543//4033 7544//4033
f 7542//4032 7543//4032 7001//4032
f 7544//4333 7545//4333 7546//4333
f 7543//4033 7545//4033 7544//4033
f 7545//4333 7547//4333 7546//4333
f 7546//4334 7548//4334 6989//4334
f 6989//946 7548//946 6987//946
f 7547//4334 7548//4334 7546//4334
f 7548//946 7549//946 6987//946
f 6987//4335 7550//4335 7551//4335
f 7551//4336 7550//4336 7552//4336
f 7549//4335 7550//4335 6987//4335
f 7550//4336 7553//4336 7552//4336
f 7552//4038 7554//4038 6975//4038
f 7553//4038 7554//4038 7552//4038
f 6975//4039 7555//4039 6973//4039
f 7554//4039 7555//4039 6975//4039
f 6973//4337 7556//4337 6972//4337
f 7555//4337 7556//4337 6973//4337
f 7556//4338 7557//4338 6972//4338
f 6972//4338 7557//4338 6970//4338
f 7557//4042 7558//4042 6970//4042
f 6970//4042 7558//4042 6966//4042
f 7558//4339 7559//4339 6966//4339
f 6966//4043 7559//4043 7560//4043
f 7559//4340 7561//4340 7560//4340
f 7560//4044 7561//4044 7562//4044
f 7561//4045 7563//4045 7562//4045
f 7562//4045 7563//4045 7564//4045
f 7563//4047 7565//4047 7564//4047
f 7564//4047 7565//4047 6953//4047
f 7565//4341 7566//4341 6953//4341
f 6953//4342 7566//4342 6951//4342
f 7566//4049 7567//4049 6951//4049
f 6951//4049 7567//4049 7568//4049
f 7567//4050 7569//4050 7568//4050
f 7568//4343 7569//4343 6944//4343
f 7569//4344 7570//4344 6944//4344
f 6944//4345 7570//4345 7571//4345
f 7571//4054 7572//4054 6939//4054
f 7570//4054 7572//4054 7571//4054
f 6939//4055 7573//4055 6936//4055
f 7572//4346 7573//4346 6939//4346
f 6936//4057 7574//4057 7575//4057
f 7573//4057 7574//4057 6936//4057
f 7575//4059 7576//4059 7577//4059
f 7574//4347 7576//4347 7575//4347
f 7577//4060 7578//4060 7579//4060
f 7579//4061 7578//4061 7580//4061
f 7576//4060 7578//4060 7577//4060
f 7578//4061 7581//4061 7580//4061
f 7580//4062 7582//4062 7583//4062
f 7581//4062 7582//4062 7580//4062
f 7583//4063 7584//4063 6919//4063
f 7582//4348 7584//4348 7583//4348
f 6919//4349 7585//4349 6917//4349
f 7584//4349 7585//4349 6919//4349
f 6917//4350 7586//4350 6915//4350
f 7585//4066 7586//4066 6917//4066
f 6915//4351 7587//4351 6912//4351
f 7586//4351 7587//4351 6915//4351
f 6912//4070 7588//4070 6909//4070
f 7587//4070 7588//4070 6912//4070
f 6909//4352 7589//4352 6907//4352
f 7588//4352 7589//4352 6909//4352
f 6907//4353 7590//4353 6905//4353
f 7589//4354 7590//4354 6907//4354
f 7590//4072 7591//4072 6905//4072
f 6905//4355 7591//4355 6901//4355
f 7591//4073 7592//4073 6901//4073
f 6901//4074 7592//4074 6899//4074
f 7592//3916 7593//3916 6899//3916
f 6899//3915 7593//3915 6896//3915
f 7593//3917 7594//3917 6896//3917
f 6896//4356 7594//4356 6893//4356
f 7594//4357 7595//4357 6893//4357
f 6893//4358 7595//4358 6890//4358
f 7595//3919 7596//3919 6890//3919
f 6890//4359 7596//4359 6888//4359
f 7596//3920 7597//3920 6888//3920
f 6888//3920 7597//3920 6886//3920
f 7597//4360 7598//4360 6886//4360
f 6886//4360 7598//4360 6884//4360
f 7598//3923 7599//3923 6884//3923
f 6884//4361 7599//4361 6882//4361
f 7599//3924 7600//3924 6882//3924
f 6882//3924 7600//3924 6879//3924
f 7600//4362 7601//4362 6879//4362
f 6879//3927 7601//3927 7602//3927
f 7601//3928 7603//3928 7602//3928
f 7602//3928 7603//3928 7604//3928
f 7603//3929 7605//3929 7604//3929
f 7604//3929 7605//3929 7606//3929
f 7605//3932 7607//3932 7606//3932
f 7606//3932 7607//3932 7608//3932
f 7607//4363 7609//4363 7608//4363
f 7608//3933 7609//3933 7610//3933
f 7609//3934 7611//3934 7610//3934
f 7610//3934 7611//3934 6861//3934
f 7611//3937 7612//3937 6861//3937
f 6861//3936 7612//3936 6858//3936
f 7612//4364 7613//4364 6858//4364
f 6858//4364 7613//4364 7614//4364
f 7613//4365 7615//4365 7614//4365
f 7614//3940 7615//3940 7616//3940
f 7615//3942 7617//3942 7616//3942
f 7616//4366 7617//4366 7618//4366
f 7617//4367 7619//4367 7618//4367
f 7618//3943 7619//3943 6867//3943
f 6867//3944 7620//3944 6869//3944
f 7619//4368 7620//4368 6867//4368
f 6869//3946 7621//3946 7622//3946
f 7620//3946 7621//3946 6869//3946
f 7622//3948 7623//3948 7624//3948
f 7621//3948 7623//3948 7622//3948
f 7624//3949 7625//3949 7626//3949
f 7623//4369 7625//4369 7624//4369
f 7626//3950 7627//3950 6880//3950
f 7625//3950 7627//3950 7626//3950
f 7627//3951 7628//3951 6880//3951
f 6880//3951 7628//3951 6883//3951
f 7628//4370 7629//4370 6883//4370
f 6883//4370 7629//4370 6885//4370
f 7629//4371 7630//4371 6885//4371
f 6885//4371 7630//4371 6887//4371
f 7630//3954 7631//3954 6887//3954
f 6887//3954 7631//3954 6889//3954
f 7631//3955 7632//3955 6889//3955
f 6889//3955 7632//3955 7633//3955
f 7632//4372 7634//4372 7633//4372
f 7633//4372 7634//4372 7635//4372
f 7634//4373 7636//4373 7635//4373
f 7635//4373 7636//4373 6897//4373
f 7636//880 7637//880 6897//880
f 6897//880 7637//880 6900//880
f 7637//4374 7638//4374 6900//4374
f 6900//4374 7638//4374 7639//4374
f 7638//4375 7640//4375 7639//4375
f 7639//4375 7640//4375 7641//4375
f 7640//3960 7642//3960 7641//3960
f 7641//3960 7642//3960 6908//3960
f 7642//3961 7643//3961 6908//3961
f 6908//3961 7643//3961 6910//3961
f 6910//3962 7644//3962 7645//3962
f 7645//3963 7644//3963 7646//3963
f 7643//4376 7644//4376 6910//4376
f 7644//3963 7647//3963 7646//3963
f 7646//3965 7648//3965 6918//3965
f 6918//3966 7648//3966 6920//3966
f 7647//3965 7648//3965 7646//3965
f 6920//4377 7649//4377 6922//4377
f 7648//3966 7649//3966 6920//3966
f 6922//3968 7650//3968 6924//3968
f 7649//3967 7650//3967 6922//3967
f 7650//3968 7651//3968 6924//3968
f 6924//3969 7652//3969 6926//3969
f 6926//3971 7652//3971 6930//3971
f 7651//3969 7652//3969 6924//3969
f 7652//3971 7653//3971 6930//3971
f 6930//4378 7654//4378 7655//4378
f 7653//4378 7654//4378 6930//4378
f 7655//4379 7656//4379 7657//4379
f 7654//3974 7656//3974 7655//3974
f 7657//4380 7658//4380 7659//4380
f 7656//3975 7658//3975 7657//3975
f 7659//4381 7660//4381 6942//4381
f 6942//3979 7660//3979 6945//3979
f 7658//4381 7660//4381 7659//4381
f 6945//3978 7661//3978 6950//3978
f 7660//3977 7661//3977 6945//3977
f 7661//3978 7662//3978 6950//3978
f 6950//4382 7663//4382 7664//4382
f 7664//3982 7663//3982 7665//3982
f 7662//3981 7663//3981 6950//3981
f 7663//4383 7666//4383 7665//4383
f 7666//3983 7667//3983 7665//3983
f 7665//3983 7667//3983 7668//3983
f 7668//3984 7667//3984 7669//3984
f 7667//3984 7670//3984 7669//3984
f 7669//3985 7671//3985 7672//3985
f 7672//3986 7671//3986 6967//3986
f 7670//3985 7671//3985 7669//3985
f 7671//4384 7673//4384 6967//4384
f 6967//3987 7674//3987 6969//3987
f 7673//4385 7674//4385 6967//4385
f 6969//4386 7675//4386 7676//4386
f 7674//4386 7675//4386 6969//4386
f 7676//3990 7677//3990 7678//3990
f 7678//4387 7677//4387 7679//4387
f 7675//3990 7677//3990 7676//3990
f 7677//4387 7680//4387 7679//4387
f 7679//4388 7681//4388 7682//4388
f 7682//3995 7681//3995 6983//3995
f 7680//4388 7681//4388 7679//4388
f 7681//3995 7683//3995 6983//3995
f 6983//4389 7499//4389 7501//4389
f 7683//3996 7499//3996 6983//3996
f 7055//3406 7684//3406 7056//3406
f 7056//3420 7684//3420 7057//3420
f 7057//3406 7684//3406 7058//3406
f 7058//3422 7684//3422 7061//3422
f 7061//3406 7684//3406 7062//3406
f 7062//3406 7684//3406 7064//3406
f 7064//3405 7684//3405 7065//3405
f 7065//3406 7684//3406 7067//3406
f 7067//3406 7684//3406 7070//3406
f 7070//3405 7684//3405 7071//3405
f 7071//3406 7684//3406 7072//3406
f 7072//3405 7684//3405 7073//3405
f 7073//3406 7684//3406 7075//3406
f 7075//3417 7684//3417 7077//3417
f 7077//3418 7684//3418 7078//3418
f 7078//3406 7685//3406 7080//3406
f 7684//3405 7685//3405 7078//3405
f 7050//3406 7686//3406 7051//3406
f 7051//3418 7686//3418 7053//3418
f 7053//3406 7686//3406 7054//3406
f 7054//3418 7686//3418 7055//3418
f 7055//3406 7686//3406 7684//3406
f 7684//3405 7686//3405 7685//3405
f 7080//3406 7687//3406 7082//3406
f 7082//3406 7687//3406 7083//3406
f 7083//3405 7687//3405 7084//3405
f 7685//3406 7687//3406 7080//3406
f 7688//3422 7687//3422 7685//3422
f 7049//3406 7689//3406 7050//3406
f 7050//3406 7689//3406 7686//3406
f 7686//3422 7689//3422 7685//3422
f 7685//3422 7689//3422 7688//3422
f 7688//3406 7690//3406 7687//3406
f 7046//3406 7691//3406 7047//3406
f 7047//3406 7691//3406 7049//3406
f 7049//3417 7691//3417 7689//3417
f 7689//3417 7691//3417 7688//3417
f 7688//3406 7691//3406 7690//3406
f 7687//3405 7692//3405 7084//3405
f 7084//3406 7692//3406 7085//3406
f 7690//3420 7693//3420 7687//3420
f 7691//4390 7693//4390 7690//4390
f 7687//3420 7693//3420 7692//3420
f 7085//3405 7694//3405 7088//3405
f 7692//3406 7694//3406 7085//3406
f 7693//3418 7695//3418 7692//3418
f 7691//4391 7695//4391 7693//4391
f 7043//3406 7695//3406 7046//3406
f 7692//3422 7695//3422 7694//3422
f 7046//3406 7695//3406 7691//3406
f 7694//3406 7696//3406 7088//3406
f 7088//3406 7696//3406 7089//3406
f 7089//3405 7696//3405 7091//3405
f 7091//3405 7696//3405 7093//3405
f 7093//3406 7696//3406 7095//3406
f 7697//3406 7698//3406 7034//3406
f 7034//3406 7698//3406 7037//3406
f 7037//3406 7698//3406 7039//3406
f 7039//3406 7698//3406 7041//3406
f 7041//3406 7698//3406 7043//3406
f 7696//3406 7698//3406 7697//3406
f 7043//3406 7698//3406 7695//3406
f 7694//3416 7698//3416 7696//3416
f 7695//3405 7698//3405 7694//3405
f 7697//3406 7699//3406 7696//3406
f 7176//3406 7699//3406 7177//3406
f 7177//3406 7699//3406 7179//3406
f 7179//3405 7699//3405 7181//3405
f 7181//3405 7699//3405 7182//3405
f 7182//3406 7699//3406 7183//3406
f 7232//3406 7700//3406 7234//3406
f 7234//3406 7700//3406 7237//3406
f 7237//3406 7700//3406 7238//3406
f 7238//3406 7700//3406 7241//3406
f 7241//3406 7700//3406 7697//3406
f 7697//3406 7700//3406 7699//3406
f 7700//3405 7701//3405 7699//3405
f 7699//3406 7701//3406 7183//3406
f 7183//3405 7701//3405 7185//3405
f 7230//3406 7702//3406 7232//3406
f 7232//3406 7702//3406 7700//3406
f 7700//3405 7702//3405 7701//3405
f 7702//3417 7703//3417 7701//3417
f 7701//3406 7703//3406 7185//3406
f 7185//3406 7703//3406 7187//3406
f 7702//3420 7704//3420 7703//3420
f 7703//3405 7705//3405 7187//3405
f 7704//3418 7705//3418 7703//3418
f 7187//3405 7705//3405 7189//3405
f 7189//3406 7705//3406 7191//3406
f 7191//3406 7705//3406 7193//3406
f 7704//3418 7706//3418 7705//3418
f 7227//3406 7707//3406 7229//3406
f 7229//3406 7707//3406 7230//3406
f 7702//4392 7707//4392 7704//4392
f 7704//4393 7707//4393 7706//4393
f 7230//3406 7707//3406 7702//3406
f 7707//3406 7708//3406 7706//3406
f 7706//3406 7708//3406 7705//3406
f 7226//3406 7709//3406 7227//3406
f 7227//3422 7709//3422 7707//3422
f 7707//3422 7709//3422 7708//3422
f 7708//3417 7710//3417 7705//3417
f 7705//3406 7710//3406 7193//3406
f 7709//3417 7710//3417 7708//3417
f 7193//3406 7710//3406 7195//3406
f 7220//3420 7711//3420 7221//3420
f 7221//3406 7711//3406 7224//3406
f 7224//3420 7711//3420 7225//3420
f 7225//3406 7711//3406 7226//3406
f 7709//3417 7711//3417 7710//3417
f 7226//3406 7711//3406 7709//3406
f 7199//3406 7712//3406 7202//3406
f 7202//3405 7712//3405 7203//3405
f 7203//3406 7712//3406 7204//3406
f 7204//3405 7712//3405 7206//3405
f 7206//3406 7712//3406 7208//3406
f 7208//3406 7712//3406 7209//3406
f 7209//3405 7712//3405 7210//3405
f 7210//3406 7712//3406 7211//3406
f 7211//3406 7712//3406 7213//3406
f 7213//3405 7712//3405 7215//3405
f 7215//3406 7712//3406 7217//3406
f 7217//3418 7712//3418 7218//3418
f 7218//3406 7712//3406 7220//3406
f 7711//3405 7712//3405 7710//3405
f 7710//3405 7712//3405 7195//3405
f 7220//3406 7712//3406 7711//3406
f 7195//3420 7712//3420 7197//3420
f 7197//3422 7712//3422 7199//3422
f 7696//3406 7713//3406 7095//3406
f 7095//3406 7713//3406 7096//3406
f 7699//3406 7713//3406 7696//3406
f 7096//3406 7713//3406 7097//3406
f 7097//3405 7713//3405 7099//3405
f 7099//3406 7713//3406 7101//3406
f 7101//3405 7713//3405 7103//3405
f 7103//3406 7713//3406 7104//3406
f 7104//3405 7713//3405 7105//3405
f 7105//3406 7713//3406 7107//3406
f 7107//3405 7713//3405 7109//3405
f 7109//3406 7713//3406 7111//3406
f 7111//3405 7713//3405 7112//3405
f 7112//3406 7713//3406 7113//3406
f 7113//3406 7713//3406 7115//3406
f 7115//3406 7713//3406 7117//3406
f 7117//3406 7713//3406 7120//3406
f 7120//3406 7713//3406 7121//3406
f 7121//3406 7713//3406 7123//3406
f 7123//3406 7713//3406 7124//3406
f 7124//3418 7713//3418 7125//3418
f 7125//3417 7713//3417 7126//3417
f 7126//3406 7713//3406 7128//3406
f 7128//3406 7713//3406 7130//3406
f 7130//3406 7713//3406 7132//3406
f 7132//3406 7713//3406 7133//3406
f 7133//3406 7713//3406 7714//3406
f 7714//3406 7713//3406 7137//3406
f 7137//3406 7713//3406 7139//3406
f 7139//3406 7713//3406 7141//3406
f 7141//3406 7713//3406 7142//3406
f 7142//3406 7713//3406 7144//3406
f 7144//3422 7713//3422 7146//3422
f 7146//3420 7713//3420 7147//3420
f 7147//3406 7713//3406 7149//3406
f 7149//3416 7713//3416 7150//3416
f 7150//3406 7713//3406 7152//3406
f 7152//3406 7713//3406 7153//3406
f 7153//3406 7713//3406 7155//3406
f 7155//3406 7713//3406 7156//3406
f 7156//3406 7713//3406 7158//3406
f 7158//3405 7713//3405 7159//3405
f 7159//3406 7713//3406 7161//3406
f 7161//3405 7713//3405 7163//3405
f 7163//3406 7713//3406 7165//3406
f 7165//3405 7713//3405 7167//3405
f 7167//3406 7713//3406 7168//3406
f 7168//3405 7713//3405 7170//3405
f 7170//3406 7713//3406 7172//3406
f 7172//3405 7713//3405 7174//3405
f 7174//3406 7713//3406 7176//3406
f 7176//3406 7713//3406 7699//3406
f 7255//3424 7715//3424 7256//3424
f 7256//3438 7715//3438 7257//3438
f 7257//3424 7715//3424 7258//3424
f 7258//3440 7715//3440 7259//3440
f 7259//3424 7715//3424 7260//3424
f 7260//3424 7715//3424 7261//3424
f 7261//3425 7715//3425 7262//3425
f 7262//3424 7715//3424 7263//3424
f 7263//3424 7715//3424 7264//3424
f 7264//3425 7715//3425 7265//3425
f 7265//3424 7715//3424 7266//3424
f 7266//3425 7715//3425 7267//3425
f 7267//3424 7715//3424 7268//3424
f 7268//3433 7715//3433 7269//3433
f 7269//3432 7715//3432 7270//3432
f 7270//3424 7716//3424 7271//3424
f 7715//3425 7716//3425 7270//3425
f 7251//3424 7717//3424 7252//3424
f 7252//3432 7717//3432 7253//3432
f 7253//3424 7717//3424 7254//3424
f 7254//3432 7717//3432 7255//3432
f 7255//3424 7717//3424 7715//3424
f 7715//3425 7717//3425 7716//3425
f 7271//3424 7718//3424 7272//3424
f 7272//3424 7718//3424 7273//3424
f 7273//3425 7718//3425 7274//3425
f 7716//3424 7718//3424 7271//3424
f 7719//3440 7718//3440 7716//3440
f 7250//3424 7720//3424 7251//3424
f 7251//3424 7720//3424 7717//3424
f 7717//3440 7720//3440 7716//3440
f 7716//3440 7720//3440 7719//3440
f 7719//3424 7721//3424 7718//3424
f 7248//3424 7722//3424 7249//3424
f 7249//3424 7722//3424 7250//3424
f 7250//3433 7722//3433 7720//3433
f 7720//3433 7722//3433 7719//3433
f 7719//3424 7722//3424 7721//3424
f 7718//3425 7723//3425 7274//3425
f 7274//3424 7723//3424 7275//3424
f 7721//3438 7724//3438 7718//3438
f 7722//3441 7724//3441 7721//3441
f 7718//3438 7724//3438 7723//3438
f 7275//3433 7725//3433 7276//3433
f 7723//3424 7725//3424 7275//3424
f 7724//3432 7726//3432 7723//3432
f 7722//4394 7726//4394 7724//4394
f 7247//3424 7726//3424 7248//3424
f 7723//3425 7726//3425 7725//3425
f 7248//3424 7726//3424 7722//3424
f 7725//3424 7727//3424 7276//3424
f 7276//3424 7727//3424 7277//3424
f 7277//3425 7727//3425 7278//3425
f 7278//3444 7727//3444 7279//3444
f 7279//3424 7727//3424 7280//3424
f 7242//3424 7728//3424 7243//3424
f 7243//3424 7728//3424 7244//3424
f 7244//3424 7728//3424 7245//3424
f 7245//3424 7728//3424 7246//3424
f 7246//3424 7728//3424 7247//3424
f 7727//3424 7728//3424 7242//3424
f 7247//3424 7728//3424 7726//3424
f 7725//3424 7728//3424 7727//3424
f 7726//3425 7728//3425 7725//3425
f 7242//3424 7729//3424 7727//3424
f 7332//3424 7729//3424 7333//3424
f 7333//3424 7729//3424 7334//3424
f 7334//3444 7729//3444 7335//3444
f 7335//3425 7729//3425 7336//3425
f 7336//3424 7729//3424 7337//3424
f 7367//3424 7730//3424 7368//3424
f 7368//3424 7730//3424 7369//3424
f 7369//3424 7730//3424 7370//3424
f 7370//3424 7730//3424 7372//3424
f 7372//3424 7730//3424 7242//3424
f 7242//3424 7730//3424 7729//3424
f 7730//3424 7731//3424 7729//3424
f 7729//3424 7731//3424 7337//3424
f 7337//3440 7731//3440 7338//3440
f 7366//3424 7732//3424 7367//3424
f 7367//3424 7732//3424 7730//3424
f 7730//3425 7732//3425 7731//3425
f 7732//3433 7733//3433 7731//3433
f 7731//3424 7733//3424 7338//3424
f 7338//3424 7733//3424 7339//3424
f 7732//3438 7734//3438 7733//3438
f 7733//3425 7735//3425 7339//3425
f 7734//3432 7735//3432 7733//3432
f 7339//3425 7735//3425 7340//3425
f 7340//3424 7735//3424 7341//3424
f 7341//3424 7735//3424 7343//3424
f 7734//3432 7736//3432 7735//3432
f 7364//3424 7737//3424 7365//3424
f 7365//3424 7737//3424 7366//3424
f 7732//4395 7737//4395 7734//4395
f 7734//3435 7737//3435 7736//3435
f 7366//3424 7737//3424 7732//3424
f 7737//3424 7738//3424 7736//3424
f 7736//3424 7738//3424 7735//3424
f 7363//3424 7739//3424 7364//3424
f 7364//3440 7739//3440 7737//3440
f 7737//3440 7739//3440 7738//3440
f 7738//3433 7740//3433 7735//3433
f 7735//3424 7740//3424 7343//3424
f 7739//3433 7740//3433 7738//3433
f 7343//3424 7740//3424 7344//3424
f 7359//3438 7741//3438 7360//3438
f 7360//3424 7741//3424 7361//3424
f 7361//3438 7741//3438 7362//3438
f 7362//3424 7741//3424 7363//3424
f 7739//3433 7741//3433 7740//3433
f 7363//3424 7741//3424 7739//3424
f 7346//3424 7742//3424 7347//3424
f 7347//3425 7742//3425 7348//3425
f 7348//3424 7742//3424 7349//3424
f 7349//3425 7742//3425 7350//3425
f 7350//3424 7742//3424 7351//3424
f 7351//3424 7742//3424 7352//3424
f 7352//3425 7742//3425 7353//3425
f 7353//3424 7742//3424 7354//3424
f 7354//3424 7742//3424 7355//3424
f 7355//3425 7742//3425 7356//3425
f 7356//3424 7742//3424 7357//3424
f 7357//3432 7742//3432 7358//3432
f 7358//3424 7742//3424 7359//3424
f 7741//3425 7742//3425 7740//3425
f 7740//3425 7742//3425 7344//3425
f 7359//3424 7742//3424 7741//3424
f 7344//3438 7742//3438 7345//3438
f 7345//3440 7742//3440 7346//3440
f 7727//3424 7743//3424 7280//3424
f 7280//3424 7743//3424 7281//3424
f 7729//3424 7743//3424 7727//3424
f 7281//3424 7743//3424 7282//3424
f 7282//3425 7743//3425 7283//3425
f 7283//3424 7743//3424 7284//3424
f 7284//3425 7743//3425 7285//3425
f 7285//3424 7743//3424 7286//3424
f 7286//3425 7743//3425 7287//3425
f 7287//3424 7743//3424 7289//3424
f 7289//3425 7743//3425 7291//3425
f 7291//3432 7743//3432 7292//3432
f 7292//3425 7743//3425 7293//3425
f 7293//3424 7743//3424 7294//3424
f 7294//3424 7743//3424 7295//3424
f 7295//3424 7743//3424 7296//3424
f 7296//3424 7743//3424 7297//3424
f 7297//3424 7743//3424 7298//3424
f 7298//3425 7743//3425 7299//3425
f 7299//3424 7743//3424 7300//3424
f 7300//3432 7743//3432 7301//3432
f 7301//3433 7743//3433 7302//3433
f 7302//3424 7743//3424 7303//3424
f 7303//3432 7743//3432 7304//3432
f 7304//3424 7743//3424 7305//3424
f 7305//3424 7743//3424 7306//3424
f 7306//3424 7743//3424 7307//3424
f 7307//3424 7743//3424 7308//3424
f 7308//3424 7743//3424 7309//3424
f 7309//3424 7743//3424 7310//3424
f 7310//3438 7743//3438 7311//3438
f 7311//3424 7743//3424 7312//3424
f 7312//3440 7743//3440 7313//3440
f 7313//3438 7743//3438 7314//3438
f 7314//3424 7743//3424 7315//3424
f 7315//3425 7743//3425 7316//3425
f 7316//3424 7743//3424 7317//3424
f 7317//3424 7743//3424 7318//3424
f 7318//3424 7743//3424 7319//3424
f 7319//3424 7743//3424 7320//3424
f 7320//3424 7743//3424 7321//3424
f 7321//3425 7743//3425 7322//3425
f 7322//3438 7743//3438 7323//3438
f 7323//3425 7743//3425 7325//3425
f 7325//3424 7743//3424 7326//3424
f 7326//3425 7743//3425 7327//3425
f 7327//3424 7743//3424 7328//3424
f 7328//3425 7743//3425 7329//3425
f 7329//3424 7743//3424 7330//3424
f 7330//3425 7743//3425 7331//3425
f 7331//3424 7743//3424 7332//3424
f 7332//3424 7743//3424 7729//3424
f 7744//3445 7450//3445 7451//3445
f 7744//3445 7451//3445 7452//3445
f 7744//3445 7452//3445 7745//3445
f 7746//3445 7452//3445 7453//3445
f 7746//3445 7745//3445 7452//3445
f 7746//3445 7453//3445 7454//3445
f 7747//3445 7450//3445 7744//3445
f 7748//3445 7746//3445 7454//3445
f 7749//3445 7450//3445 7747//3445
f 7749//3445 7449//3445 7450//3445
f 7750//3445 7454//3445 7455//3445
f 7750//3445 7748//3445 7454//3445
f 7751//3445 7449//3445 7749//3445
f 7751//3445 7448//3445 7449//3445
f 7752//3445 7750//3445 7455//3445
f 7752//3445 7455//3445 7456//3445
f 7753//3445 7448//3445 7751//3445
f 7753//3445 7447//3445 7448//3445
f 7754//3445 7752//3445 7456//3445
f 7754//3445 7456//3445 7457//3445
f 7755//3445 7447//3445 7753//3445
f 7755//3445 7445//3445 7446//3445
f 7755//3445 7446//3445 7447//3445
f 7756//3445 7754//3445 7457//3445
f 7756//3445 7457//3445 7458//3445
f 7756//3445 7458//3445 7459//3445
f 7757//3445 7445//3445 7755//3445
f 7758//3445 7756//3445 7459//3445
f 7758//3445 7459//3445 7460//3445
f 7759//3445 7444//3445 7445//3445
f 7759//3445 7445//3445 7757//3445
f 7760//3445 7460//3445 7461//3445
f 7760//3445 7758//3445 7460//3445
f 7761//3445 7444//3445 7759//3445
f 7761//3445 7442//3445 7443//3445
f 7761//3445 7443//3445 7444//3445
f 7762//3445 7760//3445 7461//3445
f 7762//3445 7461//3445 7462//3445
f 7763//3445 7442//3445 7761//3445
f 7764//3445 7462//3445 7463//3445
f 7764//3445 7762//3445 7462//3445
f 7765//3445 7442//3445 7763//3445
f 7765//3445 7441//3445 7442//3445
f 7766//3445 7764//3445 7463//3445
f 7767//3445 7441//3445 7765//3445
f 7767//3445 7439//3445 7440//3445
f 7767//3445 7440//3445 7441//3445
f 7768//3445 7766//3445 7463//3445
f 7768//3445 7463//3445 7464//3445
f 7769//3445 7439//3445 7767//3445
f 7769//3445 7438//3445 7439//3445
f 7770//3445 7768//3445 7464//3445
f 7770//3445 7464//3445 7465//3445
f 7771//3445 7438//3445 7769//3445
f 7772//3445 7770//3445 7465//3445
f 7772//3445 7465//3445 7466//3445
f 7773//3445 7437//3445 7438//3445
f 7773//3445 7438//3445 7771//3445
f 7774//3445 7772//3445 7466//3445
f 7774//3445 7466//3445 7467//3445
f 7774//3445 7467//3445 7468//3445
f 7775//3445 7436//3445 7437//3445
f 7775//3445 7437//3445 7773//3445
f 7776//3445 7774//3445 7468//3445
f 7777//3445 7436//3445 7775//3445
f 7777//3445 7435//3445 7436//3445
f 7778//3445 7776//3445 7468//3445
f 7778//3445 7468//3445 7469//3445
f 7779//3445 7434//3445 7435//3445
f 7779//3445 7435//3445 7777//3445
f 7780//3445 7778//3445 7469//3445
f 7780//3445 7469//3445 7470//3445
f 7781//3445 7434//3445 7779//3445
f 7781//3445 7433//3445 7434//3445
f 7782//3445 7780//3445 7470//3445
f 7782//3445 7470//3445 7471//3445
f 7783//3445 7433//3445 7781//3445
f 7783//3445 7431//3445 7432//3445
f 7783//3445 7432//3445 7433//3445
f 7784//3445 7782//3445 7471//3445
f 7784//3445 7471//3445 7472//3445
f 7785//3445 7430//3445 7431//3445
f 7785//3445 7431//3445 7783//3445
f 7786//3445 7784//3445 7472//3445
f 7786//3445 7472//3445 7473//3445
f 7787//3445 7430//3445 7785//3445
f 7788//3445 7473//3445 7474//3445
f 7788//3445 7474//3445 7475//3445
f 7788//3445 7786//3445 7473//3445
f 7789//3445 7430//3445 7787//3445
f 7789//3445 7428//3445 7429//3445
f 7789//3445 7429//3445 7430//3445
f 7790//3445 7788//3445 7475//3445
f 7791//3445 7428//3445 7789//3445
f 7792//3445 7475//3445 7476//3445
f 7792//3445 7790//3445 7475//3445
f 7793//3445 7428//3445 7791//3445
f 7793//3445 7427//3445 7428//3445
f 7794//3445 7476//3445 7477//3445
f 7794//3445 7792//3445 7476//3445
f 7795//3445 7426//3445 7427//3445
f 7795//3445 7427//3445 7793//3445
f 7796//3445 7477//3445 7478//3445
f 7796//3445 7794//3445 7477//3445
f 7797//3445 7425//3445 7426//3445
f 7797//3445 7426//3445 7795//3445
f 7798//3445 7478//3445 7479//3445
f 7798//3445 7796//3445 7478//3445
f 7799//3445 7424//3445 7425//3445
f 7799//3445 7425//3445 7797//3445
f 7800//3445 7479//3445 7480//3445
f 7800//3445 7798//3445 7479//3445
f 7423//3445 7424//3445 7799//3445
f 7801//3445 7423//3445 7799//3445
f 7802//3445 7480//3445 7481//3445
f 7802//3445 7800//3445 7480//3445
f 7803//3445 7422//3445 7423//3445
f 7803//3445 7423//3445 7801//3445
f 7482//3445 7802//3445 7481//3445
f 7804//3445 7802//3445 7482//3445
f 7805//3445 7421//3445 7422//3445
f 7805//3445 7422//3445 7803//3445
f 7806//3445 7482//3445 7483//3445
f 7806//3445 7804//3445 7482//3445
f 7420//3445 7421//3445 7805//3445
f 7420//3445 7805//3445 7807//3445
f 7808//3445 7806//3445 7483//3445
f 7484//3445 7808//3445 7483//3445
f 7419//3445 7420//3445 7807//3445
f 7419//3445 7807//3445 7809//3445
f 7485//3445 7808//3445 7484//3445
f 7485//3445 7810//3445 7808//3445
f 7418//3445 7419//3445 7809//3445
f 7418//3445 7809//3445 7811//3445
f 7486//3445 7810//3445 7485//3445
f 7486//3445 7812//3445 7810//3445
f 7813//3445 7418//3445 7811//3445
f 7814//3445 7812//3445 7486//3445
f 7417//3445 7418//3445 7813//3445
f 7487//3445 7814//3445 7486//3445
f 7416//3445 7417//3445 7813//3445
f 7416//3445 7813//3445 7815//3445
f 7488//3445 7814//3445 7487//3445
f 7488//3445 7816//3445 7814//3445
f 7817//3445 7816//3445 7488//3445
f 7415//3445 7416//3445 7815//3445
f 7415//3445 7815//3445 7818//3445
f 7489//3445 7817//3445 7488//3445
f 7414//3445 7415//3445 7818//3445
f 7414//3445 7819//3445 7820//3445
f 7414//3445 7818//3445 7819//3445
f 7490//3445 7817//3445 7489//3445
f 7490//3445 7821//3445 7817//3445
f 7413//3445 7414//3445 7820//3445
f 7491//3445 7822//3445 7821//3445
f 7491//3445 7823//3445 7822//3445
f 7491//3445 7821//3445 7490//3445
f 7412//3445 7820//3445 7824//3445
f 7412//3445 7413//3445 7820//3445
f 7492//3445 7823//3445 7491//3445
f 7411//3445 7824//3445 7825//3445
f 7411//3445 7412//3445 7824//3445
f 7493//3445 7826//3445 7823//3445
f 7493//3445 7823//3445 7492//3445
f 7410//3445 7825//3445 7827//3445
f 7410//3445 7411//3445 7825//3445
f 7494//3445 7828//3445 7826//3445
f 7494//3445 7826//3445 7493//3445
f 7409//3445 7827//3445 7829//3445
f 7409//3445 7410//3445 7827//3445
f 7495//3445 7830//3445 7828//3445
f 7495//3445 7831//3445 7830//3445
f 7495//3445 7828//3445 7494//3445
f 7408//3445 7409//3445 7829//3445
f 7408//3445 7832//3445 7833//3445
f 7408//3445 7829//3445 7832//3445
f 7496//3445 7831//3445 7495//3445
f 7407//3445 7408//3445 7833//3445
f 7497//3445 7831//3445 7496//3445
f 7497//3445 7834//3445 7831//3445
f 7406//3445 7407//3445 7833//3445
f 7406//3445 7833//3445 7835//3445
f 7498//3445 7834//3445 7497//3445
f 7498//3445 7836//3445 7834//3445
f 7405//3445 7406//3445 7835//3445
f 7405//3445 7835//3445 7837//3445
f 7374//3445 7836//3445 7498//3445
f 7374//3445 7838//3445 7836//3445
f 7404//3445 7405//3445 7837//3445
f 7404//3445 7839//3445 7840//3445
f 7404//3445 7837//3445 7839//3445
f 7373//3445 7841//3445 7838//3445
f 7373//3445 7838//3445 7374//3445
f 7403//3445 7404//3445 7840//3445
f 7375//3445 7841//3445 7373//3445
f 7375//3445 7842//3445 7841//3445
f 7402//3445 7403//3445 7840//3445
f 7402//3445 7843//3445 7844//3445
f 7402//3445 7840//3445 7843//3445
f 7376//3445 7845//3445 7842//3445
f 7376//3445 7846//3445 7845//3445
f 7376//3445 7842//3445 7375//3445
f 7401//3445 7844//3445 7847//3445
f 7401//3445 7402//3445 7844//3445
f 7377//3445 7846//3445 7376//3445
f 7400//3445 7401//3445 7847//3445
f 7378//3445 7848//3445 7846//3445
f 7378//3445 7849//3445 7848//3445
f 7378//3445 7846//3445 7377//3445
f 7399//3445 7847//3445 7850//3445
f 7399//3445 7400//3445 7847//3445
f 7379//3445 7849//3445 7378//3445
f 7398//3445 7399//3445 7850//3445
f 7398//3445 7851//3445 7852//3445
f 7398//3445 7850//3445 7851//3445
f 7380//3445 7849//3445 7379//3445
f 7380//3445 7853//3445 7849//3445
f 7397//3445 7398//3445 7852//3445
f 7381//3445 7853//3445 7380//3445
f 7381//3445 7854//3445 7853//3445
f 7396//3445 7397//3445 7852//3445
f 7396//3445 7855//3445 7856//3445
f 7396//3445 7852//3445 7855//3445
f 7382//3445 7854//3445 7381//3445
f 7382//3445 7857//3445 7854//3445
f 7395//3445 7396//3445 7856//3445
f 7395//3445 7856//3445 7858//3445
f 7383//3445 7857//3445 7382//3445
f 7383//3445 7859//3445 7857//3445
f 7394//3445 7395//3445 7858//3445
f 7384//3445 7859//3445 7383//3445
f 7384//3445 7860//3445 7859//3445
f 7393//3445 7394//3445 7858//3445
f 7393//3445 7858//3445 7861//3445
f 7385//3445 7862//3445 7860//3445
f 7385//3445 7860//3445 7384//3445
f 7392//3445 7393//3445 7861//3445
f 7392//3445 7861//3445 7863//3445
f 7386//3445 7862//3445 7385//3445
f 7386//3445 7864//3445 7862//3445
f 7391//3445 7392//3445 7863//3445
f 7391//3445 7865//3445 7866//3445
f 7391//3445 7863//3445 7865//3445
f 7387//3445 7867//3445 7864//3445
f 7387//3445 7864//3445 7386//3445
f 7390//3445 7391//3445 7866//3445
f 7388//3445 7868//3445 7867//3445
f 7388//3445 7867//3445 7387//3445
f 7389//3445 7869//3445 7868//3445
f 7389//3445 7866//3445 7869//3445
f 7389//3445 7868//3445 7388//3445
f 7389//3445 7390//3445 7866//3445
f 7523//3448 7870//3448 7524//3448
f 7524//3462 7870//3462 7525//3462
f 7525//3448 7870//3448 7526//3448
f 7526//4084 7870//4084 7529//4084
f 7529//3448 7870//3448 7530//3448
f 7530//3447 7870//3447 7532//3447
f 7532//3447 7870//3447 7533//3447
f 7533//3448 7870//3448 7534//3448
f 7534//3447 7870//3447 7535//3447
f 7535//3447 7870//3447 7536//3447
f 7536//3448 7870//3448 7537//3448
f 7537//3447 7870//3447 7538//3447
f 7538//3448 7870//3448 7540//3448
f 7540//4085 7870//4085 7542//4085
f 7542//3448 7870//3448 7543//3448
f 7543//3448 7871//3448 7545//3448
f 7870//3447 7871//3447 7543//3447
f 7516//3448 7872//3448 7517//3448
f 7517//3460 7872//3460 7520//3460
f 7520//3462 7872//3462 7521//3462
f 7521//3460 7872//3460 7523//3460
f 7523//3448 7872//3448 7870//3448
f 7870//3447 7872//3447 7871//3447
f 7545//3448 7873//3448 7547//3448
f 7547//3448 7873//3448 7548//3448
f 7548//3447 7873//3447 7549//3447
f 7871//3448 7873//3448 7545//3448
f 7874//4396 7873//4396 7871//4396
f 7514//3448 7875//3448 7516//3448
f 7516//3448 7875//3448 7872//3448
f 7872//4084 7875//4084 7871//4084
f 7871//3460 7875//3460 7874//3460
f 7874//4084 7876//4084 7873//4084
f 7511//3448 7877//3448 7512//3448
f 7512//3448 7877//3448 7514//3448
f 7514//4085 7877//4085 7875//4085
f 7875//3462 7877//3462 7874//3462
f 7874//3464 7877//3464 7876//3464
f 7873//3447 7878//3447 7549//3447
f 7549//3448 7878//3448 7550//3448
f 7876//4085 7879//4085 7873//4085
f 7877//4397 7879//4397 7876//4397
f 7873//3462 7879//3462 7878//3462
f 7550//3447 7880//3447 7553//3447
f 7878//3448 7880//3448 7550//3448
f 7877//3465 7881//3465 7879//3465
f 7509//3448 7881//3448 7511//3448
f 7879//3460 7881//3460 7878//3460
f 7878//3447 7881//3447 7880//3447
f 7511//3448 7881//3448 7877//3448
f 7880//3448 7882//3448 7553//3448
f 7553//3448 7882//3448 7554//3448
f 7554//3447 7882//3447 7555//3447
f 7555//3447 7882//3447 7556//3447
f 7556//3448 7882//3448 7557//3448
f 7499//3448 7883//3448 7500//3448
f 7500//4085 7883//4085 7503//4085
f 7503//3448 7883//3448 7505//3448
f 7505//3448 7883//3448 7507//3448
f 7507//3448 7883//3448 7509//3448
f 7882//3448 7883//3448 7499//3448
f 7880//3448 7883//3448 7882//3448
f 7881//3447 7883//3447 7880//3447
f 7509//3448 7883//3448 7881//3448
f 7499//3448 7884//3448 7882//3448
f 7627//3448 7884//3448 7628//3448
f 7628//3448 7884//3448 7629//3448
f 7629//3458 7884//3458 7630//3458
f 7630//3458 7884//3458 7631//3458
f 7631//3448 7884//3448 7632//3448
f 7675//3448 7885//3448 7677//3448
f 7677//3448 7885//3448 7680//3448
f 7680//3448 7885//3448 7681//3448
f 7681//4084 7885//4084 7683//4084
f 7683//3448 7885//3448 7499//3448
f 7499//3448 7885//3448 7884//3448
f 7885//3448 7886//3448 7884//3448
f 7884//3448 7886//3448 7632//3448
f 7632//3447 7886//3447 7634//3447
f 7674//3448 7887//3448 7675//3448
f 7675//3448 7887//3448 7885//3448
f 7885//3447 7887//3447 7886//3447
f 7887//3447 7888//3447 7886//3447
f 7886//3448 7888//3448 7634//3448
f 7634//3448 7888//3448 7636//3448
f 7887//3462 7889//3462 7888//3462
f 7888//3447 7890//3447 7636//3447
f 7889//3460 7890//3460 7888//3460
f 7636//3447 7890//3447 7637//3447
f 7637//3448 7890//3448 7638//3448
f 7638//3448 7890//3448 7640//3448
f 7889//4084 7891//4084 7890//4084
f 7671//3448 7892//3448 7673//3448
f 7673//3448 7892//3448 7674//3448
f 7887//3459 7892//3459 7889//3459
f 7889//4398 7892//4398 7891//4398
f 7674//3448 7892//3448 7887//3448
f 7892//3456 7893//3456 7891//3456
f 7891//4085 7893//4085 7890//4085
f 7670//3448 7894//3448 7671//3448
f 7671//4084 7894//4084 7892//4084
f 7892//3460 7894//3460 7893//3460
f 7893//4399 7895//4399 7890//4399
f 7890//3448 7895//3448 7640//3448
f 7894//3462 7895//3462 7893//3462
f 7640//3448 7895//3448 7642//3448
f 7662//3462 7896//3462 7663//3462
f 7663//3460 7896//3460 7666//3460
f 7666//3462 7896//3462 7667//3462
f 7667//3448 7896//3448 7670//3448
f 7894//4085 7896//4085 7895//4085
f 7670//3448 7896//3448 7894//3448
f 7644//3448 7897//3448 7647//3448
f 7647//3447 7897//3447 7648//3447
f 7648//3448 7897//3448 7649//3448
f 7649//3447 7897//3447 7650//3447
f 7650//3458 7897//3458 7651//3458
f 7651//3448 7897//3448 7652//3448
f 7652//3447 7897//3447 7653//3447
f 7653//3447 7897//3447 7654//3447
f 7654//3448 7897//3448 7656//3448
f 7656//4085 7897//4085 7658//4085
f 7658//3448 7897//3448 7660//3448
f 7660//3460 7897//3460 7661//3460
f 7661//3448 7897//3448 7662//3448
f 7896//3447 7897//3447 7895//3447
f 7895//3447 7897//3447 7642//3447
f 7662//3448 7897//3448 7896//3448
f 7642//3448 7897//3448 7643//3448
f 7643//4084 7897//4084 7644//4084
f 7557//3448 7898//3448 7558//3448
f 7884//3448 7898//3448 7882//3448
f 7558//3448 7898//3448 7559//3448
f 7559//3458 7898//3458 7561//3458
f 7561//3448 7898//3448 7563//3448
f 7563//3448 7898//3448 7565//3448
f 7565//3448 7898//3448 7566//3448
f 7566//3447 7898//3447 7567//3447
f 7567//3448 7898//3448 7569//3448
f 7569//3447 7898//3447 7570//3447
f 7570//3448 7898//3448 7572//3448
f 7572//3447 7898//3447 7573//3447
f 7573//3458 7898//3458 7574//3458
f 7574//3448 7898//3448 7576//3448
f 7576//3448 7898//3448 7578//3448
f 7578//3448 7898//3448 7581//3448
f 7581//3448 7898//3448 7582//3448
f 7582//3448 7898//3448 7584//3448
f 7584//3448 7898//3448 7585//3448
f 7585//3460 7898//3460 7586//3460
f 7586//4085 7898//4085 7587//4085
f 7587//3448 7898//3448 7588//3448
f 7588//3460 7898//3460 7589//3460
f 7589//3448 7898//3448 7590//3448
f 7590//3448 7898//3448 7591//3448
f 7591//3448 7898//3448 7592//3448
f 7592//3448 7898//3448 7593//3448
f 7593//3448 7898//3448 7594//3448
f 7594//3448 7898//3448 7595//3448
f 7595//3462 7898//3462 7596//3462
f 7596//3448 7898//3448 7597//3448
f 7597//4084 7898//4084 7598//4084
f 7598//3462 7898//3462 7599//3462
f 7599//3458 7898//3458 7600//3458
f 7600//3448 7898//3448 7601//3448
f 7601//3448 7898//3448 7603//3448
f 7603//3448 7898//3448 7605//3448
f 7605//3448 7898//3448 7607//3448
f 7607//3448 7898//3448 7609//3448
f 7609//3448 7898//3448 7611//3448
f 7611//3447 7898//3447 7612//3447
f 7612//3448 7898//3448 7613//3448
f 7882//3448 7898//3448 7557//3448
f 7613//3447 7898//3447 7615//3447
f 7615//3448 7898//3448 7617//3448
f 7617//3447 7898//3447 7619//3447
f 7619//3448 7898//3448 7620//3448
f 7620//3448 7898//3448 7621//3448
f 7621//3448 7898//3448 7623//3448
f 7623//3458 7898//3458 7625//3458
f 7625//3448 7898//3448 7627//3448
f 7627//3448 7898//3448 7884//3448
f 7838//3791 7841//3791 7899//3791
f 7899//3791 7841//3791 7900//3791
f 7900//4400 7841//4400 7901//4400
f 7841//4400 7842//4400 7901//4400
f 7901//4401 7845//4401 7902//4401
f 7842//4401 7845//4401 7901//4401
f 7902//3794 7846//3794 7903//3794
f 7845//3794 7846//3794 7902//3794
f 7903//4402 7848//4402 7904//4402
f 7904//4403 7848//4403 7905//4403
f 7846//4402 7848//4402 7903//4402
f 7848//4403 7849//4403 7905//4403
f 7905//4404 7853//4404 7906//4404
f 7906//3798 7853//3798 7907//3798
f 7849//4404 7853//4404 7905//4404
f 7853//3798 7854//3798 7907//3798
f 7907//4287 7857//4287 7908//4287
f 7854//4287 7857//4287 7907//4287
f 7908//4405 7859//4405 7909//4405
f 7857//4405 7859//4405 7908//4405
f 7859//4406 7860//4406 7909//4406
f 7909//4406 7860//4406 7910//4406
f 7910//3802 7860//3802 7911//3802
f 7860//3802 7862//3802 7911//3802
f 7911//4407 7862//4407 7912//4407
f 7862//4407 7864//4407 7912//4407
f 7864//4408 7867//4408 7912//4408
f 7912//4408 7867//4408 7913//4408
f 7867//4409 7868//4409 7913//4409
f 7913//4409 7868//4409 7914//4409
f 7868//4410 7869//4410 7914//4410
f 7914//4410 7869//4410 7915//4410
f 7869//4411 7866//4411 7915//4411
f 7915//4411 7866//4411 7916//4411
f 7916//4412 7866//4412 7917//4412
f 7866//4412 7865//4412 7917//4412
f 7865//3809 7863//3809 7917//3809
f 7917//3809 7863//3809 7918//3809
f 7863//3810 7861//3810 7918//3810
f 7918//3810 7861//3810 7919//3810
f 7861//3811 7858//3811 7919//3811
f 7919//3811 7858//3811 7920//3811
f 7858//4413 7856//4413 7920//4413
f 7920//4413 7856//4413 7921//4413
f 7921//4414 7855//4414 7922//4414
f 7856//4414 7855//4414 7921//4414
f 7922//4415 7852//4415 7923//4415
f 7855//4415 7852//4415 7922//4415
f 7923//3815 7851//3815 7924//3815
f 7852//3815 7851//3815 7923//3815
f 7924//4295 7850//4295 7925//4295
f 7851//4295 7850//4295 7924//4295
f 7925//4296 7847//4296 7926//4296
f 7850//4296 7847//4296 7925//4296
f 7926//4297 7844//4297 7927//4297
f 7847//4297 7844//4297 7926//4297
f 7927//3819 7843//3819 7928//3819
f 7844//3819 7843//3819 7927//3819
f 7928//3820 7840//3820 7929//3820
f 7843//3820 7840//3820 7928//3820
f 7929//4300 7839//4300 7930//4300
f 7840//4300 7839//4300 7929//4300
f 7930//946 7837//946 7931//946
f 7839//946 7837//946 7930//946
f 7931//4301 7835//4301 7932//4301
f 7932//3823 7835//3823 7933//3823
f 7837//4301 7835//4301 7931//4301
f 7835//3823 7833//3823 7933//3823
f 7933//3824 7832//3824 7934//3824
f 7833//3824 7832//3824 7933//3824
f 7934//4304 7829//4304 7935//4304
f 7832//4304 7829//4304 7934//4304
f 7829//4305 7827//4305 7935//4305
f 7935//4305 7827//4305 7936//4305
f 7827//4306 7825//4306 7936//4306
f 7936//4306 7825//4306 7937//4306
f 7825//3828 7824//3828 7937//3828
f 7937//3828 7824//3828 7938//3828
f 7824//4416 7820//4416 7938//4416
f 7938//4416 7820//4416 7939//4416
f 7820//4417 7819//4417 7939//4417
f 7939//4417 7819//4417 7940//4417
f 7940//4418 7819//4418 7941//4418
f 7819//4418 7818//4418 7941//4418
f 7941//3832 7818//3832 7942//3832
f 7818//3832 7815//3832 7942//3832
f 7815//3833 7813//3833 7942//3833
f 7942//3833 7813//3833 7943//3833
f 7943//3834 7813//3834 7944//3834
f 7813//3834 7811//3834 7944//3834
f 7944//4419 7811//4419 7945//4419
f 7811//4419 7809//4419 7945//4419
f 7809//4420 7807//4420 7945//4420
f 7945//4420 7807//4420 7946//4420
f 7807//4421 7805//4421 7946//4421
f 7946//3837 7805//3837 7947//3837
f 7805//4422 7803//4422 7947//4422
f 7947//4422 7803//4422 7948//4422
f 7948//4423 7803//4423 7949//4423
f 7803//4423 7801//4423 7949//4423
f 7949//4424 7801//4424 7950//4424
f 7801//4424 7799//4424 7950//4424
f 7799//3841 7797//3841 7950//3841
f 7950//3841 7797//3841 7951//3841
f 7797//4425 7795//4425 7951//4425
f 7951//4425 7795//4425 7952//4425
f 7795//4426 7793//4426 7952//4426
f 7952//4426 7793//4426 7953//4426
f 7793//4314 7791//4314 7953//4314
f 7953//4314 7791//4314 7954//4314
f 7954//3845 7791//3845 7955//3845
f 7791//3845 7789//3845 7955//3845
f 7789//4427 7787//4427 7955//4427
f 7955//4427 7787//4427 7956//4427
f 7956//4428 7787//4428 7957//4428
f 7787//4428 7785//4428 7957//4428
f 7957//4429 7783//4429 7958//4429
f 7958//3849 7783//3849 7959//3849
f 7785//4429 7783//4429 7957//4429
f 7783//3849 7781//3849 7959//3849
f 7959//4430 7779//4430 7960//4430
f 7781//4430 7779//4430 7959//4430
f 7779//4431 7777//4431 7960//4431
f 7960//4431 7777//4431 7961//4431
f 7961//3852 7777//3852 7962//3852
f 7777//3852 7775//3852 7962//3852
f 7775//3853 7773//3853 7962//3853
f 7962//3853 7773//3853 7963//3853
f 7963//4432 7773//4432 7964//4432
f 7773//4432 7771//4432 7964//4432
f 7964//4433 7771//4433 7965//4433
f 7771//4433 7769//4433 7965//4433
f 7769//3856 7767//3856 7965//3856
f 7965//3856 7767//3856 7966//3856
f 7966//4434 7767//4434 7967//4434
f 7767//4434 7765//4434 7967//4434
f 7967//4435 7765//4435 7968//4435
f 7765//4435 7763//4435 7968//4435
f 7763//4436 7761//4436 7968//4436
f 7968//4436 7761//4436 7969//4436
f 7969//3860 7761//3860 7970//3860
f 7761//3860 7759//3860 7970//3860
f 7759//4249 7757//4249 7970//4249
f 7970//4249 7757//4249 7971//4249
f 7971//4437 7757//4437 7972//4437
f 7757//4437 7755//4437 7972//4437
f 7972//4438 7755//4438 7973//4438
f 7755//4438 7753//4438 7973//4438
f 7973//3864 7751//3864 7974//3864
f 7974//4439 7751//4439 7975//4439
f 7753//3864 7751//3864 7973//3864
f 7751//4439 7749//4439 7975//4439
f 7975//4440 7747//4440 7976//4440
f 7976//4441 7747//4441 7977//4441
f 7749//4440 7747//4440 7975//4440
f 7977//3868 7744//3868 7978//3868
f 7747//4441 7744//4441 7977//4441
f 7744//4442 7745//4442 7978//4442
f 7978//4443 7746//4443 7979//4443
f 7745//4443 7746//4443 7978//4443
f 7979//4444 7748//4444 7980//4444
f 7746//4444 7748//4444 7979//4444
f 7980//4445 7750//4445 7981//4445
f 7748//4445 7750//4445 7980//4445
f 7981//3872 7752//3872 7982//3872
f 7982//3873 7752//3873 7983//3873
f 7750//3872 7752//3872 7981//3872
f 7752//3873 7754//3873 7983//3873
f 7983//4257 7756//4257 7984//4257
f 7754//4257 7756//4257 7983//4257
f 7984//4258 7758//4258 7985//4258
f 7985//4446 7758//4446 7986//4446
f 7756//4258 7758//4258 7984//4258
f 7758//4446 7760//4446 7986//4446
f 7760//3877 7762//3877 7986//3877
f 7986//3877 7762//3877 7987//3877
f 7762//4260 7764//4260 7987//4260
f 7987//4260 7764//4260 7988//4260
f 7988//4447 7764//4447 7989//4447
f 7764//4447 7766//4447 7989//4447
f 7766//4262 7768//4262 7989//4262
f 7989//4262 7768//4262 7990//4262
f 7990//4263 7770//4263 7991//4263
f 7991//4264 7770//4264 7992//4264
f 7768//4263 7770//4263 7990//4263
f 7770//4264 7772//4264 7992//4264
f 7992//4265 7774//4265 7993//4265
f 7772//4265 7774//4265 7992//4265
f 7993//880 7776//880 7994//880
f 7774//880 7776//880 7993//880
f 7994//4266 7778//4266 7995//4266
f 7776//4266 7778//4266 7994//4266
f 7995//4267 7780//4267 7996//4267
f 7778//4267 7780//4267 7995//4267
f 7996//4268 7782//4268 7997//4268
f 7780//4268 7782//4268 7996//4268
f 7997//4269 7784//4269 7998//4269
f 7782//4269 7784//4269 7997//4269
f 7998//4448 7786//4448 7999//4448
f 7784//4448 7786//4448 7998//4448
f 7999//4271 7788//4271 8000//4271
f 7786//4271 7788//4271 7999//4271
f 8000//3890 7790//3890 8001//3890
f 7788//3890 7790//3890 8000//3890
f 8001//4449 7792//4449 8002//4449
f 7790//4449 7792//4449 8001//4449
f 8002//4273 7794//4273 8003//4273
f 7792//4273 7794//4273 8002//4273
f 8003//4274 7796//4274 8004//4274
f 7794//4274 7796//4274 8003//4274
f 8004//3894 7798//3894 8005//3894
f 7796//3894 7798//3894 8004//3894
f 8005//3895 7800//3895 8006//3895
f 8006//4450 7800//4450 8007//4450
f 7798//3895 7800//3895 8005//3895
f 7800//4450 7802//4450 8007//4450
f 8007//4451 7804//4451 8008//4451
f 7802//4451 7804//4451 8007//4451
f 8008//4452 7806//4452 8009//4452
f 7804//4452 7806//4452 8008//4452
f 8009//3899 7808//3899 8010//3899
f 7806//4453 7808//4453 8009//4453
f 8010//4454 7810//4454 8011//4454
f 7808//4454 7810//4454 8010//4454
f 7810//4455 7812//4455 8011//4455
f 8011//4455 7812//4455 8012//4455
f 7812//4456 7814//4456 8012//4456
f 8012//4456 7814//4456 8013//4456
f 7814//3903 7816//3903 8013//3903
f 8013//3903 7816//3903 8014//3903
f 7816//4457 7817//4457 8014//4457
f 8014//4457 7817//4457 8015//4457
f 7817//4458 7821//4458 8015//4458
f 8015//4458 7821//4458 8016//4458
f 7821//4282 7822//4282 8016//4282
f 8016//4282 7822//4282 8017//4282
f 8017//3907 7822//3907 8018//3907
f 7822//3907 7823//3907 8018//3907
f 7823//4459 7826//4459 8018//4459
f 8018//4459 7826//4459 8019//4459
f 7826//4460 7828//4460 8019//4460
f 8019//4460 7828//4460 8020//4460
f 7828//4461 7830//4461 8020//4461
f 8020//4461 7830//4461 8021//4461
f 8021//3911 7830//3911 8022//3911
f 7830//3911 7831//3911 8022//3911
f 7831//4462 7834//4462 8022//4462
f 8022//4462 7834//4462 8023//4462
f 8023//4463 7834//4463 8024//4463
f 7834//4463 7836//4463 8024//4463
f 8024//3914 7838//3914 7899//3914
f 7836//3914 7838//3914 8024//3914
f 8025//3445 7978//3445 8026//3445
f 8025//4079 7977//4079 7978//4079
f 8027//3445 8026//3445 7978//3445
f 8027//3445 7978//3445 7979//3445
f 8027//3445 7979//3445 7980//3445
f 8028//4079 7977//4079 8025//4079
f 8028//3445 7976//3445 7977//3445
f 8029//3445 8027//3445 7980//3445
f 8030//4078 7976//4078 8028//4078
f 8030//4079 7975//4079 7976//4079
f 7974//4081 7975//4081 8030//4081
f 8031//3445 8029//3445 7980//3445
f 8031//3445 7980//3445 7981//3445
f 7982//4079 8031//4079 7981//4079
f 8032//3445 7974//3445 8030//3445
f 8033//3445 8031//3445 7982//3445
f 7973//3445 7974//3445 8032//3445
f 8034//4078 7973//4078 8032//4078
f 8035//3445 7982//3445 7983//3445
f 8035//3445 8033//3445 7982//3445
f 8036//3445 7972//3445 7973//3445
f 8036//3445 7973//3445 8034//3445
f 7984//3445 8035//3445 7983//3445
f 8037//4080 8035//4080 7984//4080
f 8038//4079 7972//4079 8036//4079
f 8038//4081 7971//4081 7972//4081
f 8039//3445 7984//3445 7985//3445
f 8039//3445 8037//3445 7984//3445
f 8040//3445 7971//3445 8038//3445
f 8040//3445 7970//3445 7971//3445
f 8041//3445 8039//3445 7985//3445
f 8041//3445 7985//3445 7986//3445
f 7969//4079 7970//4079 8040//4079
f 8042//3445 7969//3445 8040//3445
f 8043//3445 8041//3445 7986//3445
f 8043//3445 7986//3445 7987//3445
f 7968//3445 7969//3445 8042//3445
f 8044//3445 7968//3445 8042//3445
f 7988//3445 8043//3445 7987//3445
f 8045//3445 8043//3445 7988//3445
f 8046//3445 7968//3445 8044//3445
f 8046//3445 7967//3445 7968//3445
f 8047//3445 8045//3445 7988//3445
f 8047//3445 7988//3445 7989//3445
f 7966//3445 7967//3445 8046//3445
f 8048//3445 7966//3445 8046//3445
f 8049//3445 8047//3445 7989//3445
f 8049//3445 7989//3445 7990//3445
f 8050//3445 7966//3445 8048//3445
f 8050//3445 7965//3445 7966//3445
f 8051//3445 8049//3445 7990//3445
f 8051//3445 7990//3445 7991//3445
f 8052//3445 7965//3445 8050//3445
f 8052//3445 7964//3445 7965//3445
f 8053//3445 8051//3445 7991//3445
f 8053//3445 7991//3445 7992//3445
f 7963//4078 7964//4078 8052//4078
f 8054//4083 7963//4083 8052//4083
f 7993//3445 8053//3445 7992//3445
f 8055//3445 8053//3445 7993//3445
f 8056//3445 7963//3445 8054//3445
f 8056//3445 7962//3445 7963//3445
f 7994//3445 8055//3445 7993//3445
f 8057//3445 8055//3445 7994//3445
f 8058//3445 7961//3445 7962//3445
f 8058//3445 7962//3445 8056//3445
f 8059//3445 8057//3445 7994//3445
f 8059//3445 7994//3445 7995//3445
f 8060//3445 7960//3445 7961//3445
f 8060//4079 7961//4079 8058//4079
f 8061//3445 8059//3445 7995//3445
f 8061//3445 7995//3445 7996//3445
f 7959//3445 7960//3445 8060//3445
f 8062//4081 7959//4081 8060//4081
f 8063//3445 8061//3445 7996//3445
f 8063//3445 7996//3445 7997//3445
f 8064//4078 7959//4078 8062//4078
f 8064//4080 7958//4080 7959//4080
f 8065//3445 8063//3445 7997//3445
f 8065//3445 7997//3445 7998//3445
f 8066//4079 7958//4079 8064//4079
f 8066//4082 7957//4082 7958//4082
f 8067//3445 8065//3445 7998//3445
f 8067//3445 7998//3445 7999//3445
f 7956//4079 7957//4079 8066//4079
f 8068//3445 7956//3445 8066//3445
f 8069//3445 7999//3445 8000//3445
f 8069//3445 8067//3445 7999//3445
f 7955//3445 7956//3445 8068//3445
f 8070//3445 7955//3445 8068//3445
f 8071//3445 8000//3445 8001//3445
f 8071//4079 8069//4079 8000//4079
f 8072//3445 7955//3445 8070//3445
f 8072//3445 7954//3445 7955//3445
f 8073//3445 8001//3445 8002//3445
f 8073//3445 8071//3445 8001//3445
f 8074//4079 7954//4079 8072//4079
f 8074//3445 7953//3445 7954//3445
f 8075//3445 8002//3445 8003//3445
f 8075//3445 8073//3445 8002//3445
f 8076//3445 7953//3445 8074//3445
f 8076//3445 7952//3445 7953//3445
f 8004//3445 8075//3445 8003//3445
f 8077//3445 8075//3445 8004//3445
f 8078//3445 7951//3445 7952//3445
f 8078//3445 7952//3445 8076//3445
f 8079//3445 8004//3445 8005//3445
f 8079//3445 8077//3445 8004//3445
f 8080//4081 7951//4081 8078//4081
f 8080//3445 7950//3445 7951//3445
f 8081//4078 8005//4078 8006//4078
f 8081//3445 8079//3445 8005//3445
f 7949//4078 7950//4078 8080//4078
f 8082//3445 7949//3445 8080//3445
f 8083//3445 8006//3445 8007//3445
f 8083//3445 8081//3445 8006//3445
f 8084//3445 7948//3445 7949//3445
f 8084//3445 7949//3445 8082//3445
f 8085//3445 8007//3445 8008//3445
f 8085//3445 8083//3445 8007//3445
f 7947//3445 7948//3445 8084//3445
f 8086//3445 7947//3445 8084//3445
f 8087//3445 8008//3445 8009//3445
f 8087//3445 8085//3445 8008//3445
f 8088//3445 7947//3445 8086//3445
f 7946//3445 7947//3445 8088//3445
f 8010//3445 8089//3445 8087//3445
f 8010//4078 8087//4078 8009//4078
f 7945//3445 7946//3445 8088//3445
f 7945//3445 8088//3445 8090//3445
f 8011//3445 8089//3445 8010//3445
f 8011//4078 8091//4078 8089//4078
f 8092//3445 7945//3445 8090//3445
f 7944//4079 7945//4079 8092//4079
f 8012//3445 8091//3445 8011//3445
f 8012//3445 8093//3445 8091//3445
f 7943//3445 7944//3445 8092//3445
f 7943//3445 8092//3445 8094//3445
f 8013//4080 8093//4080 8012//4080
f 8013//3445 8095//3445 8093//3445
f 7942//3445 7943//3445 8094//3445
f 7942//3445 8094//3445 8096//3445
f 8097//4079 8095//4079 8013//4079
f 8014//3445 8097//3445 8013//3445
f 8098//3445 7942//3445 8096//3445
f 7941//3445 7942//3445 8098//3445
f 8099//3445 8097//3445 8014//3445
f 8015//3445 8099//3445 8014//3445
f 8100//3445 7941//3445 8098//3445
f 7940//3445 7941//3445 8100//3445
f 8016//4078 8099//4078 8015//4078
f 8016//3445 8101//3445 8099//3445
f 7939//4079 7940//4079 8100//4079
f 7939//4078 8100//4078 8102//4078
f 8017//3445 8103//3445 8101//3445
f 8017//4081 8101//4081 8016//4081
f 7938//3445 7939//3445 8102//3445
f 7938//3445 8102//3445 8104//3445
f 8105//4078 8103//4078 8017//4078
f 8018//3445 8105//3445 8017//3445
f 7937//3445 8104//3445 8106//3445
f 7937//3445 7938//3445 8104//3445
f 8019//3445 8107//3445 8105//3445
f 8019//3445 8105//3445 8018//3445
f 7936//3445 7937//3445 8106//3445
f 7936//3445 8106//3445 8108//3445
f 8020//3445 8109//3445 8107//3445
f 8020//3445 8107//3445 8019//3445
f 7935//3445 7936//3445 8108//3445
f 7935//3445 8108//3445 8110//3445
f 8111//3445 8109//3445 8020//3445
f 8021//3445 8111//3445 8020//3445
f 7934//3445 8110//3445 8112//3445
f 7934//3445 7935//3445 8110//3445
f 8022//3445 8113//3445 8111//3445
f 8022//3445 8111//3445 8021//3445
f 8114//3445 7934//3445 8112//3445
f 7933//3445 7934//3445 8114//3445
f 8023//3445 8115//3445 8113//3445
f 8023//3445 8113//3445 8022//3445
f 8116//3445 7933//3445 8114//3445
f 7932//3445 7933//3445 8116//3445
f 8024//4079 8115//4079 8023//4079
f 8024//4082 8117//4082 8115//4082
f 7931//3445 7932//3445 8116//3445
f 7931//3445 8116//3445 8118//3445
f 8119//3445 8117//3445 8024//3445
f 7899//3445 8119//3445 8024//3445
f 7930//3445 7931//3445 8118//3445
f 7930//3445 8118//3445 8120//3445
f 8121//3445 8119//3445 7899//3445
f 7900//3445 8121//3445 7899//3445
f 7929//3445 7930//3445 8120//3445
f 7929//3445 8120//3445 8122//3445
f 7901//4083 8123//4083 8121//4083
f 7901//3445 8121//3445 7900//3445
f 7928//3445 7929//3445 8122//3445
f 7928//3445 8122//3445 8124//3445
f 7902//3445 8125//3445 8123//3445
f 7902//3445 8123//3445 7901//3445
f 7927//3445 7928//3445 8124//3445
f 7927//3445 8124//3445 8126//3445
f 7903//3445 8127//3445 8125//3445
f 7903//4081 8125//4081 7902//4081
f 7926//3445 7927//3445 8126//3445
f 7926//3445 8126//3445 8128//3445
f 7904//3445 8129//3445 8127//3445
f 7904//4079 8127//4079 7903//4079
f 7925//3445 8128//3445 8130//3445
f 7925//3445 7926//3445 8128//3445
f 7905//4081 8131//4081 8129//4081
f 7905//4078 8129//4078 7904//4078
f 7924//3445 8130//3445 8132//3445
f 7924//3445 7925//3445 8130//3445
f 7906//3445 8133//3445 8131//3445
f 7906//3445 8131//3445 7905//3445
f 7923//3445 8132//3445 8134//3445
f 7923//3445 7924//3445 8132//3445
f 7907//3445 8135//3445 8133//3445
f 7907//4081 8133//4081 7906//4081
f 7922//3445 8134//3445 8136//3445
f 7922//3445 7923//3445 8134//3445
f 7908//3445 8137//3445 8135//3445
f 7908//4078 8135//4078 7907//4078
f 7921//3445 8136//3445 8138//3445
f 7921//3445 7922//3445 8136//3445
f 7909//3445 8139//3445 8137//3445
f 7909//3445 8137//3445 7908//3445
f 8140//4079 7921//4079 8138//4079
f 7920//3445 7921//3445 8140//3445
f 7910//3445 8139//3445 7909//3445
f 7910//3445 8141//3445 8139//3445
f 7919//3445 7920//3445 8140//3445
f 7919//3445 8140//3445 8142//3445
f 7911//3445 8141//3445 7910//3445
f 7911//3445 8143//3445 8141//3445
f 8144//4079 8143//4079 7911//4079
f 7918//3445 7919//3445 8142//3445
f 7918//3445 8142//3445 8145//3445
f 8146//3445 7918//3445 8145//3445
f 7912//3445 8144//3445 7911//3445
f 7917//4078 7918//4078 8146//4078
f 7913//4080 8144//4080 7912//4080
f 7913//4079 8147//4079 8144//4079
f 7916//3445 7917//3445 8146//3445
f 7916//3445 8146//3445 8148//3445
f 7914//3445 8149//3445 8147//3445
f 7914//3445 8147//3445 7913//3445
f 7915//3445 8150//3445 8149//3445
f 7915//3445 8148//3445 8150//3445
f 7915//3445 8149//3445 7914//3445
f 7915//3445 7916//3445 8148//3445
f 8151//4464 8152//4464 8119//4464
f 8151//4464 8119//4464 8121//4464
f 8153//3854 8121//3854 8123//3854
f 8153//4433 8123//4433 8125//4433
f 8153//3854 8151//3854 8121//3854
f 8154//4433 8153//4433 8125//4433
f 8155//4465 8125//4465 8127//4465
f 8155//3857 8127//3857 8129//3857
f 8155//4465 8154//4465 8125//4465
f 8156//3858 8129//3858 8131//3858
f 8156//3857 8155//3857 8129//3857
f 8157//3858 8156//3858 8131//3858
f 8158//4466 8131//4466 8133//4466
f 8158//4466 8157//4466 8131//4466
f 8159//4467 8133//4467 8135//4467
f 8159//4249 8135//4249 8137//4249
f 8159//4467 8158//4467 8133//4467
f 8160//4249 8159//4249 8137//4249
f 8161//4250 8137//4250 8139//4250
f 8161//4250 8160//4250 8137//4250
f 8162//4468 8161//4468 8139//4468
f 8162//4468 8139//4468 8141//4468
f 8163//4469 8162//4469 8141//4469
f 8163//4469 8141//4469 8143//4469
f 8164//3865 8163//3865 8143//3865
f 8164//3865 8143//3865 8144//3865
f 8165//4440 8164//4440 8144//4440
f 8165//4440 8144//4440 8147//4440
f 8166//4253 8147//4253 8149//4253
f 8166//4441 8165//4441 8147//4441
f 8167//4254 8149//4254 8150//4254
f 8167//4254 8166//4254 8149//4254
f 8168//4470 8150//4470 8148//4470
f 8168//4470 8167//4470 8150//4470
f 8169//4255 8148//4255 8146//4255
f 8169//4255 8168//4255 8148//4255
f 8170//3871 8146//3871 8145//3871
f 8170//3871 8169//3871 8146//3871
f 8171//4471 8145//4471 8142//4471
f 8171//4472 8142//4472 8140//4472
f 8171//4471 8170//4471 8145//4471
f 8172//4472 8171//4472 8140//4472
f 8173//3874 8140//3874 8138//3874
f 8173//4258 8138//4258 8136//4258
f 8173//3874 8172//3874 8140//3874
f 8174//4258 8173//4258 8136//4258
f 8175//3876 8136//3876 8134//3876
f 8175//4259 8134//4259 8132//4259
f 8175//3876 8174//3876 8136//3876
f 8176//4259 8175//4259 8132//4259
f 8177//4473 8132//4473 8130//4473
f 8177//4473 8176//4473 8132//4473
f 8178//4447 8130//4447 8128//4447
f 8178//4262 8128//4262 8126//4262
f 8178//4447 8177//4447 8130//4447
f 8179//3881 8126//3881 8124//3881
f 8179//4262 8178//4262 8126//4262
f 8180//3881 8179//3881 8124//3881
f 8181//4264 8124//4264 8122//4264
f 8181//4265 8122//4265 8120//4265
f 8181//4264 8180//4264 8124//4264
f 8182//4265 8181//4265 8120//4265
f 8183//880 8120//880 8118//880
f 8183//4266 8118//4266 8116//4266
f 8183//880 8182//880 8120//880
f 8184//4266 8183//4266 8116//4266
f 8185//4267 8116//4267 8114//4267
f 8185//3886 8114//3886 8112//3886
f 8185//4267 8184//4267 8116//4267
f 8186//3886 8185//3886 8112//3886
f 8187//4269 8186//4269 8112//4269
f 8187//4269 8112//4269 8110//4269
f 8188//4448 8110//4448 8108//4448
f 8188//4448 8187//4448 8110//4448
f 8189//4474 8188//4474 8108//4474
f 8189//4474 8108//4474 8106//4474
f 8190//4272 8189//4272 8106//4272
f 8190//4272 8106//4272 8104//4272
f 8191//3891 8190//3891 8104//3891
f 8191//3891 8104//3891 8102//3891
f 8191//4273 8102//4273 8100//4273
f 8192//4273 8191//4273 8100//4273
f 8193//3893 8192//3893 8100//3893
f 8193//3893 8100//3893 8098//3893
f 8194//4475 8193//4475 8098//4475
f 8194//4475 8098//4475 8096//4475
f 8195//4476 8194//4476 8096//4476
f 8195//4476 8096//4476 8094//4476
f 8196//3896 8195//3896 8094//3896
f 8196//3896 8094//3896 8092//3896
f 8197//4276 8196//4276 8092//4276
f 8197//4276 8092//4276 8090//4276
f 8198//4477 8197//4477 8090//4477
f 8198//4477 8090//4477 8088//4477
f 8199//4277 8198//4277 8088//4277
f 8199//4277 8088//4277 8086//4277
f 8200//4454 8199//4454 8086//4454
f 8200//4454 8086//4454 8084//4454
f 8201//4455 8084//4455 8082//4455
f 8201//4455 8200//4455 8084//4455
f 8202//3902 8082//3902 8080//3902
f 8202//3902 8201//3902 8082//3902
f 8203//4478 8080//4478 8078//4478
f 8203//4478 8202//4478 8080//4478
f 8204//4479 8078//4479 8076//4479
f 8204//4479 8203//4479 8078//4479
f 8205//4281 8076//4281 8074//4281
f 8205//4281 8204//4281 8076//4281
f 8206//4282 8074//4282 8072//4282
f 8206//4282 8205//4282 8074//4282
f 8207//4480 8072//4480 8070//4480
f 8207//4480 8206//4480 8072//4480
f 8208//4481 8070//4481 8068//4481
f 8208//4481 8207//4481 8070//4481
f 8209//3909 8068//3909 8066//3909
f 8209//3909 8208//3909 8068//3909
f 8210//3910 8066//3910 8064//3910
f 8210//3910 8209//3910 8066//3910
f 8211//4482 8064//4482 8062//4482
f 8211//4482 8210//4482 8064//4482
f 8212//4462 8062//4462 8060//4462
f 8212//4462 8211//4462 8062//4462
f 8213//3913 8212//3913 8060//3913
f 8213//3913 8060//3913 8058//3913
f 8214//4483 8213//4483 8058//4483
f 8214//4483 8058//4483 8056//4483
f 8215//4484 8214//4484 8056//4484
f 8215//4484 8056//4484 8054//4484
f 8216//3792 8215//3792 8054//3792
f 8216//3792 8054//3792 8052//3792
f 8217//4401 8216//4401 8052//4401
f 8217//4401 8052//4401 8050//4401
f 8218//4485 8217//4485 8050//4485
f 8218//4485 8050//4485 8048//4485
f 8219//3795 8218//3795 8048//3795
f 8219//3795 8048//3795 8046//3795
f 8220//3796 8219//3796 8046//3796
f 8220//3796 8046//3796 8044//3796
f 8221//4486 8220//4486 8044//4486
f 8221//4486 8044//4486 8042//4486
f 8222//4487 8221//4487 8042//4487
f 8222//4487 8042//4487 8040//4487
f 8223//4287 8222//4287 8040//4287
f 8223//4287 8040//4287 8038//4287
f 8224//4288 8223//4288 8038//4288
f 8224//4288 8038//4288 8036//4288
f 8225//4488 8224//4488 8036//4488
f 8225//4488 8036//4488 8034//4488
f 8226//4489 8225//4489 8034//4489
f 8226//4489 8034//4489 8032//4489
f 8227//3803 8226//3803 8032//3803
f 8227//3803 8032//3803 8030//3803
f 8228//4408 8227//4408 8030//4408
f 8228//4408 8030//4408 8028//4408
f 8229//4409 8228//4409 8028//4409
f 8229//4409 8028//4409 8025//4409
f 8230//4292 8229//4292 8025//4292
f 8230//4292 8025//4292 8026//4292
f 8231//4490 8230//4490 8026//4490
f 8231//4490 8026//4490 8027//4490
f 8232//4491 8231//4491 8027//4491
f 8232//4491 8027//4491 8029//4491
f 8233//3809 8232//3809 8029//3809
f 8233//3809 8029//3809 8031//3809
f 8234//4492 8031//4492 8033//4492
f 8234//4492 8233//4492 8031//4492
f 8235//4493 8033//4493 8035//4493
f 8235//4493 8234//4493 8033//4493
f 8236//3812 8035//3812 8037//3812
f 8236//3812 8235//3812 8035//3812
f 8237//3813 8037//3813 8039//3813
f 8237//3813 8236//3813 8037//3813
f 8238//3814 8039//3814 8041//3814
f 8238//3814 8237//3814 8039//3814
f 8239//4494 8238//4494 8041//4494
f 8239//4494 8041//4494 8043//4494
f 8240//4495 8239//4495 8043//4495
f 8240//4495 8043//4495 8045//4495
f 8241//4496 8240//4496 8045//4496
f 8241//4496 8045//4496 8047//4496
f 8242//4297 8241//4297 8047//4297
f 8242//4297 8047//4297 8049//4297
f 8243//3819 8242//3819 8049//3819
f 8243//3819 8049//3819 8051//3819
f 8244//4299 8243//4299 8051//4299
f 8244//4299 8051//4299 8053//4299
f 8244//3821 8053//3821 8055//3821
f 8245//3821 8244//3821 8055//3821
f 8246//946 8245//946 8055//946
f 8246//946 8055//946 8057//946
f 8247//3822 8246//3822 8057//3822
f 8247//3822 8057//3822 8059//3822
f 8248//4302 8247//4302 8059//4302
f 8248//4302 8059//4302 8061//4302
f 8249//3824 8248//3824 8061//3824
f 8249//3824 8061//3824 8063//3824
f 8250//4497 8065//4497 8067//4497
f 8250//4304 8249//4304 8063//4304
f 8250//4304 8063//4304 8065//4304
f 8251//4497 8250//4497 8067//4497
f 8252//4498 8067//4498 8069//4498
f 8252//4498 8251//4498 8067//4498
f 8253//4499 8069//4499 8071//4499
f 8253//4499 8252//4499 8069//4499
f 8254//3829 8071//3829 8073//3829
f 8254//3830 8073//3830 8075//3830
f 8254//3829 8253//3829 8071//3829
f 8255//3830 8254//3830 8075//3830
f 8256//3831 8075//3831 8077//3831
f 8256//3831 8255//3831 8075//3831
f 8257//4500 8077//4500 8079//4500
f 8257//4500 8256//4500 8077//4500
f 8258//4501 8079//4501 8081//4501
f 8258//3834 8081//3834 8083//3834
f 8258//4501 8257//4501 8079//4501
f 8259//3834 8258//3834 8083//3834
f 8260//4502 8083//4502 8085//4502
f 8260//4503 8085//4503 8087//4503
f 8260//4502 8259//4502 8083//4502
f 8261//4503 8260//4503 8087//4503
f 8262//4309 8087//4309 8089//4309
f 8262//4309 8261//4309 8087//4309
f 8263//4422 8262//4422 8089//4422
f 8263//4422 8089//4422 8091//4422
f 8264//4423 8263//4423 8091//4423
f 8264//4423 8091//4423 8093//4423
f 8265//3840 8264//3840 8093//3840
f 8265//3840 8093//3840 8095//3840
f 8266//4504 8265//4504 8095//4504
f 8266//4504 8095//4504 8097//4504
f 8267//4505 8097//4505 8099//4505
f 8267//4505 8266//4505 8097//4505
f 8268//4313 8099//4313 8101//4313
f 8268//4313 8267//4313 8099//4313
f 8269//4314 8101//4314 8103//4314
f 8269//4314 8268//4314 8101//4314
f 8270//4506 8103//4506 8105//4506
f 8270//4506 8269//4506 8103//4506
f 8271//4507 8105//4507 8107//4507
f 8271//4507 8270//4507 8105//4507
f 8272//3847 8107//3847 8109//3847
f 8272//3847 8271//3847 8107//3847
f 8273//3848 8109//3848 8111//3848
f 8273//3848 8272//3848 8109//3848
f 8274//4508 8111//4508 8113//4508
f 8274//4508 8273//4508 8111//4508
f 8275//4430 8113//4430 8115//4430
f 8275//4430 8274//4430 8113//4430
f 8276//3851 8115//3851 8117//3851
f 8276//3851 8275//3851 8115//3851
f 8152//4509 8117//4509 8119//4509
f 8152//4509 8276//4509 8117//4509
f 8212//3445 8213//3445 8214//3445
f 8216//4078 8214//4078 8215//4078
f 8217//3445 8214//3445 8216//3445
f 8209//3445 8210//3445 8211//3445
f 8209//3445 8211//3445 8212//3445
f 8206//3445 8212//3445 8214//3445
f 8206//3445 8214//3445 8217//3445
f 8206//3445 8209//3445 8212//3445
f 8206//4079 8207//4079 8208//4079
f 8206//4082 8208//4082 8209//4082
f 8222//4079 8217//4079 8218//4079
f 8222//4078 8218//4078 8219//4078
f 8222//4081 8219//4081 8220//4081
f 8222//3445 8220//3445 8221//3445
f 8205//3445 8206//3445 8217//3445
f 8204//3445 8205//3445 8217//3445
f 8202//3445 8203//3445 8204//3445
f 8226//3445 8224//3445 8225//3445
f 8228//3445 8226//3445 8227//3445
f 8199//4082 8200//4082 8201//4082
f 8199//4082 8201//4082 8202//4082
f 8229//3445 8222//3445 8223//3445
f 8229//3445 8223//3445 8224//3445
f 8229//3445 8224//3445 8226//3445
f 8229//3445 8226//3445 8228//3445
f 8197//4082 8198//4082 8199//4082
f 8231//4082 8229//4082 8230//4082
f 8195//3445 8196//3445 8197//3445
f 8195//3445 8197//3445 8199//3445
f 8195//3445 8202//3445 8204//3445
f 8195//3445 8199//3445 8202//3445
f 8233//3445 8231//3445 8232//3445
f 8233//3445 8229//3445 8231//3445
f 8191//3445 8192//3445 8193//3445
f 8190//4078 8193//4078 8194//4078
f 8190//3445 8194//3445 8195//3445
f 8190//3445 8191//3445 8193//3445
f 8239//3445 8234//3445 8235//3445
f 8239//3445 8235//3445 8236//3445
f 8239//4080 8236//4080 8237//4080
f 8239//3445 8237//3445 8238//3445
f 8188//3445 8190//3445 8195//3445
f 8188//4078 8189//4078 8190//4078
f 8241//3445 8239//3445 8240//3445
f 8186//3445 8188//3445 8195//3445
f 8186//3445 8187//3445 8188//3445
f 8186//3445 8217//3445 8222//3445
f 8186//3445 8204//3445 8217//3445
f 8186//3445 8195//3445 8204//3445
f 8184//3445 8229//3445 8233//3445
f 8184//3445 8185//3445 8186//3445
f 8184//3445 8186//3445 8222//3445
f 8184//3445 8233//3445 8234//3445
f 8184//3445 8222//3445 8229//3445
f 8244//3445 8241//3445 8242//3445
f 8244//3445 8242//3445 8243//3445
f 8182//3445 8183//3445 8184//3445
f 8247//3445 8245//3445 8246//3445
f 8180//3445 8184//3445 8234//3445
f 8180//3445 8182//3445 8184//3445
f 8180//3445 8181//3445 8182//3445
f 8248//3445 8245//3445 8247//3445
f 8250//3445 8245//3445 8248//3445
f 8250//3445 8248//3445 8249//3445
f 8177//3445 8178//3445 8179//3445
f 8176//3445 8179//3445 8180//3445
f 8176//3445 8177//3445 8179//3445
f 8252//3445 8250//3445 8251//3445
f 8175//3445 8180//3445 8234//3445
f 8175//3445 8176//3445 8180//3445
f 8253//3445 8239//3445 8241//3445
f 8253//3445 8241//3445 8244//3445
f 8253//3445 8245//3445 8250//3445
f 8253//4079 8250//4079 8252//4079
f 8253//3445 8244//3445 8245//3445
f 8173//4082 8174//4082 8175//4082
f 8255//4082 8253//4082 8254//4082
f 8255//3445 8239//3445 8253//3445
f 8170//4082 8171//4082 8172//4082
f 8170//4079 8172//4079 8173//4079
f 8170//3445 8175//3445 8234//3445
f 8170//3445 8173//3445 8175//3445
f 8259//4079 8255//4079 8256//4079
f 8259//4078 8256//4078 8257//4078
f 8259//3445 8257//3445 8258//3445
f 8259//3445 8239//3445 8255//3445
f 8167//4083 8168//4083 8169//4083
f 8167//4083 8169//4083 8170//4083
f 8261//4083 8259//4083 8260//4083
f 8166//3445 8234//3445 8239//3445
f 8166//3445 8167//3445 8170//3445
f 8166//3445 8170//3445 8234//3445
f 8263//3445 8261//3445 8262//3445
f 8164//4083 8165//4083 8166//4083
f 8265//3445 8259//3445 8261//3445
f 8265//4083 8263//4083 8264//4083
f 8265//4078 8261//4078 8263//4078
f 8162//3445 8163//3445 8164//3445
f 8161//4079 8162//4079 8164//4079
f 8160//3445 8164//3445 8166//3445
f 8160//4081 8161//4081 8164//4081
f 8268//4079 8265//4079 8266//4079
f 8268//3445 8266//3445 8267//3445
f 8269//3445 8259//3445 8265//3445
f 8269//3445 8265//3445 8268//3445
f 8158//3445 8159//3445 8160//3445
f 8157//3445 8158//3445 8160//3445
f 8271//3445 8269//3445 8270//3445
f 8271//3445 8259//3445 8269//3445
f 8155//3445 8156//3445 8157//3445
f 8155//3445 8160//3445 8166//3445
f 8155//3445 8157//3445 8160//3445
f 8273//4078 8271//4078 8272//4078
f 8154//3445 8155//3445 8166//3445
f 8275//3445 8273//3445 8274//3445
f 8151//3445 8153//3445 8154//3445
f 8151//3445 8154//3445 8166//3445
f 8276//3445 8273//3445 8275//3445
f 8152//3445 8166//3445 8239//3445
f 8152//3445 8259//3445 8271//3445
f 8152//3445 8151//3445 8166//3445
f 8152//3445 8271//3445 8273//3445
f 8152//4079 8273//4079 8276//4079
f 8152//3445 8239//3445 8259//3445
f 8277//4510 8278//4510 8279//4510
f 8277//4510 8279//4510 8280//4510
f 8277//4511 8280//4511 8281//4511
f 8282//4512 8277//4512 8281//4512
f 8283//4513 8281//4513 8284//4513
f 8283//4514 8284//4514 8285//4514
f 8283//4513 8282//4513 8281//4513
f 8286//4514 8283//4514 8285//4514
f 8287//4515 8285//4515 8288//4515
f 8287//4516 8286//4516 8285//4516
f 8289//4517 8288//4517 8290//4517
f 8289//4517 8287//4517 8288//4517
f 8291//4518 8290//4518 8292//4518
f 8291//4519 8292//4519 8293//4519
f 8291//4518 8289//4518 8290//4518
f 8294//4519 8291//4519 8293//4519
f 8295//4520 8293//4520 8296//4520
f 8295//4520 8294//4520 8293//4520
f 8297//4521 8296//4521 8298//4521
f 8297//4521 8295//4521 8296//4521
f 8299//4522 8297//4522 8298//4522
f 8299//4523 8298//4523 8300//4523
f 8301//4524 8299//4524 8300//4524
f 8301//4524 8300//4524 8302//4524
f 8303//4525 8301//4525 8302//4525
f 8303//4525 8302//4525 8304//4525
f 8305//4526 8303//4526 8304//4526
f 8305//4526 8304//4526 8306//4526
f 8305//4527 8306//4527 8307//4527
f 8308//4527 8305//4527 8307//4527
f 8309//4528 8308//4528 8307//4528
f 8309//4529 8307//4529 8310//4529
f 8311//4530 8309//4530 8310//4530
f 8311//4530 8310//4530 8312//4530
f 8311//4531 8312//4531 8313//4531
f 8314//4532 8311//4532 8313//4532
f 8315//4533 8314//4533 8313//4533
f 8315//4533 8313//4533 8316//4533
f 8317//4534 8315//4534 8316//4534
f 8317//4534 8316//4534 8318//4534
f 8319//4535 8317//4535 8318//4535
f 8319//4535 8318//4535 8320//4535
f 8321//4536 8319//4536 8320//4536
f 8321//4537 8320//4537 8322//4537
f 8321//4538 8322//4538 8323//4538
f 8324//4539 8323//4539 8325//4539
f 8324//4540 8321//4540 8323//4540
f 8326//4541 8325//4541 8327//4541
f 8326//4542 8324//4542 8325//4542
f 8328//4543 8327//4543 8329//4543
f 8328//4544 8326//4544 8327//4544
f 8330//4543 8328//4543 8329//4543
f 8331//4545 8329//4545 8332//4545
f 8331//4545 8330//4545 8329//4545
f 8333//4546 8332//4546 8334//4546
f 8333//4547 8334//4547 8335//4547
f 8333//4546 8331//4546 8332//4546
f 8336//4547 8333//4547 8335//4547
f 8337//4548 8335//4548 8338//4548
f 8337//4548 8336//4548 8335//4548
f 8339//4549 8338//4549 8340//4549
f 8339//4550 8340//4550 8341//4550
f 8339//4549 8337//4549 8338//4549
f 8342//4550 8339//4550 8341//4550
f 8343//4551 8341//4551 8344//4551
f 8343//4552 8344//4552 8345//4552
f 8343//4551 8342//4551 8341//4551
f 8346//4552 8343//4552 8345//4552
f 8347//4553 8345//4553 8348//4553
f 8347//4554 8348//4554 8349//4554
f 8347//4553 8346//4553 8345//4553
f 8350//4554 8347//4554 8349//4554
f 8351//4555 8350//4555 8349//4555
f 8351//4555 8349//4555 8352//4555
f 8353//4556 8351//4556 8352//4556
f 8353//4556 8352//4556 8354//4556
f 8353//4557 8354//4557 8355//4557
f 8356//4558 8353//4558 8355//4558
f 8357//4559 8356//4559 8355//4559
f 8357//4560 8355//4560 8358//4560
f 8359//4561 8357//4561 8358//4561
f 8359//4561 8358//4561 8360//4561
f 8359//4562 8360//4562 8361//4562
f 8362//4563 8359//4563 8361//4563
f 8363//4564 8362//4564 8361//4564
f 8363//4565 8361//4565 8364//4565
f 8363//4566 8364//4566 8365//4566
f 8366//4566 8363//4566 8365//4566
f 8366//4567 8365//4567 8367//4567
f 8368//4567 8366//4567 8367//4567
f 8369//4568 8368//4568 8367//4568
f 8369//4569 8367//4569 8370//4569
f 8369//4570 8370//4570 8371//4570
f 8372//4570 8369//4570 8371//4570
f 8373//4571 8372//4571 8371//4571
f 8373//4572 8371//4572 8374//4572
f 8375//4573 8373//4573 8374//4573
f 8375//4573 8374//4573 8376//4573
f 8377//4574 8375//4574 8376//4574
f 8377//4574 8376//4574 8378//4574
f 8379//4575 8377//4575 8378//4575
f 8379//4575 8378//4575 8380//4575
f 8381//4576 8379//4576 8380//4576
f 8381//4576 8380//4576 8382//4576
f 8383//4577 8381//4577 8382//4577
f 8383//4578 8382//4578 8384//4578
f 8385//4579 8383//4579 8384//4579
f 8385//4579 8384//4579 8386//4579
f 8387//4580 8385//4580 8386//4580
f 8387//4580 8386//4580 8388//4580
f 8389//4581 8387//4581 8388//4581
f 8389//4581 8388//4581 8390//4581
f 8391//4582 8389//4582 8390//4582
f 8391//4582 8390//4582 8392//4582
f 8391//4583 8392//4583 8393//4583
f 8394//4583 8391//4583 8393//4583
f 8395//4584 8393//4584 8396//4584
f 8395//4585 8394//4585 8393//4585
f 8397//4586 8396//4586 8398//4586
f 8397//4586 8395//4586 8396//4586
f 8399//4587 8398//4587 8400//4587
f 8399//4587 8397//4587 8398//4587
f 8401//4588 8399//4588 8400//4588
f 8401//4589 8400//4589 8402//4589
f 8403//4590 8401//4590 8402//4590
f 8403//4590 8402//4590 8404//4590
f 8405//4591 8403//4591 8404//4591
f 8405//4591 8404//4591 8406//4591
f 8405//4592 8406//4592 8407//4592
f 8408//4592 8405//4592 8407//4592
f 8409//4593 8408//4593 8407//4593
f 8409//4593 8407//4593 8410//4593
f 8411//4594 8409//4594 8410//4594
f 8411//4594 8410//4594 8412//4594
f 8413//4595 8411//4595 8412//4595
f 8413//4596 8412//4596 8414//4596
f 8413//4597 8414//4597 8415//4597
f 8416//4597 8413//4597 8415//4597
f 8416//4598 8415//4598 8417//4598
f 8418//4598 8416//4598 8417//4598
f 8419//4599 8418//4599 8417//4599
f 8419//4600 8417//4600 8420//4600
f 8421//4601 8419//4601 8420//4601
f 8421//4601 8420//4601 8422//4601
f 8423//4602 8421//4602 8422//4602
f 8423//4602 8422//4602 8424//4602
f 8423//4603 8424//4603 8425//4603
f 8426//4604 8425//4604 8427//4604
f 8426//4605 8423//4605 8425//4605
f 8428//4604 8426//4604 8427//4604
f 8429//4606 8427//4606 8430//4606
f 8429//4607 8430//4607 8431//4607
f 8429//4608 8428//4608 8427//4608
f 8432//4609 8429//4609 8431//4609
f 8433//4610 8431//4610 8434//4610
f 8433//4611 8434//4611 8435//4611
f 8433//4610 8432//4610 8431//4610
f 8436//4612 8433//4612 8435//4612
f 8437//4613 8435//4613 8438//4613
f 8437//4613 8436//4613 8435//4613
f 8439//4614 8438//4614 8440//4614
f 8439//4615 8440//4615 8441//4615
f 8439//4616 8437//4616 8438//4616
f 8442//4617 8439//4617 8441//4617
f 8443//4618 8441//4618 8444//4618
f 8443//4618 8442//4618 8441//4618
f 8445//4619 8444//4619 8446//4619
f 8445//4620 8443//4620 8444//4620
f 8447//4621 8446//4621 8448//4621
f 8447//4622 8445//4622 8446//4622
f 8449//4623 8448//4623 8450//4623
f 8449//4624 8447//4624 8448//4624
f 8451//4625 8450//4625 8452//4625
f 8451//4626 8449//4626 8450//4626
f 8453//4627 8451//4627 8452//4627
f 8453//4627 8452//4627 8454//4627
f 8455//4628 8453//4628 8454//4628
f 8455//4629 8454//4629 8456//4629
f 8457//4630 8455//4630 8456//4630
f 8457//4630 8456//4630 8458//4630
f 8459//4631 8457//4631 8458//4631
f 8459//4631 8458//4631 8460//4631
f 8459//4632 8460//4632 8461//4632
f 8462//4633 8459//4633 8461//4633
f 8463//4634 8461//4634 8464//4634
f 8463//4634 8462//4634 8461//4634
f 8465//4635 8464//4635 8466//4635
f 8465//4636 8463//4636 8464//4636
f 8467//4637 8466//4637 8468//4637
f 8467//4638 8468//4638 8469//4638
f 8467//4637 8465//4637 8466//4637
f 8470//4639 8469//4639 8471//4639
f 8470//4640 8467//4640 8469//4640
f 8472//4639 8470//4639 8471//4639
f 8473//4641 8471//4641 8474//4641
f 8473//4642 8472//4642 8471//4642
f 8475//4643 8474//4643 8476//4643
f 8475//4643 8473//4643 8474//4643
f 8477//4644 8476//4644 8478//4644
f 8477//4645 8478//4645 8479//4645
f 8477//4644 8475//4644 8476//4644
f 8480//4646 8477//4646 8479//4646
f 8481//4647 8479//4647 8482//4647
f 8481//4647 8480//4647 8479//4647
f 8483//4648 8482//4648 8484//4648
f 8483//4649 8481//4649 8482//4649
f 8485//4650 8484//4650 8486//4650
f 8485//4651 8483//4651 8484//4651
f 8487//4652 8486//4652 8488//4652
f 8487//4653 8485//4653 8486//4653
f 8489//4654 8488//4654 8490//4654
f 8489//4655 8487//4655 8488//4655
f 8491//4656 8490//4656 8492//4656
f 8491//4656 8489//4656 8490//4656
f 8493//4657 8492//4657 8494//4657
f 8493//4658 8491//4658 8492//4658
f 8495//4659 8494//4659 8496//4659
f 8495//4660 8493//4660 8494//4660
f 8497//4661 8496//4661 8498//4661
f 8497//4662 8498//4662 8499//4662
f 8497//4661 8495//4661 8496//4661
f 8500//4663 8497//4663 8499//4663
f 8501//4664 8500//4664 8499//4664
f 8501//4664 8499//4664 8502//4664
f 8503//4665 8501//4665 8502//4665
f 8503//4666 8502//4666 8504//4666
f 8505//4667 8503//4667 8504//4667
f 8505//4668 8504//4668 8506//4668
f 8507//4669 8505//4669 8506//4669
f 8507//4669 8506//4669 8508//4669
f 8509//4670 8507//4670 8508//4670
f 8509//4671 8508//4671 8510//4671
f 8511//4672 8509//4672 8510//4672
f 8511//4672 8510//4672 8512//4672
f 8513//4673 8511//4673 8512//4673
f 8513//4673 8512//4673 8514//4673
f 8515//4674 8513//4674 8514//4674
f 8515//4675 8514//4675 8516//4675
f 8517//4676 8515//4676 8516//4676
f 8517//4676 8516//4676 8518//4676
f 8519//4677 8517//4677 8518//4677
f 8519//4677 8518//4677 8520//4677
f 8521//4678 8519//4678 8520//4678
f 8521//4679 8520//4679 8522//4679
f 8523//4680 8521//4680 8522//4680
f 8523//4680 8522//4680 8524//4680
f 8525//4681 8524//4681 8526//4681
f 8525//4681 8523//4681 8524//4681
f 8527//4682 8525//4682 8526//4682
f 8527//4682 8526//4682 8528//4682
f 8278//4683 8528//4683 8279//4683
f 8278//4683 8527//4683 8528//4683
f 8529//3425 8436//3425 8530//3425
f 8529//3424 8433//3424 8436//3424
f 8531//3424 8530//3424 8436//3424
f 8531//3424 8436//3424 8437//3424
f 8532//3424 8429//3424 8432//3424
f 8532//3440 8432//3440 8433//3440
f 8532//3424 8433//3424 8529//3424
f 8533//3425 8437//3425 8439//3425
f 8533//3424 8531//3424 8437//3424
f 8534//3425 8428//3425 8429//3425
f 8534//3425 8429//3425 8532//3425
f 8535//3424 8439//3424 8442//3424
f 8535//3438 8442//3438 8443//3438
f 8535//3424 8533//3424 8439//3424
f 8536//3424 8428//3424 8534//3424
f 8537//3424 8535//3424 8443//3424
f 8538//3424 8426//3424 8428//3424
f 8538//3424 8428//3424 8536//3424
f 8539//3424 8537//3424 8443//3424
f 8539//3444 8443//3444 8445//3444
f 8539//3425 8445//3425 8447//3425
f 8540//3425 8426//3425 8538//3425
f 8540//3424 8423//3424 8426//3424
f 8541//3440 8539//3440 8447//3440
f 8542//3424 8423//3424 8540//3424
f 8542//3425 8419//3425 8421//3425
f 8542//3438 8421//3438 8423//3438
f 8543//3438 8541//3438 8447//3438
f 8543//3424 8447//3424 8449//3424
f 8544//3424 8419//3424 8542//3424
f 8545//3425 8543//3425 8449//3425
f 8545//3425 8449//3425 8451//3425
f 8546//3424 8418//3424 8419//3424
f 8546//3440 8419//3440 8544//3440
f 8547//3424 8545//3424 8451//3424
f 8547//3438 8451//3438 8453//3438
f 8547//3424 8453//3424 8455//3424
f 8548//3425 8416//3425 8418//3425
f 8548//3424 8418//3424 8546//3424
f 8549//3424 8547//3424 8455//3424
f 8549//3424 8455//3424 8457//3424
f 8550//3424 8416//3424 8548//3424
f 8550//3424 8413//3424 8416//3424
f 8551//3432 8549//3432 8457//3432
f 8551//3424 8457//3424 8459//3424
f 8552//3424 8413//3424 8550//3424
f 8552//3424 8411//3424 8413//3424
f 8553//3433 8551//3433 8459//3433
f 8554//3425 8411//3425 8552//3425
f 8554//3425 8408//3425 8409//3425
f 8554//3424 8409//3424 8411//3424
f 8555//3425 8553//3425 8459//3425
f 8555//3424 8459//3424 8462//3424
f 8555//4077 8462//4077 8463//4077
f 8556//3424 8408//3424 8554//3424
f 8557//3425 8555//3425 8463//3425
f 8558//3424 8403//3424 8405//3424
f 8558//3424 8405//3424 8408//3424
f 8558//3424 8408//3424 8556//3424
f 8559//3433 8557//3433 8463//3433
f 8559//3425 8463//3425 8465//3425
f 8560//3425 8403//3425 8558//3425
f 8561//3425 8559//3425 8465//3425
f 8561//3425 8465//3425 8467//3425
f 8562//3424 8401//3424 8403//3424
f 8562//3424 8403//3424 8560//3424
f 8563//3440 8561//3440 8467//3440
f 8563//3425 8467//3425 8470//3425
f 8563//3425 8470//3425 8472//3425
f 8564//3425 8397//3425 8399//3425
f 8564//3424 8399//3424 8401//3424
f 8564//3424 8401//3424 8562//3424
f 8565//3424 8563//3424 8472//3424
f 8566//3424 8397//3424 8564//3424
f 8567//3424 8565//3424 8472//3424
f 8567//3425 8472//3425 8473//3425
f 8568//3425 8397//3425 8566//3425
f 8568//3424 8395//3424 8397//3424
f 8569//3440 8567//3440 8473//3440
f 8569//3424 8473//3424 8475//3424
f 8570//3424 8395//3424 8568//3424
f 8570//3424 8394//3424 8395//3424
f 8571//3425 8477//3425 8480//3425
f 8571//3438 8569//3438 8475//3438
f 8571//3424 8475//3424 8477//3424
f 8572//3424 8394//3424 8570//3424
f 8572//3425 8391//3425 8394//3425
f 8389//3425 8391//3425 8572//3425
f 8573//3424 8571//3424 8480//3424
f 8481//3432 8573//3432 8480//3432
f 8574//3424 8389//3424 8572//3424
f 8575//3424 8573//3424 8481//3424
f 8576//3424 8387//3424 8389//3424
f 8576//3425 8389//3425 8574//3425
f 8577//3425 8481//3425 8483//3425
f 8577//3425 8575//3425 8481//3425
f 8578//3424 8387//3424 8576//3424
f 8578//3424 8385//3424 8387//3424
f 8579//3424 8483//3424 8485//3424
f 8579//3432 8577//3432 8483//3432
f 8580//3425 8383//3425 8385//3425
f 8580//3424 8385//3424 8578//3424
f 8581//3433 8579//3433 8485//3433
f 8581//3425 8485//3425 8487//3425
f 8582//3424 8381//3424 8383//3424
f 8582//3425 8383//3425 8580//3425
f 8583//3424 8487//3424 8489//3424
f 8583//3424 8581//3424 8487//3424
f 8584//3424 8379//3424 8381//3424
f 8584//3424 8381//3424 8582//3424
f 8585//3432 8489//3432 8491//3432
f 8585//3424 8583//3424 8489//3424
f 8377//3424 8379//3424 8584//3424
f 8586//3424 8377//3424 8584//3424
f 8587//3424 8491//3424 8493//3424
f 8587//3424 8585//3424 8491//3424
f 8588//3424 8375//3424 8377//3424
f 8588//3424 8377//3424 8586//3424
f 8589//3425 8493//3425 8495//3425
f 8589//3444 8587//3444 8493//3444
f 8590//3425 8373//3425 8375//3425
f 8590//3424 8375//3424 8588//3424
f 8591//3432 8495//3432 8497//3432
f 8591//3424 8589//3424 8495//3424
f 8592//3425 8373//3425 8590//3425
f 8372//3424 8373//3424 8592//3424
f 8593//3425 8591//3425 8497//3425
f 8500//3424 8593//3424 8497//3424
f 8594//3444 8372//3444 8592//3444
f 8369//3424 8372//3424 8594//3424
f 8501//3425 8593//3425 8500//3425
f 8501//3424 8595//3424 8593//3424
f 8368//3424 8369//3424 8594//3424
f 8368//3424 8594//3424 8596//3424
f 8503//3424 8595//3424 8501//3424
f 8503//3425 8597//3425 8595//3425
f 8366//3424 8368//3424 8596//3424
f 8366//3424 8596//3424 8598//3424
f 8599//3425 8597//3425 8503//3425
f 8505//3433 8599//3433 8503//3433
f 8363//3424 8366//3424 8598//3424
f 8363//3424 8598//3424 8600//3424
f 8507//3424 8599//3424 8505//3424
f 8507//3424 8601//3424 8599//3424
f 8362//3424 8363//3424 8600//3424
f 8362//3424 8600//3424 8602//3424
f 8603//3424 8362//3424 8602//3424
f 8509//3444 8601//3444 8507//3444
f 8509//3444 8604//3444 8601//3444
f 8605//3424 8604//3424 8509//3424
f 8359//3424 8362//3424 8603//3424
f 8511//3432 8605//3432 8509//3432
f 8606//3432 8605//3432 8511//3432
f 8357//3424 8359//3424 8603//3424
f 8357//3432 8603//3432 8607//3432
f 8513//3433 8606//3433 8511//3433
f 8356//3425 8607//3425 8608//3425
f 8356//3425 8357//3425 8607//3425
f 8515//3425 8609//3425 8606//3425
f 8515//3424 8606//3424 8513//3424
f 8353//3424 8608//3424 8610//3424
f 8353//3432 8356//3432 8608//3432
f 8517//3424 8611//3424 8609//3424
f 8517//3425 8609//3425 8515//3425
f 8351//3444 8610//3444 8612//3444
f 8351//3438 8353//3438 8610//3438
f 8519//3424 8613//3424 8611//3424
f 8519//3424 8614//3424 8613//3424
f 8519//3444 8611//3444 8517//3444
f 8350//3424 8612//3424 8615//3424
f 8350//3424 8351//3424 8612//3424
f 8521//3425 8616//3425 8614//3425
f 8521//3424 8614//3424 8519//3424
f 8347//3424 8350//3424 8615//3424
f 8347//3444 8615//3444 8617//3444
f 8523//3424 8616//3424 8521//3424
f 8346//3444 8618//3444 8619//3444
f 8346//3444 8617//3444 8618//3444
f 8346//3425 8347//3425 8617//3425
f 8525//3444 8616//3444 8523//3444
f 8525//3424 8620//3424 8616//3424
f 8525//3424 8621//3424 8620//3424
f 8343//3424 8346//3424 8619//3424
f 8527//3424 8621//3424 8525//3424
f 8342//3424 8343//3424 8619//3424
f 8342//3424 8619//3424 8622//3424
f 8278//3425 8623//3425 8621//3425
f 8278//3424 8621//3424 8527//3424
f 8339//3424 8342//3424 8622//3424
f 8339//3424 8622//3424 8624//3424
f 8277//3424 8625//3424 8623//3424
f 8277//3424 8623//3424 8278//3424
f 8337//3424 8339//3424 8624//3424
f 8337//3424 8626//3424 8627//3424
f 8337//3424 8624//3424 8626//3424
f 8282//3424 8625//3424 8277//3424
f 8282//3424 8628//3424 8625//3424
f 8282//3424 8629//3424 8628//3424
f 8336//3424 8337//3424 8627//3424
f 8283//3425 8629//3425 8282//3425
f 8283//3425 8630//3425 8629//3425
f 8333//3424 8336//3424 8627//3424
f 8333//3444 8631//3444 8632//3444
f 8333//3425 8627//3425 8631//3425
f 8286//3424 8633//3424 8630//3424
f 8286//3424 8630//3424 8283//3424
f 8331//3424 8333//3424 8632//3424
f 8287//3424 8633//3424 8286//3424
f 8330//3444 8632//3444 8634//3444
f 8330//3424 8331//3424 8632//3424
f 8289//3444 8635//3444 8633//3444
f 8289//3424 8636//3424 8635//3424
f 8289//3425 8633//3425 8287//3425
f 8328//3424 8637//3424 8638//3424
f 8328//3424 8634//3424 8637//3424
f 8328//3425 8330//3425 8634//3425
f 8291//3425 8636//3425 8289//3425
f 8326//3438 8328//3438 8638//3438
f 8294//3424 8636//3424 8291//3424
f 8294//3425 8639//3425 8636//3425
f 8324//3425 8326//3425 8638//3425
f 8324//3425 8638//3425 8640//3425
f 8295//3424 8641//3424 8639//3424
f 8295//3424 8639//3424 8294//3424
f 8321//3425 8324//3425 8640//3425
f 8321//3424 8642//3424 8643//3424
f 8321//3424 8640//3424 8642//3424
f 8297//3440 8641//3440 8295//3440
f 8297//3424 8644//3424 8641//3424
f 8319//3424 8321//3424 8643//3424
f 8299//3424 8644//3424 8297//3424
f 8299//3424 8645//3424 8644//3424
f 8317//3424 8643//3424 8646//3424
f 8317//3424 8319//3424 8643//3424
f 8301//3424 8647//3424 8645//3424
f 8301//3424 8645//3424 8299//3424
f 8315//3424 8317//3424 8646//3424
f 8315//3424 8648//3424 8649//3424
f 8315//3424 8646//3424 8648//3424
f 8303//3424 8647//3424 8301//3424
f 8303//3424 8650//3424 8647//3424
f 8303//3424 8651//3424 8650//3424
f 8314//3424 8315//3424 8649//3424
f 8305//3424 8651//3424 8303//3424
f 8311//3424 8652//3424 8653//3424
f 8311//3424 8649//3424 8652//3424
f 8311//3424 8314//3424 8649//3424
f 8308//3424 8654//3424 8651//3424
f 8308//3425 8651//3425 8305//3425
f 8309//3425 8653//3425 8654//3425
f 8309//3424 8311//3424 8653//3424
f 8309//3424 8654//3424 8308//3424
f 8435//4684 8655//4684 8656//4684
f 8434//4684 8655//4684 8435//4684
f 8656//4684 8657//4684 8435//4684
f 8435//4685 8657//4685 8438//4685
f 8430//4684 8658//4684 8431//4684
f 8431//4685 8658//4685 8434//4685
f 8434//4685 8658//4685 8655//4685
f 8438//4684 8659//4684 8440//4684
f 8657//4685 8659//4685 8438//4685
f 8427//4684 8660//4684 8430//4684
f 8430//4684 8660//4684 8658//4684
f 8440//4684 8661//4684 8441//4684
f 8441//4684 8661//4684 8444//4684
f 8659//4684 8661//4684 8440//4684
f 8427//4684 8662//4684 8660//4684
f 8661//4684 8663//4684 8444//4684
f 8425//4686 8664//4686 8427//4686
f 8427//4684 8664//4684 8662//4684
f 8663//4684 8665//4684 8444//4684
f 8444//4684 8665//4684 8446//4684
f 8446//4684 8665//4684 8448//4684
f 8425//4685 8666//4685 8664//4685
f 8424//4685 8666//4685 8425//4685
f 8665//4684 8667//4684 8448//4684
f 8424//4686 8668//4686 8666//4686
f 8420//4687 8668//4687 8422//4687
f 8422//4684 8668//4684 8424//4684
f 8667//4685 8669//4685 8448//4685
f 8448//4684 8669//4684 8450//4684
f 8420//4684 8670//4684 8668//4684
f 8669//4684 8671//4684 8450//4684
f 8450//4685 8671//4685 8452//4685
f 8417//4685 8672//4685 8420//4685
f 8420//4685 8672//4685 8670//4685
f 8671//4685 8673//4685 8452//4685
f 8452//4684 8673//4684 8454//4684
f 8454//4684 8673//4684 8456//4684
f 8415//4684 8674//4684 8417//4684
f 8417//4686 8674//4686 8672//4686
f 8673//4684 8675//4684 8456//4684
f 8456//4684 8675//4684 8458//4684
f 8415//4688 8676//4688 8674//4688
f 8414//4687 8676//4687 8415//4687
f 8675//4684 8677//4684 8458//4684
f 8458//4684 8677//4684 8460//4684
f 8414//4685 8678//4685 8676//4685
f 8412//4684 8678//4684 8414//4684
f 8677//4689 8679//4689 8460//4689
f 8412//4686 8680//4686 8678//4686
f 8407//4684 8680//4684 8410//4684
f 8410//4684 8680//4684 8412//4684
f 8679//4684 8681//4684 8460//4684
f 8460//4688 8681//4688 8461//4688
f 8461//4686 8681//4686 8464//4686
f 8407//4685 8682//4685 8680//4685
f 8681//4684 8683//4684 8464//4684
f 8404//4684 8684//4684 8406//4684
f 8406//4684 8684//4684 8407//4684
f 8407//4684 8684//4684 8682//4684
f 8683//4684 8685//4684 8464//4684
f 8464//4689 8685//4689 8466//4689
f 8404//4685 8686//4685 8684//4685
f 8685//4684 8687//4684 8466//4684
f 8466//4684 8687//4684 8468//4684
f 8402//4684 8688//4684 8404//4684
f 8404//4684 8688//4684 8686//4684
f 8687//4684 8689//4684 8468//4684
f 8468//4686 8689//4686 8469//4686
f 8469//4689 8689//4689 8471//4689
f 8398//4684 8690//4684 8400//4684
f 8400//4685 8690//4685 8402//4685
f 8402//4685 8690//4685 8688//4685
f 8689//4685 8691//4685 8471//4685
f 8398//4684 8692//4684 8690//4684
f 8691//4685 8693//4685 8471//4685
f 8471//4686 8693//4686 8474//4686
f 8398//4685 8694//4685 8692//4685
f 8396//4685 8694//4685 8398//4685
f 8693//4686 8695//4686 8474//4686
f 8474//4684 8695//4684 8476//4684
f 8396//4684 8696//4684 8694//4684
f 8393//4684 8696//4684 8396//4684
f 8478//4684 8697//4684 8479//4684
f 8695//4684 8697//4684 8476//4684
f 8476//4684 8697//4684 8478//4684
f 8393//4684 8698//4684 8696//4684
f 8392//4685 8698//4685 8393//4685
f 8392//4684 8390//4684 8698//4684
f 8697//4684 8699//4684 8479//4684
f 8699//4684 8482//4684 8479//4684
f 8390//4685 8700//4685 8698//4685
f 8699//4685 8701//4685 8482//4685
f 8388//4685 8702//4685 8390//4685
f 8390//4684 8702//4684 8700//4684
f 8482//4684 8703//4684 8484//4684
f 8701//4684 8703//4684 8482//4684
f 8388//4684 8704//4684 8702//4684
f 8386//4684 8704//4684 8388//4684
f 8484//4684 8705//4684 8486//4684
f 8703//4684 8705//4684 8484//4684
f 8384//4684 8706//4684 8386//4684
f 8386//4685 8706//4685 8704//4685
f 8705//4684 8707//4684 8486//4684
f 8486//4684 8707//4684 8488//4684
f 8382//4684 8708//4684 8384//4684
f 8384//4684 8708//4684 8706//4684
f 8488//4684 8709//4684 8490//4684
f 8707//4684 8709//4684 8488//4684
f 8380//4684 8710//4684 8382//4684
f 8382//4684 8710//4684 8708//4684
f 8490//4684 8711//4684 8492//4684
f 8709//4684 8711//4684 8490//4684
f 8380//4690 8378//4690 8710//4690
f 8378//4687 8712//4687 8710//4687
f 8492//4684 8713//4684 8494//4684
f 8711//4684 8713//4684 8492//4684
f 8376//4684 8714//4684 8378//4684
f 8378//4685 8714//4685 8712//4685
f 8494//4684 8715//4684 8496//4684
f 8713//4686 8715//4686 8494//4686
f 8374//4684 8716//4684 8376//4684
f 8376//4685 8716//4685 8714//4685
f 8496//4684 8717//4684 8498//4684
f 8715//4689 8717//4689 8496//4689
f 8374//4684 8718//4684 8716//4684
f 8374//4685 8371//4685 8718//4685
f 8717//4684 8719//4684 8498//4684
f 8719//4684 8499//4684 8498//4684
f 8371//4685 8720//4685 8718//4685
f 8371//4684 8370//4684 8720//4684
f 8719//4685 8502//4685 8499//4685
f 8721//4685 8502//4685 8719//4685
f 8370//4684 8367//4684 8720//4684
f 8720//4689 8367//4689 8722//4689
f 8721//4684 8504//4684 8502//4684
f 8723//4684 8504//4684 8721//4684
f 8367//4684 8365//4684 8722//4684
f 8722//4687 8365//4687 8724//4687
f 8723//4684 8725//4684 8504//4684
f 8725//4684 8506//4684 8504//4684
f 8365//4684 8364//4684 8724//4684
f 8724//4684 8364//4684 8726//4684
f 8725//4684 8508//4684 8506//4684
f 8727//4687 8508//4687 8725//4687
f 8364//4684 8361//4684 8726//4684
f 8726//4684 8361//4684 8728//4684
f 8361//4689 8729//4689 8728//4689
f 8727//4685 8510//4685 8508//4685
f 8730//4685 8510//4685 8727//4685
f 8730//4689 8731//4689 8510//4689
f 8361//4685 8360//4685 8729//4685
f 8731//4684 8512//4684 8510//4684
f 8731//4684 8732//4684 8512//4684
f 8360//4685 8358//4685 8729//4685
f 8729//4685 8358//4685 8733//4685
f 8732//4684 8514//4684 8512//4684
f 8733//4688 8355//4688 8734//4688
f 8358//4685 8355//4685 8733//4685
f 8735//4685 8516//4685 8732//4685
f 8732//4685 8516//4685 8514//4685
f 8734//4691 8354//4691 8736//4691
f 8355//4685 8354//4685 8734//4685
f 8737//4684 8518//4684 8735//4684
f 8735//4684 8518//4684 8516//4684
f 8736//4684 8352//4684 8738//4684
f 8354//4684 8352//4684 8736//4684
f 8739//4685 8520//4685 8737//4685
f 8740//4685 8520//4685 8739//4685
f 8737//4684 8520//4684 8518//4684
f 8738//4684 8349//4684 8741//4684
f 8352//4684 8349//4684 8738//4684
f 8742//4689 8522//4689 8740//4689
f 8740//4684 8522//4684 8520//4684
f 8349//4684 8348//4684 8741//4684
f 8741//4684 8348//4684 8743//4684
f 8742//4684 8524//4684 8522//4684
f 8744//4685 8345//4685 8745//4685
f 8743//4685 8345//4685 8744//4685
f 8348//4686 8345//4686 8743//4686
f 8742//4684 8526//4684 8524//4684
f 8746//4685 8526//4685 8742//4685
f 8747//4684 8526//4684 8746//4684
f 8345//4684 8344//4684 8745//4684
f 8747//4684 8528//4684 8526//4684
f 8344//4684 8341//4684 8745//4684
f 8745//4684 8341//4684 8748//4684
f 8749//4685 8279//4685 8747//4685
f 8747//4684 8279//4684 8528//4684
f 8341//4684 8340//4684 8748//4684
f 8748//4684 8340//4684 8750//4684
f 8751//4684 8280//4684 8749//4684
f 8749//4684 8280//4684 8279//4684
f 8340//4684 8338//4684 8750//4684
f 8752//4689 8338//4689 8753//4689
f 8750//4684 8338//4684 8752//4684
f 8751//4685 8281//4685 8280//4685
f 8754//4685 8281//4685 8751//4685
f 8755//4684 8281//4684 8754//4684
f 8338//4685 8335//4685 8753//4685
f 8755//4684 8284//4684 8281//4684
f 8756//4685 8284//4685 8755//4685
f 8335//4685 8334//4685 8753//4685
f 8757//4684 8334//4684 8758//4684
f 8753//4684 8334//4684 8757//4684
f 8759//4684 8285//4684 8756//4684
f 8756//4685 8285//4685 8284//4685
f 8334//4684 8332//4684 8758//4684
f 8759//4684 8288//4684 8285//4684
f 8758//4684 8329//4684 8760//4684
f 8332//4684 8329//4684 8758//4684
f 8761//4684 8290//4684 8759//4684
f 8762//4685 8290//4685 8761//4685
f 8759//4685 8290//4685 8288//4685
f 8763//4692 8327//4692 8764//4692
f 8760//4684 8327//4684 8763//4684
f 8329//4684 8327//4684 8760//4684
f 8762//4684 8292//4684 8290//4684
f 8327//4690 8325//4690 8764//4690
f 8762//4685 8293//4685 8292//4685
f 8765//4684 8293//4684 8762//4684
f 8325//4685 8323//4685 8764//4685
f 8764//4686 8323//4686 8766//4686
f 8767//4684 8296//4684 8765//4684
f 8765//4684 8296//4684 8293//4684
f 8323//4685 8322//4685 8766//4685
f 8768//4686 8322//4686 8769//4686
f 8766//4685 8322//4685 8768//4685
f 8767//4684 8298//4684 8296//4684
f 8770//4688 8298//4688 8767//4688
f 8322//4684 8320//4684 8769//4684
f 8770//4684 8300//4684 8298//4684
f 8771//4684 8300//4684 8770//4684
f 8769//4684 8318//4684 8772//4684
f 8320//4684 8318//4684 8769//4684
f 8773//4684 8302//4684 8771//4684
f 8771//4684 8302//4684 8300//4684
f 8318//4684 8316//4684 8772//4684
f 8774//4687 8316//4687 8775//4687
f 8772//4684 8316//4684 8774//4684
f 8773//4688 8304//4688 8302//4688
f 8776//4687 8304//4687 8773//4687
f 8777//4685 8304//4685 8776//4685
f 8316//4684 8313//4684 8775//4684
f 8777//4684 8306//4684 8304//4684
f 8778//4689 8312//4689 8779//4689
f 8775//4684 8312//4684 8778//4684
f 8313//4684 8312//4684 8775//4684
f 8780//4688 8307//4688 8777//4688
f 8777//4684 8307//4684 8306//4684
f 8779//4684 8310//4684 8780//4684
f 8312//4684 8310//4684 8779//4684
f 8780//4684 8310//4684 8307//4684
f 8623//4591 8625//4591 8749//4591
f 8749//4591 8625//4591 8751//4591
f 8751//4592 8625//4592 8754//4592
f 8625//4592 8628//4592 8754//4592
f 8754//4693 8629//4693 8755//4693
f 8755//4694 8629//4694 8756//4694
f 8628//4693 8629//4693 8754//4693
f 8629//4695 8630//4695 8756//4695
f 8756//4696 8633//4696 8759//4696
f 8630//4696 8633//4696 8756//4696
f 8759//4697 8635//4697 8761//4697
f 8633//4698 8635//4698 8759//4698
f 8761//4598 8636//4598 8762//4598
f 8762//4600 8636//4600 8765//4600
f 8635//4598 8636//4598 8761//4598
f 8636//4600 8639//4600 8765//4600
f 8765//4699 8641//4699 8767//4699
f 8639//4700 8641//4700 8765//4700
f 8767//4701 8644//4701 8770//4701
f 8641//4701 8644//4701 8767//4701
f 8644//4702 8645//4702 8770//4702
f 8770//4702 8645//4702 8771//4702
f 8645//4604 8647//4604 8771//4604
f 8771//4703 8647//4703 8773//4703
f 8647//4704 8650//4704 8773//4704
f 8773//4704 8650//4704 8776//4704
f 8650//4705 8651//4705 8776//4705
f 8776//4705 8651//4705 8777//4705
f 8777//4706 8651//4706 8780//4706
f 8651//4707 8654//4707 8780//4707
f 8654//4708 8653//4708 8780//4708
f 8780//4612 8653//4612 8779//4612
f 8653//4613 8652//4613 8779//4613
f 8779//4613 8652//4613 8778//4613
f 8778//4614 8652//4614 8775//4614
f 8652//4709 8649//4709 8775//4709
f 8649//4617 8648//4617 8775//4617
f 8775//4710 8648//4710 8774//4710
f 8648//4711 8646//4711 8774//4711
f 8774//4712 8646//4712 8772//4712
f 8646//4713 8643//4713 8772//4713
f 8772//4713 8643//4713 8769//4713
f 8643//4622 8642//4622 8769//4622
f 8769//4621 8642//4621 8768//4621
f 8768//4624 8642//4624 8766//4624
f 8766//4626 8640//4626 8764//4626
f 8642//4624 8640//4624 8766//4624
f 8764//4627 8638//4627 8763//4627
f 8640//4625 8638//4625 8764//4625
f 8763//4628 8637//4628 8760//4628
f 8638//4627 8637//4627 8763//4627
f 8637//4628 8634//4628 8760//4628
f 8760//4630 8632//4630 8758//4630
f 8634//4630 8632//4630 8760//4630
f 8758//4714 8631//4714 8757//4714
f 8757//4633 8631//4633 8753//4633
f 8632//4714 8631//4714 8758//4714
f 8631//4632 8627//4632 8753//4632
f 8753//4715 8626//4715 8752//4715
f 8627//4715 8626//4715 8753//4715
f 8752//4636 8624//4636 8750//4636
f 8750//4637 8624//4637 8748//4637
f 8626//4636 8624//4636 8752//4636
f 8624//4637 8622//4637 8748//4637
f 8748//4640 8619//4640 8745//4640
f 8745//4716 8619//4716 8744//4716
f 8622//4640 8619//4640 8748//4640
f 8619//4716 8618//4716 8744//4716
f 8744//4642 8617//4642 8743//4642
f 8743//4717 8617//4717 8741//4717
f 8618//4641 8617//4641 8744//4641
f 8617//4717 8615//4717 8741//4717
f 8615//4718 8612//4718 8741//4718
f 8741//4644 8612//4644 8738//4644
f 8612//4646 8610//4646 8738//4646
f 8738//4646 8610//4646 8736//4646
f 8736//4647 8610//4647 8734//4647
f 8610//4647 8608//4647 8734//4647
f 8608//4648 8607//4648 8734//4648
f 8734//4649 8607//4649 8733//4649
f 8607//4651 8603//4651 8733//4651
f 8733//4651 8603//4651 8729//4651
f 8729//4652 8603//4652 8728//4652
f 8603//4653 8602//4653 8728//4653
f 8602//4719 8600//4719 8728//4719
f 8728//4719 8600//4719 8726//4719
f 8726//4720 8600//4720 8724//4720
f 8600//4721 8598//4721 8724//4721
f 8724//4722 8598//4722 8722//4722
f 8598//4658 8596//4658 8722//4658
f 8596//4723 8594//4723 8722//4723
f 8722//4660 8594//4660 8720//4660
f 8720//4661 8594//4661 8718//4661
f 8594//4661 8592//4661 8718//4661
f 8592//4724 8590//4724 8718//4724
f 8718//4663 8590//4663 8716//4663
f 8590//4725 8588//4725 8716//4725
f 8716//4726 8588//4726 8714//4726
f 8588//4727 8586//4727 8714//4727
f 8714//4727 8586//4727 8712//4727
f 8586//4728 8584//4728 8712//4728
f 8712//4728 8584//4728 8710//4728
f 8584//4669 8582//4669 8710//4669
f 8710//4729 8582//4729 8708//4729
f 8582//4730 8580//4730 8708//4730
f 8708//4730 8580//4730 8706//4730
f 8580//4731 8578//4731 8706//4731
f 8706//4731 8578//4731 8704//4731
f 8578//4732 8576//4732 8704//4732
f 8704//4733 8576//4733 8702//4733
f 8576//4675 8574//4675 8702//4675
f 8702//4675 8574//4675 8700//4675
f 8574//4676 8572//4676 8700//4676
f 8700//4676 8572//4676 8698//4676
f 8698//4734 8572//4734 8696//4734
f 8572//4735 8570//4735 8696//4735
f 8696//4736 8568//4736 8694//4736
f 8570//4736 8568//4736 8696//4736
f 8694//4737 8566//4737 8692//4737
f 8568//4738 8566//4738 8694//4738
f 8692//4739 8564//4739 8690//4739
f 8566//4739 8564//4739 8692//4739
f 8564//4682 8562//4682 8690//4682
f 8690//4682 8562//4682 8688//4682
f 8562//4683 8560//4683 8688//4683
f 8688//4683 8560//4683 8686//4683
f 8560//4510 8558//4510 8686//4510
f 8686//4510 8558//4510 8684//4510
f 8684//4512 8558//4512 8682//4512
f 8558//4512 8556//4512 8682//4512
f 8556//4740 8554//4740 8682//4740
f 8682//4740 8554//4740 8680//4740
f 8554//4741 8552//4741 8680//4741
f 8680//4741 8552//4741 8678//4741
f 8552//4515 8550//4515 8678//4515
f 8678//4515 8550//4515 8676//4515
f 8676//4742 8550//4742 8674//4742
f 8550//4742 8548//4742 8674//4742
f 8674//4518 8548//4518 8672//4518
f 8548//4518 8546//4518 8672//4518
f 8546//4743 8544//4743 8672//4743
f 8672//4743 8544//4743 8670//4743
f 8544//4744 8542//4744 8670//4744
f 8670//4744 8542//4744 8668//4744
f 8542//4745 8540//4745 8668//4745
f 8668//4745 8540//4745 8666//4745
f 8666//4746 8540//4746 8664//4746
f 8664//4524 8538//4524 8662//4524
f 8540//4746 8538//4746 8664//4746
f 8538//4524 8536//4524 8662//4524
f 8662//4747 8534//4747 8660//4747
f 8660//4748 8534//4748 8658//4748
f 8536//4525 8534//4525 8662//4525
f 8534//4748 8532//4748 8658//4748
f 8658//4749 8529//4749 8655//4749
f 8655//4750 8529//4750 8656//4750
f 8532//4527 8529//4527 8658//4527
f 8529//4529 8530//4529 8656//4529
f 8656//4530 8531//4530 8657//4530
f 8530//4751 8531//4751 8656//4751
f 8657//4531 8533//4531 8659//4531
f 8659//4752 8533//4752 8661//4752
f 8531//4753 8533//4753 8657//4753
f 8533//4752 8535//4752 8661//4752
f 8661//4754 8537//4754 8663//4754
f 8535//4755 8537//4755 8661//4755
f 8663//4756 8539//4756 8665//4756
f 8537//4757 8539//4757 8663//4757
f 8665//4758 8541//4758 8667//4758
f 8539//4758 8541//4758 8665//4758
f 8667//4540 8543//4540 8669//4540
f 8541//4540 8543//4540 8667//4540
f 8669//4542 8545//4542 8671//4542
f 8543//4542 8545//4542 8669//4542
f 8545//4759 8547//4759 8671//4759
f 8671//4544 8547//4544 8673//4544
f 8547//4760 8549//4760 8673//4760
f 8673//4760 8549//4760 8675//4760
f 8549//4761 8551//4761 8675//4761
f 8675//4761 8551//4761 8677//4761
f 8551//4762 8553//4762 8677//4762
f 8677//4762 8553//4762 8679//4762
f 8679//4547 8553//4547 8681//4547
f 8553//4763 8555//4763 8681//4763
f 8681//4548 8557//4548 8683//4548
f 8555//4548 8557//4548 8681//4548
f 8683//4549 8559//4549 8685//4549
f 8557//4764 8559//4764 8683//4764
f 8685//4550 8561//4550 8687//4550
f 8687//4551 8561//4551 8689//4551
f 8559//4550 8561//4550 8685//4550
f 8689//4552 8563//4552 8691//4552
f 8561//4551 8563//4551 8689//4551
f 8563//4552 8565//4552 8691//4552
f 8691//4553 8567//4553 8693//4553
f 8565//4553 8567//4553 8691//4553
f 8693//4765 8569//4765 8695//4765
f 8567//4765 8569//4765 8693//4765
f 8695//4766 8571//4766 8697//4766
f 8697//4767 8571//4767 8699//4767
f 8569//4766 8571//4766 8695//4766
f 8571//4767 8573//4767 8699//4767
f 8699//4558 8575//4558 8701//4558
f 8573//4768 8575//4768 8699//4768
f 8701//4559 8577//4559 8703//4559
f 8575//4559 8577//4559 8701//4559
f 8703//4769 8579//4769 8705//4769
f 8577//4769 8579//4769 8703//4769
f 8705//4770 8581//4770 8707//4770
f 8579//4770 8581//4770 8705//4770
f 8707//4771 8583//4771 8709//4771
f 8581//4564 8583//4564 8707//4564
f 8709//4772 8585//4772 8711//4772
f 8583//4773 8585//4773 8709//4773
f 8711//4774 8587//4774 8713//4774
f 8585//4774 8587//4774 8711//4774
f 8713//4569 8589//4569 8715//4569
f 8587//4775 8589//4775 8713//4775
f 8715//4570 8591//4570 8717//4570
f 8717//4776 8591//4776 8719//4776
f 8589//4777 8591//4777 8715//4777
f 8591//4572 8593//4572 8719//4572
f 8593//4573 8595//4573 8719//4573
f 8719//4778 8595//4778 8721//4778
f 8595//4779 8597//4779 8721//4779
f 8721//4779 8597//4779 8723//4779
f 8597//4575 8599//4575 8723//4575
f 8723//4780 8599//4780 8725//4780
f 8599//4576 8601//4576 8725//4576
f 8725//4576 8601//4576 8727//4576
f 8601//4781 8604//4781 8727//4781
f 8727//4781 8604//4781 8730//4781
f 8604//4782 8605//4782 8730//4782
f 8730//4782 8605//4782 8731//4782
f 8605//4783 8606//4783 8731//4783
f 8731//4783 8606//4783 8732//4783
f 8606//4784 8609//4784 8732//4784
f 8732//4784 8609//4784 8735//4784
f 8609//4582 8611//4582 8735//4582
f 8735//4582 8611//4582 8737//4582
f 8611//4785 8613//4785 8737//4785
f 8737//4785 8613//4785 8739//4785
f 8613//4584 8614//4584 8739//4584
f 8739//4584 8614//4584 8740//4584
f 8614//4786 8616//4786 8740//4786
f 8740//4786 8616//4786 8742//4786
f 8742//4787 8620//4787 8746//4787
f 8616//4787 8620//4787 8742//4787
f 8620//4588 8621//4588 8746//4588
f 8746//4588 8621//4588 8747//4588
f 8747//4590 8623//4590 8749//4590
f 8621//4590 8623//4590 8747//4590
f 8781//4788 8782//4788 8783//4788
f 8781//4788 8783//4788 8784//4788
f 8781//4789 8784//4789 8785//4789
f 8786//4790 8781//4790 8785//4790
f 8787//4791 8785//4791 8788//4791
f 8787//4792 8788//4792 8789//4792
f 8787//4791 8786//4791 8785//4791
f 8790//4792 8787//4792 8789//4792
f 8791//4793 8789//4793 8792//4793
f 8791//4793 8790//4793 8789//4793
f 8793//4794 8792//4794 8794//4794
f 8793//4794 8791//4794 8792//4794
f 8795//4795 8794//4795 8796//4795
f 8795//4796 8796//4796 8797//4796
f 8795//4795 8793//4795 8794//4795
f 8798//4796 8795//4796 8797//4796
f 8799//4797 8797//4797 8800//4797
f 8799//4797 8798//4797 8797//4797
f 8801//4798 8800//4798 8802//4798
f 8801//4798 8799//4798 8800//4798
f 8803//4799 8801//4799 8802//4799
f 8803//4800 8802//4800 8804//4800
f 8805//4801 8803//4801 8804//4801
f 8805//4801 8804//4801 8806//4801
f 8807//4802 8805//4802 8806//4802
f 8807//4802 8806//4802 8808//4802
f 8809//4803 8807//4803 8808//4803
f 8809//4803 8808//4803 8810//4803
f 8809//4804 8810//4804 8811//4804
f 8812//4804 8809//4804 8811//4804
f 8813//4805 8812//4805 8811//4805
f 8813//4806 8811//4806 8814//4806
f 8815//4807 8813//4807 8814//4807
f 8815//4807 8814//4807 8816//4807
f 8815//4808 8816//4808 8817//4808
f 8818//4809 8815//4809 8817//4809
f 8819//4810 8818//4810 8817//4810
f 8819//4811 8817//4811 8820//4811
f 8821//4812 8819//4812 8820//4812
f 8821//4813 8820//4813 8822//4813
f 8823//4814 8821//4814 8822//4814
f 8823//4815 8822//4815 8824//4815
f 8825//4816 8823//4816 8824//4816
f 8825//4816 8824//4816 8826//4816
f 8825//4817 8826//4817 8827//4817
f 8828//4818 8827//4818 8829//4818
f 8828//4819 8825//4819 8827//4819
f 8830//4820 8829//4820 8831//4820
f 8830//4821 8828//4821 8829//4821
f 8832//4822 8831//4822 8833//4822
f 8832//4823 8830//4823 8831//4823
f 8834//4822 8832//4822 8833//4822
f 8835//4824 8833//4824 8836//4824
f 8835//4824 8834//4824 8833//4824
f 8837//4825 8836//4825 8838//4825
f 8837//4826 8838//4826 8839//4826
f 8837//4825 8835//4825 8836//4825
f 8840//4826 8837//4826 8839//4826
f 8841//4827 8839//4827 8842//4827
f 8841//4827 8840//4827 8839//4827
f 8843//4828 8842//4828 8844//4828
f 8843//4829 8844//4829 8845//4829
f 8843//4828 8841//4828 8842//4828
f 8846//4829 8843//4829 8845//4829
f 8847//4830 8845//4830 8848//4830
f 8847//4831 8848//4831 8849//4831
f 8847//4830 8846//4830 8845//4830
f 8850//4831 8847//4831 8849//4831
f 8851//4832 8849//4832 8852//4832
f 8851//4833 8852//4833 8853//4833
f 8851//4832 8850//4832 8849//4832
f 8854//4833 8851//4833 8853//4833
f 8855//4834 8854//4834 8853//4834
f 8855//4834 8853//4834 8856//4834
f 8857//4835 8855//4835 8856//4835
f 8857//4835 8856//4835 8858//4835
f 8857//4836 8858//4836 8859//4836
f 8860//4837 8857//4837 8859//4837
f 8861//4838 8860//4838 8859//4838
f 8861//4839 8859//4839 8862//4839
f 8863//4840 8861//4840 8862//4840
f 8863//4840 8862//4840 8864//4840
f 8863//4841 8864//4841 8865//4841
f 8866//4841 8863//4841 8865//4841
f 8867//4842 8866//4842 8865//4842
f 8867//4842 8865//4842 8868//4842
f 8867//4843 8868//4843 8869//4843
f 8870//4844 8867//4844 8869//4844
f 8870//4845 8869//4845 8871//4845
f 8872//4846 8870//4846 8871//4846
f 8873//4847 8872//4847 8871//4847
f 8873//4848 8871//4848 8874//4848
f 8873//4849 8874//4849 8875//4849
f 8876//4849 8873//4849 8875//4849
f 8877//4850 8876//4850 8875//4850
f 8877//4851 8875//4851 8878//4851
f 8879//4852 8877//4852 8878//4852
f 8879//4852 8878//4852 8880//4852
f 8881//4853 8879//4853 8880//4853
f 8881//4853 8880//4853 8882//4853
f 8883//4854 8881//4854 8882//4854
f 8883//4854 8882//4854 8884//4854
f 8885//4855 8883//4855 8884//4855
f 8885//4855 8884//4855 8886//4855
f 8887//4856 8885//4856 8886//4856
f 8887//4857 8886//4857 8888//4857
f 8889//4858 8887//4858 8888//4858
f 8889//4858 8888//4858 8890//4858
f 8891//4859 8889//4859 8890//4859
f 8891//4859 8890//4859 8892//4859
f 8893//4860 8891//4860 8892//4860
f 8893//4860 8892//4860 8894//4860
f 8895//4861 8893//4861 8894//4861
f 8895//4861 8894//4861 8896//4861
f 8895//4862 8896//4862 8897//4862
f 8898//4862 8895//4862 8897//4862
f 8899//4863 8897//4863 8900//4863
f 8899//4864 8898//4864 8897//4864
f 8901//4865 8900//4865 8902//4865
f 8901//4865 8899//4865 8900//4865
f 8903//4866 8902//4866 8904//4866
f 8903//4866 8901//4866 8902//4866
f 8905//4867 8903//4867 8904//4867
f 8905//4868 8904//4868 8906//4868
f 8907//4869 8905//4869 8906//4869
f 8907//4869 8906//4869 8908//4869
f 8909//4870 8907//4870 8908//4870
f 8909//4870 8908//4870 8910//4870
f 8909//4871 8910//4871 8911//4871
f 8912//4871 8909//4871 8911//4871
f 8913//4872 8912//4872 8911//4872
f 8913//4872 8911//4872 8914//4872
f 8915//4873 8913//4873 8914//4873
f 8915//4873 8914//4873 8916//4873
f 8917//4874 8915//4874 8916//4874
f 8917//4875 8916//4875 8918//4875
f 8917//4876 8918//4876 8919//4876
f 8920//4876 8917//4876 8919//4876
f 8920//4877 8919//4877 8921//4877
f 8922//4877 8920//4877 8921//4877
f 8923//4878 8922//4878 8921//4878
f 8923//4879 8921//4879 8924//4879
f 8925//4880 8923//4880 8924//4880
f 8925//4880 8924//4880 8926//4880
f 8927//4881 8925//4881 8926//4881
f 8927//4881 8926//4881 8928//4881
f 8927//4882 8928//4882 8929//4882
f 8930//4883 8929//4883 8931//4883
f 8930//4884 8927//4884 8929//4884
f 8932//4883 8930//4883 8931//4883
f 8933//4885 8931//4885 8934//4885
f 8933//4886 8934//4886 8935//4886
f 8933//4887 8932//4887 8931//4887
f 8936//4888 8933//4888 8935//4888
f 8937//4889 8935//4889 8938//4889
f 8937//4890 8938//4890 8939//4890
f 8937//4889 8936//4889 8935//4889
f 8940//4891 8937//4891 8939//4891
f 8941//4892 8939//4892 8942//4892
f 8941//4892 8940//4892 8939//4892
f 8943//4893 8942//4893 8944//4893
f 8943//4894 8944//4894 8945//4894
f 8943//4895 8941//4895 8942//4895
f 8946//4896 8943//4896 8945//4896
f 8947//4897 8945//4897 8948//4897
f 8947//4897 8946//4897 8945//4897
f 8949//4898 8948//4898 8950//4898
f 8949//4899 8947//4899 8948//4899
f 8951//4900 8950//4900 8952//4900
f 8951//4901 8949//4901 8950//4901
f 8953//4902 8952//4902 8954//4902
f 8953//4903 8951//4903 8952//4903
f 8955//4904 8954//4904 8956//4904
f 8955//4905 8953//4905 8954//4905
f 8957//4906 8955//4906 8956//4906
f 8957//4906 8956//4906 8958//4906
f 8959//4907 8957//4907 8958//4907
f 8959//4907 8958//4907 8960//4907
f 8961//4908 8959//4908 8960//4908
f 8961//4908 8960//4908 8962//4908
f 8963//4909 8961//4909 8962//4909
f 8963//4909 8962//4909 8964//4909
f 8963//4910 8964//4910 8965//4910
f 8966//4911 8963//4911 8965//4911
f 8967//4912 8965//4912 8968//4912
f 8967//4912 8966//4912 8965//4912
f 8969//4913 8968//4913 8970//4913
f 8969//4913 8967//4913 8968//4913
f 8971//4914 8970//4914 8972//4914
f 8971//4915 8972//4915 8973//4915
f 8971//4914 8969//4914 8970//4914
f 8974//4916 8973//4916 8975//4916
f 8974//4915 8971//4915 8973//4915
f 8976//4916 8974//4916 8975//4916
f 8977//4917 8975//4917 8978//4917
f 8977//4918 8976//4918 8975//4918
f 8979//4919 8978//4919 8980//4919
f 8979//4919 8977//4919 8978//4919
f 8981//4920 8980//4920 8982//4920
f 8981//4921 8982//4921 8983//4921
f 8981//4920 8979//4920 8980//4920
f 8984//4921 8981//4921 8983//4921
f 8985//4922 8983//4922 8986//4922
f 8985//4922 8984//4922 8983//4922
f 8987//4923 8986//4923 8988//4923
f 8987//4924 8985//4924 8986//4924
f 8989//4925 8988//4925 8990//4925
f 8989//4926 8987//4926 8988//4926
f 8991//4927 8990//4927 8992//4927
f 8991//4928 8989//4928 8990//4928
f 8993//4929 8992//4929 8994//4929
f 8993//4930 8991//4930 8992//4930
f 8995//4931 8994//4931 8996//4931
f 8995//4931 8993//4931 8994//4931
f 8997//4932 8996//4932 8998//4932
f 8997//4933 8995//4933 8996//4933
f 8999//4934 8998//4934 9000//4934
f 8999//4935 8997//4935 8998//4935
f 9001//4936 9000//4936 9002//4936
f 9001//4937 9002//4937 9003//4937
f 9001//4936 8999//4936 9000//4936
f 9004//4938 9001//4938 9003//4938
f 9005//4939 9004//4939 9003//4939
f 9005//4939 9003//4939 9006//4939
f 9007//4940 9005//4940 9006//4940
f 9007//4941 9006//4941 9008//4941
f 9009//4942 9007//4942 9008//4942
f 9009//4943 9008//4943 9010//4943
f 9011//4944 9009//4944 9010//4944
f 9011//4944 9010//4944 9012//4944
f 9013//4945 9011//4945 9012//4945
f 9013//4946 9012//4946 9014//4946
f 9015//4947 9013//4947 9014//4947
f 9015//4947 9014//4947 9016//4947
f 9017//4948 9015//4948 9016//4948
f 9017//4948 9016//4948 9018//4948
f 9019//4949 9017//4949 9018//4949
f 9019//4950 9018//4950 9020//4950
f 9021//4951 9019//4951 9020//4951
f 9021//4951 9020//4951 9022//4951
f 9023//4952 9021//4952 9022//4952
f 9023//4952 9022//4952 9024//4952
f 9025//4953 9023//4953 9024//4953
f 9025//4954 9024//4954 9026//4954
f 9027//4955 9025//4955 9026//4955
f 9027//4955 9026//4955 9028//4955
f 9029//4956 9028//4956 9030//4956
f 9029//4956 9027//4956 9028//4956
f 9031//4957 9029//4957 9030//4957
f 9031//4957 9030//4957 9032//4957
f 8782//4958 9032//4958 8783//4958
f 8782//4958 9031//4958 9032//4958
f 9033//3405 8940//3405 9034//3405
f 9033//3406 8937//3406 8940//3406
f 9035//3406 9034//3406 8940//3406
f 9035//3406 8940//3406 8941//3406
f 9036//3406 8933//3406 8936//3406
f 9036//3422 8936//3422 8937//3422
f 9036//3406 8937//3406 9033//3406
f 9037//3406 8941//3406 8943//3406
f 9037//3405 9035//3405 8941//3405
f 9038//3405 8932//3405 8933//3405
f 9038//3405 8933//3405 9036//3405
f 9039//3405 8943//3405 8946//3405
f 9039//3420 8946//3420 8947//3420
f 9039//3406 9037//3406 8943//3406
f 9040//3406 8932//3406 9038//3406
f 9041//3406 9039//3406 8947//3406
f 9042//3406 8930//3406 8932//3406
f 9042//3406 8932//3406 9040//3406
f 9043//3405 9041//3405 8947//3405
f 9043//3406 8947//3406 8949//3406
f 9043//3422 8949//3422 8951//3422
f 9044//3405 8930//3405 9042//3405
f 9044//3406 8927//3406 8930//3406
f 9045//3416 9043//3416 8951//3416
f 9046//3406 8927//3406 9044//3406
f 9046//3405 8923//3405 8925//3405
f 9046//3406 8925//3406 8927//3406
f 9047//3406 9045//3406 8951//3406
f 9047//3406 8951//3406 8953//3406
f 9048//3406 8923//3406 9046//3406
f 9049//3416 9047//3416 8953//3416
f 9049//3405 8953//3405 8955//3405
f 9050//3406 8922//3406 8923//3406
f 9050//3405 8923//3405 9048//3405
f 9051//3406 9049//3406 8955//3406
f 9051//3420 8955//3420 8957//3420
f 9051//3418 8957//3418 8959//3418
f 9052//3405 8920//3405 8922//3405
f 9052//3405 8922//3405 9050//3405
f 9053//3405 9051//3405 8959//3405
f 9053//3406 8959//3406 8961//3406
f 9054//3406 8920//3406 9052//3406
f 9054//3405 8917//3405 8920//3405
f 9055//3406 9053//3406 8961//3406
f 9055//3406 8961//3406 8963//3406
f 9056//3406 8917//3406 9054//3406
f 9056//3406 8915//3406 8917//3406
f 9057//3420 9055//3420 8963//3420
f 9058//3405 8915//3405 9056//3405
f 9058//3406 8912//3406 8913//3406
f 9058//3405 8913//3405 8915//3405
f 9059//3405 9057//3405 8963//3405
f 9059//3406 8963//3406 8966//3406
f 9059//3406 8966//3406 8967//3406
f 9060//3406 8912//3406 9058//3406
f 9061//3416 9059//3416 8967//3416
f 9062//3406 8907//3406 8909//3406
f 9062//3406 8909//3406 8912//3406
f 9062//3406 8912//3406 9060//3406
f 9063//3420 9061//3420 8967//3420
f 9063//3405 8967//3405 8969//3405
f 9064//3405 8907//3405 9062//3405
f 9065//3405 9063//3405 8969//3405
f 9065//3405 8969//3405 8971//3405
f 9066//3406 8905//3406 8907//3406
f 9066//3406 8907//3406 9064//3406
f 9067//3422 9065//3422 8971//3422
f 9067//3416 8971//3416 8974//3416
f 9067//3416 8974//3416 8976//3416
f 9068//3405 8901//3405 8903//3405
f 9068//3406 8903//3406 8905//3406
f 9068//3406 8905//3406 9066//3406
f 9069//3406 9067//3406 8976//3406
f 9070//3406 8901//3406 9068//3406
f 9071//3406 9069//3406 8976//3406
f 9071//3405 8976//3405 8977//3405
f 9072//3405 8901//3405 9070//3405
f 9072//3406 8899//3406 8901//3406
f 9073//3418 9071//3418 8977//3418
f 9073//3406 8977//3406 8979//3406
f 9074//3406 8899//3406 9072//3406
f 9074//3406 8898//3406 8899//3406
f 9075//3405 8981//3405 8984//3405
f 9075//3406 9073//3406 8979//3406
f 9075//3406 8979//3406 8981//3406
f 9076//3406 8898//3406 9074//3406
f 9076//3405 8895//3405 8898//3405
f 8893//3405 8895//3405 9076//3405
f 9077//3406 9075//3406 8984//3406
f 8985//3418 9077//3418 8984//3418
f 9078//3406 8893//3406 9076//3406
f 9079//3406 9077//3406 8985//3406
f 9080//3406 8891//3406 8893//3406
f 9080//3405 8893//3405 9078//3405
f 9081//3405 8985//3405 8987//3405
f 9081//3405 9079//3405 8985//3405
f 9082//3406 8891//3406 9080//3406
f 9082//3406 8889//3406 8891//3406
f 9083//3406 8987//3406 8989//3406
f 9083//3418 9081//3418 8987//3418
f 9084//3405 8887//3405 8889//3405
f 9084//3406 8889//3406 9082//3406
f 9085//3416 9083//3416 8989//3416
f 9085//3417 8989//3417 8991//3417
f 9086//3406 8885//3406 8887//3406
f 9086//3405 8887//3405 9084//3405
f 9087//3406 8991//3406 8993//3406
f 9087//3406 9085//3406 8991//3406
f 9088//3406 8883//3406 8885//3406
f 9088//3406 8885//3406 9086//3406
f 9089//3418 8993//3418 8995//3418
f 9089//3406 9087//3406 8993//3406
f 8881//3406 8883//3406 9088//3406
f 9090//3406 8881//3406 9088//3406
f 9091//3405 8995//3405 8997//3405
f 9091//3405 9089//3405 8995//3405
f 9092//3406 8879//3406 8881//3406
f 9092//3406 8881//3406 9090//3406
f 9093//3405 8997//3405 8999//3405
f 9093//3406 9091//3406 8997//3406
f 9094//3405 8877//3405 8879//3405
f 9094//3406 8879//3406 9092//3406
f 9095//3406 8999//3406 9001//3406
f 9095//3406 9093//3406 8999//3406
f 9096//3405 8877//3405 9094//3405
f 8876//3406 8877//3406 9096//3406
f 9097//3405 9095//3405 9001//3405
f 9004//3406 9097//3406 9001//3406
f 9098//3416 8876//3416 9096//3416
f 8873//3406 8876//3406 9098//3406
f 9005//3405 9097//3405 9004//3405
f 9005//3406 9099//3406 9097//3406
f 8872//3406 8873//3406 9098//3406
f 8872//3406 9098//3406 9100//3406
f 9007//3406 9099//3406 9005//3406
f 9007//3405 9101//3405 9099//3405
f 8870//3406 8872//3406 9100//3406
f 8870//3406 9100//3406 9102//3406
f 9103//3405 9101//3405 9007//3405
f 9009//3417 9103//3417 9007//3417
f 8867//3406 8870//3406 9102//3406
f 8867//3406 9102//3406 9104//3406
f 9011//3406 9103//3406 9009//3406
f 9011//3406 9105//3406 9103//3406
f 8866//3406 8867//3406 9104//3406
f 8866//3406 9104//3406 9106//3406
f 9107//3406 8866//3406 9106//3406
f 9013//3416 9105//3416 9011//3416
f 9013//3416 9108//3416 9105//3416
f 9109//3406 9108//3406 9013//3406
f 8863//3406 8866//3406 9107//3406
f 9015//3406 9109//3406 9013//3406
f 9110//3406 9109//3406 9015//3406
f 8861//3406 8863//3406 9107//3406
f 8861//3418 9107//3418 9111//3418
f 9017//3417 9110//3417 9015//3417
f 8860//3405 9111//3405 9112//3405
f 8860//3405 8861//3405 9111//3405
f 9019//3405 9113//3405 9110//3405
f 9019//3406 9110//3406 9017//3406
f 8857//3406 9112//3406 9114//3406
f 8857//3418 8860//3418 9112//3418
f 9021//3405 9115//3405 9113//3405
f 9021//3405 9113//3405 9019//3405
f 8855//3416 9114//3416 9116//3416
f 8855//3420 8857//3420 9114//3420
f 9023//3406 9117//3406 9115//3406
f 9023//3406 9118//3406 9117//3406
f 9023//3405 9115//3405 9021//3405
f 8854//3406 9116//3406 9119//3406
f 8854//3406 8855//3406 9116//3406
f 9025//3405 9120//3405 9118//3405
f 9025//3406 9118//3406 9023//3406
f 8851//3406 8854//3406 9119//3406
f 8851//3416 9119//3416 9121//3416
f 9027//3405 9120//3405 9025//3405
f 8850//3406 9122//3406 9123//3406
f 8850//3406 9121//3406 9122//3406
f 8850//3405 8851//3405 9121//3405
f 9029//3406 9120//3406 9027//3406
f 9029//3406 9124//3406 9120//3406
f 9029//3406 9125//3406 9124//3406
f 8847//3406 8850//3406 9123//3406
f 9031//3406 9125//3406 9029//3406
f 8846//3406 8847//3406 9123//3406
f 8846//3406 9123//3406 9126//3406
f 8782//3405 9127//3405 9125//3405
f 8782//3406 9125//3406 9031//3406
f 8843//3406 8846//3406 9126//3406
f 8843//3406 9126//3406 9128//3406
f 8781//3406 9129//3406 9127//3406
f 8781//3406 9127//3406 8782//3406
f 8841//3406 8843//3406 9128//3406
f 8841//3406 9130//3406 9131//3406
f 8841//3406 9128//3406 9130//3406
f 8786//3406 9129//3406 8781//3406
f 8786//3406 9132//3406 9129//3406
f 8786//3406 9133//3406 9132//3406
f 8840//3406 8841//3406 9131//3406
f 8787//3405 9133//3405 8786//3405
f 8787//3405 9134//3405 9133//3405
f 8837//3406 8840//3406 9131//3406
f 8837//3416 9135//3416 9136//3416
f 8837//3405 9131//3405 9135//3405
f 8790//3406 9137//3406 9134//3406
f 8790//3406 9134//3406 8787//3406
f 8835//3406 8837//3406 9136//3406
f 8791//3406 9137//3406 8790//3406
f 8834//3416 9136//3416 9138//3416
f 8834//3406 8835//3406 9136//3406
f 8793//3405 9139//3405 9137//3405
f 8793//3406 9140//3406 9139//3406
f 8793//3405 9137//3405 8791//3405
f 8832//3406 9141//3406 9142//3406
f 8832//3406 9138//3406 9141//3406
f 8832//3405 8834//3405 9138//3405
f 8795//3405 9140//3405 8793//3405
f 8830//3420 8832//3420 9142//3420
f 8798//3406 9140//3406 8795//3406
f 8798//3405 9143//3405 9140//3405
f 8828//3405 8830//3405 9142//3405
f 8828//3405 9142//3405 9144//3405
f 8799//3406 9145//3406 9143//3406
f 8799//3406 9143//3406 8798//3406
f 8825//3405 8828//3405 9144//3405
f 8825//3406 9146//3406 9147//3406
f 8825//3406 9144//3406 9146//3406
f 8801//3405 9145//3405 8799//3405
f 8801//3406 9148//3406 9145//3406
f 8823//3406 8825//3406 9147//3406
f 8803//3406 9148//3406 8801//3406
f 8803//3406 9149//3406 9148//3406
f 8821//3406 9147//3406 9150//3406
f 8821//3406 8823//3406 9147//3406
f 8805//3406 9151//3406 9149//3406
f 8805//3406 9149//3406 8803//3406
f 8819//3406 8821//3406 9150//3406
f 8819//3406 9152//3406 9153//3406
f 8819//3406 9150//3406 9152//3406
f 8807//3406 9151//3406 8805//3406
f 8807//3406 9154//3406 9151//3406
f 8807//3406 9155//3406 9154//3406
f 8818//3406 8819//3406 9153//3406
f 8809//3406 9155//3406 8807//3406
f 8815//3406 9156//3406 9157//3406
f 8815//3406 9153//3406 9156//3406
f 8815//3406 8818//3406 9153//3406
f 8812//3406 9158//3406 9155//3406
f 8812//3405 9155//3405 8809//3405
f 8813//3405 9157//3405 9158//3405
f 8813//3406 8815//3406 9157//3406
f 8813//3406 9158//3406 8812//3406
f 8939//4959 9159//4959 9160//4959
f 8938//4959 9159//4959 8939//4959
f 9160//4959 9161//4959 8939//4959
f 8939//4960 9161//4960 8942//4960
f 8934//4959 9162//4959 8935//4959
f 8935//4960 9162//4960 8938//4960
f 8938//4961 9162//4961 9159//4961
f 8942//4959 9163//4959 8944//4959
f 9161//4960 9163//4960 8942//4960
f 8931//4959 9164//4959 8934//4959
f 8934//4959 9164//4959 9162//4959
f 8944//4959 9165//4959 8945//4959
f 8945//4959 9165//4959 8948//4959
f 9163//4959 9165//4959 8944//4959
f 8931//4959 9166//4959 9164//4959
f 9165//4959 9167//4959 8948//4959
f 8929//4962 9168//4962 8931//4962
f 8931//4959 9168//4959 9166//4959
f 9167//4959 9169//4959 8948//4959
f 8948//4959 9169//4959 8950//4959
f 8950//4959 9169//4959 8952//4959
f 8929//4960 9170//4960 9168//4960
f 8928//4960 9170//4960 8929//4960
f 9169//4959 9171//4959 8952//4959
f 8928//4962 9172//4962 9170//4962
f 8924//4963 9172//4963 8926//4963
f 8926//4959 9172//4959 8928//4959
f 9171//4960 9173//4960 8952//4960
f 8952//4959 9173//4959 8954//4959
f 8924//4959 9174//4959 9172//4959
f 9173//4959 9175//4959 8954//4959
f 8954//4960 9175//4960 8956//4960
f 8921//4960 9176//4960 8924//4960
f 8924//4960 9176//4960 9174//4960
f 9175//4960 9177//4960 8956//4960
f 8956//4959 9177//4959 8958//4959
f 8958//4959 9177//4959 8960//4959
f 8919//4959 9178//4959 8921//4959
f 8921//4962 9178//4962 9176//4962
f 9177//4959 9179//4959 8960//4959
f 8960//4959 9179//4959 8962//4959
f 8919//4961 9180//4961 9178//4961
f 8918//4960 9180//4960 8919//4960
f 9179//4959 9181//4959 8962//4959
f 8962//4959 9181//4959 8964//4959
f 8918//4960 9182//4960 9180//4960
f 8916//4959 9182//4959 8918//4959
f 9181//4964 9183//4964 8964//4964
f 8916//4962 9184//4962 9182//4962
f 8911//4959 9184//4959 8914//4959
f 8914//4959 9184//4959 8916//4959
f 9183//4959 9185//4959 8964//4959
f 8964//4961 9185//4961 8965//4961
f 8965//4965 9185//4965 8968//4965
f 8911//4960 9186//4960 9184//4960
f 9185//4959 9187//4959 8968//4959
f 8908//4959 9188//4959 8910//4959
f 8910//4959 9188//4959 8911//4959
f 8911//4959 9188//4959 9186//4959
f 9187//4959 9189//4959 8968//4959
f 8968//4959 9189//4959 8970//4959
f 8908//4960 9190//4960 9188//4960
f 9189//4959 9191//4959 8970//4959
f 8970//4959 9191//4959 8972//4959
f 8906//4959 9192//4959 8908//4959
f 8908//4959 9192//4959 9190//4959
f 9191//4959 9193//4959 8972//4959
f 8972//4959 9193//4959 8973//4959
f 8973//4964 9193//4964 8975//4964
f 8902//4959 9194//4959 8904//4959
f 8904//4960 9194//4960 8906//4960
f 8906//4960 9194//4960 9192//4960
f 9193//4960 9195//4960 8975//4960
f 8902//4959 9196//4959 9194//4959
f 9195//4960 9197//4960 8975//4960
f 8975//4962 9197//4962 8978//4962
f 8902//4960 9198//4960 9196//4960
f 8900//4960 9198//4960 8902//4960
f 9197//4962 9199//4962 8978//4962
f 8978//4959 9199//4959 8980//4959
f 8900//4959 9200//4959 9198//4959
f 8897//4959 9200//4959 8900//4959
f 8982//4959 9201//4959 8983//4959
f 9199//4959 9201//4959 8980//4959
f 8980//4959 9201//4959 8982//4959
f 8897//4959 9202//4959 9200//4959
f 8896//4960 9202//4960 8897//4960
f 8896//4959 8894//4959 9202//4959
f 9201//4959 9203//4959 8983//4959
f 9203//4959 8986//4959 8983//4959
f 8894//4960 9204//4960 9202//4960
f 9203//4963 9205//4963 8986//4963
f 8892//4960 9206//4960 8894//4960
f 8894//4959 9206//4959 9204//4959
f 8986//4959 9207//4959 8988//4959
f 9205//4959 9207//4959 8986//4959
f 8892//4959 9208//4959 9206//4959
f 8890//4959 9208//4959 8892//4959
f 8988//4959 9209//4959 8990//4959
f 9207//4959 9209//4959 8988//4959
f 8888//4959 9210//4959 8890//4959
f 8890//4960 9210//4960 9208//4960
f 9209//4959 9211//4959 8990//4959
f 8990//4959 9211//4959 8992//4959
f 8886//4959 9212//4959 8888//4959
f 8888//4959 9212//4959 9210//4959
f 8992//4959 9213//4959 8994//4959
f 9211//4959 9213//4959 8992//4959
f 8884//4959 9214//4959 8886//4959
f 8886//4959 9214//4959 9212//4959
f 8994//4959 9215//4959 8996//4959
f 9213//4959 9215//4959 8994//4959
f 8884//4966 8882//4966 9214//4966
f 8882//4963 9216//4963 9214//4963
f 8996//4959 9217//4959 8998//4959
f 9215//4959 9217//4959 8996//4959
f 8880//4959 9218//4959 8882//4959
f 8882//4960 9218//4960 9216//4960
f 8998//4959 9219//4959 9000//4959
f 9217//4959 9219//4959 8998//4959
f 8878//4959 9220//4959 8880//4959
f 8880//4960 9220//4960 9218//4960
f 9000//4959 9221//4959 9002//4959
f 9219//4959 9221//4959 9000//4959
f 8878//4959 9222//4959 9220//4959
f 8878//4960 8875//4960 9222//4960
f 9221//4959 9223//4959 9002//4959
f 9223//4959 9003//4959 9002//4959
f 8875//4960 9224//4960 9222//4960
f 8875//4959 8874//4959 9224//4959
f 9223//4960 9006//4960 9003//4960
f 9225//4960 9006//4960 9223//4960
f 8874//4959 8871//4959 9224//4959
f 9224//4964 8871//4964 9226//4964
f 9225//4959 9008//4959 9006//4959
f 9227//4959 9008//4959 9225//4959
f 8871//4963 8869//4963 9226//4963
f 9226//4963 8869//4963 9228//4963
f 9227//4959 9229//4959 9008//4959
f 9229//4959 9010//4959 9008//4959
f 8869//4959 8868//4959 9228//4959
f 9228//4959 8868//4959 9230//4959
f 9229//4959 9012//4959 9010//4959
f 9231//4960 9012//4960 9229//4960
f 8868//4959 8865//4959 9230//4959
f 9230//4959 8865//4959 9232//4959
f 8865//4964 9233//4964 9232//4964
f 9231//4960 9014//4960 9012//4960
f 9234//4960 9014//4960 9231//4960
f 9234//4964 9235//4964 9014//4964
f 8865//4963 8864//4963 9233//4963
f 9235//4959 9016//4959 9014//4959
f 9235//4959 9236//4959 9016//4959
f 8864//4960 8862//4960 9233//4960
f 9233//4960 8862//4960 9237//4960
f 9236//4959 9018//4959 9016//4959
f 9237//4961 8859//4961 9238//4961
f 8862//4960 8859//4960 9237//4960
f 9239//4960 9020//4960 9236//4960
f 9236//4960 9020//4960 9018//4960
f 9238//4965 8858//4965 9240//4965
f 8859//4960 8858//4960 9238//4960
f 9241//4959 9022//4959 9239//4959
f 9239//4959 9022//4959 9020//4959
f 9240//4959 8856//4959 9242//4959
f 8858//4959 8856//4959 9240//4959
f 9243//4960 9024//4960 9241//4960
f 9244//4960 9024//4960 9243//4960
f 9241//4959 9024//4959 9022//4959
f 9242//4959 8853//4959 9245//4959
f 8856//4959 8853//4959 9242//4959
f 9246//4967 9026//4967 9244//4967
f 9244//4959 9026//4959 9024//4959
f 8853//4959 8852//4959 9245//4959
f 9245//4959 8852//4959 9247//4959
f 9246//4959 9028//4959 9026//4959
f 9248//4960 8849//4960 9249//4960
f 9247//4960 8849//4960 9248//4960
f 8852//4962 8849//4962 9247//4962
f 9246//4959 9030//4959 9028//4959
f 9250//4960 9030//4960 9246//4960
f 9251//4959 9030//4959 9250//4959
f 8849//4959 8848//4959 9249//4959
f 9251//4959 9032//4959 9030//4959
f 8848//4959 8845//4959 9249//4959
f 9249//4959 8845//4959 9252//4959
f 9253//4960 8783//4960 9251//4960
f 9251//4959 8783//4959 9032//4959
f 8845//4959 8844//4959 9252//4959
f 9252//4959 8844//4959 9254//4959
f 9255//4959 8784//4959 9253//4959
f 9253//4959 8784//4959 8783//4959
f 8844//4959 8842//4959 9254//4959
f 9256//4964 8842//4964 9257//4964
f 9254//4959 8842//4959 9256//4959
f 9255//4960 8785//4960 8784//4960
f 9258//4960 8785//4960 9255//4960
f 9259//4959 8785//4959 9258//4959
f 8842//4960 8839//4960 9257//4960
f 9259//4959 8788//4959 8785//4959
f 9260//4960 8788//4960 9259//4960
f 8839//4960 8838//4960 9257//4960
f 9261//4959 8838//4959 9262//4959
f 9257//4959 8838//4959 9261//4959
f 9263//4959 8789//4959 9260//4959
f 9260//4960 8789//4960 8788//4960
f 8838//4959 8836//4959 9262//4959
f 9263//4959 8792//4959 8789//4959
f 9262//4959 8833//4959 9264//4959
f 8836//4959 8833//4959 9262//4959
f 9265//4959 8794//4959 9263//4959
f 9266//4960 8794//4960 9265//4960
f 9263//4960 8794//4960 8792//4960
f 9267//4968 8831//4968 9268//4968
f 9264//4959 8831//4959 9267//4959
f 8833//4959 8831//4959 9264//4959
f 9266//4959 8796//4959 8794//4959
f 8831//4966 8829//4966 9268//4966
f 9266//4960 8797//4960 8796//4960
f 9269//4959 8797//4959 9266//4959
f 8829//4960 8827//4960 9268//4960
f 9268//4962 8827//4962 9270//4962
f 9271//4959 8800//4959 9269//4959
f 9269//4959 8800//4959 8797//4959
f 8827//4960 8826//4960 9270//4960
f 9272//4962 8826//4962 9273//4962
f 9270//4960 8826//4960 9272//4960
f 9271//4959 8802//4959 8800//4959
f 9274//4961 8802//4961 9271//4961
f 8826//4959 8824//4959 9273//4959
f 9274//4959 8804//4959 8802//4959
f 9275//4959 8804//4959 9274//4959
f 9273//4959 8822//4959 9276//4959
f 8824//4959 8822//4959 9273//4959
f 9277//4959 8806//4959 9275//4959
f 9275//4959 8806//4959 8804//4959
f 8822//4959 8820//4959 9276//4959
f 9278//4963 8820//4963 9279//4963
f 9276//4959 8820//4959 9278//4959
f 9277//4961 8808//4961 8806//4961
f 9280//4963 8808//4963 9277//4963
f 9281//4960 8808//4960 9280//4960
f 8820//4963 8817//4963 9279//4963
f 9281//4959 8810//4959 8808//4959
f 9282//4964 8816//4964 9283//4964
f 9279//4959 8816//4959 9282//4959
f 8817//4959 8816//4959 9279//4959
f 9284//4961 8811//4961 9281//4961
f 9281//4959 8811//4959 8810//4959
f 9283//4959 8814//4959 9284//4959
f 8816//4959 8814//4959 9283//4959
f 9284//4959 8814//4959 8811//4959
f 9127//4870 9129//4870 9253//4870
f 9253//4870 9129//4870 9255//4870
f 9255//4871 9129//4871 9258//4871
f 9129//4871 9132//4871 9258//4871
f 9258//4969 9133//4969 9259//4969
f 9259//4970 9133//4970 9260//4970
f 9132//4969 9133//4969 9258//4969
f 9133//4971 9134//4971 9260//4971
f 9260//4972 9137//4972 9263//4972
f 9134//4972 9137//4972 9260//4972
f 9263//4973 9139//4973 9265//4973
f 9137//4974 9139//4974 9263//4974
f 9265//4877 9140//4877 9266//4877
f 9266//4879 9140//4879 9269//4879
f 9139//4877 9140//4877 9265//4877
f 9140//4879 9143//4879 9269//4879
f 9269//4975 9145//4975 9271//4975
f 9143//4976 9145//4976 9269//4976
f 9271//4977 9148//4977 9274//4977
f 9145//4977 9148//4977 9271//4977
f 9148//4882 9149//4882 9274//4882
f 9274//4978 9149//4978 9275//4978
f 9149//4883 9151//4883 9275//4883
f 9275//4979 9151//4979 9277//4979
f 9151//4980 9154//4980 9277//4980
f 9277//4980 9154//4980 9280//4980
f 9154//4981 9155//4981 9280//4981
f 9280//4981 9155//4981 9281//4981
f 9281//4982 9155//4982 9284//4982
f 9155//4983 9158//4983 9284//4983
f 9158//4984 9157//4984 9284//4984
f 9284//4891 9157//4891 9283//4891
f 9157//4892 9156//4892 9283//4892
f 9283//4892 9156//4892 9282//4892
f 9282//4895 9156//4895 9279//4895
f 9156//4985 9153//4985 9279//4985
f 9153//4896 9152//4896 9279//4896
f 9279//4986 9152//4986 9278//4986
f 9152//4987 9150//4987 9278//4987
f 9278//4988 9150//4988 9276//4988
f 9150//4989 9147//4989 9276//4989
f 9276//4989 9147//4989 9273//4989
f 9147//4901 9146//4901 9273//4901
f 9273//4900 9146//4900 9272//4900
f 9272//4903 9146//4903 9270//4903
f 9270//4905 9144//4905 9268//4905
f 9146//4903 9144//4903 9270//4903
f 9268//4906 9142//4906 9267//4906
f 9144//4904 9142//4904 9268//4904
f 9267//4990 9141//4990 9264//4990
f 9142//4906 9141//4906 9267//4906
f 9141//4990 9138//4990 9264//4990
f 9264//4908 9136//4908 9262//4908
f 9138//4908 9136//4908 9264//4908
f 9262//4991 9135//4991 9261//4991
f 9261//4911 9135//4911 9257//4911
f 9136//4991 9135//4991 9262//4991
f 9135//4911 9131//4911 9257//4911
f 9257//4992 9130//4992 9256//4992
f 9131//4992 9130//4992 9257//4992
f 9256//4913 9128//4913 9254//4913
f 9254//4914 9128//4914 9252//4914
f 9130//4913 9128//4913 9256//4913
f 9128//4914 9126//4914 9252//4914
f 9252//4915 9123//4915 9249//4915
f 9249//4993 9123//4993 9248//4993
f 9126//4915 9123//4915 9252//4915
f 9123//4993 9122//4993 9248//4993
f 9248//4918 9121//4918 9247//4918
f 9247//4994 9121//4994 9245//4994
f 9122//4918 9121//4918 9248//4918
f 9121//4994 9119//4994 9245//4994
f 9119//4995 9116//4995 9245//4995
f 9245//4920 9116//4920 9242//4920
f 9116//4996 9114//4996 9242//4996
f 9242//4996 9114//4996 9240//4996
f 9240//4922 9114//4922 9238//4922
f 9114//4922 9112//4922 9238//4922
f 9112//4923 9111//4923 9238//4923
f 9238//4924 9111//4924 9237//4924
f 9111//4926 9107//4926 9237//4926
f 9237//4926 9107//4926 9233//4926
f 9233//4927 9107//4927 9232//4927
f 9107//4928 9106//4928 9232//4928
f 9106//4997 9104//4997 9232//4997
f 9232//4997 9104//4997 9230//4997
f 9230//4998 9104//4998 9228//4998
f 9104//4999 9102//4999 9228//4999
f 9228//5000 9102//5000 9226//5000
f 9102//4933 9100//4933 9226//4933
f 9100//5001 9098//5001 9226//5001
f 9226//5002 9098//5002 9224//5002
f 9224//4936 9098//4936 9222//4936
f 9098//4936 9096//4936 9222//4936
f 9096//5003 9094//5003 9222//5003
f 9222//4938 9094//4938 9220//4938
f 9094//5004 9092//5004 9220//5004
f 9220//5005 9092//5005 9218//5005
f 9092//5006 9090//5006 9218//5006
f 9218//5006 9090//5006 9216//5006
f 9090//5007 9088//5007 9216//5007
f 9216//5007 9088//5007 9214//5007
f 9088//4944 9086//4944 9214//4944
f 9214//5008 9086//5008 9212//5008
f 9086//5009 9084//5009 9212//5009
f 9212//5009 9084//5009 9210//5009
f 9084//5010 9082//5010 9210//5010
f 9210//5010 9082//5010 9208//5010
f 9082//5011 9080//5011 9208//5011
f 9208//5011 9080//5011 9206//5011
f 9080//4950 9078//4950 9206//4950
f 9206//4950 9078//4950 9204//4950
f 9078//4951 9076//4951 9204//4951
f 9204//4951 9076//4951 9202//4951
f 9202//5012 9076//5012 9200//5012
f 9076//5013 9074//5013 9200//5013
f 9200//5014 9072//5014 9198//5014
f 9074//5014 9072//5014 9200//5014
f 9198//5015 9070//5015 9196//5015
f 9072//5016 9070//5016 9198//5016
f 9196//5017 9068//5017 9194//5017
f 9070//5017 9068//5017 9196//5017
f 9068//4957 9066//4957 9194//4957
f 9194//4957 9066//4957 9192//4957
f 9066//4958 9064//4958 9192//4958
f 9192//4958 9064//4958 9190//4958
f 9064//4788 9062//4788 9190//4788
f 9190//4788 9062//4788 9188//4788
f 9188//4790 9062//4790 9186//4790
f 9062//4790 9060//4790 9186//4790
f 9060//5018 9058//5018 9186//5018
f 9186//5018 9058//5018 9184//5018
f 9058//5019 9056//5019 9184//5019
f 9184//5020 9056//5020 9182//5020
f 9056//5021 9054//5021 9182//5021
f 9182//5021 9054//5021 9180//5021
f 9180//5022 9054//5022 9178//5022
f 9054//5022 9052//5022 9178//5022
f 9178//4795 9052//4795 9176//4795
f 9052//4795 9050//4795 9176//4795
f 9050//5023 9048//5023 9176//5023
f 9176//5023 9048//5023 9174//5023
f 9048//5024 9046//5024 9174//5024
f 9174//5025 9046//5025 9172//5025
f 9046//5026 9044//5026 9172//5026
f 9172//5026 9044//5026 9170//5026
f 9170//5027 9044//5027 9168//5027
f 9168//4801 9042//4801 9166//4801
f 9044//5027 9042//5027 9168//5027
f 9042//4801 9040//4801 9166//4801
f 9166//5028 9038//5028 9164//5028
f 9164//5029 9038//5029 9162//5029
f 9040//5028 9038//5028 9166//5028
f 9038//5029 9036//5029 9162//5029
f 9162//5030 9033//5030 9159//5030
f 9159//5031 9033//5031 9160//5031
f 9036//4804 9033//4804 9162//4804
f 9033//4805 9034//4805 9160//4805
f 9160//4807 9035//4807 9161//4807
f 9034//4807 9035//4807 9160//4807
f 9161//5032 9037//5032 9163//5032
f 9163//4810 9037//4810 9165//4810
f 9035//5032 9037//5032 9161//5032
f 9037//4810 9039//4810 9165//4810
f 9165//5033 9041//5033 9167//5033
f 9039//4812 9041//4812 9165//4812
f 9167//4815 9043//4815 9169//4815
f 9041//5034 9043//5034 9167//5034
f 9169//5035 9045//5035 9171//5035
f 9043//5036 9045//5036 9169//5036
f 9171//4819 9047//4819 9173//4819
f 9045//4819 9047//4819 9171//4819
f 9173//4821 9049//4821 9175//4821
f 9047//4818 9049//4818 9173//4818
f 9049//5037 9051//5037 9175//5037
f 9175//4823 9051//4823 9177//4823
f 9051//5038 9053//5038 9177//5038
f 9177//5038 9053//5038 9179//5038
f 9053//4824 9055//4824 9179//4824
f 9179//5039 9055//5039 9181//5039
f 9055//5040 9057//5040 9181//5040
f 9181//5040 9057//5040 9183//5040
f 9183//4826 9057//4826 9185//4826
f 9057//4826 9059//4826 9185//4826
f 9185//4827 9061//4827 9187//4827
f 9059//4827 9061//4827 9185//4827
f 9187//4828 9063//4828 9189//4828
f 9061//4828 9063//4828 9187//4828
f 9189//4829 9065//4829 9191//4829
f 9191//4830 9065//4830 9193//4830
f 9063//4829 9065//4829 9189//4829
f 9193//4831 9067//4831 9195//4831
f 9065//4830 9067//4830 9193//4830
f 9067//4831 9069//4831 9195//4831
f 9195//4832 9071//4832 9197//4832
f 9069//4832 9071//4832 9195//4832
f 9197//5041 9073//5041 9199//5041
f 9071//4833 9073//4833 9197//4833
f 9199//5042 9075//5042 9201//5042
f 9201//5043 9075//5043 9203//5043
f 9073//4834 9075//4834 9199//4834
f 9075//5043 9077//5043 9203//5043
f 9203//4837 9079//4837 9205//4837
f 9077//5044 9079//5044 9203//5044
f 9205//4838 9081//4838 9207//4838
f 9079//4839 9081//4839 9205//4839
f 9207//5045 9083//5045 9209//5045
f 9081//5045 9083//5045 9207//5045
f 9209//5046 9085//5046 9211//5046
f 9083//5047 9085//5047 9209//5047
f 9211//5048 9087//5048 9213//5048
f 9085//5049 9087//5049 9211//5049
f 9213//5050 9089//5050 9215//5050
f 9087//4844 9089//4844 9213//4844
f 9215//4846 9091//4846 9217//4846
f 9089//4846 9091//4846 9215//4846
f 9217//5051 9093//5051 9219//5051
f 9091//5051 9093//5051 9217//5051
f 9219//4849 9095//4849 9221//4849
f 9221//5052 9095//5052 9223//5052
f 9093//5053 9095//5053 9219//5053
f 9095//4851 9097//4851 9223//4851
f 9097//4852 9099//4852 9223//4852
f 9223//5054 9099//5054 9225//5054
f 9099//5055 9101//5055 9225//5055
f 9225//5055 9101//5055 9227//5055
f 9101//5056 9103//5056 9227//5056
f 9227//5056 9103//5056 9229//5056
f 9103//4855 9105//4855 9229//4855
f 9229//4855 9105//4855 9231//4855
f 9105//5057 9108//5057 9231//5057
f 9231//5057 9108//5057 9234//5057
f 9108//5058 9109//5058 9234//5058
f 9234//5058 9109//5058 9235//5058
f 9109//5059 9110//5059 9235//5059
f 9235//5060 9110//5060 9236//5060
f 9110//5061 9113//5061 9236//5061
f 9236//5061 9113//5061 9239//5061
f 9113//4861 9115//4861 9239//4861
f 9239//4861 9115//4861 9241//4861
f 9115//5062 9117//5062 9241//5062
f 9241//5062 9117//5062 9243//5062
f 9117//4863 9118//4863 9243//4863
f 9243//4863 9118//4863 9244//4863
f 9118//5063 9120//5063 9244//5063
f 9244//5064 9120//5064 9246//5064
f 9246//5065 9124//5065 9250//5065
f 9120//5065 9124//5065 9246//5065
f 9124//4867 9125//4867 9250//4867
f 9250//4867 9125//4867 9251//4867
f 9251//4869 9127//4869 9253//4869
f 9125//4869 9127//4869 9251//4869
f 9285//5066 9286//5066 9287//5066
f 9285//5066 9287//5066 9288//5066
f 9285//5067 9288//5067 9289//5067
f 9290//5068 9285//5068 9289//5068
f 9291//5069 9289//5069 9292//5069
f 9291//5070 9292//5070 9293//5070
f 9291//5069 9290//5069 9289//5069
f 9294//5071 9291//5071 9293//5071
f 9295//5072 9293//5072 9296//5072
f 9295//5073 9294//5073 9293//5073
f 9297//5074 9296//5074 9298//5074
f 9297//5074 9295//5074 9296//5074
f 9299//5075 9298//5075 9300//5075
f 9299//5076 9300//5076 9301//5076
f 9299//5075 9297//5075 9298//5075
f 9302//5076 9299//5076 9301//5076
f 9303//5077 9301//5077 9304//5077
f 9303//5077 9302//5077 9301//5077
f 9305//5078 9304//5078 9306//5078
f 9305//5079 9303//5079 9304//5079
f 9307//5080 9305//5080 9306//5080
f 9307//5081 9306//5081 9308//5081
f 9309//5082 9307//5082 9308//5082
f 9309//5082 9308//5082 9310//5082
f 9311//5083 9309//5083 9310//5083
f 9311//5083 9310//5083 9312//5083
f 9313//5084 9311//5084 9312//5084
f 9313//5085 9312//5085 9314//5085
f 9313//5086 9314//5086 9315//5086
f 9316//5087 9313//5087 9315//5087
f 9317//5088 9316//5088 9315//5088
f 9317//5089 9315//5089 9318//5089
f 9319//5090 9317//5090 9318//5090
f 9319//5090 9318//5090 9320//5090
f 9319//5091 9320//5091 9321//5091
f 9322//5091 9319//5091 9321//5091
f 9323//5092 9322//5092 9321//5092
f 9323//5092 9321//5092 9324//5092
f 9325//5093 9323//5093 9324//5093
f 9325//5094 9324//5094 9326//5094
f 9327//5095 9325//5095 9326//5095
f 9327//5095 9326//5095 9328//5095
f 9329//5096 9327//5096 9328//5096
f 9329//5097 9328//5097 9330//5097
f 9329//5098 9330//5098 9331//5098
f 9332//5099 9331//5099 9333//5099
f 9332//5098 9329//5098 9331//5098
f 9334//5100 9333//5100 9335//5100
f 9334//5101 9332//5101 9333//5101
f 9336//5102 9335//5102 9337//5102
f 9336//5103 9334//5103 9335//5103
f 9338//5102 9336//5102 9337//5102
f 9339//5104 9337//5104 9340//5104
f 9339//5104 9338//5104 9337//5104
f 9341//5105 9340//5105 9342//5105
f 9341//5106 9342//5106 9343//5106
f 9341//5105 9339//5105 9340//5105
f 9344//5106 9341//5106 9343//5106
f 9345//5107 9343//5107 9346//5107
f 9345//5107 9344//5107 9343//5107
f 9347//5108 9346//5108 9348//5108
f 9347//665 9348//665 9349//665
f 9347//5108 9345//5108 9346//5108
f 9350//665 9347//665 9349//665
f 9351//5109 9349//5109 9352//5109
f 9351//5110 9352//5110 9353//5110
f 9351//5109 9350//5109 9349//5109
f 9354//5110 9351//5110 9353//5110
f 9355//5111 9353//5111 9356//5111
f 9355//5112 9356//5112 9357//5112
f 9355//5111 9354//5111 9353//5111
f 9358//5112 9355//5112 9357//5112
f 9359//5113 9358//5113 9357//5113
f 9359//5113 9357//5113 9360//5113
f 9361//5114 9359//5114 9360//5114
f 9361//5114 9360//5114 9362//5114
f 9361//5115 9362//5115 9363//5115
f 9364//5116 9361//5116 9363//5116
f 9365//5117 9364//5117 9363//5117
f 9365//5118 9363//5118 9366//5118
f 9367//5119 9365//5119 9366//5119
f 9367//5119 9366//5119 9368//5119
f 9367//5120 9368//5120 9369//5120
f 9370//5121 9367//5121 9369//5121
f 9371//5122 9370//5122 9369//5122
f 9371//5122 9369//5122 9372//5122
f 9371//5123 9372//5123 9373//5123
f 9374//5124 9371//5124 9373//5124
f 9374//5125 9373//5125 9375//5125
f 9376//5125 9374//5125 9375//5125
f 9377//5126 9376//5126 9375//5126
f 9377//5127 9375//5127 9378//5127
f 9377//5128 9378//5128 9379//5128
f 9380//5128 9377//5128 9379//5128
f 9381//5129 9380//5129 9379//5129
f 9381//5130 9379//5130 9382//5130
f 9383//5131 9381//5131 9382//5131
f 9383//5132 9382//5132 9384//5132
f 9385//5133 9383//5133 9384//5133
f 9385//5133 9384//5133 9386//5133
f 9387//5134 9385//5134 9386//5134
f 9387//5134 9386//5134 9388//5134
f 9389//5135 9387//5135 9388//5135
f 9389//5135 9388//5135 9390//5135
f 9391//5136 9389//5136 9390//5136
f 9391//5136 9390//5136 9392//5136
f 9393//5137 9391//5137 9392//5137
f 9393//5138 9392//5138 9394//5138
f 9395//5139 9393//5139 9394//5139
f 9395//5139 9394//5139 9396//5139
f 9397//5140 9395//5140 9396//5140
f 9397//5140 9396//5140 9398//5140
f 9399//5141 9397//5141 9398//5141
f 9399//5141 9398//5141 9400//5141
f 9399//5142 9400//5142 9401//5142
f 9402//5142 9399//5142 9401//5142
f 9403//5143 9401//5143 9404//5143
f 9403//5144 9402//5144 9401//5144
f 9405//5145 9404//5145 9406//5145
f 9405//5145 9403//5145 9404//5145
f 9407//5146 9406//5146 9408//5146
f 9407//5146 9405//5146 9406//5146
f 9409//5147 9407//5147 9408//5147
f 9409//5148 9408//5148 9410//5148
f 9411//5149 9409//5149 9410//5149
f 9411//5149 9410//5149 9412//5149
f 9413//5150 9411//5150 9412//5150
f 9413//5150 9412//5150 9414//5150
f 9413//5151 9414//5151 9415//5151
f 9416//5151 9413//5151 9415//5151
f 9417//5152 9416//5152 9415//5152
f 9417//5152 9415//5152 9418//5152
f 9419//5153 9417//5153 9418//5153
f 9419//5153 9418//5153 9420//5153
f 9421//5154 9419//5154 9420//5154
f 9421//5155 9420//5155 9422//5155
f 9421//5156 9422//5156 9423//5156
f 9424//5156 9421//5156 9423//5156
f 9424//5157 9423//5157 9425//5157
f 9426//5157 9424//5157 9425//5157
f 9427//5158 9426//5158 9425//5158
f 9427//5158 9425//5158 9428//5158
f 9429//5159 9427//5159 9428//5159
f 9429//5159 9428//5159 9430//5159
f 9431//5160 9429//5160 9430//5160
f 9431//5160 9430//5160 9432//5160
f 9431//5161 9432//5161 9433//5161
f 9434//5162 9433//5162 9435//5162
f 9434//5161 9431//5161 9433//5161
f 9436//5162 9434//5162 9435//5162
f 9437//5163 9435//5163 9438//5163
f 9437//5164 9438//5164 9439//5164
f 9437//5163 9436//5163 9435//5163
f 9440//5164 9437//5164 9439//5164
f 9441//5165 9439//5165 9442//5165
f 9441//5166 9442//5166 9443//5166
f 9441//5165 9440//5165 9439//5165
f 9444//5166 9441//5166 9443//5166
f 9445//5167 9443//5167 9446//5167
f 9445//5167 9444//5167 9443//5167
f 9447//5168 9446//5168 9448//5168
f 9447//5169 9448//5169 9449//5169
f 9447//5170 9445//5170 9446//5170
f 9450//5171 9447//5171 9449//5171
f 9451//5172 9449//5172 9452//5172
f 9451//5172 9450//5172 9449//5172
f 9453//5173 9452//5173 9454//5173
f 9453//5174 9451//5174 9452//5174
f 9455//5175 9454//5175 9456//5175
f 9455//5176 9453//5176 9454//5176
f 9457//5177 9456//5177 9458//5177
f 9457//5178 9455//5178 9456//5178
f 9459//5179 9458//5179 9460//5179
f 9459//5180 9457//5180 9458//5180
f 9461//5181 9459//5181 9460//5181
f 9461//5181 9460//5181 9462//5181
f 9463//5182 9461//5182 9462//5182
f 9463//5182 9462//5182 9464//5182
f 9465//5183 9463//5183 9464//5183
f 9465//5183 9464//5183 9466//5183
f 9467//5184 9465//5184 9466//5184
f 9467//5184 9466//5184 9468//5184
f 9467//5185 9468//5185 9469//5185
f 9470//5186 9467//5186 9469//5186
f 9471//5187 9469//5187 9472//5187
f 9471//5187 9470//5187 9469//5187
f 9473//5188 9472//5188 9474//5188
f 9473//5188 9471//5188 9472//5188
f 9475//5 9474//5 9476//5
f 9475//5189 9476//5189 9477//5189
f 9475//5 9473//5 9474//5
f 9478//5190 9477//5190 9479//5190
f 9478//5189 9475//5189 9477//5189
f 9480//5190 9478//5190 9479//5190
f 9481//5191 9479//5191 9482//5191
f 9481//5192 9480//5192 9479//5192
f 9483//5193 9482//5193 9484//5193
f 9483//5193 9481//5193 9482//5193
f 9485//5194 9484//5194 9486//5194
f 9485//5195 9486//5195 9487//5195
f 9485//5194 9483//5194 9484//5194
f 9488//5195 9485//5195 9487//5195
f 9489//5196 9487//5196 9490//5196
f 9489//5196 9488//5196 9487//5196
f 9491//5197 9490//5197 9492//5197
f 9491//5198 9489//5198 9490//5198
f 9493//5199 9492//5199 9494//5199
f 9493//5200 9491//5200 9492//5200
f 9495//5201 9494//5201 9496//5201
f 9495//5202 9493//5202 9494//5202
f 9497//5203 9496//5203 9498//5203
f 9497//5204 9495//5204 9496//5204
f 9499//5205 9498//5205 9500//5205
f 9499//5205 9497//5205 9498//5205
f 9501//5206 9500//5206 9502//5206
f 9501//5207 9499//5207 9500//5207
f 9503//5208 9502//5208 9504//5208
f 9503//5208 9501//5208 9502//5208
f 9505//5209 9504//5209 9506//5209
f 9505//5210 9506//5210 9507//5210
f 9505//5209 9503//5209 9504//5209
f 9508//5211 9505//5211 9507//5211
f 9509//5212 9508//5212 9507//5212
f 9509//5212 9507//5212 9510//5212
f 9511//5213 9509//5213 9510//5213
f 9511//5213 9510//5213 9512//5213
f 9513//5214 9511//5214 9512//5214
f 9513//5214 9512//5214 9514//5214
f 9515//5215 9513//5215 9514//5215
f 9515//5215 9514//5215 9516//5215
f 9517//5216 9515//5216 9516//5216
f 9517//5217 9516//5217 9518//5217
f 9519//5218 9517//5218 9518//5218
f 9519//5218 9518//5218 9520//5218
f 9521//5219 9519//5219 9520//5219
f 9521//5219 9520//5219 9522//5219
f 9523//5220 9521//5220 9522//5220
f 9523//5220 9522//5220 9524//5220
f 9525//5221 9523//5221 9524//5221
f 9525//5221 9524//5221 9526//5221
f 9527//5222 9525//5222 9526//5222
f 9527//5222 9526//5222 9528//5222
f 9529//5223 9527//5223 9528//5223
f 9529//5224 9528//5224 9530//5224
f 9531//5225 9529//5225 9530//5225
f 9531//5225 9530//5225 9532//5225
f 9533//5226 9532//5226 9534//5226
f 9533//5226 9531//5226 9532//5226
f 9535//5227 9533//5227 9534//5227
f 9535//5227 9534//5227 9536//5227
f 9286//5228 9536//5228 9287//5228
f 9286//5228 9535//5228 9536//5228
f 9537//3447 9444//3447 9538//3447
f 9537//3448 9441//3448 9444//3448
f 9539//3448 9538//3448 9444//3448
f 9539//3448 9444//3448 9445//3448
f 9540//3448 9437//3448 9440//3448
f 9540//4084 9440//4084 9441//4084
f 9540//3448 9441//3448 9537//3448
f 9541//3458 9445//3458 9447//3458
f 9541//3458 9539//3458 9445//3458
f 9542//3447 9436//3447 9437//3447
f 9542//3447 9437//3447 9540//3447
f 9543//3447 9447//3447 9450//3447
f 9543//3462 9450//3462 9451//3462
f 9543//3448 9541//3448 9447//3448
f 9544//3448 9436//3448 9542//3448
f 9545//3448 9543//3448 9451//3448
f 9546//3448 9434//3448 9436//3448
f 9546//3448 9436//3448 9544//3448
f 9547//3447 9545//3447 9451//3447
f 9547//3448 9451//3448 9453//3448
f 9547//3458 9453//3458 9455//3458
f 9548//3448 9434//3448 9546//3448
f 9548//3458 9431//3458 9434//3458
f 9549//3460 9547//3460 9455//3460
f 9550//3448 9431//3448 9548//3448
f 9550//3447 9427//3447 9429//3447
f 9550//3448 9429//3448 9431//3448
f 9551//3462 9549//3462 9455//3462
f 9551//3448 9455//3448 9457//3448
f 9552//3448 9427//3448 9550//3448
f 9553//3447 9551//3447 9457//3447
f 9553//3447 9457//3447 9459//3447
f 9554//3448 9426//3448 9427//3448
f 9554//4084 9427//4084 9552//4084
f 9555//3448 9553//3448 9459//3448
f 9555//3462 9459//3462 9461//3462
f 9555//3460 9461//3460 9463//3460
f 9556//3447 9424//3447 9426//3447
f 9556//3447 9426//3447 9554//3447
f 9557//3447 9555//3447 9463//3447
f 9557//3448 9463//3448 9465//3448
f 9558//3448 9424//3448 9556//3448
f 9558//3447 9421//3447 9424//3447
f 9559//3448 9557//3448 9465//3448
f 9559//3448 9465//3448 9467//3448
f 9560//3448 9421//3448 9558//3448
f 9560//3448 9419//3448 9421//3448
f 9561//3462 9559//3462 9467//3462
f 9562//3447 9419//3447 9560//3447
f 9562//3448 9416//3448 9417//3448
f 9562//3447 9417//3447 9419//3447
f 9563//3447 9561//3447 9467//3447
f 9563//3448 9467//3448 9470//3448
f 9563//3448 9470//3448 9471//3448
f 9564//3448 9416//3448 9562//3448
f 9565//3447 9563//3447 9471//3447
f 9566//3448 9411//3448 9413//3448
f 9566//3448 9413//3448 9416//3448
f 9566//3448 9416//3448 9564//3448
f 9567//3462 9565//3462 9471//3462
f 9567//3447 9471//3447 9473//3447
f 9568//3447 9411//3447 9566//3447
f 9569//3447 9567//3447 9473//3447
f 9569//3447 9473//3447 9475//3447
f 9570//3448 9409//3448 9411//3448
f 9570//3448 9411//3448 9568//3448
f 9571//4084 9569//4084 9475//4084
f 9571//3458 9475//3458 9478//3458
f 9571//3447 9478//3447 9480//3447
f 9572//3447 9405//3447 9407//3447
f 9572//3448 9407//3448 9409//3448
f 9572//3448 9409//3448 9570//3448
f 9573//3448 9571//3448 9480//3448
f 9574//3448 9405//3448 9572//3448
f 9575//3448 9573//3448 9480//3448
f 9575//3447 9480//3447 9481//3447
f 9576//3448 9405//3448 9574//3448
f 9576//3448 9403//3448 9405//3448
f 9577//3460 9575//3460 9481//3460
f 9577//3448 9481//3448 9483//3448
f 9578//3448 9403//3448 9576//3448
f 9578//3448 9402//3448 9403//3448
f 9579//4085 9485//4085 9488//4085
f 9579//3448 9577//3448 9483//3448
f 9579//3448 9483//3448 9485//3448
f 9580//3448 9402//3448 9578//3448
f 9580//3447 9399//3447 9402//3447
f 9397//3447 9399//3447 9580//3447
f 9581//3448 9579//3448 9488//3448
f 9489//3448 9581//3448 9488//3448
f 9582//3448 9397//3448 9580//3448
f 9583//3448 9581//3448 9489//3448
f 9584//3448 9395//3448 9397//3448
f 9584//3447 9397//3447 9582//3447
f 9585//3447 9489//3447 9491//3447
f 9585//3447 9583//3447 9489//3447
f 9586//3448 9395//3448 9584//3448
f 9586//3448 9393//3448 9395//3448
f 9587//3448 9491//3448 9493//3448
f 9587//3460 9585//3460 9491//3460
f 9588//3447 9391//3447 9393//3447
f 9588//3448 9393//3448 9586//3448
f 9589//5229 9587//5229 9493//5229
f 9589//3458 9493//3458 9495//3458
f 9590//3448 9389//3448 9391//3448
f 9590//3447 9391//3447 9588//3447
f 9591//3448 9495//3448 9497//3448
f 9591//3448 9589//3448 9495//3448
f 9592//3448 9387//3448 9389//3448
f 9592//3448 9389//3448 9590//3448
f 9593//3460 9497//3460 9499//3460
f 9593//3448 9591//3448 9497//3448
f 9385//3448 9387//3448 9592//3448
f 9594//3448 9385//3448 9592//3448
f 9595//3447 9499//3447 9501//3447
f 9595//3447 9593//3447 9499//3447
f 9596//3448 9383//3448 9385//3448
f 9596//3448 9385//3448 9594//3448
f 9597//3448 9501//3448 9503//3448
f 9597//3458 9595//3458 9501//3458
f 9598//3447 9381//3447 9383//3447
f 9598//3448 9383//3448 9596//3448
f 9599//3448 9503//3448 9505//3448
f 9599//3448 9597//3448 9503//3448
f 9600//3447 9381//3447 9598//3447
f 9380//3448 9381//3448 9600//3448
f 9601//3447 9599//3447 9505//3447
f 9508//3448 9601//3448 9505//3448
f 9602//3447 9380//3447 9600//3447
f 9377//3448 9380//3448 9602//3448
f 9509//3447 9601//3447 9508//3447
f 9509//3448 9603//3448 9601//3448
f 9376//3448 9377//3448 9602//3448
f 9376//3448 9602//3448 9604//3448
f 9511//3448 9603//3448 9509//3448
f 9511//3447 9605//3447 9603//3447
f 9374//3448 9376//3448 9604//3448
f 9374//3448 9604//3448 9606//3448
f 9607//3448 9605//3448 9511//3448
f 9513//3447 9607//3447 9511//3447
f 9371//3448 9374//3448 9606//3448
f 9371//3448 9606//3448 9608//3448
f 9515//3448 9607//3448 9513//3448
f 9515//3448 9609//3448 9607//3448
f 9370//3447 9371//3447 9608//3447
f 9370//3447 9608//3447 9610//3447
f 9611//3447 9370//3447 9610//3447
f 9517//3448 9609//3448 9515//3448
f 9517//3447 9612//3447 9609//3447
f 9613//3448 9612//3448 9517//3448
f 9367//3448 9370//3448 9611//3448
f 9519//3448 9613//3448 9517//3448
f 9614//3448 9613//3448 9519//3448
f 9365//3448 9367//3448 9611//3448
f 9365//3460 9611//3460 9615//3460
f 9521//4085 9614//4085 9519//4085
f 9364//3447 9615//3447 9616//3447
f 9364//3447 9365//3447 9615//3447
f 9523//3447 9617//3447 9614//3447
f 9523//3448 9614//3448 9521//3448
f 9361//3448 9616//3448 9618//3448
f 9361//3460 9364//3460 9616//3460
f 9525//3447 9619//3447 9617//3447
f 9525//3447 9617//3447 9523//3447
f 9359//3448 9618//3448 9620//3448
f 9359//3462 9361//3462 9618//3462
f 9527//3448 9621//3448 9619//3448
f 9527//3448 9622//3448 9621//3448
f 9527//3447 9619//3447 9525//3447
f 9358//3448 9620//3448 9623//3448
f 9358//3448 9359//3448 9620//3448
f 9529//3447 9624//3447 9622//3447
f 9529//3448 9622//3448 9527//3448
f 9355//3448 9358//3448 9623//3448
f 9355//3448 9623//3448 9625//3448
f 9531//3447 9624//3447 9529//3447
f 9354//3448 9626//3448 9627//3448
f 9354//3448 9625//3448 9626//3448
f 9354//3448 9355//3448 9625//3448
f 9533//3448 9624//3448 9531//3448
f 9533//3448 9628//3448 9624//3448
f 9533//3448 9629//3448 9628//3448
f 9351//3448 9354//3448 9627//3448
f 9535//3448 9629//3448 9533//3448
f 9350//3448 9351//3448 9627//3448
f 9350//3448 9627//3448 9630//3448
f 9286//3447 9631//3447 9629//3447
f 9286//3448 9629//3448 9535//3448
f 9347//3448 9350//3448 9630//3448
f 9347//3448 9630//3448 9632//3448
f 9285//3448 9633//3448 9631//3448
f 9285//3448 9631//3448 9286//3448
f 9345//3448 9347//3448 9632//3448
f 9345//3448 9634//3448 9635//3448
f 9345//3447 9632//3447 9634//3447
f 9290//3448 9633//3448 9285//3448
f 9290//3448 9636//3448 9633//3448
f 9290//3448 9637//3448 9636//3448
f 9344//3447 9345//3447 9635//3447
f 9291//3447 9637//3447 9290//3447
f 9291//3448 9638//3448 9637//3448
f 9341//3448 9344//3448 9635//3448
f 9341//3448 9639//3448 9640//3448
f 9341//3448 9635//3448 9639//3448
f 9294//3448 9641//3448 9638//3448
f 9294//3448 9638//3448 9291//3448
f 9339//3448 9341//3448 9640//3448
f 9295//3448 9641//3448 9294//3448
f 9338//3448 9640//3448 9642//3448
f 9338//3448 9339//3448 9640//3448
f 9297//3458 9643//3458 9641//3458
f 9297//3448 9644//3448 9643//3448
f 9297//3447 9641//3447 9295//3447
f 9336//3448 9645//3448 9646//3448
f 9336//3448 9642//3448 9645//3448
f 9336//5230 9338//5230 9642//5230
f 9299//3447 9644//3447 9297//3447
f 9334//3462 9336//3462 9646//3462
f 9302//3448 9644//3448 9299//3448
f 9302//3447 9647//3447 9644//3447
f 9332//3447 9334//3447 9646//3447
f 9332//3447 9646//3447 9648//3447
f 9303//3448 9649//3448 9647//3448
f 9303//3448 9647//3448 9302//3448
f 9329//3447 9332//3447 9648//3447
f 9329//3448 9650//3448 9651//3448
f 9329//3448 9648//3448 9650//3448
f 9305//4084 9649//4084 9303//4084
f 9305//3448 9652//3448 9649//3448
f 9327//3462 9329//3462 9651//3462
f 9307//3448 9652//3448 9305//3448
f 9307//4084 9653//4084 9652//4084
f 9325//3448 9651//3448 9654//3448
f 9325//3447 9327//3447 9651//3447
f 9309//3448 9655//3448 9653//3448
f 9309//3448 9653//3448 9307//3448
f 9323//3448 9325//3448 9654//3448
f 9323//3448 9656//3448 9657//3448
f 9323//3448 9654//3448 9656//3448
f 9311//3448 9655//3448 9309//3448
f 9311//3448 9658//3448 9655//3448
f 9311//3448 9659//3448 9658//3448
f 9322//3448 9323//3448 9657//3448
f 9313//3447 9659//3447 9311//3447
f 9319//3448 9660//3448 9661//3448
f 9319//3448 9657//3448 9660//3448
f 9319//3448 9322//3448 9657//3448
f 9316//3458 9662//3458 9659//3458
f 9316//3447 9659//3447 9313//3447
f 9317//3447 9661//3447 9662//3447
f 9317//3448 9319//3448 9661//3448
f 9317//3448 9662//3448 9316//3448
f 9443//5231 9663//5231 9664//5231
f 9442//5231 9663//5231 9443//5231
f 9664//5231 9665//5231 9443//5231
f 9443//5232 9665//5232 9446//5232
f 9438//5231 9666//5231 9439//5231
f 9439//5232 9666//5232 9442//5232
f 9442//5233 9666//5233 9663//5233
f 9446//5231 9667//5231 9448//5231
f 9665//5231 9667//5231 9446//5231
f 9435//5231 9668//5231 9438//5231
f 9438//5231 9668//5231 9666//5231
f 9448//5231 9669//5231 9449//5231
f 9449//5231 9669//5231 9452//5231
f 9667//5231 9669//5231 9448//5231
f 9435//5231 9670//5231 9668//5231
f 9669//5231 9671//5231 9452//5231
f 9433//5234 9672//5234 9435//5234
f 9435//5231 9672//5231 9670//5231
f 9671//5231 9673//5231 9452//5231
f 9452//5231 9673//5231 9454//5231
f 9454//5231 9673//5231 9456//5231
f 9433//5232 9674//5232 9672//5232
f 9432//5232 9674//5232 9433//5232
f 9673//5231 9675//5231 9456//5231
f 9432//5234 9676//5234 9674//5234
f 9428//5232 9676//5232 9430//5232
f 9430//5231 9676//5231 9432//5231
f 9675//5232 9677//5232 9456//5232
f 9456//5231 9677//5231 9458//5231
f 9428//5235 9678//5235 9676//5235
f 9677//5231 9679//5231 9458//5231
f 9458//5232 9679//5232 9460//5232
f 9425//5232 9680//5232 9428//5232
f 9428//5232 9680//5232 9678//5232
f 9679//5232 9681//5232 9460//5232
f 9460//5231 9681//5231 9462//5231
f 9462//5231 9681//5231 9464//5231
f 9423//5231 9682//5231 9425//5231
f 9425//5234 9682//5234 9680//5234
f 9681//5231 9683//5231 9464//5231
f 9464//5231 9683//5231 9466//5231
f 9423//5233 9684//5233 9682//5233
f 9422//5232 9684//5232 9423//5232
f 9683//5231 9685//5231 9466//5231
f 9466//5231 9685//5231 9468//5231
f 9422//5232 9686//5232 9684//5232
f 9420//5234 9686//5234 9422//5234
f 9685//5236 9687//5236 9468//5236
f 9420//5237 9688//5237 9686//5237
f 9415//5231 9688//5231 9418//5231
f 9418//5232 9688//5232 9420//5232
f 9687//5231 9689//5231 9468//5231
f 9468//5232 9689//5232 9469//5232
f 9469//5238 9689//5238 9472//5238
f 9415//5232 9690//5232 9688//5232
f 9689//5231 9691//5231 9472//5231
f 9412//5231 9692//5231 9414//5231
f 9414//5235 9692//5235 9415//5235
f 9415//5231 9692//5231 9690//5231
f 9691//5231 9693//5231 9472//5231
f 9472//5231 9693//5231 9474//5231
f 9412//5232 9694//5232 9692//5232
f 9693//5231 9695//5231 9474//5231
f 9474//5231 9695//5231 9476//5231
f 9410//5231 9696//5231 9412//5231
f 9412//5231 9696//5231 9694//5231
f 9695//5231 9697//5231 9476//5231
f 9476//5231 9697//5231 9477//5231
f 9477//5236 9697//5236 9479//5236
f 9406//5231 9698//5231 9408//5231
f 9408//5232 9698//5232 9410//5232
f 9410//5232 9698//5232 9696//5232
f 9697//5232 9699//5232 9479//5232
f 9406//5231 9700//5231 9698//5231
f 9699//5233 9701//5233 9479//5233
f 9479//5234 9701//5234 9482//5234
f 9406//5232 9702//5232 9700//5232
f 9404//5232 9702//5232 9406//5232
f 9701//5234 9703//5234 9482//5234
f 9482//5231 9703//5231 9484//5231
f 9404//5231 9704//5231 9702//5231
f 9401//5231 9704//5231 9404//5231
f 9486//5231 9705//5231 9487//5231
f 9703//5231 9705//5231 9484//5231
f 9484//5231 9705//5231 9486//5231
f 9401//5231 9706//5231 9704//5231
f 9400//5232 9706//5232 9401//5232
f 9400//5236 9398//5236 9706//5236
f 9705//5231 9707//5231 9487//5231
f 9707//5231 9490//5231 9487//5231
f 9398//5239 9708//5239 9706//5239
f 9707//5232 9709//5232 9490//5232
f 9396//5232 9710//5232 9398//5232
f 9398//5231 9710//5231 9708//5231
f 9490//5231 9711//5231 9492//5231
f 9709//5231 9711//5231 9490//5231
f 9396//5232 9712//5232 9710//5232
f 9394//5231 9712//5231 9396//5231
f 9492//5231 9713//5231 9494//5231
f 9711//5231 9713//5231 9492//5231
f 9392//5231 9714//5231 9394//5231
f 9394//5232 9714//5232 9712//5232
f 9713//5231 9715//5231 9494//5231
f 9494//5231 9715//5231 9496//5231
f 9390//5231 9716//5231 9392//5231
f 9392//5231 9716//5231 9714//5231
f 9496//5231 9717//5231 9498//5231
f 9715//5231 9717//5231 9496//5231
f 9388//5231 9718//5231 9390//5231
f 9390//5231 9718//5231 9716//5231
f 9498//5231 9719//5231 9500//5231
f 9717//5231 9719//5231 9498//5231
f 9388//5239 9386//5239 9718//5239
f 9386//5231 9720//5231 9718//5231
f 9500//5231 9721//5231 9502//5231
f 9719//5231 9721//5231 9500//5231
f 9384//5231 9722//5231 9386//5231
f 9386//5232 9722//5232 9720//5232
f 9502//5231 9723//5231 9504//5231
f 9721//5231 9723//5231 9502//5231
f 9382//5231 9724//5231 9384//5231
f 9384//5232 9724//5232 9722//5232
f 9504//5231 9725//5231 9506//5231
f 9723//5231 9725//5231 9504//5231
f 9382//5231 9726//5231 9724//5231
f 9382//5231 9379//5231 9726//5231
f 9725//5231 9727//5231 9506//5231
f 9727//5231 9507//5231 9506//5231
f 9379//5231 9728//5231 9726//5231
f 9379//5231 9378//5231 9728//5231
f 9727//5232 9510//5232 9507//5232
f 9729//5239 9510//5239 9727//5239
f 9378//5231 9375//5231 9728//5231
f 9728//5236 9375//5236 9730//5236
f 9729//5231 9512//5231 9510//5231
f 9731//5231 9512//5231 9729//5231
f 9375//5231 9373//5231 9730//5231
f 9730//5232 9373//5232 9732//5232
f 9731//5231 9733//5231 9512//5231
f 9733//5231 9514//5231 9512//5231
f 9373//5231 9372//5231 9732//5231
f 9732//5231 9372//5231 9734//5231
f 9733//5231 9516//5231 9514//5231
f 9735//5231 9516//5231 9733//5231
f 9372//5231 9369//5231 9734//5231
f 9734//5234 9369//5234 9736//5234
f 9369//5236 9737//5236 9736//5236
f 9735//5232 9518//5232 9516//5232
f 9738//5232 9518//5232 9735//5232
f 9738//5236 9739//5236 9518//5236
f 9369//5232 9368//5232 9737//5232
f 9739//5231 9520//5231 9518//5231
f 9739//5232 9740//5232 9520//5232
f 9368//5232 9366//5232 9737//5232
f 9737//5239 9366//5239 9741//5239
f 9740//5231 9522//5231 9520//5231
f 9741//5236 9363//5236 9742//5236
f 9366//5231 9363//5231 9741//5231
f 9743//5232 9524//5232 9740//5232
f 9740//5232 9524//5232 9522//5232
f 9742//5239 9362//5239 9744//5239
f 9363//5233 9362//5233 9742//5233
f 9745//5231 9526//5231 9743//5231
f 9743//5231 9526//5231 9524//5231
f 9744//5231 9360//5231 9746//5231
f 9362//5235 9360//5235 9744//5235
f 9747//5232 9528//5232 9745//5232
f 9748//5232 9528//5232 9747//5232
f 9745//5232 9528//5232 9526//5232
f 9746//5231 9357//5231 9749//5231
f 9360//5231 9357//5231 9746//5231
f 9750//5240 9530//5240 9748//5240
f 9748//5236 9530//5236 9528//5236
f 9357//5231 9356//5231 9749//5231
f 9749//5236 9356//5236 9751//5236
f 9750//5232 9532//5232 9530//5232
f 9752//5239 9353//5239 9753//5239
f 9751//5232 9353//5232 9752//5232
f 9356//5234 9353//5234 9751//5234
f 9750//5231 9534//5231 9532//5231
f 9754//5232 9534//5232 9750//5232
f 9755//5231 9534//5231 9754//5231
f 9353//5231 9352//5231 9753//5231
f 9755//5231 9536//5231 9534//5231
f 9352//5231 9349//5231 9753//5231
f 9753//5231 9349//5231 9756//5231
f 9757//5232 9287//5232 9755//5232
f 9755//5231 9287//5231 9536//5231
f 9349//5231 9348//5231 9756//5231
f 9756//5231 9348//5231 9758//5231
f 9759//5231 9288//5231 9757//5231
f 9757//5231 9288//5231 9287//5231
f 9348//5234 9346//5234 9758//5234
f 9760//5236 9346//5236 9761//5236
f 9758//5231 9346//5231 9760//5231
f 9759//5232 9289//5232 9288//5232
f 9762//5232 9289//5232 9759//5232
f 9763//5231 9289//5231 9762//5231
f 9346//5232 9343//5232 9761//5232
f 9763//5231 9292//5231 9289//5231
f 9764//5232 9292//5232 9763//5232
f 9343//5233 9342//5233 9761//5233
f 9765//5234 9342//5234 9766//5234
f 9761//5231 9342//5231 9765//5231
f 9767//5231 9293//5231 9764//5231
f 9764//5232 9293//5232 9292//5232
f 9342//5231 9340//5231 9766//5231
f 9767//5231 9296//5231 9293//5231
f 9766//5231 9337//5231 9768//5231
f 9340//5231 9337//5231 9766//5231
f 9769//5231 9298//5231 9767//5231
f 9770//5232 9298//5232 9769//5232
f 9767//5232 9298//5232 9296//5232
f 9771//5233 9335//5233 9772//5233
f 9768//5231 9335//5231 9771//5231
f 9337//5231 9335//5231 9768//5231
f 9770//5231 9300//5231 9298//5231
f 9335//5239 9333//5239 9772//5239
f 9770//5235 9301//5235 9300//5235
f 9773//5231 9301//5231 9770//5231
f 9333//5232 9331//5232 9772//5232
f 9772//5234 9331//5234 9774//5234
f 9775//5232 9304//5232 9773//5232
f 9773//5231 9304//5231 9301//5231
f 9331//5232 9330//5232 9774//5232
f 9776//5234 9330//5234 9777//5234
f 9774//5233 9330//5233 9776//5233
f 9775//5231 9306//5231 9304//5231
f 9778//5233 9306//5233 9775//5233
f 9330//5231 9328//5231 9777//5231
f 9778//5231 9308//5231 9306//5231
f 9779//5231 9308//5231 9778//5231
f 9777//5232 9326//5232 9780//5232
f 9328//5231 9326//5231 9777//5231
f 9781//5231 9310//5231 9779//5231
f 9779//5231 9310//5231 9308//5231
f 9326//5231 9324//5231 9780//5231
f 9782//5235 9324//5235 9783//5235
f 9780//5231 9324//5231 9782//5231
f 9781//5233 9312//5233 9310//5233
f 9784//5231 9312//5231 9781//5231
f 9785//5232 9312//5232 9784//5232
f 9324//5235 9321//5235 9783//5235
f 9785//5231 9314//5231 9312//5231
f 9786//5231 9320//5231 9787//5231
f 9783//5231 9320//5231 9786//5231
f 9321//5231 9320//5231 9783//5231
f 9788//5233 9315//5233 9785//5233
f 9785//5231 9315//5231 9314//5231
f 9787//5231 9318//5231 9788//5231
f 9320//5231 9318//5231 9787//5231
f 9788//5231 9318//5231 9315//5231
f 9631//5150 9633//5150 9757//5150
f 9757//5150 9633//5150 9759//5150
f 9759//5151 9633//5151 9762//5151
f 9633//5151 9636//5151 9762//5151
f 9762//5152 9637//5152 9763//5152
f 9763//5153 9637//5153 9764//5153
f 9636//5241 9637//5241 9762//5241
f 9637//5153 9638//5153 9764//5153
f 9764//5155 9641//5155 9767//5155
f 9638//5155 9641//5155 9764//5155
f 9767//5242 9643//5242 9769//5242
f 9641//5243 9643//5243 9767//5243
f 9769//5157 9644//5157 9770//5157
f 9770//5158 9644//5158 9773//5158
f 9643//5157 9644//5157 9769//5157
f 9644//5158 9647//5158 9773//5158
f 9773//5244 9649//5244 9775//5244
f 9647//5245 9649//5245 9773//5245
f 9775//5246 9652//5246 9778//5246
f 9649//5246 9652//5246 9775//5246
f 9652//5247 9653//5247 9778//5247
f 9778//5247 9653//5247 9779//5247
f 9653//5162 9655//5162 9779//5162
f 9779//5248 9655//5248 9781//5248
f 9655//5163 9658//5163 9781//5163
f 9781//5163 9658//5163 9784//5163
f 9658//5164 9659//5164 9784//5164
f 9784//5164 9659//5164 9785//5164
f 9785//5165 9659//5165 9788//5165
f 9659//5249 9662//5249 9788//5249
f 9662//5250 9661//5250 9788//5250
f 9788//5250 9661//5250 9787//5250
f 9661//5167 9660//5167 9787//5167
f 9787//5167 9660//5167 9786//5167
f 9786//5168 9660//5168 9783//5168
f 9660//5251 9657//5251 9783//5251
f 9657//5171 9656//5171 9783//5171
f 9783//5252 9656//5252 9782//5252
f 9656//5253 9654//5253 9782//5253
f 9782//5254 9654//5254 9780//5254
f 9654//5174 9651//5174 9780//5174
f 9780//5174 9651//5174 9777//5174
f 9651//5176 9650//5176 9777//5176
f 9777//5175 9650//5175 9776//5175
f 9776//5178 9650//5178 9774//5178
f 9774//5180 9648//5180 9772//5180
f 9650//5178 9648//5178 9774//5178
f 9772//5181 9646//5181 9771//5181
f 9648//5179 9646//5179 9772//5179
f 9771//5255 9645//5255 9768//5255
f 9646//5181 9645//5181 9771//5181
f 9645//5255 9642//5255 9768//5255
f 9768//5183 9640//5183 9766//5183
f 9642//5183 9640//5183 9768//5183
f 9766//5256 9639//5256 9765//5256
f 9765//5186 9639//5186 9761//5186
f 9640//5184 9639//5184 9766//5184
f 9639//5185 9635//5185 9761//5185
f 9761//5257 9634//5257 9760//5257
f 9635//5257 9634//5257 9761//5257
f 9760//5188 9632//5188 9758//5188
f 9758//5 9632//5 9756//5
f 9634//5188 9632//5188 9760//5188
f 9632//5 9630//5 9756//5
f 9756//5189 9627//5189 9753//5189
f 9753//5258 9627//5258 9752//5258
f 9630//5189 9627//5189 9756//5189
f 9627//5258 9626//5258 9752//5258
f 9752//5192 9625//5192 9751//5192
f 9751//5259 9625//5259 9749//5259
f 9626//5191 9625//5191 9752//5191
f 9625//5193 9623//5193 9749//5193
f 9623//5194 9620//5194 9749//5194
f 9749//5194 9620//5194 9746//5194
f 9620//5260 9618//5260 9746//5260
f 9746//5260 9618//5260 9744//5260
f 9744//5196 9618//5196 9742//5196
f 9618//5196 9616//5196 9742//5196
f 9616//5197 9615//5197 9742//5197
f 9742//5198 9615//5198 9741//5198
f 9615//5200 9611//5200 9741//5200
f 9741//5200 9611//5200 9737//5200
f 9737//5201 9611//5201 9736//5201
f 9611//5202 9610//5202 9736//5202
f 9610//5204 9608//5204 9736//5204
f 9736//5204 9608//5204 9734//5204
f 9734//5261 9608//5261 9732//5261
f 9608//5262 9606//5262 9732//5262
f 9732//5263 9606//5263 9730//5263
f 9606//5207 9604//5207 9730//5207
f 9604//5264 9602//5264 9730//5264
f 9730//5265 9602//5265 9728//5265
f 9728//5209 9602//5209 9726//5209
f 9602//5209 9600//5209 9726//5209
f 9600//5266 9598//5266 9726//5266
f 9726//5266 9598//5266 9724//5266
f 9598//5267 9596//5267 9724//5267
f 9724//5212 9596//5212 9722//5212
f 9596//5268 9594//5268 9722//5268
f 9722//5268 9594//5268 9720//5268
f 9594//5269 9592//5269 9720//5269
f 9720//5269 9592//5269 9718//5269
f 9592//5215 9590//5215 9718//5215
f 9718//5215 9590//5215 9716//5215
f 9590//5270 9588//5270 9716//5270
f 9716//5270 9588//5270 9714//5270
f 9588//5271 9586//5271 9714//5271
f 9714//5271 9586//5271 9712//5271
f 9586//5272 9584//5272 9712//5272
f 9712//5272 9584//5272 9710//5272
f 9584//5220 9582//5220 9710//5220
f 9710//5220 9582//5220 9708//5220
f 9582//5221 9580//5221 9708//5221
f 9708//5221 9580//5221 9706//5221
f 9706//5273 9580//5273 9704//5273
f 9580//5274 9578//5274 9704//5274
f 9704//5275 9576//5275 9702//5275
f 9578//5275 9576//5275 9704//5275
f 9702//5276 9574//5276 9700//5276
f 9576//5277 9574//5277 9702//5277
f 9700//5278 9572//5278 9698//5278
f 9574//5278 9572//5278 9700//5278
f 9572//5227 9570//5227 9698//5227
f 9698//5227 9570//5227 9696//5227
f 9570//5228 9568//5228 9696//5228
f 9696//5228 9568//5228 9694//5228
f 9568//5066 9566//5066 9694//5066
f 9694//5066 9566//5066 9692//5066
f 9692//5068 9566//5068 9690//5068
f 9566//5068 9564//5068 9690//5068
f 9564//5279 9562//5279 9690//5279
f 9690//5279 9562//5279 9688//5279
f 9562//5070 9560//5070 9688//5070
f 9688//5280 9560//5280 9686//5280
f 9560//5072 9558//5072 9686//5072
f 9686//5072 9558//5072 9684//5072
f 9684//5281 9558//5281 9682//5281
f 9558//5281 9556//5281 9682//5281
f 9682//5075 9556//5075 9680//5075
f 9556//5075 9554//5075 9680//5075
f 9554//5076 9552//5076 9680//5076
f 9680//5076 9552//5076 9678//5076
f 9552//5282 9550//5282 9678//5282
f 9678//5282 9550//5282 9676//5282
f 9550//5283 9548//5283 9676//5283
f 9676//5283 9548//5283 9674//5283
f 9674//5284 9548//5284 9672//5284
f 9672//5082 9546//5082 9670//5082
f 9548//5080 9546//5080 9672//5080
f 9546//5082 9544//5082 9670//5082
f 9670//5285 9542//5285 9668//5285
f 9668//5084 9542//5084 9666//5084
f 9544//5285 9542//5285 9670//5285
f 9542//5084 9540//5084 9666//5084
f 9666//5286 9537//5286 9663//5286
f 9663//5287 9537//5287 9664//5287
f 9540//5086 9537//5086 9666//5086
f 9537//5088 9538//5088 9664//5088
f 9664//5090 9539//5090 9665//5090
f 9538//5288 9539//5288 9664//5288
f 9665//5289 9541//5289 9667//5289
f 9667//5092 9541//5092 9669//5092
f 9539//5289 9541//5289 9665//5289
f 9541//5092 9543//5092 9669//5092
f 9669//5290 9545//5290 9671//5290
f 9543//5290 9545//5290 9669//5290
f 9671//5291 9547//5291 9673//5291
f 9545//5095 9547//5095 9671//5095
f 9673//5292 9549//5292 9675//5292
f 9547//5293 9549//5293 9673//5293
f 9675//5294 9551//5294 9677//5294
f 9549//5294 9551//5294 9675//5294
f 9677//5101 9553//5101 9679//5101
f 9551//5295 9553//5295 9677//5295
f 9553//5296 9555//5296 9679//5296
f 9679//5103 9555//5103 9681//5103
f 9555//5297 9557//5297 9681//5297
f 9681//5297 9557//5297 9683//5297
f 9557//5104 9559//5104 9683//5104
f 9683//5298 9559//5298 9685//5298
f 9559//5105 9561//5105 9685//5105
f 9685//5299 9561//5299 9687//5299
f 9687//5106 9561//5106 9689//5106
f 9561//5300 9563//5300 9689//5300
f 9689//5107 9565//5107 9691//5107
f 9563//5107 9565//5107 9689//5107
f 9691//5108 9567//5108 9693//5108
f 9565//5108 9567//5108 9691//5108
f 9693//665 9569//665 9695//665
f 9695//5109 9569//5109 9697//5109
f 9567//665 9569//665 9693//665
f 9697//5110 9571//5110 9699//5110
f 9569//5109 9571//5109 9697//5109
f 9571//5110 9573//5110 9699//5110
f 9699//5111 9575//5111 9701//5111
f 9573//5301 9575//5301 9699//5301
f 9701//5302 9577//5302 9703//5302
f 9575//5112 9577//5112 9701//5112
f 9703//5303 9579//5303 9705//5303
f 9705//5304 9579//5304 9707//5304
f 9577//5113 9579//5113 9703//5113
f 9579//5304 9581//5304 9707//5304
f 9707//5116 9583//5116 9709//5116
f 9581//5305 9583//5305 9707//5305
f 9709//5117 9585//5117 9711//5117
f 9583//5306 9585//5306 9709//5306
f 9711//5307 9587//5307 9713//5307
f 9585//5307 9587//5307 9711//5307
f 9713//5308 9589//5308 9715//5308
f 9587//5120 9589//5120 9713//5120
f 9715//5309 9591//5309 9717//5309
f 9589//5310 9591//5310 9715//5310
f 9717//5311 9593//5311 9719//5311
f 9591//5124 9593//5124 9717//5124
f 9719//5125 9595//5125 9721//5125
f 9593//5125 9595//5125 9719//5125
f 9721//5127 9597//5127 9723//5127
f 9595//5127 9597//5127 9721//5127
f 9723//5128 9599//5128 9725//5128
f 9725//5312 9599//5312 9727//5312
f 9597//5128 9599//5128 9723//5128
f 9599//5130 9601//5130 9727//5130
f 9601//5132 9603//5132 9727//5132
f 9727//5313 9603//5313 9729//5313
f 9603//5133 9605//5133 9729//5133
f 9729//5314 9605//5314 9731//5314
f 9605//5134 9607//5134 9731//5134
f 9731//5315 9607//5315 9733//5315
f 9607//5135 9609//5135 9733//5135
f 9733//5135 9609//5135 9735//5135
f 9609//5136 9612//5136 9735//5136
f 9735//5316 9612//5316 9738//5316
f 9612//5317 9613//5317 9738//5317
f 9738//5317 9613//5317 9739//5317
f 9613//5318 9614//5318 9739//5318
f 9739//5319 9614//5319 9740//5319
f 9614//5140 9617//5140 9740//5140
f 9740//5140 9617//5140 9743//5140
f 9617//5141 9619//5141 9743//5141
f 9743//5141 9619//5141 9745//5141
f 9619//5320 9621//5320 9745//5320
f 9745//5320 9621//5320 9747//5320
f 9621//5144 9622//5144 9747//5144
f 9747//5321 9622//5321 9748//5321
f 9622//5145 9624//5145 9748//5145
f 9748//5145 9624//5145 9750//5145
f 9750//5322 9628//5322 9754//5322
f 9624//5322 9628//5322 9750//5322
f 9628//5147 9629//5147 9754//5147
f 9754//5147 9629//5147 9755//5147
f 9755//5149 9631//5149 9757//5149
f 9629//5149 9631//5149 9755//5149
